Date,Adj Close,Close,High,Low,Open,Volume
2015-01-02,60.69780349731445,70.77999877929688,71.47000122070312,70.5999984741211,70.69999694824219,2717000
2015-01-05,60.303321838378906,70.31999969482422,71.06999969482422,70.01000213623047,70.5,2508500
2015-01-06,59.54010772705078,69.43000030517578,70.91000366210938,69.1500015258789,70.4800033569336,3640300
2015-01-07,60.260440826416016,70.2699966430664,70.61000061035156,69.5999984741211,70.0199966430664,4239000
2015-01-08,59.60868835449219,69.51000213623047,70.41999816894531,68.76000213623047,70.0,8738500
2015-01-09,58.41670227050781,68.12000274658203,69.9000015258789,68.05999755859375,69.6500015258789,6671100
2015-01-12,57.55056381225586,67.11000061035156,68.1500015258789,65.31999969482422,67.7699966430664,11344900
2015-01-13,58.14229583740234,67.80000305175781,68.05999755859375,66.8499984741211,67.79000091552734,5957800
2015-01-14,58.01365280151367,67.6500015258789,67.69999694824219,66.4000015258789,67.04000091552734,4987200
2015-01-15,56.48721694946289,65.87000274658203,67.94000244140625,65.6500015258789,66.0999984741211,9808400
2015-01-16,57.99650192260742,67.62999725341797,67.72000122070312,65.31999969482422,65.70999908447266,8606500
2015-01-20,57.74782180786133,67.33999633789062,68.01000213623047,67.0999984741211,67.75,5085600
2015-01-21,57.636329650878906,67.20999908447266,67.79000091552734,66.81999969482422,67.23999786376953,3854300
2015-01-22,59.83167266845703,69.7699966430664,69.9000015258789,66.91000366210938,67.12000274658203,11936500
2015-01-23,59.60011672973633,69.5,70.81999969482422,69.4800033569336,70.0999984741211,7592400
2015-01-26,59.03414535522461,68.83999633789062,69.19999694824219,68.12000274658203,68.5999984741211,5423600
2015-01-27,58.01365280151367,67.6500015258789,68.36000061035156,67.61000061035156,68.04000091552734,4546200
2015-01-28,57.55915069580078,67.12000274658203,68.37000274658203,66.9800033569336,68.36000061035156,5054200
2015-01-29,58.2280502319336,67.9000015258789,68.11000061035156,66.7699966430664,67.66999816894531,4148700
2015-01-30,57.50768661499024,67.05999755859375,68.05999755859375,66.93000030517578,67.4000015258789,6425000
2015-02-02,57.4648323059082,67.01000213623047,67.23999786376953,65.86000061035156,67.13999938964844,3380300
2015-02-03,58.75114059448242,68.51000213623047,68.58999633789062,67.2699966430664,67.48999786376953,3365700
2015-02-04,59.00840377807617,68.80999755859375,69.5,68.12000274658203,68.54000091552734,3905400
2015-02-05,58.73399353027344,68.48999786376953,69.44999694824219,68.4000015258789,68.87000274658203,4462000
2015-02-06,58.45958709716797,68.16999816894531,69.0199966430664,67.80000305175781,68.8499984741211,2789100
2015-02-09,57.99650192260742,67.62999725341797,68.19000244140625,67.44999694824219,67.79000091552734,2529400
2015-02-10,58.1594352722168,67.81999969482422,68.01000213623047,67.27999877929688,67.87999725341797,7474300
2015-02-11,58.06510162353516,67.70999908447266,68.08999633789062,67.62999725341797,67.80000305175781,3539200
2015-02-12,57.96220397949219,67.58999633789062,67.97000122070312,67.44000244140625,67.87000274658203,9888700
2015-02-13,59.016998291015625,68.81999969482422,68.87999725341797,67.62000274658203,67.7699966430664,5141400
2015-02-17,59.65157699584961,69.55999755859375,69.9000015258789,69.30999755859375,69.54000091552734,4540200
2015-02-18,60.303321838378906,70.31999969482422,70.52999877929688,69.38999938964844,69.62999725341797,3339800
2015-02-19,60.629188537597656,70.69999694824219,71.56999969482422,70.27999877929688,70.33000183105469,4349800
2015-02-20,61.47817993164063,71.69000244140625,71.7300033569336,70.30000305175781,70.70999908447266,3507000
2015-02-23,61.28952026367188,71.47000122070312,72.73999786376953,71.0999984741211,72.2699966430664,3113200
2015-02-24,61.68397903442383,71.93000030517578,71.95999908447266,71.0199966430664,71.31999969482422,2360600
2015-02-25,62.1556396484375,72.4800033569336,73.2699966430664,72.19999694824219,72.19999694824219,3240000
2015-02-26,61.90694427490234,72.19000244140625,72.70999908447266,71.93000030517578,72.31999969482422,2563300
2015-02-27,62.27568817138672,72.62000274658203,72.80999755859375,72.06999969482422,72.06999969482422,2359100
2015-03-02,62.678741455078125,73.08999633789062,73.52999877929688,72.62000274658203,72.62000274658203,2624100
2015-03-03,61.44389343261719,71.6500015258789,72.95999908447266,70.95999908447266,72.83000183105469,3776100
2015-03-04,61.70112609863281,71.94999694824219,72.30999755859375,71.31999969482422,71.56999969482422,3285700
2015-03-05,61.49531936645508,71.70999908447266,72.19999694824219,71.58999633789062,72.19999694824219,2648100
2015-03-06,61.16088485717773,71.31999969482422,71.91000366210938,71.12000274658203,71.41999816894531,2212400
2015-03-09,61.52963638305664,71.75,71.80999755859375,71.01000213623047,71.29000091552734,2263300
2015-03-10,60.91219329833984,71.02999877929688,71.75,70.87999725341797,71.27999877929688,3384400
2015-03-11,61.27237319946289,71.44999694824219,71.87999725341797,70.9800033569336,71.05999755859375,4325100
2015-03-12,63.69925308227539,74.27999877929688,74.36000061035156,72.51000213623047,74.0,8983100
2015-03-13,63.716407775878906,74.30000305175781,75.25,73.81999969482422,74.4000015258789,4954000
2015-03-16,64.65969848632812,75.4000015258789,75.58000183105469,74.41999816894531,74.54000091552734,5080400
2015-03-17,64.07658386230469,74.72000122070312,75.44000244140625,74.66000366210938,74.94000244140625,3682800
2015-03-18,64.65113067626953,75.38999938964844,75.81999969482422,74.5,74.94000244140625,2660900
2015-03-19,64.23951721191406,74.91000366210938,75.75,74.87000274658203,75.4000015258789,2666800
2015-03-20,64.9855728149414,75.77999877929688,76.27999877929688,75.01000213623047,75.33000183105469,4648100
2015-03-23,64.70259094238281,75.44999694824219,76.18000030517578,75.44999694824219,75.79000091552734,3219600
2015-03-24,64.75404357910156,75.51000213623047,76.1500015258789,75.19999694824219,75.25,2056000
2015-03-25,63.60493469238281,74.16999816894531,75.83000183105469,74.16999816894531,75.36000061035156,3025700
2015-03-26,64.1280288696289,74.77999877929688,75.08999633789062,73.37000274658203,73.80999755859375,3950100
2015-03-27,64.30813598632812,74.98999786376953,76.0199966430664,74.56999969482422,74.7699966430664,4185500
2015-03-30,64.2480697631836,74.91999816894531,75.62000274658203,74.68000030517578,75.58000183105469,4259200
2015-03-31,64.64256286621094,75.37999725341797,76.0,74.87000274658203,74.91000366210938,3289200
2015-04-01,64.48818969726562,75.19999694824219,75.3499984741211,74.0999984741211,75.08999633789062,3408000
2015-04-02,64.79690551757812,75.55999755859375,75.8499984741211,75.08000183105469,75.4800033569336,2739000
2015-04-06,64.77973937988281,75.31999969482422,75.83999633789062,74.8499984741211,75.0999984741211,2714000
2015-04-07,63.59283828735352,73.94000244140625,75.62999725341797,73.9000015258789,75.27999877929688,3620000
2015-04-08,65.43336486816406,76.08000183105469,76.33000183105469,74.31999969482422,74.31999969482422,5450100
2015-04-09,65.08072662353516,75.66999816894531,76.38999938964844,74.98999786376953,76.38999938964844,2304000
2015-04-10,65.42475891113281,76.06999969482422,76.33999633789062,75.68000030517578,75.91999816894531,2485300
2015-04-13,64.64210510253906,75.16000366210938,76.2699966430664,75.08000183105469,75.98999786376953,3371600
2015-04-14,64.75390625,75.29000091552734,75.5199966430664,74.5,75.05000305175781,2019400
2015-04-15,64.08309173583984,74.51000213623047,75.61000061035156,74.37999725341797,75.31999969482422,2483500
2015-04-16,64.88292694091797,75.44000244140625,75.75,74.54000091552734,74.58000183105469,2780800
2015-04-17,64.00565338134766,74.41999816894531,75.25,74.18000030517578,75.0,4621800
2015-04-20,64.74532318115234,75.27999877929688,75.29000091552734,74.56999969482422,74.62000274658203,2741100
2015-04-21,65.3731689453125,76.01000213623047,76.16000366210938,75.4800033569336,75.69999694824219,3390700
2015-04-22,65.21833801269531,75.83000183105469,76.33999633789062,75.51000213623047,76.33999633789062,3432200
2015-04-23,65.57957458496094,76.25,76.41999816894531,75.55000305175781,75.55000305175781,2524700
2015-04-24,65.8891830444336,76.61000061035156,76.93000030517578,75.83000183105469,76.66000366210938,2251100
2015-04-27,65.53658294677734,76.19999694824219,76.98999786376953,75.88999938964844,76.98999786376953,3699300
2015-04-28,64.78832244873047,75.33000183105469,76.11000061035156,75.01000213623047,75.97000122070312,3935800
2015-04-29,63.51540756225586,73.8499984741211,75.2699966430664,72.88999938964844,75.25,5612100
2015-04-30,62.53497314453125,72.70999908447266,73.76000213623047,72.44999694824219,73.69999694824219,2990200
2015-05-01,63.18860626220703,73.47000122070312,73.58999633789062,72.69000244140625,73.06999969482422,2422400
2015-05-04,63.55843734741211,73.9000015258789,74.02999877929688,73.3499984741211,73.52999877929688,1578300
2015-05-05,63.05957794189453,73.31999969482422,73.95999908447266,73.05000305175781,73.91000366210938,2702800
2015-05-06,63.23160934448242,73.5199966430664,74.05000305175781,72.69999694824219,73.30000305175781,4604900
2015-05-07,63.85084533691406,74.23999786376953,74.55999755859375,73.4000015258789,73.4000015258789,3665200
2015-05-08,64.37549591064453,74.8499984741211,75.36000061035156,74.66999816894531,74.83999633789062,2471300
2015-05-11,64.36689758300781,74.83999633789062,75.23999786376953,74.7300033569336,74.87000274658203,2526200
2015-05-12,64.3324966430664,74.80000305175781,75.0,74.12000274658203,74.54000091552734,3085900
2015-05-13,63.420806884765625,73.73999786376953,74.81999969482422,73.58000183105469,74.75,3077100
2015-05-14,63.180023193359375,73.45999908447266,74.2300033569336,73.18000030517578,73.9800033569336,3132900
2015-05-15,64.25509643554688,74.70999908447266,74.73999786376953,73.61000061035156,73.61000061035156,1796400
2015-05-18,64.06587219238281,74.48999786376953,74.95999908447266,74.11000061035156,74.86000061035156,2172600
2015-05-19,63.49821472167969,73.83000183105469,74.95999908447266,73.70999908447266,74.95999908447266,3603800
2015-05-20,62.68115997314453,72.87999725341797,74.08999633789062,72.83000183105469,74.08999633789062,4146300
2015-05-21,63.03378677368164,73.29000091552734,73.8499984741211,71.44000244140625,72.1500015258789,4510900
2015-05-22,63.26600646972656,73.55999755859375,73.8499984741211,73.23999786376953,73.41000366210938,1898500
2015-05-26,62.74138641357422,72.94999694824219,74.69999694824219,72.79000091552734,74.43000030517578,2532300
2015-05-27,62.73276901245117,72.94000244140625,73.37000274658203,72.86000061035156,73.01000213623047,1965000
2015-05-28,62.87896347045898,73.11000061035156,73.43000030517578,72.9000015258789,73.02999877929688,2681000
2015-05-29,62.43172836303711,72.58999633789062,73.22000122070312,72.5199966430664,73.0,3154100
2015-06-01,62.6209716796875,72.80999755859375,72.9800033569336,72.19000244140625,72.73999786376953,3403300
2015-06-02,64.4873046875,74.9800033569336,76.5,74.47000122070312,76.37000274658203,6349000
2015-06-03,65.36453247070312,76.0,76.48999786376953,75.05000305175781,75.27999877929688,2937800
2015-06-04,64.97753143310547,75.55000305175781,76.4000015258789,75.3499984741211,75.52999877929688,1811400
2015-06-05,64.93450927734375,75.5,76.01000213623047,75.23999786376953,75.5199966430664,2591100
2015-06-08,64.79690551757812,75.33999633789062,76.06999969482422,75.29000091552734,75.62999725341797,2613400
2015-06-09,65.29573822021484,75.91999816894531,76.45999908447266,75.29000091552734,76.45999908447266,2636300
2015-06-10,66.40522003173828,77.20999908447266,77.33000183105469,76.0,76.45999908447266,2728700
2015-06-11,67.02449035644531,77.93000030517578,78.06999969482422,77.31999969482422,77.33000183105469,2813800
2015-06-12,66.9212646484375,77.80999755859375,78.23999786376953,77.54000091552734,77.70999908447266,2158800
2015-06-15,66.66251373291016,77.29000091552734,77.66000366210938,76.87999725341797,77.23999786376953,3148300
2015-06-16,67.0678939819336,77.76000213623047,77.80000305175781,76.98999786376953,77.08000183105469,1834500
2015-06-17,67.10238647460938,77.80000305175781,78.16999816894531,77.37999725341797,77.94999694824219,2012600
2015-06-18,67.55087280273438,78.31999969482422,78.5,77.76000213623047,77.87000274658203,2506700
2015-06-19,67.63713073730469,78.41999816894531,78.69000244140625,78.0999984741211,78.37000274658203,3415900
2015-06-22,67.80963134765625,78.62000274658203,78.86000061035156,78.33999633789062,78.8499984741211,1837700
2015-06-23,67.62849426269531,78.41000366210938,78.93000030517578,78.12999725341797,78.81999969482422,2499100
2015-06-24,67.60265350341797,78.37999725341797,78.75,78.31999969482422,78.5,1479900
2015-06-25,67.88726043701172,78.70999908447266,78.72000122070312,78.30000305175781,78.4000015258789,1686400
2015-06-26,68.61174774169922,79.55000305175781,79.5999984741211,78.62999725341797,78.91999816894531,3190000
2015-06-29,67.1714096069336,77.87999725341797,79.29000091552734,77.80000305175781,79.02999877929688,3395400
2015-06-30,67.05064392089844,77.73999786376953,78.55999755859375,77.54000091552734,78.45999908447266,1962600
2015-07-01,67.86138916015625,78.68000030517578,78.69000244140625,77.80999755859375,78.1500015258789,1733700
2015-07-02,68.01664733886719,78.86000061035156,79.0999984741211,78.55000305175781,78.91999816894531,1459900
2015-07-06,67.95626831054688,78.79000091552734,79.02999877929688,78.04000091552734,78.37999725341797,2458200
2015-07-07,68.43927764892578,79.3499984741211,79.4800033569336,78.26000213623047,79.0,2534700
2015-07-08,67.62849426269531,78.41000366210938,79.13999938964844,78.2300033569336,78.91000366210938,1778200
2015-07-09,67.43878173828125,78.19000244140625,79.44000244140625,78.11000061035156,79.12000274658203,2009400
2015-07-10,68.54276275634766,79.47000122070312,79.81999969482422,78.5999984741211,79.0999984741211,2547000
2015-07-13,69.15514373779297,80.18000030517578,80.3499984741211,79.83999633789062,79.95999908447266,1893900
2015-07-14,68.62039184570312,79.55999755859375,80.33999633789062,79.47000122070312,80.20999908447266,1988900
2015-07-15,68.53416442871094,79.45999908447266,79.80999755859375,79.1500015258789,79.52999877929688,3562400
2015-07-16,69.24137878417969,80.27999877929688,80.87000274658203,79.58000183105469,79.87999725341797,2639900
2015-07-17,69.37939453125,80.44000244140625,80.58000183105469,79.91000366210938,80.05000305175781,1972300
2015-07-20,70.01763153076172,81.18000030517578,81.41999816894531,80.43000030517578,80.55999755859375,2137000
2015-07-21,69.14652252197266,80.16999816894531,81.12999725341797,79.88999938964844,81.12999725341797,2019400
2015-07-22,69.3534927368164,80.41000366210938,80.6500015258789,79.79000091552734,80.01000213623047,1662700
2015-07-23,68.84463500976562,79.81999969482422,81.13999938964844,79.5999984741211,80.62999725341797,2377100
2015-07-24,68.49102020263672,79.41000366210938,80.20999908447266,79.33000183105469,79.88999938964844,1481000
2015-07-27,68.04251098632812,78.88999938964844,79.47000122070312,78.47000122070312,79.29000091552734,1291500
2015-07-28,67.87863159179688,78.69999694824219,79.4800033569336,78.16000366210938,79.30999755859375,2311700
2015-07-29,68.1977310180664,79.06999969482422,79.26000213623047,78.66000366210938,78.88999938964844,1542900
2015-07-30,69.09476470947266,80.11000061035156,80.23999786376953,78.93000030517578,79.01000213623047,1407700
2015-07-31,69.31900024414062,80.37000274658203,80.80000305175781,79.83999633789062,80.4800033569336,1297900
2015-08-03,68.93949890136719,79.93000030517578,80.5199966430664,79.5999984741211,80.37000274658203,1184600
2015-08-04,69.0085220336914,80.01000213623047,80.55999755859375,79.66000366210938,79.91999816894531,1117000
2015-08-05,69.58638763427734,80.68000030517578,80.9000015258789,80.23999786376953,80.5999984741211,1044000
2015-08-06,68.34436798095703,79.23999786376953,80.9000015258789,79.05000305175781,80.75,2551000
2015-08-07,67.59403228759766,78.37000274658203,79.23999786376953,77.5999984741211,79.23999786376953,2574800
2015-08-10,67.93038940429688,78.76000213623047,79.13999938964844,78.33999633789062,78.91999816894531,2070500
2015-08-11,67.88726043701172,78.70999908447266,78.87999725341797,78.01000213623047,78.44999694824219,2671800
2015-08-12,67.48185729980469,78.23999786376953,78.37000274658203,76.4000015258789,78.29000091552734,2955900
2015-08-13,68.30123901367188,79.19000244140625,79.52999877929688,78.13999938964844,78.25,2182900
2015-08-14,68.33575439453125,79.2300033569336,79.62000274658203,78.73999786376953,79.44000244140625,1971700
2015-08-17,68.4823989868164,79.4000015258789,79.44000244140625,78.62999725341797,78.91000366210938,1194300
2015-08-18,69.07749938964844,80.08999633789062,80.70999908447266,79.5,79.55000305175781,2380500
2015-08-19,69.41388702392578,80.4800033569336,80.9800033569336,79.83000183105469,80.01000213623047,3335900
2015-08-20,69.18965911865234,80.22000122070312,81.1500015258789,79.52999877929688,79.66999816894531,3372700
2015-08-21,66.38650512695312,76.97000122070312,79.72000122070312,76.91000366210938,79.72000122070312,4651300
2015-08-24,64.40276336669922,74.66999816894531,74.66999816894531,70.3499984741211,70.77999877929688,4652900
2015-08-25,63.59200286865234,73.7300033569336,76.44000244140625,73.70999908447266,76.05999755859375,2687500
2015-08-26,66.16224670410156,76.70999908447266,76.80000305175781,73.93000030517578,75.41000366210938,4504200
2015-08-27,64.05775451660156,74.2699966430664,76.5199966430664,71.98999786376953,75.0,13792300
2015-08-28,64.54939270019531,74.83999633789062,74.88999938964844,73.69000244140625,74.4800033569336,4538600
2015-08-31,64.24752807617188,74.48999786376953,75.05000305175781,74.2699966430664,74.69999694824219,4614300
2015-09-01,61.94463348388672,71.81999969482422,73.38999938964844,71.4000015258789,73.05000305175781,5474800
2015-09-02,62.31552505493164,72.25,73.16999816894531,71.30000305175781,72.58999633789062,4329000
2015-09-03,62.23787307739258,72.16000366210938,72.9800033569336,71.80000305175781,72.4000015258789,3531600
2015-09-04,62.58288192749024,72.55999755859375,73.01000213623047,71.58999633789062,71.66000366210938,4474500
2015-09-08,63.005496978759766,73.05000305175781,73.55000305175781,71.80000305175781,73.5199966430664,3466000
2015-09-09,62.082637786865234,71.9800033569336,73.58000183105469,71.87000274658203,73.5,1904300
2015-09-10,60.28865051269531,69.9000015258789,71.51000213623047,69.7699966430664,71.33999633789062,5296000
2015-09-11,60.685394287109375,70.36000061035156,70.77999877929688,69.8499984741211,69.93000030517578,3820900
2015-09-14,59.78559112548828,69.0999984741211,70.1500015258789,68.76000213623047,70.0,3636600
2015-09-15,60.616172790527344,70.05999755859375,70.41999816894531,68.44999694824219,69.0199966430664,4065600
2015-09-16,61.43811798095703,71.01000213623047,71.16999816894531,69.81999969482422,69.97000122070312,3392400
2015-09-17,61.76691436767578,71.38999938964844,72.4800033569336,70.91999816894531,71.2300033569336,4521500
2015-09-18,60.754642486572266,70.22000122070312,71.0999984741211,70.08999633789062,70.44999694824219,4348900
2015-09-21,61.2996940612793,70.8499984741211,71.5,70.44000244140625,70.5,2006600
2015-09-22,61.5938720703125,71.19000244140625,71.2699966430664,70.12000274658203,70.2300033569336,2951800
2015-09-23,62.07838439941406,71.75,72.06999969482422,70.91999816894531,71.16000366210938,2751300
2015-09-24,62.58884811401367,72.33999633789062,72.45999908447266,71.05000305175781,71.16000366210938,4618800
2015-09-25,62.12166213989258,71.80000305175781,73.30000305175781,71.4800033569336,73.04000091552734,3086100
2015-09-28,60.96226119995117,70.45999908447266,72.05000305175781,69.80999755859375,71.81999969482422,3097700
2015-09-29,60.849796295166016,70.33000183105469,70.66999816894531,69.77999877929688,70.38999938964844,3586400
2015-09-30,62.67537689208984,72.44000244140625,72.58999633789062,71.04000091552734,71.16999816894531,4210500
2015-10-01,61.81017303466797,71.44000244140625,72.5,70.58000183105469,72.44000244140625,2850100
2015-10-02,61.706356048583984,71.31999969482422,71.31999969482422,69.80999755859375,70.87999725341797,2303600
2015-10-05,61.55926513671875,71.1500015258789,71.9800033569336,70.83000183105469,71.77999877929688,2526000
2015-10-06,59.4567985534668,68.72000122070312,71.08999633789062,68.05999755859375,70.79000091552734,5894800
2015-10-07,58.35798645019531,67.44999694824219,69.0,66.41999816894531,68.97000122070312,9147500
2015-10-08,57.27650833129883,66.19999694824219,67.58000183105469,65.5199966430664,67.52999877929688,10291700
2015-10-09,58.16765975952149,67.2300033569336,67.58999633789062,66.08999633789062,66.19000244140625,4398500
2015-10-12,59.28377151489258,68.5199966430664,68.58000183105469,67.2300033569336,67.2300033569336,3530100
2015-10-13,58.80792236328125,67.97000122070312,68.76000213623047,67.81999969482422,68.45999908447266,3262900
2015-10-14,56.33343505859375,65.11000061035156,68.68000030517578,65.02999877929688,67.79000091552734,7069200
2015-10-15,57.44088745117188,66.38999938964844,66.5999984741211,64.66000366210938,65.3499984741211,5606900
2015-10-16,58.09845352172852,67.1500015258789,67.25,66.44000244140625,66.8499984741211,2492700
2015-10-19,58.03788757324219,67.08000183105469,67.55000305175781,66.86000061035156,67.04000091552734,2500100
2015-10-20,57.99462127685547,67.02999877929688,67.20999908447266,66.69000244140625,66.69000244140625,2271100
2015-10-21,58.44453811645508,67.55000305175781,68.48999786376953,67.29000091552734,67.58999633789062,2599500
2015-10-22,57.9254035949707,66.94999694824219,68.0,66.91000366210938,67.81999969482422,5522300
2015-10-23,56.88715744018555,65.75,67.58000183105469,65.23999786376953,67.55000305175781,4864700
2015-10-26,57.068843841552734,65.95999908447266,66.2300033569336,65.7699966430664,65.94000244140625,3673100
2015-10-27,56.53242111206055,65.33999633789062,66.11000061035156,64.83000183105469,65.9000015258789,5183400
2015-10-28,58.38396453857422,67.4800033569336,67.55000305175781,65.30000305175781,65.55999755859375,5319300
2015-10-29,58.21955108642578,67.29000091552734,67.37999725341797,66.70999908447266,67.01000213623047,3309800
2015-10-30,58.63485336303711,67.7699966430664,68.33999633789062,67.06999969482422,67.11000061035156,4979800
2015-11-02,59.47410202026367,68.73999786376953,68.94000244140625,66.98999786376953,67.80000305175781,3509100
2015-11-03,59.30106735229492,68.54000091552734,68.97000122070312,68.0999984741211,68.73999786376953,6757800
2015-11-04,58.643497467041016,67.77999877929688,68.87999725341797,67.61000061035156,68.69000244140625,3692600
2015-11-05,59.03287124633789,68.2300033569336,68.2300033569336,66.75,67.91000366210938,5738600
2015-11-06,58.67812728881836,67.81999969482422,68.5199966430664,67.2300033569336,68.05999755859375,2393400
2015-11-09,57.94269943237305,66.97000122070312,67.77999877929688,66.4800033569336,67.66000366210938,2706100
2015-11-10,57.138065338134766,66.04000091552734,66.5199966430664,65.33999633789062,66.30000305175781,4667800
2015-11-11,54.20503616333008,62.650001525878906,65.81999969482422,62.619998931884766,65.73999786376953,7762700
2015-11-12,54.8106575012207,63.34999847412109,63.77999877929688,62.75,62.93000030517578,4465800
2015-11-13,51.9295539855957,60.02000045776367,62.08000183105469,59.75,61.68999862670898,8078200
2015-11-16,52.81204605102539,61.040000915527344,61.25,59.75,60.33000183105469,4461700
2015-11-17,54.3088493347168,62.77000045776367,63.40999984741211,61.560001373291016,61.77000045776367,5802900
2015-11-18,54.63763427734375,63.150001525878906,63.27000045776367,62.08000183105469,62.59000015258789,4187400
2015-11-19,54.170406341552734,62.61000061035156,63.54999923706055,62.400001525878906,63.36000061035156,2646000
2015-11-20,55.42496490478516,64.05999755859375,64.52999877929688,63.45000076293945,63.75,4089800
2015-11-23,55.64126586914063,64.30999755859375,64.45999908447266,63.459999084472656,64.02999877929688,4135800
2015-11-24,56.75738143920898,65.5999984741211,66.51000213623047,63.52999877929688,63.52999877929688,5868900
2015-11-25,56.38533020019531,65.16999816894531,65.7699966430664,64.87000274658203,65.5,3140000
2015-11-27,56.24690246582031,65.01000213623047,65.30000305175781,64.70999908447266,65.06999969482422,2040900
2015-11-30,56.59299087524414,65.41000366210938,65.4800033569336,64.0999984741211,65.0,4718100
2015-12-01,56.86119842529297,65.72000122070312,66.12000274658203,65.16999816894531,65.52999877929688,4096600
2015-12-02,56.54109954833984,65.3499984741211,66.04000091552734,65.11000061035156,65.80000305175781,3849200
2015-12-03,58.93767929077149,68.12000274658203,68.41000366210938,66.2699966430664,66.80000305175781,9586800
2015-12-04,59.80288696289063,69.12000274658203,69.19000244140625,66.9000015258789,68.19000244140625,6281300
2015-12-07,60.21820068359375,69.5999984741211,69.87999725341797,68.19999694824219,68.7699966430664,4831200
2015-12-08,61.61118698120117,71.20999908447266,71.52999877929688,69.08000183105469,69.3499984741211,5317000
2015-12-09,61.42949295043945,71.0,72.20999908447266,70.5,70.58000183105469,4688800
2015-12-10,61.55060958862305,71.13999938964844,71.5199966430664,70.86000061035156,71.22000122070312,3329200
2015-12-11,60.867095947265625,70.3499984741211,70.72000122070312,69.7699966430664,70.54000091552734,2360500
2015-12-14,61.43811798095703,71.01000213623047,71.5999984741211,70.13999938964844,70.30999755859375,3308100
2015-12-15,61.39488983154297,70.95999908447266,72.19999694824219,70.91000366210938,71.5,3340900
2015-12-16,62.1475944519043,71.83000183105469,72.0199966430664,70.08999633789062,70.95999908447266,3837900
2015-12-17,61.89669418334961,71.54000091552734,72.0199966430664,71.04000091552734,71.88999938964844,3099600
2015-12-18,61.89669418334961,71.54000091552734,71.79000091552734,70.30000305175781,71.1500015258789,4768800
2015-12-21,62.1049690246582,71.55999755859375,71.73999786376953,71.08999633789062,71.11000061035156,2283900
2015-12-22,62.53891754150391,72.05999755859375,72.31999969482422,71.23999786376953,71.5,1756400
2015-12-23,62.59101867675781,72.12000274658203,72.79000091552734,71.94000244140625,72.44999694824219,2036400
2015-12-24,62.677772521972656,72.22000122070312,72.41000366210938,71.9000015258789,72.18000030517578,719700
2015-12-28,62.47815704345703,71.98999786376953,72.25,71.55999755859375,71.80999755859375,1120300
2015-12-29,63.08567810058594,72.69000244140625,72.91000366210938,72.06999969482422,72.27999877929688,1645000
2015-12-30,62.57364273071289,72.0999984741211,73.0,72.0999984741211,72.6500015258789,1209000
2015-12-31,62.3740119934082,71.87000274658203,72.22000122070312,71.76000213623047,72.04000091552734,1216200
2016-01-04,62.842681884765625,72.41000366210938,72.44000244140625,70.44000244140625,70.93000030517578,3588300
2016-01-05,63.20719146728516,72.83000183105469,73.16000366210938,72.08000183105469,72.5,3426200
2016-01-06,63.10305404663086,72.70999908447266,73.06999969482422,71.83000183105469,72.02999877929688,3239300
2016-01-07,62.34798049926758,71.83999633789062,73.08999633789062,71.31999969482422,72.44999694824219,3614200
2016-01-08,62.01820755004883,71.45999908447266,72.37999725341797,71.33999633789062,72.01000213623047,2651900
2016-01-11,60.43866729736328,69.63999938964844,71.66999816894531,69.19999694824219,71.3499984741211,5179600
2016-01-12,61.3846435546875,70.7300033569336,70.9000015258789,69.73999786376953,70.0,3032200
2016-01-13,59.43190383911133,68.4800033569336,70.81999969482422,68.3499984741211,70.81999969482422,3501000
2016-01-14,59.35380554199219,68.38999938964844,69.6500015258789,67.58999633789062,69.06999969482422,4377600
2016-01-15,59.77907180786133,68.87999725341797,69.30000305175781,67.13999938964844,67.16999816894531,4341100
2016-01-19,61.04618835449219,70.33999633789062,70.80000305175781,69.08000183105469,69.54000091552734,4116700
2016-01-20,60.9507064819336,70.2300033569336,70.62000274658203,68.6500015258789,69.54000091552734,5348800
2016-01-21,61.45405960083008,70.80999755859375,71.94999694824219,70.30000305175781,70.41999816894531,3035500
2016-01-22,62.3653450012207,71.86000061035156,72.48999786376953,71.08999633789062,71.37999725341797,2922800
2016-01-25,62.64303970336914,72.18000030517578,72.80000305175781,71.72000122070312,72.0,2404200
2016-01-26,63.95351791381836,73.69000244140625,73.87000274658203,72.29000091552734,72.54000091552734,2979200
2016-01-27,64.25731658935547,74.04000091552734,74.7699966430664,73.4800033569336,73.52999877929688,3747300
2016-01-28,63.70186233520508,73.4000015258789,74.26000213623047,73.26000213623047,74.25,2843100
2016-01-29,65.14253997802734,75.05999755859375,75.13999938964844,73.51000213623047,73.69000244140625,3109900
2016-02-01,66.26206970214844,76.3499984741211,76.48999786376953,74.05000305175781,74.86000061035156,3336000
2016-02-02,66.25338745117188,76.33999633789062,76.75,75.5,76.26000213623047,3283400
2016-02-03,65.1772232055664,75.0999984741211,76.41999816894531,74.31999969482422,76.4000015258789,3065000
2016-02-04,63.23320770263672,72.86000061035156,75.13999938964844,72.43000030517578,74.3499984741211,3770500
2016-02-05,62.1917724609375,71.66000366210938,73.20999908447266,71.58000183105469,72.8499984741211,2772600
2016-02-08,60.49940490722656,69.70999908447266,71.30999755859375,68.87999725341797,71.26000213623047,3933200
2016-02-09,60.33450698852539,69.5199966430664,70.20999908447266,68.18000030517578,68.86000061035156,3923300
2016-02-10,60.46470642089844,69.66999816894531,70.58999633789062,69.48999786376953,69.77999877929688,2552200
2016-02-11,59.66625595092773,68.75,69.45999908447266,67.9000015258789,68.9000015258789,2351800
2016-02-12,61.150299072265625,70.45999908447266,70.61000061035156,68.73999786376953,68.80999755859375,2212800
2016-02-16,63.389442443847656,73.04000091552734,75.54000091552734,72.05999755859375,72.87000274658203,3097000
2016-02-17,64.4568862915039,74.2699966430664,74.54000091552734,73.5,73.66999816894531,2629900
2016-02-18,63.007568359375,72.5999984741211,73.48999786376953,71.48999786376953,72.58000183105469,4255300
2016-02-19,62.4868278503418,72.0,72.48999786376953,70.66000366210938,72.19999694824219,3252900
2016-02-22,63.16375350952149,72.77999877929688,73.31999969482422,71.9800033569336,72.33999633789062,2686800
2016-02-23,64.31806182861328,74.11000061035156,74.58000183105469,73.01000213623047,73.38999938964844,2979200
2016-02-24,65.15989685058594,75.08000183105469,75.16000366210938,73.36000061035156,73.87999725341797,2502800
2016-02-25,66.1926498413086,76.2699966430664,76.27999877929688,74.63999938964844,75.56999969482422,2003400
2016-02-26,65.97567749023438,76.0199966430664,76.4000015258789,75.63999938964844,76.13999938964844,1910700
2016-02-29,64.43953704833984,74.25,76.16999816894531,74.23999786376953,75.63999938964844,3491200
2016-03-01,65.56779479980469,75.55000305175781,75.86000061035156,72.58000183105469,74.54000091552734,3425500
2016-03-02,64.908203125,74.79000091552734,75.47000122070312,74.12000274658203,75.08999633789062,3764900
2016-03-03,65.10784149169922,75.0199966430664,75.08000183105469,73.9000015258789,74.2699966430664,2112200
2016-03-04,64.98628997802734,74.87999725341797,75.52999877929688,73.9800033569336,74.83000183105469,2594700
2016-03-07,64.7259750366211,74.58000183105469,74.93000030517578,73.69000244140625,74.12000274658203,1919600
2016-03-08,64.43089294433594,74.23999786376953,75.55999755859375,74.11000061035156,74.16000366210938,2018800
2016-03-09,65.27269744873047,75.20999908447266,75.33000183105469,74.37999725341797,74.68000030517578,3018400
2016-03-10,72.23307037353516,83.2300033569336,83.27999877929688,79.5,79.7300033569336,10642700
2016-03-11,73.77784729003906,85.01000213623047,85.05000305175781,83.76000213623047,83.95999908447266,5596100
2016-03-14,74.47216033935547,85.80999755859375,85.87999725341797,84.63999938964844,85.1500015258789,3308700
2016-03-15,73.80388641357422,85.04000091552734,86.80000305175781,84.87000274658203,85.37000274658203,3356600
2016-03-16,73.48279571533203,84.66999816894531,85.02999877929688,83.36000061035156,85.02999877929688,3238400
2016-03-17,73.02279663085938,84.13999938964844,84.88999938964844,83.68000030517578,84.61000061035156,3246500
2016-03-18,72.93601989746094,84.04000091552734,84.83000183105469,83.5,84.25,4377200
2016-03-21,73.43936920166016,84.62000274658203,85.29000091552734,84.01000213623047,84.01000213623047,2054200
2016-03-22,72.81453704833984,83.9000015258789,85.18000030517578,83.80000305175781,84.55000305175781,2401000
2016-03-23,73.34393310546875,84.51000213623047,85.05000305175781,83.69999694824219,83.93000030517578,2407100
2016-03-24,73.07408142089844,83.94999694824219,84.52999877929688,83.66000366210938,84.19999694824219,2704100
2016-03-28,74.92814636230469,86.08000183105469,86.45999908447266,84.12999725341797,84.18000030517578,4162800
2016-03-29,75.01516723632812,86.18000030517578,86.5999984741211,85.38999938964844,85.76000213623047,3142700
2016-03-30,74.98036193847656,86.13999938964844,86.70999908447266,85.5,86.0,2645400
2016-03-31,74.51029968261719,85.5999984741211,86.47000122070312,85.29000091552734,86.12999725341797,2594600
2016-04-01,75.99878692626953,87.30999755859375,87.41999816894531,85.4000015258789,85.55000305175781,2953600
2016-04-04,75.00647735595703,86.16999816894531,87.30999755859375,85.80000305175781,87.20999908447266,2311600
2016-04-05,73.69210815429688,84.66000366210938,85.75,84.44999694824219,85.75,3434300
2016-04-06,73.6398696899414,84.5999984741211,84.83000183105469,83.62000274658203,84.2699966430664,2213900
2016-04-07,72.87388610839844,83.72000122070312,84.66999816894531,83.2699966430664,84.05999755859375,1762000
2016-04-08,71.64655303955078,82.30999755859375,83.94999694824219,82.02999877929688,83.94999694824219,2530300
2016-04-11,71.61174774169922,82.2699966430664,83.66999816894531,82.2300033569336,82.44000244140625,2539200
2016-04-12,72.55182647705078,83.3499984741211,83.79000091552734,81.76000213623047,82.62999725341797,2163000
2016-04-13,72.49959564208984,83.29000091552734,83.7699966430664,82.72000122070312,83.45999908447266,2359300
2016-04-14,71.99472045898438,82.70999908447266,83.44999694824219,82.58000183105469,83.20999908447266,2145200
2016-04-15,72.07308197021484,82.80000305175781,83.26000213623047,82.04000091552734,82.48999786376953,2906900
2016-04-18,72.89131927490234,83.73999786376953,83.91000366210938,82.5,83.0199966430664,1519400
2016-04-19,72.67369842529297,83.48999786376953,84.05000305175781,83.0,83.86000061035156,1241100
2016-04-20,71.84676361083984,82.54000091552734,83.48999786376953,81.9000015258789,83.48999786376953,2521200
2016-04-21,72.22103118896484,82.97000122070312,84.16999816894531,82.31999969482422,82.95999908447266,2068600
2016-04-22,70.88927459716797,81.44000244140625,83.12999725341797,80.05999755859375,82.62000274658203,4611300
2016-04-25,71.376708984375,82.0,82.04000091552734,81.36000061035156,81.6500015258789,2201200
2016-04-26,71.63784790039062,82.30000305175781,82.7300033569336,81.91999816894531,82.05999755859375,2072000
2016-04-27,71.97732543945312,82.69000244140625,82.94000244140625,81.9000015258789,82.44000244140625,1584600
2016-04-28,70.4714584350586,80.95999908447266,82.6500015258789,80.76000213623047,82.62999725341797,2297400
2016-04-29,71.29837036132812,81.91000366210938,82.02999877929688,79.88999938964844,80.8499984741211,3533200
2016-05-02,71.81194305419922,82.5,82.7699966430664,81.79000091552734,82.05999755859375,2321600
2016-05-03,72.18624114990234,82.93000030517578,83.7300033569336,81.83999633789062,82.12000274658203,1727400
2016-05-04,73.11759948730469,84.0,84.13999938964844,81.05000305175781,83.23999786376953,2350900
2016-05-05,71.91641998291016,82.62000274658203,84.0,82.45999908447266,83.94000244140625,2405400
2016-05-06,72.48218536376953,83.2699966430664,83.45999908447266,81.69999694824219,82.62000274658203,2292400
2016-05-09,74.0577163696289,85.08000183105469,85.2699966430664,83.45999908447266,83.55000305175781,2892900
2016-05-10,73.39615631103516,84.31999969482422,85.06999969482422,83.88999938964844,84.93000030517578,2424800
2016-05-11,72.33421325683594,83.0999984741211,83.4000015258789,81.86000061035156,82.94000244140625,2575000
2016-05-12,72.84776306152344,83.69000244140625,84.19999694824219,82.69000244140625,83.05000305175781,1491000
2016-05-13,70.9762954711914,81.54000091552734,83.58999633789062,81.41999816894531,83.33000183105469,2524400
2016-05-16,72.14271545410156,82.87999725341797,83.41000366210938,81.12999725341797,81.87000274658203,2296000
2016-05-17,70.65426635742188,81.16999816894531,82.5999984741211,80.77999877929688,82.45999908447266,3103900
2016-05-18,69.38337707519531,79.70999908447266,80.54000091552734,78.91000366210938,79.93000030517578,3903300
2016-05-19,71.376708984375,82.0,82.27999877929688,80.5999984741211,80.5999984741211,2440900
2016-05-20,71.04594421386719,81.62000274658203,82.23999786376953,81.04000091552734,82.22000122070312,2137300
2016-05-23,70.69778442382812,81.22000122070312,82.16000366210938,81.18000030517578,81.66999816894531,2193200
2016-05-24,72.61276245117188,83.41999816894531,83.80999755859375,81.19000244140625,81.30999755859375,3579100
2016-05-25,73.23077392578125,84.12999725341797,84.73999786376953,82.37999725341797,83.30000305175781,4485700
2016-05-26,76.60809326171875,88.01000213623047,88.9800033569336,85.37999725341797,87.5999984741211,6315200
2016-05-27,78.23585510253906,89.87999725341797,90.05999755859375,88.44000244140625,88.88999938964844,3508500
2016-05-31,78.25326538085938,89.9000015258789,90.93000030517578,88.23999786376953,90.56999969482422,4498200
2016-06-01,78.98442077636719,90.73999786376952,90.91000366210938,89.41000366210938,89.9000015258789,2963700
2016-06-02,79.12371826171875,90.9000015258789,91.55999755859376,90.31999969482422,90.80999755859376,2910800
2016-06-03,79.9071044921875,91.8000030517578,92.0,90.33000183105467,90.4499969482422,2032000
2016-06-06,79.09759521484375,90.87000274658205,91.93000030517578,90.25,91.75,2639600
2016-06-07,78.82775115966797,90.55999755859376,91.30999755859376,90.37000274658205,90.8499984741211,2365300
2016-06-08,79.10629272460938,90.87999725341795,91.0,90.08000183105467,90.55999755859376,2325400
2016-06-09,79.8113784790039,91.69000244140624,91.94000244140624,90.5999984741211,90.87000274658205,2023700
2016-06-10,79.59373474121094,91.44000244140624,91.61000061035156,90.97000122070312,91.52999877929688,2172800
2016-06-13,79.20095825195312,90.73999786376952,91.9499969482422,90.61000061035156,91.13999938964844,2077900
2016-06-14,79.06131744384766,90.58000183105467,90.91999816894533,90.08000183105467,90.37999725341795,1912700
2016-06-15,78.97404479980469,90.4800033569336,91.26000213623048,90.1500015258789,90.25,2760200
2016-06-16,79.2620620727539,90.80999755859376,91.0,90.23999786376952,90.33999633789062,2245500
2016-06-17,78.59870910644531,90.05000305175781,90.97000122070312,89.27999877929688,90.86000061035156,7068500
2016-06-20,79.41043853759766,90.9800033569336,91.5199966430664,90.62999725341795,90.81999969482422,1902500
2016-06-21,79.82942199707031,91.45999908447266,92.20999908447266,91.02999877929688,91.16999816894533,2510500
2016-06-22,80.24836730957031,91.94000244140624,92.33000183105467,91.51000213623048,91.81999969482422,1620300
2016-06-23,80.02142333984375,91.68000030517578,92.38999938964844,91.44000244140624,92.31999969482422,1789200
2016-06-24,80.4141845703125,92.12999725341795,93.20999908447266,90.2699966430664,90.31999969482422,3011600
2016-06-27,81.61874389648438,93.51000213623048,93.77999877929688,91.41999816894533,91.72000122070312,4076900
2016-06-28,81.0863037109375,92.9000015258789,94.2699966430664,91.91999816894533,94.0,2655600
2016-06-29,81.87184143066406,93.8000030517578,94.0500030517578,93.0500030517578,93.33000183105467,1897300
2016-06-30,82.04639434814453,94.0,94.16000366210938,93.25,94.08000183105467,3181700
2016-07-01,81.59255981445312,93.4800033569336,94.23999786376952,93.0500030517578,94.11000061035156,2192800
2016-07-05,81.69727325439453,93.5999984741211,93.98999786376952,93.01000213623048,93.4499969482422,1801500
2016-07-06,82.49153137207031,94.51000213623048,94.68000030517578,93.66999816894533,93.66999816894533,1940800
2016-07-07,81.85437774658203,93.77999877929688,94.4499969482422,93.4499969482422,94.0999984741211,1494800
2016-07-08,82.32569885253906,94.31999969482422,94.4800033569336,93.66999816894533,94.13999938964844,1660500
2016-07-11,82.25589752197266,94.23999786376952,94.8499984741211,94.2300033569336,94.7300033569336,2104200
2016-07-12,81.20848846435547,93.04000091552734,94.70999908447266,92.56999969482422,94.20999908447266,3137500
2016-07-13,80.6760482788086,92.43000030517578,93.4499969482422,92.20999908447266,93.0500030517578,2174900
2016-07-14,80.8506088256836,92.62999725341795,93.3499984741211,92.41000366210938,93.3499984741211,1570900
2016-07-15,80.047607421875,91.70999908447266,92.9000015258789,91.6500015258789,92.9000015258789,1909700
2016-07-18,81.01644897460938,92.81999969482422,93.56999969482422,92.0999984741211,92.19000244140624,2370100
2016-07-19,81.30449676513672,93.1500015258789,93.83000183105467,93.0,93.02999877929688,2097200
2016-07-20,81.8892822265625,93.81999969482422,93.98999786376952,93.22000122070312,93.5,1684700
2016-07-21,82.08132934570312,94.04000091552734,94.13999938964844,93.29000091552734,93.68000030517578,2317400
2016-07-22,83.05015563964844,95.1500015258789,95.25,93.98999786376952,93.98999786376952,1498500
2016-07-25,83.77459716796875,95.9800033569336,96.25,95.0,95.31999969482422,2505000
2016-07-26,84.41180419921875,96.70999908447266,96.75,96.04000091552734,96.13999938964844,3263000
2016-07-27,82.98035430908203,95.06999969482422,96.87999725341795,95.0199966430664,96.72000122070312,3577900
2016-07-28,82.98035430908203,95.06999969482422,95.31999969482422,94.0199966430664,94.81999969482422,1869000
2016-07-29,82.69232177734375,94.73999786376952,95.33999633789062,94.45999908447266,95.11000061035156,1684500
2016-08-01,82.0987777709961,94.05999755859376,94.5500030517578,93.44000244140624,93.8499984741211,2083000
2016-08-02,81.3132095336914,93.16000366210938,94.23999786376952,92.81999969482422,93.9800033569336,2008500
2016-08-03,81.84566497802734,93.7699966430664,93.9499969482422,92.12999725341795,92.58000183105467,1570700
2016-08-04,81.27833557128906,93.12000274658205,94.2300033569336,92.9000015258789,93.8499984741211,1409300
2016-08-05,82.3693618774414,94.37000274658205,94.62000274658205,93.27999877929688,93.41000366210938,1551100
2016-08-08,81.16485595703125,92.98999786376952,94.31999969482422,92.77999877929688,94.31999969482422,1311100
2016-08-09,80.33567810058594,92.04000091552734,92.76000213623048,91.83000183105467,92.76000213623048,2296800
2016-08-10,81.1910171508789,93.0199966430664,93.48999786376952,92.27999877929688,92.44000244140624,2533800
2016-08-11,80.92920684814453,92.72000122070312,94.75,92.26000213623048,94.08000183105467,2463200
2016-08-12,81.09502410888672,92.91000366210938,93.11000061035156,92.30999755859376,92.69000244140624,1629000
2016-08-15,80.4141845703125,92.12999725341795,92.6500015258789,91.75,92.1999969482422,2455200
2016-08-16,78.10993194580078,89.48999786376953,92.0999984741211,89.05999755859375,91.76000213623048,4371500
2016-08-17,79.35806274414062,90.91999816894533,91.30999755859376,88.06999969482422,88.68000030517578,4556800
2016-08-18,80.03018188476562,91.69000244140624,92.04000091552734,90.62999725341795,91.25,2397200
2016-08-19,79.2969970703125,90.8499984741211,91.87000274658205,90.41999816894533,91.5999984741211,2073500
2016-08-22,79.25334167480469,90.8000030517578,91.37999725341795,90.23999786376952,91.12000274658205,2580800
2016-08-23,79.85559844970703,91.48999786376952,91.68000030517578,90.9000015258789,91.12999725341795,2038300
2016-08-24,80.11743927001953,91.79000091552734,92.01000213623048,91.4000015258789,91.5999984741211,3004900
2016-08-25,65.99496459960938,75.61000061035156,82.27999877929688,75.12999725341797,81.58999633789062,29850400
2016-08-26,65.89896392822266,75.5,77.36000061035156,75.19999694824219,75.23999786376953,11792200
2016-08-29,67.63590240478516,77.48999786376953,77.79000091552734,75.4800033569336,75.77999877929688,8034100
2016-08-30,66.02989959716797,75.6500015258789,77.44999694824219,75.4000015258789,77.19000244140625,5509000
2016-08-31,64.07476806640625,73.41000366210938,75.25,73.19000244140625,75.16999816894531,9670000
2016-09-01,64.39768981933594,73.77999877929688,74.38999938964844,73.06999969482422,73.88999938964844,5608000
2016-09-02,63.99618148803711,73.31999969482422,74.3499984741211,72.87000274658203,73.80999755859375,4301200
2016-09-06,62.844051361083984,72.0,73.5,71.93000030517578,73.0199966430664,7066000
2016-09-07,62.625858306884766,71.75,72.33000183105469,70.87000274658203,71.95999908447266,7301300
2016-09-08,61.68320083618164,70.66999816894531,71.5999984741211,70.44000244140625,71.23999786376953,5009600
2016-09-09,61.60465240478516,70.58000183105469,71.30000305175781,70.0999984741211,70.44000244140625,5818700
2016-09-12,62.865970611572266,71.7699966430664,71.91999816894531,70.05999755859375,70.48999786376953,5023600
2016-09-13,61.64844131469727,70.37999725341797,71.70999908447266,70.05000305175781,71.56999969482422,4145800
2016-09-14,62.63823699951172,71.51000213623047,71.66999816894531,70.25,70.41999816894531,5729800
2016-09-15,63.531681060791016,72.52999877929688,72.61000061035156,71.08999633789062,71.5,4934100
2016-09-16,62.98860549926758,71.91000366210938,72.36000061035156,71.11000061035156,71.88999938964844,9022600
2016-09-19,62.918548583984375,71.83000183105469,72.47000122070312,71.5199966430664,71.91999816894531,4095400
2016-09-20,62.82217788696289,71.72000122070312,72.30999755859375,71.29000091552734,71.93000030517578,2792700
2016-09-21,63.2251205444336,72.18000030517578,72.26000213623047,71.4000015258789,71.62000274658203,3098500
2016-09-22,62.97109222412109,71.88999938964844,72.80000305175781,71.58999633789062,72.38999938964844,4682900
2016-09-23,63.146270751953125,72.08999633789062,72.5,71.26000213623047,71.2699966430664,2711800
2016-09-26,62.79590606689453,71.69000244140625,72.0,71.5,71.62999725341797,2461600
2016-09-27,62.71705627441406,71.5999984741211,72.36000061035156,71.29000091552734,71.83999633789062,2416500
2016-09-28,61.753536224365234,70.5,71.33999633789062,70.38999938964844,71.33000183105469,3430800
2016-09-29,60.71989822387695,69.31999969482422,70.3499984741211,69.16000366210938,70.26000213623047,4832200
2016-09-30,61.30679702758789,69.98999786376953,70.47000122070312,68.7699966430664,69.58000183105469,4880800
2016-10-03,61.05279541015625,69.69999694824219,69.86000061035156,68.4000015258789,69.2699966430664,5168500
2016-10-04,59.60750579833984,68.05000305175781,69.27999877929688,67.94999694824219,68.5999984741211,5178100
2016-10-05,58.66149139404297,66.97000122070312,68.33000183105469,66.5,68.0,4304800
2016-10-06,60.48342514038086,69.05000305175781,69.11000061035156,66.87999725341797,67.0,4248000
2016-10-07,61.01775360107422,69.66000366210938,69.86000061035156,69.06999969482422,69.27999877929688,3844300
2016-10-10,60.79874420166016,69.41000366210938,70.0,68.9000015258789,69.70999908447266,2914500
2016-10-11,60.176849365234375,68.69999694824219,69.44999694824219,68.20999908447266,69.43000030517578,3161600
2016-10-12,60.4921760559082,69.05999755859375,69.37999725341797,68.5999984741211,68.83000183105469,2210000
2016-10-13,60.74620056152344,69.3499984741211,69.73999786376953,68.48999786376953,68.94999694824219,2402700
2016-10-14,60.4221305847168,68.9800033569336,69.48999786376953,68.93000030517578,69.25,1761700
2016-10-17,59.99291610717773,68.48999786376953,69.54000091552734,68.27999877929688,69.31999969482422,2489900
2016-10-18,60.168094635009766,68.69000244140625,69.06999969482422,68.58000183105469,68.88999938964844,1314700
2016-10-19,60.176849365234375,68.69999694824219,69.0,68.3499984741211,68.80000305175781,1546700
2016-10-20,59.546180725097656,67.9800033569336,68.87999725341797,67.8499984741211,68.87999725341797,2497600
2016-10-21,59.502384185791016,67.93000030517578,68.2300033569336,67.08999633789062,67.68000030517578,2588800
2016-10-24,59.80019760131836,68.2699966430664,68.83999633789062,68.01000213623047,68.27999877929688,1888100
2016-10-25,59.71261596679688,68.16999816894531,68.36000061035156,67.91999816894531,68.08999633789062,1772100
2016-10-26,59.80019760131836,68.2699966430664,68.76000213623047,68.04000091552734,68.41000366210938,1533900
2016-10-27,59.08193588256836,67.44999694824219,68.63999938964844,67.41000366210938,68.47000122070312,2503700
2016-10-28,59.86150741577149,68.33999633789062,68.66000366210938,67.44000244140625,67.56999969482422,2089700
2016-10-31,60.51845550537109,69.08999633789062,69.22000122070312,68.33999633789062,68.41000366210938,2876200
2016-11-01,60.48342514038086,69.05000305175781,69.29000091552734,68.6500015258789,69.04000091552734,2738300
2016-11-02,60.9651985168457,69.5999984741211,69.79000091552734,68.8499984741211,68.8499984741211,2647900
2016-11-03,60.027950286865234,68.52999877929688,69.91000366210938,68.36000061035156,69.79000091552734,2979500
2016-11-04,60.027950286865234,68.52999877929688,69.1500015258789,68.04000091552734,68.56999969482422,2350400
2016-11-07,61.1141242980957,69.7699966430664,70.01000213623047,69.0,69.12999725341797,2142500
2016-11-08,61.0703239440918,69.72000122070312,70.08000183105469,68.91999816894531,69.83000183105469,1978000
2016-11-09,62.62948226928711,71.5,71.51000213623047,68.37999725341797,68.63999938964844,3273600
2016-11-10,65.15219116210938,74.37999725341797,74.5999984741211,71.7300033569336,71.75,6958600
2016-11-11,65.43246459960938,74.69999694824219,75.44999694824219,73.88999938964844,74.4000015258789,4009400
2016-11-14,67.14928436279297,76.66000366210938,76.9000015258789,74.9800033569336,75.0,4564100
2016-11-15,67.31573486328125,76.8499984741211,77.0999984741211,75.75,76.58999633789062,4336900
2016-11-16,67.13178253173828,76.63999938964844,77.75,76.4800033569336,77.70999908447266,2850500
2016-11-17,67.36830139160156,76.91000366210938,76.98999786376953,75.94000244140625,76.48999786376953,3201100
2016-11-18,67.33326721191406,76.87000274658203,77.11000061035156,76.18000030517578,76.79000091552734,3002700
2016-11-21,67.21940612792969,76.73999786376953,76.86000061035156,76.02999877929688,76.5,3173600
2016-11-22,69.46179962158203,79.30000305175781,80.0,77.51000213623047,77.51000213623047,4842500
2016-11-23,69.82091522216797,79.70999908447266,80.33000183105469,79.22000122070312,79.45999908447266,2450600
2016-11-25,70.12751770019531,80.05999755859375,80.66999816894531,79.7300033569336,80.1500015258789,1408700
2016-11-28,68.90119171142578,78.66000366210938,80.5199966430664,78.37999725341797,79.7699966430664,4354100
2016-11-29,68.59461975097656,78.30999755859375,78.83000183105469,77.41999816894531,78.5999984741211,4007300
2016-11-30,67.72740936279297,77.31999969482422,78.54000091552734,77.08999633789062,77.94000244140625,7159200
2016-12-01,64.36383056640625,73.4800033569336,74.16000366210938,70.58999633789062,72.48999786376953,13129300
2016-12-02,65.3098373413086,74.55999755859375,74.79000091552734,72.93000030517578,72.9800033569336,5708400
2016-12-05,66.89529418945312,76.37000274658203,76.44999694824219,74.6500015258789,74.94000244140625,3648800
2016-12-06,66.29965209960938,75.69000244140625,76.62000274658203,75.22000122070312,76.62000274658203,3029800
2016-12-07,67.53469848632812,77.0999984741211,77.12000274658203,75.44000244140625,75.44000244140625,3235400
2016-12-08,67.37705993652344,76.91999816894531,77.37999725341797,76.58999633789062,77.04000091552734,2191600
2016-12-09,67.62229919433594,77.19999694824219,77.52999877929688,76.66000366210938,76.73999786376953,2132600
2016-12-12,66.75513458251953,76.20999908447266,77.12000274658203,75.69000244140625,76.86000061035156,2848000
2016-12-13,66.53614807128906,75.95999908447266,76.91999816894531,74.62000274658203,76.04000091552734,4332200
2016-12-14,66.47486877441406,75.88999938964844,76.55000305175781,74.7300033569336,76.11000061035156,3004100
2016-12-15,67.54347229003906,77.11000061035156,77.18000030517578,75.98999786376953,76.02999877929688,2280100
2016-12-16,67.53469848632812,77.0999984741211,78.01000213623047,76.63999938964844,77.0,4312100
2016-12-19,66.74382019042969,75.94999694824219,77.11000061035156,75.87999725341797,76.62000274658203,1867300
2016-12-20,67.90381622314453,77.2699966430664,77.66000366210938,76.08999633789062,76.08999633789062,3486100
2016-12-21,68.04440307617188,77.43000030517578,78.05999755859375,76.52999877929688,77.0,1977700
2016-12-22,65.34654998779297,74.36000061035156,77.16000366210938,74.16000366210938,77.0,3475200
2016-12-23,65.15321350097656,74.13999938964844,75.20999908447266,73.9800033569336,74.5199966430664,1261000
2016-12-27,65.4959487915039,74.52999877929688,75.0999984741211,74.16000366210938,74.47000122070312,1491700
2016-12-28,65.04773712158203,74.0199966430664,75.0,73.75,74.80999755859375,1322300
2016-12-29,65.14442443847656,74.12999725341797,74.43000030517578,73.83999633789062,73.9000015258789,1135100
2016-12-30,65.09165954589844,74.06999969482422,74.44000244140625,73.66999816894531,74.0999984741211,1589400
2017-01-03,65.19715881347656,74.19000244140625,74.41999816894531,73.20999908447266,74.33999633789062,2003600
2017-01-04,66.8228988647461,76.04000091552734,76.29000091552734,74.55999755859375,74.63999938964844,3021700
2017-01-05,65.48713684082031,74.5199966430664,75.18000030517578,73.7699966430664,74.91000366210938,2829600
2017-01-06,64.458984375,73.3499984741211,74.41999816894531,73.29000091552734,74.41999816894531,2523100
2017-01-09,64.79291534423828,73.7300033569336,73.98999786376953,72.81999969482422,73.16999816894531,2469700
2017-01-10,65.24988555908203,74.25,74.83999633789062,73.45999908447266,73.73999786376953,2022400
2017-01-11,64.52047729492188,73.41999816894531,74.66999816894531,73.30000305175781,74.4800033569336,3764200
2017-01-12,64.66989135742188,73.58999633789062,74.06999969482422,73.2699966430664,73.3499984741211,2078100
2017-01-13,64.23047637939453,73.08999633789062,73.61000061035156,72.33000183105469,72.95999908447266,2046200
2017-01-17,65.3201675415039,74.33000183105469,75.62000274658203,73.06999969482422,73.3499984741211,2652800
2017-01-18,63.659297943115234,72.44000244140625,74.13999938964844,72.16999816894531,73.8499984741211,2457300
2017-01-19,62.40259552001953,71.01000213623047,72.43000030517578,70.94000244140625,72.23999786376953,2699800
2017-01-20,62.39381790161133,71.0,71.45999908447266,69.87000274658203,71.06999969482422,3997200
2017-01-23,61.91926956176758,70.45999908447266,71.0,70.02999877929688,70.87000274658203,2127600
2017-01-24,63.05290985107422,71.75,71.8499984741211,70.55000305175781,70.7300033569336,3279600
2017-01-25,63.237430572509766,71.95999908447266,72.5,71.44000244140625,71.95999908447266,3043900
2017-01-26,63.000186920166016,71.69000244140625,72.08999633789062,71.44000244140625,71.6500015258789,2236300
2017-01-27,61.78744888305664,70.30999755859375,72.19999694824219,70.11000061035156,72.0999984741211,2228000
2017-01-30,63.27259063720703,72.0,72.19000244140625,70.0199966430664,70.22000122070312,2314500
2017-01-31,64.87200164794922,73.81999969482422,73.93000030517578,71.16999816894531,71.27999877929688,4072300
2017-02-01,64.4941177368164,73.38999938964844,74.08000183105469,73.02999877929688,73.63999938964844,2607800
2017-02-02,64.5907974243164,73.5,74.18000030517578,73.22000122070312,73.58999633789062,1679400
2017-02-03,64.27442169189453,73.13999938964844,74.16000366210938,72.8499984741211,73.48999786376953,2435400
2017-02-06,63.5010986328125,72.26000213623047,73.04000091552734,72.19999694824219,72.55999755859375,2105100
2017-02-07,63.97563171386719,72.80000305175781,73.19000244140625,72.16999816894531,72.66999816894531,2055300
2017-02-08,65.97047424316406,75.06999969482422,75.12999725341797,72.69999694824219,73.08999633789062,2760900
2017-02-09,68.29048156738281,77.70999908447266,78.38999938964844,75.06999969482422,75.06999969482422,4862500
2017-02-10,67.48199462890625,76.79000091552734,78.0199966430664,76.23999786376953,77.76000213623047,2599900
2017-02-13,66.80534362792969,76.0199966430664,77.41000366210938,75.94000244140625,77.4000015258789,1825900
2017-02-14,67.7895736694336,77.13999938964844,77.58000183105469,75.81999969482422,76.0199966430664,4457700
2017-02-15,68.00048065185547,77.37999725341797,77.44999694824219,76.62000274658203,77.01000213623047,1654300
2017-02-16,66.80534362792969,76.0199966430664,77.69999694824219,75.45999908447266,77.62000274658203,1696600
2017-02-17,68.25531768798828,77.66999816894531,77.69000244140625,75.91000366210938,76.04000091552734,2518800
2017-02-21,68.42231750488281,77.86000061035156,79.3499984741211,77.27999877929688,78.33000183105469,2215500
2017-02-22,68.00048065185547,77.37999725341797,78.18000030517578,76.81999969482422,78.0999984741211,1318600
2017-02-23,66.71744537353516,75.91999816894531,77.7300033569336,75.7300033569336,77.7300033569336,1975800
2017-02-24,67.9740982055664,77.3499984741211,78.47000122070312,75.7300033569336,76.31999969482422,3866000
2017-02-27,67.48199462890625,76.79000091552734,77.33000183105469,75.44999694824219,77.30999755859375,2579500
2017-02-28,64.16897583007812,73.0199966430664,75.41999816894531,72.30000305175781,75.1500015258789,6952100
2017-03-01,64.458984375,73.3499984741211,75.38999938964844,72.55000305175781,74.75,5035900
2017-03-02,65.09165954589844,74.06999969482422,74.83999633789062,73.31999969482422,73.37000274658203,2428500
2017-03-03,64.25685119628906,73.12000274658203,73.95999908447266,72.73999786376953,73.4800033569336,3040000
2017-03-06,63.641700744628906,72.41999816894531,73.29000091552734,72.31999969482422,72.83999633789062,1889300
2017-03-07,62.71017456054688,71.36000061035156,72.88999938964844,71.30000305175781,72.22000122070312,2480200
2017-03-08,63.73835754394531,72.52999877929688,72.61000061035156,71.44000244140625,71.55999755859375,2305900
2017-03-09,64.70502471923828,73.62999725341797,73.79000091552734,72.43000030517578,72.5999984741211,3029600
2017-03-10,64.05474090576172,72.88999938964844,73.83000183105469,72.80000305175781,73.38999938964844,2538000
2017-03-13,63.79108047485352,72.58999633789062,72.81999969482422,71.5199966430664,72.44999694824219,3598500
2017-03-14,63.99322128295898,72.81999969482422,73.0999984741211,72.0,72.63999938964844,4304200
2017-03-15,63.98442459106445,72.80999755859375,73.08999633789062,71.75,72.58000183105469,4136400
2017-03-16,64.32714080810547,73.19999694824219,75.33000183105469,71.5999984741211,71.9000015258789,9769900
2017-03-17,63.562618255615234,72.33000183105469,73.87000274658203,71.87999725341797,73.30999755859375,4356500
2017-03-20,62.92108154296875,71.5999984741211,72.5999984741211,71.38999938964844,72.5999984741211,2831900
2017-03-21,61.52381134033203,70.01000213623047,71.94999694824219,69.69000244140625,71.87000274658203,4198900
2017-03-22,62.112586975097656,70.68000030517578,70.80999755859375,69.7300033569336,70.20999908447266,2132900
2017-03-23,60.54836654663086,68.9000015258789,70.08999633789062,68.7699966430664,69.88999938964844,5173100
2017-03-24,61.05807876586914,69.4800033569336,69.91000366210938,68.7300033569336,69.0,3588500
2017-03-27,60.6098518371582,68.97000122070312,69.98999786376953,68.77999877929688,69.13999938964844,2450700
2017-03-28,60.24079513549805,68.55000305175781,68.8499984741211,68.2300033569336,68.7699966430664,2354500
2017-03-29,62.121376037597656,70.69000244140625,70.77999877929688,68.62000274658203,68.62000274658203,3124800
2017-03-30,62.27082443237305,70.86000061035156,70.97000122070312,70.45999908447266,70.48999786376953,1424300
2017-03-31,61.27775955200195,69.7300033569336,70.93000030517578,69.70999908447266,70.69000244140625,2122000
2017-04-03,60.478065490722656,68.81999969482422,70.06999969482422,68.5,69.83999633789062,2650300
2017-04-04,60.065032958984375,68.3499984741211,68.88999938964844,67.94000244140625,68.7300033569336,3074700
2017-04-05,60.19684600830078,68.5,69.66000366210938,68.1500015258789,68.5,3269600
2017-04-06,61.11958694458008,69.55000305175781,70.5199966430664,68.58000183105469,68.9000015258789,2525500
2017-04-07,61.15486145019531,69.33000183105469,70.16999816894531,69.12999725341797,69.3499984741211,3150700
2017-04-10,61.35774612426758,69.55999755859375,70.06999969482422,69.08000183105469,69.31999969482422,2813500
2017-04-11,60.996089935302734,69.1500015258789,69.77999877929688,68.6500015258789,69.5199966430664,2194800
2017-04-12,60.8285026550293,68.95999908447266,69.11000061035156,68.61000061035156,68.63999938964844,2157400
2017-04-13,60.634422302246094,68.73999786376953,69.0999984741211,68.69999694824219,69.08000183105469,1528600
2017-04-17,60.96963119506836,69.12000274658203,69.2300033569336,68.19000244140625,68.91000366210938,2140200
2017-04-18,60.92551803588867,69.06999969482422,69.38999938964844,68.87999725341797,69.02999877929688,1637200
2017-04-19,61.1372184753418,69.30999755859375,70.0199966430664,69.16000366210938,69.44000244140625,1727700
2017-04-20,62.336856842041016,70.66999816894531,71.27999877929688,69.58000183105469,69.88999938964844,2781700
2017-04-21,62.380977630615234,70.72000122070312,70.93000030517578,70.37000274658203,70.52999877929688,2440100
2017-04-24,62.99843978881836,71.41999816894531,71.6500015258789,70.98999786376953,71.5,1926100
2017-04-25,63.11309814453125,71.55000305175781,71.8499984741211,71.0,71.5,2492200
2017-04-26,64.03929901123047,72.5999984741211,72.7699966430664,71.7699966430664,71.83999633789062,2476000
2017-04-27,64.586181640625,73.22000122070312,73.44000244140625,72.44999694824219,72.79000091552734,3153900
2017-04-28,64.13629150390625,72.70999908447266,73.37999725341797,72.37000274658203,73.37999725341797,2331100
2017-05-01,63.55415344238281,72.05000305175781,73.19999694824219,72.05000305175781,73.0,2645600
2017-05-02,65.07130432128906,73.7699966430664,73.79000091552734,71.98999786376953,72.05999755859375,2797700
2017-05-03,65.265380859375,73.98999786376953,74.2300033569336,73.37000274658203,73.80000305175781,2248400
2017-05-04,64.71849060058594,73.37000274658203,74.66999816894531,73.12000274658203,74.13999938964844,1830100
2017-05-05,64.93899536132812,73.62000274658203,73.95999908447266,73.2300033569336,73.62999725341797,2066400
2017-05-08,65.0007553100586,73.69000244140625,73.87999725341797,73.26000213623047,73.66999816894531,1352100
2017-05-09,65.0007553100586,73.69000244140625,73.9000015258789,73.1500015258789,73.27999877929688,2232200
2017-05-10,65.19481658935547,73.91000366210938,74.29000091552734,73.30000305175781,73.58000183105469,2211500
2017-05-11,63.56294631958008,72.05999755859375,73.9000015258789,71.70999908447266,73.25,2804300
2017-05-12,63.13953399658203,71.58000183105469,72.0,70.81999969482422,71.58999633789062,1904600
2017-05-15,63.26304244995117,71.72000122070312,72.55000305175781,71.51000213623047,71.69999694824219,1902500
2017-05-16,62.57501983642578,70.94000244140625,71.72000122070312,70.51000213623047,71.72000122070312,2268000
2017-05-17,62.336856842041016,70.66999816894531,71.5,70.62999725341797,70.94000244140625,2681200
2017-05-18,62.74261093139648,71.12999725341797,71.48999786376953,70.4800033569336,70.79000091552734,2472000
2017-05-19,63.465911865234375,71.94999694824219,72.08000183105469,70.31999969482422,71.37999725341797,2971000
2017-05-22,63.90696716308594,72.44999694824219,72.69000244140625,71.5,71.87999725341797,1410600
2017-05-23,62.37212753295898,70.70999908447266,72.4800033569336,70.51000213623047,72.4800033569336,4092400
2017-05-24,61.93109130859375,70.20999908447266,70.68000030517578,69.13999938964844,70.66000366210938,3831100
2017-05-25,63.92462539672852,72.47000122070312,73.4800033569336,69.52999877929688,70.01000213623047,4529000
2017-05-26,63.792293548583984,72.31999969482422,72.86000061035156,71.68000030517578,72.66000366210938,1617800
2017-05-30,64.40973663330078,73.0199966430664,73.26000213623047,71.88999938964844,72.11000061035156,2347900
2017-05-31,64.73611450195312,73.38999938964844,73.4800033569336,71.7699966430664,73.16000366210938,4117900
2017-06-01,68.97013854980469,78.19000244140625,78.19999694824219,75.51000213623047,75.81999969482422,7589600
2017-06-02,69.60523986816406,78.91000366210938,79.27999877929688,77.83999633789062,78.61000061035156,3897800
2017-06-05,69.07598114013672,78.30999755859375,79.0,77.58000183105469,78.5999984741211,2652000
2017-06-06,66.45618438720703,75.33999633789062,77.2300033569336,75.05000305175781,77.11000061035156,5015800
2017-06-07,65.33592987060547,74.06999969482422,75.76000213623047,73.93000030517578,75.66999816894531,4425500
2017-06-08,65.0007553100586,73.69000244140625,75.20999908447266,73.5999984741211,74.06999969482422,2608200
2017-06-09,66.35033416748047,75.22000122070312,75.36000061035156,73.16999816894531,73.94999694824219,3214500
2017-06-12,66.25332641601562,75.11000061035156,76.55000305175781,74.5999984741211,75.16999816894531,2666700
2017-06-13,66.78257751464844,75.70999908447266,75.98999786376953,74.62999725341797,75.19999694824219,1396100
2017-06-14,66.73845672607422,75.66000366210938,75.94999694824219,74.7300033569336,75.7699966430664,1317800
2017-06-15,63.792293548583984,72.31999969482422,74.91999816894531,71.55000305175781,74.83000183105469,4307400
2017-06-16,61.85172271728516,70.12000274658203,71.37000274658203,65.97000122070312,68.12000274658203,11914500
2017-06-19,63.24538040161133,71.69999694824219,72.23999786376953,69.91000366210938,70.83000183105469,6080300
2017-06-20,62.98078155517578,71.4000015258789,72.7300033569336,71.30999755859375,71.87000274658203,3962000
2017-06-21,63.27190399169922,71.7300033569336,72.37999725341797,71.2300033569336,71.37999725341797,3030000
2017-06-22,62.69852066040039,71.08000183105469,71.69999694824219,70.69000244140625,71.5,2529900
2017-06-23,61.52535629272461,69.75,71.12000274658203,69.51000213623047,70.93000030517578,7813400
2017-06-26,62.1075439453125,70.41000366210938,70.95999908447266,69.51000213623047,70.05999755859375,3159500
2017-06-27,62.44272613525391,70.79000091552734,71.91999816894531,70.19999694824219,70.25,2724300
2017-06-28,63.05135726928711,71.4800033569336,72.05999755859375,70.75,71.2699966430664,2543600
2017-06-29,62.48683166503906,70.83999633789062,71.80999755859375,70.62999725341797,71.4800033569336,2957100
2017-06-30,63.58940887451172,72.08999633789062,72.48999786376953,71.05000305175781,71.30000305175781,2808800
2017-07-03,63.4482650756836,71.93000030517578,73.0,71.66999816894531,72.52999877929688,1222300
2017-07-05,62.83964538574219,71.23999786376953,72.29000091552734,70.83000183105469,72.01000213623047,2707900
2017-07-06,61.77233123779297,70.02999877929688,71.22000122070312,69.86000061035156,71.08000183105469,1811000
2017-07-07,62.179595947265625,70.2300033569336,70.55000305175781,69.75,70.13999938964844,1563000
2017-07-10,61.52443313598633,69.48999786376953,70.1500015258789,68.69000244140625,70.0199966430664,3478400
2017-07-11,61.12601089477539,69.04000091552734,69.94999694824219,68.88999938964844,69.5,7778300
2017-07-12,61.70151519775391,69.69000244140625,69.94999694824219,69.11000061035156,69.41000366210938,3121600
2017-07-13,62.48948669433594,70.58000183105469,71.27999877929688,70.41000366210938,70.55000305175781,3073500
2017-07-14,62.98530197143555,71.13999938964844,71.37999725341797,70.56999969482422,70.5999984741211,3156400
2017-07-17,63.6316032409668,71.87000274658203,72.47000122070312,71.01000213623047,71.13999938964844,2210900
2017-07-18,62.68424987792969,70.80000305175781,71.69000244140625,70.44999694824219,71.63999938964844,1921400
2017-07-19,63.206634521484375,71.38999938964844,71.55000305175781,70.83999633789062,71.01000213623047,1588100
2017-07-20,63.17118835449219,71.3499984741211,71.68000030517578,71.02999877929688,71.58999633789062,2166800
2017-07-21,63.92375183105469,72.19999694824219,72.38999938964844,71.05000305175781,71.25,3191800
2017-07-24,63.72899627685547,71.9800033569336,72.30000305175781,71.55000305175781,71.9800033569336,2108600
2017-07-25,65.13673400878906,73.56999969482422,73.9800033569336,71.86000061035156,72.23999786376953,1804600
2017-07-26,66.04866790771484,74.5999984741211,74.66999816894531,72.91999816894531,73.44999694824219,2163400
2017-07-27,66.50906372070312,75.12000274658203,75.27999877929688,74.08999633789062,74.5999984741211,2295800
2017-07-28,66.1814956665039,74.75,75.2699966430664,74.06999969482422,74.77999877929688,2045500
2017-07-31,66.54446411132812,75.16000366210938,75.52999877929688,74.33999633789062,75.12999725341797,1583000
2017-08-01,66.86321258544922,75.5199966430664,76.5,75.22000122070312,75.58000183105469,3175400
2017-08-02,66.14608764648438,74.70999908447266,75.98999786376953,74.61000061035156,75.30999755859375,3023300
2017-08-03,65.95127868652344,74.48999786376953,75.37000274658203,74.43000030517578,74.83999633789062,1699800
2017-08-04,66.27886962890625,74.86000061035156,74.94000244140625,74.0999984741211,74.75,1378000
2017-08-07,67.65120697021484,76.41000366210938,76.54000091552734,74.63999938964844,74.88999938964844,2055100
2017-08-08,67.89908599853516,76.69000244140625,77.30999755859375,76.43000030517578,76.51000213623047,2454100
2017-08-09,68.30635070800781,77.1500015258789,77.29000091552734,75.55000305175781,76.20999908447266,2527400
2017-08-10,66.91633605957031,75.58000183105469,76.91000366210938,75.54000091552734,76.31999969482422,2308000
2017-08-11,66.83662414550781,75.48999786376953,76.13999938964844,75.0,75.38999938964844,1747900
2017-08-14,67.79283905029297,76.56999969482422,76.98999786376953,75.86000061035156,76.2300033569336,3117500
2017-08-15,65.19869995117188,73.63999938964844,76.56999969482422,73.54000091552734,76.56999969482422,4004600
2017-08-16,65.96014404296875,74.5,74.83000183105469,73.75,74.20999908447266,2799500
2017-08-17,65.75647735595703,74.2699966430664,74.72000122070312,73.37000274658203,74.2300033569336,3931100
2017-08-18,65.35807800292969,73.81999969482422,74.44000244140625,73.47000122070312,73.91999816894531,2282800
2017-08-21,66.14608764648438,74.70999908447266,75.19000244140625,73.83000183105469,74.1500015258789,1898300
2017-08-22,67.69546508789062,76.45999908447266,76.4800033569336,75.12999725341797,75.1500015258789,2729800
2017-08-23,67.58035278320312,76.33000183105469,76.41000366210938,75.44000244140625,76.0,2031700
2017-08-24,67.01373291015625,75.69000244140625,79.69999694824219,75.12000274658203,79.26000213623047,4917500
2017-08-25,68.76675415039062,77.66999816894531,77.83999633789062,75.36000061035156,76.38999938964844,2479000
2017-08-28,68.50115203857422,77.37000274658203,78.62000274658203,77.31999969482422,77.73999786376953,2803700
2017-08-29,68.07617950439453,76.88999938964844,77.25,76.27999877929688,76.68000030517578,2378500
2017-08-30,67.93450164794922,76.7300033569336,76.9800033569336,75.91000366210938,76.70999908447266,4236900
2017-08-31,64.24250793457031,72.55999755859375,73.69000244140625,70.30000305175781,72.5,12436500
2017-09-01,64.22480773925781,72.54000091552734,73.44999694824219,71.80000305175781,72.77999877929688,3696500
2017-09-05,65.8362045288086,74.36000061035156,74.6500015258789,72.23999786376953,72.23999786376953,3461200
2017-09-06,66.6595687866211,75.29000091552734,75.58999633789062,74.44999694824219,74.69999694824219,2536900
2017-09-07,67.63348388671875,76.38999938964844,76.41000366210938,75.12999725341797,75.5199966430664,3447800
2017-09-08,66.89862060546875,75.55999755859375,76.8499984741211,74.31999969482422,76.29000091552734,5110300
2017-09-11,67.2616195678711,75.97000122070312,76.36000061035156,75.5,75.79000091552734,4155700
2017-09-12,68.13812255859375,76.95999908447266,77.86000061035156,75.8499984741211,76.08999633789062,2840900
2017-09-13,68.91725158691406,77.83999633789062,78.66000366210938,76.81999969482422,76.97000122070312,3632300
2017-09-14,68.37720489501953,77.2300033569336,77.66000366210938,76.81999969482422,77.44000244140625,2359000
2017-09-15,68.70478820800781,77.5999984741211,77.80000305175781,76.58000183105469,76.91000366210938,4146400
2017-09-18,68.42143249511719,77.27999877929688,78.83000183105469,77.25,77.70999908447266,3515600
2017-09-19,68.16468811035156,76.98999786376953,77.3499984741211,76.29000091552734,77.3499984741211,2099500
2017-09-20,68.66049194335938,77.55000305175781,77.69999694824219,76.12999725341797,77.16000366210938,1766500
2017-09-21,67.96992492675781,76.7699966430664,77.66999816894531,76.61000061035156,77.58999633789062,1710100
2017-09-22,68.75789642333984,77.66000366210938,77.7699966430664,76.56999969482422,76.7699966430664,3513400
2017-09-25,70.24533081054688,79.33999633789062,79.37000274658203,77.12999725341797,77.18000030517578,2967300
2017-09-26,70.2364730834961,79.33000183105469,79.69000244140625,78.80000305175781,79.08000183105469,2511600
2017-09-27,70.7677001953125,79.93000030517578,80.05999755859375,78.86000061035156,79.2699966430664,2539500
2017-09-28,70.84735870361328,80.0199966430664,80.16000366210938,79.05000305175781,79.77999877929688,2307000
2017-09-29,71.75929260253906,81.05000305175781,81.30000305175781,80.02999877929688,80.16999816894531,2485500
2017-10-02,72.51188659667969,81.9000015258789,81.91999816894531,80.68000030517578,80.98999786376953,1920400
2017-10-03,72.06919860839844,81.4000015258789,82.0999984741211,81.0199966430664,81.9000015258789,2056400
2017-10-04,71.97178649902344,81.29000091552734,82.37999725341797,81.13999938964844,81.54000091552734,1563600
2017-10-05,72.14002990722656,81.4800033569336,81.98999786376953,81.29000091552734,81.29000091552734,1478700
2017-10-06,71.34952545166016,80.33000183105469,81.16000366210938,80.06999969482422,80.88999938964844,1968300
2017-10-09,70.3281021118164,79.18000030517578,80.66000366210938,78.83000183105469,80.55000305175781,2392000
2017-10-10,71.89134216308594,80.94000244140625,81.22000122070312,79.80000305175781,80.05000305175781,1907000
2017-10-11,73.31243896484375,82.54000091552734,82.7699966430664,80.91000366210938,80.94000244140625,2988800
2017-10-12,72.99267578125,82.18000030517578,82.6500015258789,81.62999725341797,82.20999908447266,1888400
2017-10-13,73.33910369873047,82.56999969482422,83.18000030517578,81.91000366210938,82.33000183105469,2016100
2017-10-16,72.93940734863281,82.12000274658203,82.5,81.80999755859375,82.36000061035156,1489600
2017-10-17,72.92163848876953,82.0999984741211,82.5,81.73999786376953,82.1500015258789,1367100
2017-10-18,73.54340362548828,82.80000305175781,83.22000122070312,82.12999725341797,82.16999816894531,3512800
2017-10-19,73.64110565185547,82.91000366210938,83.27999877929688,82.69000244140625,82.7699966430664,1656200
2017-10-20,74.2628173828125,83.61000061035156,83.79000091552734,83.08999633789062,83.29000091552734,2171200
2017-10-23,74.53816986083984,83.91999816894531,84.86000061035156,83.7699966430664,83.91999816894531,2231900
2017-10-24,74.69805908203125,84.0999984741211,84.26000213623047,83.05999755859375,84.01000213623047,1656500
2017-10-25,74.58258056640625,83.97000122070312,84.19999694824219,83.38999938964844,84.01000213623047,1331000
2017-10-26,74.9378662109375,84.37000274658203,85.06999969482422,83.87999725341797,84.13999938964844,1719300
2017-10-27,73.95198059082031,83.26000213623047,84.0,82.51000213623047,84.0,1825900
2017-10-30,72.14889526367188,81.2300033569336,83.0,81.0999984741211,82.93000030517578,2352100
2017-10-31,71.8025131225586,80.83999633789062,82.11000061035156,80.48999786376953,81.22000122070312,2260600
2017-11-01,72.14889526367188,81.2300033569336,81.6500015258789,80.45999908447266,81.20999908447266,1487400
2017-11-02,73.28579711914062,82.51000213623047,83.58000183105469,80.30000305175781,81.41999816894531,1863100
2017-11-03,72.71733856201172,81.87000274658203,82.83999633789062,81.44000244140625,81.9000015258789,2006700
2017-11-06,71.66039276123047,80.68000030517578,81.62999725341797,80.5,81.62000274658203,1496400
2017-11-07,71.64263916015625,80.66000366210938,81.05000305175781,79.79000091552734,80.6500015258789,1859900
2017-11-08,71.67813873291016,80.69999694824219,81.05000305175781,80.16000366210938,80.70999908447266,1150900
2017-11-09,72.75289154052734,81.91000366210938,82.1500015258789,80.01000213623047,80.18000030517578,2275500
2017-11-10,74.74247741699219,84.1500015258789,84.16999816894531,81.7300033569336,82.01000213623047,3666200
2017-11-13,74.20954895019531,83.55000305175781,85.08999633789062,82.79000091552734,83.63999938964844,2794400
2017-11-14,73.94307708740234,83.25,83.83000183105469,82.62999725341797,83.01000213623047,2757800
2017-11-15,73.09928894042969,82.30000305175781,82.80000305175781,81.0999984741211,82.06999969482422,2244700
2017-11-16,75.4175033569336,84.91000366210938,85.11000061035156,83.63999938964844,83.97000122070312,3513300
2017-11-17,75.9415512084961,85.5,85.5199966430664,84.47000122070312,84.94000244140625,2492000
2017-11-20,77.22054290771484,86.94000244140625,87.4800033569336,85.7699966430664,85.7699966430664,3270800
2017-11-21,76.96297454833984,86.6500015258789,88.12999725341797,85.62999725341797,87.56999969482422,2909800
2017-11-22,77.47814178466797,87.2300033569336,87.33999633789062,86.2699966430664,86.69000244140625,1511700
2017-11-24,76.63433837890625,86.27999877929688,87.69999694824219,86.27999877929688,87.62999725341797,1177800
2017-11-27,76.69650268554688,86.3499984741211,87.29000091552734,85.56999969482422,86.5199966430664,2932100
2017-11-28,77.9222412109375,87.7300033569336,88.04000091552734,86.0999984741211,86.56999969482422,2473700
2017-11-29,78.76604461669922,88.68000030517578,89.1500015258789,87.83000183105469,88.68000030517578,4224800
2017-11-30,78.23310089111328,88.08000183105469,89.80000305175781,87.93000030517578,88.80999755859375,3588100
2017-12-01,78.14430236816406,87.9800033569336,88.75,86.80000305175781,88.33999633789062,3151800
2017-12-04,80.62239074707031,90.7699966430664,92.11000061035156,88.77999877929688,89.04000091552734,3608200
2017-12-05,80.26708984375,90.37000274658205,91.76000213623048,90.27999877929688,91.30999755859376,2650300
2017-12-06,80.69346618652344,90.8499984741211,91.33999633789062,90.2699966430664,90.51000213623048,3743000
2017-12-07,82.93170928955078,93.37000274658205,96.5999984741211,92.08000183105467,92.25,6483000
2017-12-08,82.94058990478516,93.37999725341795,93.72000122070312,92.20999908447266,92.9800033569336,2529200
2017-12-11,82.91393280029297,93.3499984741211,93.5,91.25,93.5,2845800
2017-12-12,81.03097534179688,91.2300033569336,93.5199966430664,91.13999938964844,93.06999969482422,3693700
2017-12-13,81.39510345458984,91.63999938964844,92.26000213623048,91.0,91.2300033569336,2373900
2017-12-14,80.64015197753906,90.79000091552734,92.0500030517578,90.41999816894533,91.97000122070312,2493700
2017-12-15,80.76447296142578,90.93000030517578,92.23999786376952,90.87999725341795,91.36000061035156,4253300
2017-12-18,82.20340728759766,92.5500030517578,93.11000061035156,91.47000122070312,91.5,1910900
2017-12-19,81.8036880493164,92.0999984741211,93.0,91.52999877929688,92.87000274658205,1794600
2017-12-20,81.47506713867188,91.7300033569336,94.12999725341795,91.44000244140624,92.91000366210938,4053000
2017-12-21,81.39510345458984,91.63999938964844,92.4800033569336,91.55999755859376,92.1500015258789,2356100
2017-12-22,82.52315521240234,92.91000366210938,92.98999786376952,91.79000091552734,92.3499984741211,2673000
2017-12-26,82.14122772216797,92.4800033569336,93.51000213623048,92.26000213623048,92.5,1258100
2017-12-27,82.26557922363281,92.62000274658205,92.86000061035156,92.13999938964844,92.83999633789062,1921900
2017-12-28,82.23003387451172,92.58000183105467,92.73999786376952,92.20999908447266,92.66999816894533,1016000
2017-12-29,82.61196899414062,93.01000213623048,93.8499984741211,92.87000274658205,92.91999816894533,2320600
2018-01-02,83.54456329345703,94.05999755859376,94.5199966430664,93.31999969482422,93.55999755859376,1988500
2018-01-03,83.48238372802734,93.98999786376952,94.4499969482422,93.62000274658205,94.2699966430664,1822800
2018-01-04,84.45944213867188,95.08999633789062,95.77999877929688,93.8499984741211,94.1999969482422,2907100
2018-01-05,85.01898956298828,95.72000122070312,95.88999938964844,95.02999877929688,95.62999725341795,2464700
2018-01-08,83.85230255126953,94.1500015258789,96.0500030517578,94.12999725341795,95.61000061035156,2088800
2018-01-09,83.94132995605469,94.25,94.79000091552734,93.86000061035156,94.79000091552734,2630200
2018-01-10,84.41338348388672,94.77999877929688,95.22000122070312,93.91999816894533,94.2300033569336,1469100
2018-01-11,87.45040130615234,98.19000244140624,98.33000183105467,94.5999984741211,94.66000366210938,3279200
2018-01-12,88.2608642578125,99.0999984741211,99.69000244140624,98.1999969482422,98.38999938964844,2332200
2018-01-16,87.67303466796875,98.44000244140624,99.6999969482422,97.91999816894533,99.6999969482422,2421500
2018-01-17,89.50774383544922,100.5,101.06999969482422,98.88999938964844,99.16999816894533,2553600
2018-01-18,89.97978210449219,101.02999877929688,101.26000213623048,100.12000274658205,100.9000015258789,1498200
2018-01-19,90.8258819580078,101.9800033569336,102.08999633789062,100.91000366210938,101.52999877929688,1866500
2018-01-22,91.08413696289062,102.2699966430664,102.3000030517578,101.08999633789062,101.94000244140624,1255000
2018-01-23,91.88568115234376,103.16999816894533,103.98999786376952,102.66000366210938,103.47000122070312,1590200
2018-01-24,91.45819854736328,102.69000244140624,103.62999725341795,101.30999755859376,103.20999908447266,1550300
2018-01-25,92.40227508544922,103.75,105.4000015258789,102.55999755859376,105.06999969482422,1720500
2018-01-26,93.78274536132812,105.3000030517578,105.33000183105467,103.41999816894533,104.20999908447266,2129100
2018-01-29,93.81835174560548,105.33999633789062,105.81999969482422,104.70999908447266,105.20999908447266,1981000
2018-01-30,92.82977294921876,104.2300033569336,105.56999969482422,103.73999786376952,104.91999816894533,2726000
2018-01-31,91.84119415283205,103.12000274658205,104.9499969482422,102.3499984741211,104.44000244140624,2407100
2018-02-01,91.09307098388672,102.27999877929688,103.01000213623048,101.73999786376952,102.18000030517578,2393700
2018-02-02,88.56367492675781,99.44000244140624,101.6999969482422,99.3499984741211,101.6999969482422,4381200
2018-02-05,85.32181549072266,95.8000030517578,100.4499969482422,95.79000091552734,98.68000030517578,2891300
2018-02-06,86.92494201660156,97.5999984741211,98.0,92.73999786376952,94.19000244140624,4252700
2018-02-07,87.17432403564453,97.87999725341795,99.52999877929688,97.4499969482422,97.51000213623048,2236400
2018-02-08,84.6983642578125,95.0999984741211,98.36000061035156,95.06999969482422,98.18000030517578,2916600
2018-02-09,87.51274108886719,98.26000213623048,99.5,93.83000183105467,96.08999633789062,3326300
2018-02-12,84.68948364257812,95.08999633789062,99.08000183105467,93.31999969482422,98.7699966430664,4597600
2018-02-13,86.265869140625,96.86000061035156,97.93000030517578,94.81999969482422,94.94000244140624,2573800
2018-02-14,86.09666442871094,96.66999816894533,97.33000183105467,96.0500030517578,96.30999755859376,2684400
2018-02-15,87.68194580078125,98.4499969482422,98.4499969482422,96.30999755859376,97.51000213623048,1901600
2018-02-16,87.04071044921875,97.7300033569336,98.9000015258789,97.0199966430664,98.30999755859376,1793500
2018-02-20,84.21742248535156,94.55999755859376,96.30999755859376,93.66999816894533,95.0500030517578,3110100
2018-02-21,84.84978485107422,95.2699966430664,96.87999725341795,94.87999725341795,94.87999725341795,2205600
2018-02-22,85.58901977539062,96.0999984741211,97.0,95.45999908447266,95.86000061035156,1331700
2018-02-23,86.56867218017578,97.1999969482422,97.31999969482422,95.72000122070312,96.7699966430664,1667900
2018-02-26,86.88040924072266,97.5500030517578,98.2300033569336,96.62000274658205,97.7300033569336,1414000
2018-02-27,85.07243347167969,95.5199966430664,98.4499969482422,94.88999938964844,97.95999908447266,2131900
2018-02-28,84.24415588378906,94.58999633789062,96.31999969482422,94.58999633789062,96.11000061035156,1833100
2018-03-01,84.8853988647461,95.30999755859376,95.88999938964844,93.77999877929688,94.56999969482422,1861800
2018-03-02,83.96804809570312,94.27999877929688,95.0999984741211,92.8000030517578,94.73999786376952,2879700
2018-03-05,83.21102905273438,93.43000030517578,94.01000213623048,93.05999755859376,93.63999938964844,2424800
2018-03-06,83.21995544433594,93.44000244140624,94.1999969482422,91.8499984741211,93.51000213623048,4046100
2018-03-07,79.6129150390625,89.38999938964844,90.63999938964844,87.54000091552734,89.58000183105469,5306200
2018-03-08,76.63822937011719,86.05000305175781,89.87999725341797,86.04000091552734,89.62000274658203,4081400
2018-03-09,77.43089294433594,86.94000244140625,87.18000030517578,85.54000091552734,86.70999908447266,3527000
2018-03-12,78.918212890625,88.61000061035156,88.86000061035156,87.05000305175781,87.23999786376953,3741200
2018-03-13,79.73758697509766,89.52999877929688,91.0,88.62999725341797,88.8499984741211,3989200
2018-03-14,79.44368743896484,89.19999694824219,89.75,88.55999755859375,89.55000305175781,3900300
2018-03-15,83.21995544433594,93.44000244140624,96.5,92.29000091552734,96.22000122070312,10226700
2018-03-16,84.99229431152344,95.43000030517578,95.8000030517578,93.38999938964844,93.58999633789062,5127800
2018-03-19,83.75431060791016,94.04000091552734,96.0500030517578,93.37000274658205,95.5,2425000
2018-03-20,83.19322204589844,93.41000366210938,94.2300033569336,92.87999725341795,94.12999725341795,2651900
2018-03-21,82.81024932861328,92.9800033569336,94.6500015258789,92.9499969482422,93.56999969482422,3830300
2018-03-22,81.71479034423828,91.75,93.36000061035156,91.69000244140624,92.30999755859376,2285000
2018-03-23,80.20960998535156,90.05999755859375,91.9800033569336,89.88999938964844,91.83999633789062,2581600
2018-03-26,82.51634216308594,92.6500015258789,93.16000366210938,91.05999755859376,91.38999938964844,2055300
2018-03-27,82.32040405273438,92.43000030517578,93.4499969482422,91.93000030517578,93.0,2068200
2018-03-28,82.77462768554688,92.94000244140624,94.83999633789062,92.66000366210938,92.66999816894533,2257500
2018-03-29,83.31790924072266,93.5500030517578,94.1500015258789,93.12999725341795,93.4499969482422,2363800
2018-04-02,83.21102905273438,93.43000030517578,93.86000061035156,91.97000122070312,93.2300033569336,2709600
2018-04-03,83.10414123535156,93.30999755859376,94.37999725341795,93.0999984741211,93.52999877929688,1877000
2018-04-04,84.60929870605469,95.0,95.22000122070312,92.54000091552734,92.54000091552734,2729400
2018-04-05,85.85619354248047,96.4000015258789,96.58999633789062,94.54000091552734,95.22000122070312,2394600
2018-04-06,84.58257293701172,94.97000122070312,96.9800033569336,94.5199966430664,95.8000030517578,2760400
2018-04-09,85.49382019042969,95.6999969482422,96.7699966430664,94.87000274658205,94.9499969482422,3315900
2018-04-10,86.15489959716797,96.44000244140624,96.98999786376952,95.45999908447266,96.8499984741211,2622200
2018-04-11,86.00301361083984,96.2699966430664,96.83000183105467,95.6500015258789,95.72000122070312,1823200
2018-04-12,86.55691528320312,96.88999938964844,97.66000366210938,96.41000366210938,96.75,2300200
2018-04-13,86.011962890625,96.27999877929688,97.9000015258789,96.0500030517578,97.41999816894533,2400500
2018-04-16,86.71772003173828,97.06999969482422,97.1999969482422,95.05999755859376,95.88999938964844,2205600
2018-04-17,89.21906280517578,99.87000274658205,101.1999969482422,99.26000213623048,100.68000030517578,2900700
2018-04-18,89.49604797363281,100.18000030517578,101.16000366210938,99.86000061035156,100.31999969482422,2161100
2018-04-19,88.44186401367188,99.0,100.05999755859376,98.18000030517578,99.77999877929688,1625300
2018-04-20,86.0655517578125,96.33999633789062,99.16000366210938,96.22000122070312,98.73999786376952,3675700
2018-04-23,86.66411590576172,97.01000213623048,97.19000244140624,95.83000183105467,96.70999908447266,2114600
2018-04-24,86.49435424804688,96.81999969482422,98.05999755859376,96.37999725341795,97.54000091552734,1599900
2018-04-25,86.87852478027344,97.25,97.47000122070312,95.70999908447266,96.37000274658205,1495500
2018-04-26,88.46868133544922,99.02999877929688,99.48999786376952,96.56999969482422,97.36000061035156,2194800
2018-04-27,87.87012481689453,98.36000061035156,100.12999725341795,98.2699966430664,99.04000091552734,2136200
2018-04-30,86.23529815673828,96.52999877929688,98.87000274658205,96.26000213623048,98.69000244140624,2513800
2018-05-01,86.2442398071289,96.54000091552734,96.83000183105467,95.51000213623048,96.26000213623048,1225800
2018-05-02,86.1191635131836,96.4000015258789,97.2300033569336,95.31999969482422,96.19000244140624,1103400
2018-05-03,86.02983093261719,96.3000030517578,96.9000015258789,95.44000244140624,96.5,1423900
2018-05-04,85.3598403930664,95.5500030517578,95.93000030517578,94.66999816894533,95.8499984741211,1676000
2018-05-07,83.97511291503906,94.0,95.58999633789062,93.41999816894533,95.56999969482422,1727200
2018-05-08,83.86790466308594,93.87999725341795,94.6999969482422,93.45999908447266,94.12000274658205,2531100
2018-05-09,83.54629516601562,93.5199966430664,93.91999816894533,92.43000030517578,93.62000274658205,3195900
2018-05-10,83.0281753540039,92.94000244140624,94.45999908447266,92.81999969482422,93.80999755859376,2290000
2018-05-11,83.63563537597656,93.62000274658205,93.66999816894533,91.45999908447266,92.5,2491400
2018-05-14,83.72499084472656,93.72000122070312,94.38999938964844,93.27999877929688,93.62000274658205,1818600
2018-05-15,83.97511291503906,94.0,94.31999969482422,93.41000366210938,93.68000030517578,5093600
2018-05-16,85.94047546386719,96.1999969482422,97.43000030517578,94.0,94.1999969482422,4881700
2018-05-17,86.3603515625,96.66999816894533,97.38999938964844,96.22000122070312,96.22000122070312,2567700
2018-05-18,86.4139633178711,96.7300033569336,97.47000122070312,96.66999816894533,97.01000213623048,2317300
2018-05-21,86.84276580810547,97.20999908447266,97.6500015258789,96.5500030517578,97.12999725341795,1466000
2018-05-22,86.12808227539062,96.41000366210938,97.87999725341795,96.29000091552734,97.5,1903200
2018-05-23,86.011962890625,96.27999877929688,97.12000274658205,95.9000015258789,96.0,1602900
2018-05-24,86.57477569580078,96.91000366210938,96.93000030517578,95.44000244140624,96.33999633789062,2591100
2018-05-25,86.31570434570312,96.62000274658205,98.61000061035156,96.56999969482422,97.11000061035156,2029400
2018-05-29,85.9762191772461,96.23999786376952,96.95999908447266,95.3000030517578,96.4000015258789,2861500
2018-05-30,86.22636413574219,96.5199966430664,97.08000183105467,95.27999877929688,96.6999969482422,4174400
2018-05-31,78.15045928955078,87.4800033569336,92.70999908447266,86.87000274658203,90.77999877929688,14320400
2018-06-01,79.7406234741211,89.26000213623047,89.26000213623047,87.26000213623047,87.5,7293700
2018-06-04,81.29505920410156,91.0,91.26000213623048,89.81999969482422,90.4499969482422,4503700
2018-06-05,84.13591003417969,94.18000030517578,94.33000183105467,91.05999755859376,91.20999908447266,3737500
2018-06-06,84.53790283203125,94.62999725341795,95.16000366210938,92.4499969482422,94.29000091552734,3702200
2018-06-07,83.81427764892578,93.81999969482422,96.0999984741211,93.08000183105467,94.81999969482422,2829800
2018-06-08,84.77913665771484,94.9000015258789,95.0999984741211,93.77999877929688,93.93000030517578,1689600
2018-06-11,85.69035339355469,95.91999816894533,96.1500015258789,94.3499984741211,94.72000122070312,2980100
2018-06-12,86.36929321289062,96.68000030517578,97.13999938964844,95.08000183105467,95.9499969482422,2356400
2018-06-13,86.4139633178711,96.7300033569336,97.3499984741211,96.26000213623048,96.79000091552734,2211900
2018-06-14,86.05663299560547,96.33000183105467,97.16999816894533,95.61000061035156,97.0199966430664,2018600
2018-06-15,86.94999694824219,97.33000183105467,97.4000015258789,95.91999816894533,95.91999816894533,3329000
2018-06-18,87.49493408203125,97.94000244140624,98.9000015258789,96.76000213623048,96.87000274658205,1897800
2018-06-19,87.039306640625,97.43000030517578,97.66999816894533,96.11000061035156,96.94000244140624,2172900
2018-06-20,87.55745697021484,98.01000213623048,98.41000366210938,97.11000061035156,97.81999969482422,1673200
2018-06-21,88.15599822998047,98.68000030517578,99.3000030517578,97.33999633789062,97.68000030517578,2218900
2018-06-22,89.46923065185547,100.1500015258789,101.18000030517578,99.5999984741211,100.80999755859376,4340200
2018-06-25,89.73723602294922,100.4499969482422,100.77999877929688,99.62000274658205,100.3000030517578,2244200
2018-06-26,89.0940170288086,99.7300033569336,100.5199966430664,99.0,100.31999969482422,1993900
2018-06-27,88.14704895019531,98.66999816894533,100.25,98.51000213623048,99.7699966430664,1594500
2018-06-28,88.55801391601562,99.12999725341795,99.75,98.16000366210938,98.91999816894533,1301600
2018-06-29,88.08451080322266,98.5999984741211,100.06999969482422,98.52999877929688,99.3000030517578,1642600
2018-07-02,87.60211181640625,98.05999755859376,98.83000183105467,97.52999877929688,98.61000061035156,1654200
2018-07-03,87.63785552978516,98.0999984741211,98.93000030517578,97.7699966430664,98.18000030517578,769400
2018-07-05,87.65570831298828,98.12000274658205,98.5500030517578,97.7699966430664,98.51000213623048,1572900
2018-07-06,88.11131286621094,98.62999725341795,98.86000061035156,97.72000122070312,98.25,1418100
2018-07-09,88.1561508178711,98.38999938964844,99.22000122070312,97.9800033569336,98.52999877929688,1488900
2018-07-10,89.60762786865234,100.01000213623048,100.20999908447266,98.45999908447266,98.5500030517578,1590800
2018-07-11,88.7206039428711,99.0199966430664,100.6500015258789,98.48999786376952,99.9499969482422,1485900
2018-07-12,88.29949951171875,98.5500030517578,99.83999633789062,97.95999908447266,99.76000213623048,1462600
2018-07-13,89.15069580078125,99.5,100.38999938964844,98.62000274658205,98.66000366210938,2267300
2018-07-16,88.81915283203125,99.12999725341795,100.4000015258789,98.5999984741211,99.7300033569336,1546100
2018-07-17,89.06107330322266,99.4000015258789,100.04000091552734,98.58999633789062,98.66999816894533,1843100
2018-07-18,88.78331756591797,99.08999633789062,100.0500030517578,98.2699966430664,99.51000213623048,2203300
2018-07-19,88.88188934326172,99.1999969482422,99.93000030517578,98.76000213623048,99.0999984741211,3781700
2018-07-20,87.9590072631836,98.16999816894533,98.80999755859376,97.11000061035156,98.75,2596000
2018-07-23,88.46077728271484,98.7300033569336,98.87000274658205,98.05999755859376,98.37999725341795,1769000
2018-07-24,88.33534240722656,98.58999633789062,98.9499969482422,98.11000061035156,98.45999908447266,1844200
2018-07-25,88.47867584228516,98.75,98.86000061035156,97.9499969482422,98.58000183105467,1794200
2018-07-26,88.84603118896484,99.16000366210938,100.26000213623048,98.91999816894533,98.91999816894533,1639300
2018-07-27,87.29597473144531,97.43000030517578,99.44000244140624,97.12000274658205,99.29000091552734,1211100
2018-07-30,87.93212127685547,98.13999938964844,98.27999877929688,97.31999969482422,97.4000015258789,1287300
2018-07-31,87.94110870361328,98.1500015258789,98.55999755859376,97.79000091552734,98.55999755859376,1133500
2018-08-01,86.59711456298828,96.6500015258789,98.29000091552734,96.37000274658205,98.1500015258789,1401300
2018-08-02,88.05758666992188,98.27999877929688,98.41999816894533,96.7300033569336,96.75,1238100
2018-08-03,88.01277923583984,98.2300033569336,99.1500015258789,97.7300033569336,98.41999816894533,1221700
2018-08-06,88.40699005126953,98.66999816894533,99.0,97.87999725341795,98.18000030517578,919200
2018-08-07,90.4229965209961,100.91999816894533,101.20999908447266,98.9499969482422,99.41000366210938,1583100
2018-08-08,91.19351959228516,101.77999877929688,101.95999908447266,100.62999725341795,100.77999877929688,1486900
2018-08-09,92.26870727539062,102.9800033569336,103.18000030517578,101.19000244140624,101.98999786376952,1546900
2018-08-10,91.68634033203124,102.33000183105467,103.3000030517578,101.91000366210938,102.27999877929688,968400
2018-08-13,91.81175994873048,102.47000122070312,103.88999938964844,102.30999755859376,102.83000183105467,1176800
2018-08-14,94.1681900024414,105.0999984741211,105.27999877929688,102.66000366210938,102.88999938964844,1737300
2018-08-15,93.29907989501952,104.12999725341795,104.4499969482422,103.2699966430664,104.29000091552734,1568400
2018-08-16,93.9710922241211,104.87999725341795,106.0,104.33000183105467,105.98999786376952,2513100
2018-08-17,95.3150634765625,106.37999725341795,106.61000061035156,104.88999938964844,105.29000091552734,1566300
2018-08-20,96.345458984375,107.52999877929688,108.16000366210938,106.6999969482422,106.75,1777000
2018-08-21,96.4081802368164,107.5999984741211,108.16999816894533,107.02999877929688,107.58999633789062,1714000
2018-08-22,96.1125030517578,107.2699966430664,109.0500030517578,106.93000030517578,108.58999633789062,2579900
2018-08-23,96.83824157714844,108.08000183105467,108.19000244140624,107.19000244140624,107.19000244140624,1751100
2018-08-24,96.7755355834961,108.01000213623048,108.2300033569336,107.0199966430664,107.62999725341795,1526200
2018-08-27,96.0408172607422,107.19000244140624,109.0500030517578,107.04000091552734,108.9800033569336,1997900
2018-08-28,95.72720336914062,106.83999633789062,107.38999938964844,105.54000091552734,107.25,3047500
2018-08-29,95.60177612304688,106.6999969482422,107.5,105.0199966430664,106.7300033569336,3266500
2018-08-30,94.66997528076172,105.66000366210938,108.0,103.9499969482422,104.33000183105467,5703900
2018-08-31,96.52466583251952,107.7300033569336,107.97000122070312,105.5500030517578,105.8499984741211,3292200
2018-09-04,98.3972625732422,109.81999969482422,110.1500015258789,107.87000274658205,107.98999786376952,2676200
2018-09-05,99.50828552246094,111.05999755859376,111.36000061035156,109.4000015258789,109.9800033569336,2697900
2018-09-06,99.56206512451172,111.12000274658205,111.87000274658205,110.5999984741211,111.33000183105467,1875600
2018-09-07,99.29327392578124,110.81999969482422,112.30999755859376,110.58000183105467,111.2699966430664,2346000
2018-09-10,99.85770416259766,111.4499969482422,112.05999755859376,110.79000091552734,111.38999938964844,2242700
2018-09-11,99.5889129638672,111.1500015258789,112.58999633789062,110.91000366210938,111.5199966430664,2634300
2018-09-12,99.18570709228516,110.6999969482422,111.6999969482422,110.51000213623048,111.16999816894533,2474200
2018-09-13,98.13739776611328,109.52999877929688,111.05999755859376,109.3000030517578,110.76000213623048,1876000
2018-09-14,97.5819091796875,108.91000366210938,109.81999969482422,108.36000061035156,109.5199966430664,2041500
2018-09-17,96.09457397460938,107.25,108.98999786376952,107.23999786376952,108.6999969482422,2589200
2018-09-18,97.79696655273438,109.1500015258789,109.77999877929688,107.26000213623048,107.5,1864500
2018-09-19,97.9582290649414,109.33000183105467,110.33000183105467,108.77999877929688,109.0999984741211,2796800
2018-09-20,98.164306640625,109.55999755859376,109.8499984741211,108.8499984741211,109.48999786376952,1878400
2018-09-21,96.99951934814452,108.26000213623048,110.87000274658205,108.0500030517578,110.19000244140624,5293800
2018-09-24,96.13040924072266,107.29000091552734,109.16000366210938,106.9499969482422,107.9800033569336,2271500
2018-09-25,97.05329895019533,108.31999969482422,108.58000183105467,107.06999969482422,108.51000213623048,1743500
2018-09-26,98.12847137451172,109.5199966430664,109.97000122070312,108.38999938964844,108.76000213623048,1697900
2018-09-27,97.81486511230467,109.16999816894533,110.3000030517578,108.91000366210938,109.5500030517578,1678100
2018-09-28,97.93134307861328,109.3000030517578,109.63999938964844,108.80999755859376,109.13999938964844,2341800
2018-10-01,98.12847137451172,109.5199966430664,109.98999786376952,108.83999633789062,109.55999755859376,1761800
2018-10-02,96.2917022705078,107.47000122070312,109.4499969482422,107.45999908447266,109.12000274658205,2320500
2018-10-03,94.00690460205078,104.91999816894533,106.56999969482422,103.19000244140624,106.29000091552734,4090900
2018-10-04,93.59476470947266,104.45999908447266,105.43000030517578,104.0,105.20999908447266,2925500
2018-10-05,93.22640991210938,103.76000213623048,105.4800033569336,103.62000274658205,104.29000091552734,1900300
2018-10-08,94.65497589111328,105.3499984741211,105.66000366210938,103.37000274658205,103.37000274658205,1262400
2018-10-09,94.43035125732422,105.0999984741211,107.13999938964844,104.94000244140624,105.66000366210938,2584100
2018-10-10,94.86163330078124,105.58000183105467,106.91999816894533,105.0999984741211,105.61000061035156,2581600
2018-10-11,91.60913848876952,101.95999908447266,107.06999969482422,101.88999938964844,105.91000366210938,2611400
2018-10-12,94.12487030029295,104.76000213623048,105.1500015258789,102.97000122070312,103.2699966430664,2228800
2018-10-15,95.58938598632812,106.38999938964844,107.45999908447266,104.87000274658205,105.25,2324700
2018-10-16,99.68646240234376,110.9499969482422,111.06999969482422,105.8499984741211,106.83999633789062,3853100
2018-10-17,98.62625885009766,109.7699966430664,110.9000015258789,109.0,110.69000244140624,4281100
2018-10-18,97.8625717163086,108.91999816894533,110.87999725341795,108.47000122070312,109.83000183105467,2124000
2018-10-19,98.42861938476562,109.5500030517578,110.33999633789062,108.94000244140624,109.38999938964844,2667700
2018-10-22,98.85088348388672,110.0199966430664,110.76000213623048,109.5999984741211,109.94000244140624,2053300
2018-10-23,99.18334197998048,110.38999938964844,110.79000091552734,108.29000091552734,108.68000030517578,1815900
2018-10-24,99.71340942382812,110.9800033569336,113.4800033569336,109.8499984741211,110.12999725341795,3742800
2018-10-25,99.76734161376952,111.04000091552734,112.31999969482422,110.97000122070312,111.87000274658205,2644000
2018-10-26,96.8832015991211,107.83000183105467,110.45999908447266,106.80999755859376,110.1500015258789,2750700
2018-10-29,98.76102447509766,109.91999816894533,112.5500030517578,108.72000122070312,108.8000030517578,2135500
2018-10-30,101.03418731689452,112.4499969482422,112.5,110.0,110.27999877929688,2419000
2018-10-31,100.07283020019533,111.37999725341795,113.4800033569336,110.7699966430664,113.05999755859376,2483500
2018-11-01,101.69009399414062,113.18000030517578,114.12999725341795,110.97000122070312,111.66000366210938,1611300
2018-11-02,100.73770904541016,112.12000274658205,114.66000366210938,110.5,113.79000091552734,1855400
2018-11-05,102.50769805908205,114.08999633789062,114.45999908447266,112.0,112.0999984741211,1637600
2018-11-06,102.7772445678711,114.38999938964844,115.29000091552734,113.54000091552734,113.76000213623048,1351600
2018-11-07,104.1698989868164,115.94000244140624,116.30999755859376,114.55999755859376,115.36000061035156,1838800
2018-11-08,105.59847259521484,117.52999877929688,118.4499969482422,115.91000366210938,116.16000366210938,2238000
2018-11-09,104.31364440917967,116.0999984741211,117.45999908447266,115.8499984741211,117.0,1696600
2018-11-12,104.00817108154295,115.76000213623048,117.47000122070312,115.62999725341795,116.16000366210938,2023400
2018-11-13,103.6308135986328,115.33999633789062,116.33000183105467,114.5999984741211,116.18000030517578,1830400
2018-11-14,102.69639587402344,114.3000030517578,117.08999633789062,114.04000091552734,115.58999633789062,2258500
2018-11-15,100.43220520019533,111.77999877929688,113.9800033569336,110.91000366210938,113.8000030517578,3347500
2018-11-16,100.1087646484375,111.41999816894533,111.58999633789062,108.5500030517578,110.97000122070312,2710900
2018-11-19,99.29114532470705,110.51000213623048,112.77999877929688,109.69000244140624,111.61000061035156,1903200
2018-11-20,94.60108184814452,105.29000091552734,107.97000122070312,103.61000061035156,107.91999816894533,3908700
2018-11-21,94.52021026611328,105.1999969482422,106.56999969482422,104.7699966430664,105.5,2732800
2018-11-23,95.11319732666016,105.86000061035156,106.5999984741211,104.86000061035156,105.1999969482422,1039400
2018-11-26,96.7574462890625,107.69000244140624,108.12999725341795,106.41000366210938,106.69000244140624,2468100
2018-11-27,96.69454193115234,107.62000274658205,107.86000061035156,106.4499969482422,107.0999984741211,1909300
2018-11-28,99.15636444091795,110.36000061035156,110.8499984741211,107.62000274658205,107.63999938964844,2925600
2018-11-29,99.63255310058594,110.88999938964844,112.26000213623048,109.56999969482422,110.0999984741211,3208500
2018-11-30,99.72240447998048,110.98999786376952,111.63999938964844,110.08999633789062,110.62000274658205,4153000
2018-12-03,100.3603286743164,111.6999969482422,113.1500015258789,110.29000091552734,113.01000213623048,3730000
2018-12-04,93.53189849853516,104.0999984741211,108.12999725341795,102.0500030517578,105.5500030517578,8786600
2018-12-06,95.8499526977539,106.68000030517578,106.83000183105467,102.30999755859376,103.08000183105467,4419800
2018-12-07,92.27400970458984,102.6999969482422,106.66000366210938,102.0999984741211,106.25,3789900
2018-12-10,94.91554260253906,105.63999938964844,105.8000030517578,102.37000274658205,103.22000122070312,2620600
2018-12-11,95.74213409423828,106.55999755859376,107.58999633789062,105.02999877929688,106.4000015258789,3091200
2018-12-12,95.1401596069336,105.88999938964844,108.0,104.93000030517578,107.5500030517578,2699100
2018-12-13,95.38274383544922,106.16000366210938,107.12999725341795,105.37000274658205,106.13999938964844,2497600
2018-12-14,94.32254791259766,104.9800033569336,106.9499969482422,104.05999755859376,105.68000030517578,2254800
2018-12-17,92.65138244628906,103.12000274658205,106.08999633789062,102.62999725341795,104.0,2768200
2018-12-18,93.75652313232422,104.3499984741211,104.83000183105467,103.0199966430664,103.58000183105467,2358100
2018-12-19,92.56151580810548,103.0199966430664,105.91000366210938,102.5199966430664,104.0,2966200
2018-12-20,90.15357971191406,100.33999633789062,102.83999633789062,98.6500015258789,102.51000213623048,3398900
2018-12-21,89.614501953125,99.73999786376952,103.5199966430664,99.62000274658205,100.62999725341795,4237300
2018-12-24,88.81486511230469,98.8499984741211,100.88999938964844,98.08000183105467,99.51000213623048,1269600
2018-12-26,95.1940689086914,105.9499969482422,105.9800033569336,99.9499969482422,100.12999725341795,2597600
2018-12-27,95.65231323242188,106.45999908447266,106.93000030517578,102.87000274658205,104.11000061035156,2709300
2018-12-28,96.2003402709961,107.06999969482422,108.58999633789062,106.18000030517578,106.88999938964844,2341900
2018-12-31,97.10783386230467,108.08000183105467,108.23999786376952,106.97000122070312,107.58999633789062,1767600
2019-01-02,96.77539825439452,107.70999908447266,107.9499969482422,106.02999877929688,106.48999786376952,2505900
2019-01-03,96.89219665527344,107.83999633789062,109.01000213623048,106.8000030517578,107.0,2459400
2019-01-04,97.72779083251952,108.7699966430664,111.01000213623048,108.1500015258789,109.30999755859376,2868800
2019-01-07,101.74571990966795,112.94000244140624,113.88999938964844,110.5,110.83999633789062,2795800
2019-01-08,102.2322006225586,113.4800033569336,114.47000122070312,111.11000061035156,114.0,3094400
2019-01-09,104.0519790649414,115.5,116.16000366210938,113.0199966430664,114.16999816894533,3050700
2019-01-10,104.9709014892578,116.5199966430664,116.61000061035156,112.9000015258789,113.48999786376952,2181500
2019-01-11,104.5564956665039,116.05999755859376,117.23999786376952,115.63999938964844,116.5,2060800
2019-01-14,101.88985443115234,113.0999984741211,115.9800033569336,113.04000091552734,115.81999969482422,3304100
2019-01-15,101.05204010009766,112.16999816894533,114.25,111.9000015258789,112.9499969482422,2799000
2019-01-16,101.0880889892578,112.20999908447266,112.6500015258789,111.3000030517578,111.5500030517578,3296400
2019-01-17,101.14212799072266,112.2699966430664,112.7699966430664,111.3499984741211,111.47000122070312,1699900
2019-01-18,102.27723693847656,113.52999877929688,113.79000091552734,112.4000015258789,113.08999633789062,2910000
2019-01-22,101.70970153808594,112.9000015258789,114.36000061035156,112.3499984741211,113.0,2235500
2019-01-23,102.331298828125,113.58999633789062,115.08999633789062,112.58999633789062,113.38999938964844,2233300
2019-01-24,102.4754409790039,113.75,115.20999908447266,113.29000091552734,113.9800033569336,2309700
2019-01-25,102.88082885742188,114.1999969482422,114.76000213623048,113.73999786376952,114.76000213623048,1423800
2019-01-28,102.80875396728516,114.12000274658205,114.1500015258789,113.0500030517578,113.0999984741211,1268600
2019-01-29,103.42138671875,114.8000030517578,114.87000274658205,113.30999755859376,114.6500015258789,1466300
2019-01-30,103.85379791259766,115.27999877929688,115.91000366210938,114.52999877929688,115.56999969482422,1948000
2019-01-31,103.9889144897461,115.43000030517578,116.30999755859376,114.7300033569336,115.06999969482422,1691600
2019-02-01,103.63758850097656,115.04000091552734,115.52999877929688,113.45999908447266,115.43000030517578,1743200
2019-02-04,105.07901763916016,116.63999938964844,116.63999938964844,114.7300033569336,115.19000244140624,1028700
2019-02-05,104.53846740722656,116.04000091552734,117.18000030517578,115.61000061035156,116.9800033569336,1554500
2019-02-06,104.8177261352539,116.3499984741211,116.81999969482422,115.06999969482422,115.93000030517578,1297500
2019-02-07,105.73664093017578,117.37000274658205,117.38999938964844,115.61000061035156,115.9499969482422,1396200
2019-02-08,104.79071044921876,116.31999969482422,117.1500015258789,115.72000122070312,116.72000122070312,1416600
2019-02-11,105.62853240966795,117.25,117.5500030517578,116.0999984741211,116.4499969482422,1175800
2019-02-12,106.3131866455078,118.01000213623048,118.4800033569336,117.51000213623048,117.9499969482422,1381800
2019-02-13,107.114990234375,118.9000015258789,119.3499984741211,117.19000244140624,118.25,2088700
2019-02-14,106.7726593017578,118.5199966430664,119.44000244140624,117.61000061035156,118.29000091552734,1695500
2019-02-15,107.20508575439452,119.0,120.33000183105467,118.7699966430664,119.47000122070312,2372600
2019-02-19,107.34019470214844,119.1500015258789,119.9000015258789,118.43000030517578,119.7300033569336,3067500
2019-02-20,107.19605255126952,118.98999786376952,119.86000061035156,118.4499969482422,119.43000030517578,2014400
2019-02-21,106.71857452392578,118.45999908447266,119.0999984741211,117.9000015258789,118.88999938964844,1371700
2019-02-22,106.64652252197266,118.37999725341795,118.97000122070312,118.18000030517578,118.38999938964844,1311800
2019-02-25,106.98884582519533,118.76000213623048,119.93000030517578,118.33999633789062,119.41000366210938,1621200
2019-02-26,106.64652252197266,118.37999725341795,119.27999877929688,117.30999755859376,118.98999786376952,1598400
2019-02-27,106.45732879638672,118.16999816894533,119.0999984741211,117.11000061035156,118.06999969482422,1298200
2019-02-28,106.71857452392578,118.45999908447266,119.0199966430664,116.36000061035156,116.75,2259800
2019-03-01,107.65550994873048,119.5,120.1999969482422,118.56999969482422,119.56999969482422,1648200
2019-03-04,107.08795166015624,118.87000274658205,120.33999633789062,118.4499969482422,120.30999755859376,1684000
2019-03-05,107.7546157836914,119.61000061035156,120.0,118.93000030517578,119.8499984741211,1926000
2019-03-06,107.44829559326172,119.2699966430664,120.20999908447266,118.0999984741211,119.98999786376952,2106300
2019-03-07,107.09696197509766,118.87999725341795,119.66000366210938,118.0999984741211,118.73999786376952,2678900
2019-03-08,106.94381713867188,118.70999908447266,119.79000091552734,117.86000061035156,118.69000244140624,2560500
2019-03-11,107.8447265625,119.70999908447266,119.9499969482422,118.56999969482422,118.88999938964844,2139400
2019-03-12,107.7546157836914,119.61000061035156,120.1500015258789,118.68000030517578,120.0,2039700
2019-03-13,108.71855926513672,120.68000030517578,121.2699966430664,119.6999969482422,120.0,3155800
2019-03-14,100.57459259033205,111.63999938964844,112.45999908447266,108.73999786376952,111.63999938964844,11270900
2019-03-15,102.60157012939452,113.88999938964844,114.56999969482422,111.04000091552734,111.80999755859376,6255900
2019-03-18,104.97989654541016,116.52999877929688,116.61000061035156,114.18000030517578,115.62000274658205,4232900
2019-03-19,105.61952209472656,117.23999786376952,117.66000366210938,116.06999969482422,117.36000061035156,2203100
2019-03-20,105.52041625976562,117.12999725341795,118.11000061035156,116.1500015258789,116.93000030517578,2230000
2019-03-21,106.14203643798828,117.81999969482422,118.33999633789062,116.9800033569336,117.12000274658205,2087600
2019-03-22,105.82672119140624,117.47000122070312,118.5,117.29000091552734,117.33999633789062,1766700
2019-03-25,106.9798583984375,118.75,119.66000366210938,117.22000122070312,117.41999816894533,1403900
2019-03-26,106.99787902832033,118.7699966430664,120.1500015258789,118.41999816894533,119.36000061035156,1491300
2019-03-27,106.94381713867188,118.70999908447266,120.7300033569336,118.5,118.76000213623048,2230200
2019-03-28,107.5293960571289,119.36000061035156,119.6999969482422,118.54000091552734,119.4499969482422,1514900
2019-03-29,107.475341796875,119.3000030517578,119.9000015258789,118.5,119.4800033569336,1962100
2019-04-01,106.60149383544922,118.33000183105467,119.73999786376952,118.08999633789062,119.48999786376952,2244900
2019-04-02,106.2051010131836,117.88999938964844,118.33000183105467,116.76000213623048,118.2300033569336,1733500
2019-04-03,106.45732879638672,118.16999816894533,119.05999755859376,117.80999755859376,118.5,1136900
2019-04-04,108.25011444091795,120.16000366210938,120.37999725341795,117.58000183105467,118.0,1667400
2019-04-05,110.43025207519533,122.58000183105467,123.5,120.30999755859376,120.3499984741211,3098900
2019-04-08,110.46633911132812,122.3000030517578,122.70999908447266,121.25,122.23999786376952,2003700
2019-04-09,109.6715087890625,121.41999816894533,122.26000213623048,121.0,121.76000213623048,1204000
2019-04-10,110.02377319335938,121.80999755859376,122.6500015258789,121.37999725341795,121.76000213623048,2453300
2019-04-11,110.56575012207033,122.41000366210938,122.75,121.87999725341795,122.31999969482422,1379300
2019-04-12,110.53863525390624,122.37999725341795,123.1500015258789,122.16000366210938,122.6500015258789,931700
2019-04-15,111.86637878417967,123.8499984741211,124.1500015258789,122.4000015258789,122.4000015258789,1814400
2019-04-16,111.73089599609376,123.6999969482422,124.66000366210938,123.41999816894533,124.45999908447266,1743400
2019-04-17,112.27283477783205,124.3000030517578,124.83000183105467,123.9499969482422,124.1500015258789,1344200
2019-04-18,111.5954132080078,123.5500030517578,124.7699966430664,123.4800033569336,124.3000030517578,1837000
2019-04-22,111.60443115234376,123.55999755859376,124.02999877929688,122.98999786376952,123.1999969482422,1156600
2019-04-23,112.20963287353516,124.2300033569336,124.58000183105467,122.62999725341795,123.66000366210938,1587800
2019-04-24,113.84447479248048,126.04000091552734,126.4800033569336,124.22000122070312,124.62000274658205,1382800
2019-04-25,114.15157318115234,126.37999725341795,126.83999633789062,125.5500030517578,125.95999908447266,1293300
2019-04-26,113.13996124267578,125.26000213623048,125.97000122070312,123.79000091552734,124.83000183105467,1432600
2019-04-29,112.99544525146484,125.0999984741211,125.56999969482422,124.4800033569336,125.05999755859376,958300
2019-04-30,113.8896484375,126.08999633789062,126.75,125.1500015258789,126.31999969482422,1812900
2019-05-01,111.83927917480467,123.81999969482422,126.4000015258789,123.7300033569336,125.97000122070312,1726600
2019-05-02,112.57090759277344,124.62999725341795,125.05999755859376,123.69000244140624,124.18000030517578,1039400
2019-05-03,112.6341552734375,124.6999969482422,125.58999633789062,124.5500030517578,125.08000183105467,938700
2019-05-06,112.3270492553711,124.36000061035156,124.66999816894533,122.81999969482422,123.16000366210938,1191900
2019-05-07,110.42121887207033,122.25,123.58999633789062,121.3000030517578,123.41999816894533,1152800
2019-05-08,110.4482879638672,122.27999877929688,122.97000122070312,120.86000061035156,121.91999816894533,1277900
2019-05-09,111.0625,122.95999908447266,123.3499984741211,121.58000183105467,121.6999969482422,1019300
2019-05-10,110.05086517333984,121.83999633789062,122.54000091552734,120.1999969482422,122.25,1374500
2019-05-13,106.81729125976562,118.26000213623048,120.3499984741211,117.29000091552734,120.06999969482422,2308100
2019-05-14,105.9321060180664,117.27999877929688,118.79000091552734,116.9800033569336,118.27999877929688,3275800
2019-05-15,106.6185531616211,118.04000091552734,118.37000274658205,116.1500015258789,117.36000061035156,2064900
2019-05-16,108.13601684570312,119.72000122070312,120.54000091552734,118.05999755859376,118.75,2006700
2019-05-17,108.56053924560548,120.19000244140624,121.04000091552734,118.87000274658205,118.87000274658205,1970200
2019-05-20,108.22633361816406,119.81999969482422,120.08000183105467,119.0500030517578,119.83000183105467,1431800
2019-05-21,109.78895568847656,121.5500030517578,122.33999633789062,119.5199966430664,120.41000366210938,2280000
2019-05-22,110.24054718017578,122.0500030517578,122.55999755859376,121.01000213623048,121.44000244140624,1557200
2019-05-23,108.96700286865234,120.63999938964844,121.83999633789062,120.1500015258789,121.4800033569336,1439300
2019-05-24,110.15924835205078,121.95999908447266,122.16999816894533,120.73999786376952,121.16999816894533,1157200
2019-05-28,108.35279083251952,119.95999908447266,122.27999877929688,119.91999816894533,121.5199966430664,2280800
2019-05-29,107.0430908203125,118.51000213623048,119.9000015258789,118.1999969482422,119.13999938964844,3196200
2019-05-30,114.71160888671876,127.0,128.07000732421875,122.7699966430664,124.79000091552734,5519000
2019-05-31,114.96449279785156,127.27999877929688,127.48999786376952,125.5199966430664,126.16000366210938,2892900
2019-06-03,116.5181121826172,129.0,129.58999633789062,127.87000274658205,127.87000274658205,2318600
2019-06-04,117.42133331298828,130.0,130.42999267578125,128.9600067138672,129.0,1828900
2019-06-05,117.7826156616211,130.39999389648438,130.61000061035156,129.11000061035156,130.39999389648438,1972000
2019-06-06,118.74002838134766,131.4600067138672,131.97999572753906,130.38999938964844,130.85000610351562,1448800
2019-06-07,120.26652526855467,133.14999389648438,133.42999267578125,132.19000244140625,132.25,1271600
2019-06-10,121.9104461669922,134.97000122070312,135.4600067138672,133.52000427246094,133.6699981689453,1927900
2019-06-11,122.39818572998048,135.50999450683594,135.91000366210938,134.6300048828125,135.24000549316406,1679600
2019-06-12,122.87687683105467,136.0399932861328,136.42999267578125,135.3800048828125,135.47000122070312,994200
2019-06-13,122.80464935302734,135.9600067138672,137.35000610351562,135.3300018310547,136.50999450683594,1729100
2019-06-14,122.56076049804688,135.69000244140625,136.27000427246094,135.2899932861328,136.1199951171875,1239900
2019-06-17,122.7504653930664,135.89999389648438,137.38999938964844,135.74000549316406,137.0500030517578,1495900
2019-06-18,123.78914642333984,137.0500030517578,137.1199951171875,135.74000549316406,136.47999572753906,2035800
2019-06-19,124.80077362060548,138.1699981689453,138.49000549316406,135.6699981689453,137.0500030517578,1364600
2019-06-20,125.37889862060548,138.80999755859375,139.0399932861328,138.08999633789062,139.0,1357200
2019-06-21,125.35177612304688,138.77999877929688,139.77999877929688,138.5,139.07000732421875,2208200
2019-06-24,123.87043762207033,137.13999938964844,139.07000732421875,136.82000732421875,138.91000366210938,1164100
2019-06-25,122.84977722167967,136.00999450683594,137.77000427246094,136.00999450683594,137.49000549316406,1777400
2019-06-26,123.26527404785156,136.47000122070312,137.14999389648438,135.39999389648438,136.10000610351562,1561000
2019-06-27,123.25626373291016,136.4600067138672,136.8000030517578,135.9499969482422,136.22999572753906,1330000
2019-06-28,122.0820541381836,135.16000366210938,136.42999267578125,134.57000732421875,136.13999938964844,2526800
2019-07-01,122.7233657836914,135.8699951171875,137.16000366210938,135.02000427246094,136.00999450683594,1342000
2019-07-02,123.8433609008789,137.11000061035156,137.11000061035156,135.8800048828125,136.27999877929688,1061800
2019-07-03,125.63176727294922,139.08999633789062,139.1199951171875,137.33999633789062,137.33999633789062,944300
2019-07-05,126.40856170654295,139.9499969482422,140.1199951171875,138.22000122070312,138.8300018310547,1316700
2019-07-08,125.44896697998048,138.57000732421875,139.67999267578125,138.19000244140625,139.22999572753906,1504500
2019-07-09,126.33612823486328,139.5500030517578,140.0500030517578,138.19000244140625,138.19000244140625,1487300
2019-07-10,127.58545684814452,140.92999267578125,141.0500030517578,139.14999389648438,139.80999755859375,1842100
2019-07-11,127.06945037841795,140.36000061035156,142.05999755859375,139.91000366210938,141.33999633789062,1584200
2019-07-12,128.11959838867188,141.52000427246094,141.69000244140625,140.57000732421875,140.80999755859375,1219600
2019-07-15,128.78953552246094,142.25999450683594,142.57000732421875,141.3800048828125,141.7899932861328,1322400
2019-07-16,130.54583740234375,144.1999969482422,144.4600067138672,142.16000366210938,142.5,1234700
2019-07-17,131.2429656982422,144.97000122070312,145.05999755859375,143.42999267578125,143.88999938964844,1455400
2019-07-18,129.29652404785156,142.82000732421875,144.8000030517578,141.5,144.5800018310547,2226600
2019-07-19,127.9023666381836,141.27999877929688,143.35000610351562,141.2100067138672,143.25,1857900
2019-07-22,124.96910095214844,138.0399932861328,141.30999755859375,137.60000610351562,141.25999450683594,2823800
2019-07-23,124.22675323486328,137.22000122070312,138.11000061035156,134.07000732421875,138.11000061035156,2442900
2019-07-24,125.97406005859376,139.14999389648438,139.25,137.02999877929688,137.3699951171875,1608500
2019-07-25,124.67938232421876,137.72000122070312,138.72999572753906,136.8000030517578,138.72999572753906,1729600
2019-07-26,124.90576934814452,137.97000122070312,138.6199951171875,137.16000366210938,137.77999877929688,1281300
2019-07-29,122.9412078857422,135.8000030517578,138.13999938964844,135.50999450683594,137.85000610351562,1491600
2019-07-30,121.49273681640624,134.1999969482422,135.61000061035156,133.61000061035156,135.61000061035156,1551000
2019-07-31,121.32979583740234,134.02000427246094,135.13999938964844,132.57000732421875,133.92999267578125,1547900
2019-08-01,119.63684844970705,132.14999389648438,136.02000427246094,131.5500030517578,133.86000061035156,2137000
2019-08-02,121.0310516357422,133.69000244140625,134.60000610351562,132.02999877929688,132.3000030517578,2004800
2019-08-05,120.08949279785156,132.64999389648438,133.5399932861328,131.02999877929688,132.61000061035156,1800500
2019-08-06,121.7281494140625,134.4600067138672,134.75,131.50999450683594,132.55999755859375,1647700
2019-08-07,121.84581756591795,134.58999633789062,134.83999633789062,132.25,133.41000366210938,1148700
2019-08-08,124.38068389892578,137.38999938964844,137.9600067138672,135.74000549316406,136.3699951171875,1582900
2019-08-09,122.74210357666016,135.5800018310547,138.1199951171875,135.49000549316406,137.64999389648438,1068700
2019-08-12,122.16268920898438,134.94000244140625,136.83999633789062,134.17999267578125,135.00999450683594,1246500
2019-08-13,122.5610122680664,135.3800048828125,137.49000549316406,133.0,134.13999938964844,1496400
2019-08-14,121.1758804321289,133.85000610351562,135.9199981689453,133.38999938964844,134.30999755859375,1763200
2019-08-15,121.13965606689452,133.80999755859375,135.82000732421875,132.8000030517578,134.9499969482422,1474700
2019-08-16,123.04078674316406,135.91000366210938,136.42999267578125,134.22000122070312,134.47000122070312,1374500
2019-08-19,125.0234375,138.10000610351562,138.88999938964844,135.66000366210938,137.88999938964844,2010900
2019-08-20,124.21768951416016,137.2100067138672,138.69000244140625,136.55999755859375,137.8800048828125,1254400
2019-08-21,125.64810180664062,138.7899932861328,140.3699951171875,137.94000244140625,139.9600067138672,1975600
2019-08-22,126.5081558227539,139.74000549316406,140.19000244140625,138.2899932861328,138.61000061035156,1683600
2019-08-23,124.0185775756836,136.99000549316406,139.63999938964844,136.27000427246094,139.10000610351562,1499700
2019-08-26,126.03742980957033,139.22000122070312,139.3000030517578,137.6999969482422,138.27999877929688,1478500
2019-08-27,125.61190032958984,138.75,140.3800048828125,138.67999267578125,140.0,1968800
2019-08-28,127.676025390625,141.02999877929688,141.75999450683594,138.0,138.50999450683594,2446700
2019-08-29,141.30999755859375,156.08999633789062,157.44000244140625,151.10000610351562,151.6199951171875,6857200
2019-08-30,141.30999755859375,156.08999633789062,158.91000366210938,154.61000061035156,156.6199951171875,2689500
2019-09-03,140.89352416992188,155.6300048828125,157.8800048828125,155.2100067138672,155.41000366210938,2384600
2019-09-04,142.8580780029297,157.8000030517578,158.17999267578125,156.47000122070312,157.41000366210938,1737100
2019-09-05,144.68679809570312,159.82000732421875,161.08999633789062,158.97000122070312,159.83999633789062,1536600
2019-09-06,146.2439727783203,161.5399932861328,162.19000244140625,159.69000244140625,159.9199981689453,1584700
2019-09-09,145.5377655029297,160.75999450683594,162.33999633789062,159.7899932861328,162.0399932861328,1947300
2019-09-10,142.21530151367188,157.08999633789062,158.27999877929688,155.30999755859375,158.22999572753906,3188000
2019-09-11,141.237548828125,156.00999450683594,158.6699981689453,155.24000549316406,156.1699981689453,2530900
2019-09-12,142.224365234375,157.10000610351562,158.8000030517578,155.97999572753906,158.11000061035156,1740800
2019-09-13,142.8399658203125,157.77999877929688,158.22999572753906,156.25999450683594,156.4600067138672,1579600
2019-09-16,138.66648864746094,153.1699981689453,156.99000549316406,152.36000061035156,156.6300048828125,1884700
2019-09-17,141.97088623046875,156.82000732421875,156.83999633789062,153.33999633789062,153.89999389648438,2126800
2019-09-18,141.8622283935547,156.6999969482422,157.36000061035156,154.69000244140625,156.9600067138672,1570600
2019-09-19,141.96180725097656,156.80999755859375,157.5500030517578,155.8699951171875,157.44000244140625,1267100
2019-09-20,141.4367218017578,156.22999572753906,158.60000610351562,156.22000122070312,157.38999938964844,1915000
2019-09-23,143.68194580078125,158.7100067138672,160.6699981689453,157.55999755859375,157.72999572753906,1295400
2019-09-24,143.7724151611328,158.80999755859375,160.86000061035156,156.9600067138672,159.67999267578125,1404700
2019-09-25,144.0802459716797,159.14999389648438,160.05999755859375,157.52000427246094,158.77000427246094,1429000
2019-09-26,144.39706420898438,159.5,160.44000244140625,158.22000122070312,159.57000732421875,1326400
2019-09-27,144.86788940429688,160.02000427246094,160.57000732421875,158.77999877929688,160.5,1356600
2019-09-30,143.89013671875,158.94000244140625,160.77999877929688,158.69000244140625,159.67999267578125,1998900
2019-10-01,143.9806671142578,159.0399932861328,160.77999877929688,157.0,159.72999572753906,1755200
2019-10-02,142.69508361816406,157.6199951171875,158.58999633789062,156.11000061035156,157.7100067138672,1550000
2019-10-03,142.5050048828125,157.41000366210938,158.13999938964844,155.2899932861328,157.61000061035156,1539000
2019-10-04,145.72789001464844,160.97000122070312,161.35000610351562,157.00999450683594,157.00999450683594,1939800
2019-10-07,145.14735412597656,160.00999450683594,161.0800018310547,158.3300018310547,159.97999572753906,1683800
2019-10-08,144.99313354492188,159.83999633789062,161.5500030517578,157.97999572753906,158.94000244140625,1462000
2019-10-09,145.90933227539062,160.85000610351562,161.66000366210938,160.0,160.10000610351562,1226600
2019-10-10,145.61000061035156,160.52000427246094,160.75999450683594,158.86000061035156,160.42999267578125,1723000
2019-10-11,147.1793212890625,162.25,164.2899932861328,161.10000610351562,161.89999389648438,1481300
2019-10-14,146.23590087890625,161.2100067138672,163.05999755859375,161.0399932861328,162.8000030517578,1822800
2019-10-15,147.0160369873047,162.07000732421875,163.25999450683594,161.5500030517578,162.7899932861328,1169700
2019-10-16,147.1702117919922,162.24000549316406,162.5,160.74000549316406,161.74000549316406,1090000
2019-10-17,147.74168395996094,162.8699951171875,163.4199981689453,162.02999877929688,162.5500030517578,1632600
2019-10-18,149.13870239257812,164.41000366210938,164.97000122070312,162.33999633789062,163.1199951171875,1760000
2019-10-21,149.08424377441406,164.35000610351562,165.47000122070312,163.42999267578125,164.97000122070312,1269600
2019-10-22,150.39959716796875,165.8000030517578,166.64999389648438,164.38999938964844,164.50999450683594,1235000
2019-10-23,147.84146118164062,162.97999572753906,166.97999572753906,162.1699981689453,166.08999633789062,1497500
2019-10-24,147.77798461914062,162.91000366210938,164.17999267578125,162.0399932861328,163.2100067138672,1237500
2019-10-25,147.1157684326172,162.17999267578125,163.52000427246094,161.72999572753906,162.52000427246094,764400
2019-10-28,147.53305053710938,162.63999938964844,163.08999633789062,161.25,162.3800048828125,1060300
2019-10-29,145.70066833496094,160.6199951171875,162.94000244140625,160.5399932861328,162.38999938964844,1083200
2019-10-30,146.6168975830078,161.6300048828125,162.0500030517578,160.02000427246094,160.3300018310547,828600
2019-10-31,145.44668579101562,160.33999633789062,161.66000366210938,159.3300018310547,161.13999938964844,1451400
2019-11-01,145.0475616455078,159.89999389648438,161.89999389648438,159.3699951171875,161.47000122070312,1072800
2019-11-04,143.5145721435547,158.2100067138672,160.7100067138672,156.7100067138672,160.47999572753906,1668700
2019-11-05,144.8571014404297,159.69000244140625,160.1699981689453,157.97000122070312,158.16000366210938,1414200
2019-11-06,144.78453063964844,159.61000061035156,160.44000244140625,158.8800048828125,159.6300048828125,1025300
2019-11-07,144.43978881835938,159.22999572753906,161.10000610351562,158.80999755859375,160.33999633789062,1212000
2019-11-08,143.19703674316406,157.86000061035156,159.89999389648438,156.3800048828125,159.22999572753906,1314400
2019-11-11,142.41696166992188,157.0,157.74000549316406,155.63999938964844,157.72000122070312,1001000
2019-11-12,142.3988037109375,156.97999572753906,162.52999877929688,156.5,156.9600067138672,1373600
2019-11-13,143.31500244140625,157.99000549316406,158.05999755859375,154.58999633789062,156.33999633789062,2194400
2019-11-14,144.67567443847656,159.49000549316406,160.91000366210938,157.94000244140625,158.5,1564700
2019-11-15,145.26531982421875,160.13999938964844,160.36000061035156,158.0,160.36000061035156,2034400
2019-11-18,145.12013244628906,159.97999572753906,160.72999572753906,159.3699951171875,160.07000732421875,1230300
2019-11-19,143.71408081054688,158.42999267578125,160.19000244140625,157.17999267578125,159.1300048828125,1619000
2019-11-20,146.00001525878906,160.9499969482422,162.10000610351562,159.22000122070312,159.82000732421875,1974600
2019-11-21,145.8458251953125,160.77999877929688,162.0500030517578,160.25,160.49000549316406,1332400
2019-11-22,144.94775390625,159.7899932861328,161.74000549316406,159.77000427246094,161.35000610351562,1300900
2019-11-25,145.0657196044922,159.9199981689453,161.00999450683594,159.72000122070312,159.88999938964844,2652100
2019-11-26,143.7503662109375,158.47000122070312,160.32000732421875,155.4199981689453,156.2899932861328,3973300
2019-11-27,143.70498657226562,158.4199981689453,159.00999450683594,157.60000610351562,158.64999389648438,1834000
2019-11-29,142.74349975585938,157.36000061035156,158.30999755859375,157.08999633789062,157.99000549316406,1105500
2019-12-02,140.3124237060547,154.67999267578125,158.42999267578125,154.52999877929688,158.27999877929688,3709500
2019-12-03,138.78846740722656,153.0,154.02000427246094,152.72000122070312,153.41000366210938,4647100
2019-12-04,139.28741455078125,153.5500030517578,155.72999572753906,153.17999267578125,154.6300048828125,3610300
2019-12-05,140.6934356689453,155.10000610351562,156.0500030517578,152.0,155.55999755859375,5711900
2019-12-06,140.3487091064453,154.72000122070312,156.5,153.8000030517578,155.91000366210938,3190600
2019-12-09,140.43943786621094,154.82000732421875,155.5399932861328,153.1999969482422,154.25999450683594,2480000
2019-12-10,140.03123474121094,154.3699951171875,155.5399932861328,153.88999938964844,154.3800048828125,1877500
2019-12-11,140.15817260742188,154.50999450683594,154.83999633789062,153.86000061035156,154.22000122070312,1921200
2019-12-12,141.12884521484375,155.5800018310547,156.2899932861328,154.1300048828125,154.16000366210938,1895300
2019-12-13,140.26712036132812,154.6300048828125,155.25,152.9499969482422,155.07000732421875,2243700
2019-12-16,138.5798797607422,152.77000427246094,155.16000366210938,152.5399932861328,154.83999633789062,2471900
2019-12-17,140.76600646972656,155.17999267578125,155.63999938964844,153.1300048828125,153.3800048828125,2153700
2019-12-18,140.87484741210938,155.3000030517578,155.8000030517578,154.57000732421875,155.74000549316406,1919500
2019-12-19,142.41696166992188,157.0,157.10000610351562,154.9499969482422,155.4600067138672,2368100
2019-12-20,142.15390014648438,156.7100067138672,158.1199951171875,156.4499969482422,157.83999633789062,2695100
2019-12-23,140.74786376953125,155.16000366210938,157.16000366210938,155.0,157.02999877929688,1266800
2019-12-24,141.736572265625,156.25,156.60000610351562,155.25,155.7899932861328,500700
2019-12-26,140.88394165039062,155.30999755859375,156.22000122070312,154.1999969482422,156.22000122070312,1001300
2019-12-27,142.09947204589844,156.64999389648438,156.75,155.24000549316406,155.47999572753906,974400
2019-12-30,142.73446655273438,157.35000610351562,158.19000244140625,155.3800048828125,156.14999389648438,1350400
2019-12-31,141.49169921875,155.97999572753906,157.4499969482422,155.22999572753906,157.1699981689453,1097200
2020-01-02,141.99964904785156,156.5399932861328,157.1199951171875,155.24000549316406,156.9499969482422,1918500
2020-01-03,140.95645141601562,155.38999938964844,156.36000061035156,154.66000366210938,155.3000030517578,1715300
2020-01-06,140.47471618652344,154.5399932861328,154.72000122070312,152.10000610351562,154.41000366210938,2295600
2020-01-07,138.35679626464844,152.2100067138672,154.75999450683594,152.13999938964844,154.19000244140625,2832000
2020-01-08,137.75686645507812,151.5500030517578,152.6300048828125,151.1300048828125,152.0,3208400
2020-01-09,138.69314575195312,152.5800018310547,153.75999450683594,151.77999877929688,151.8000030517578,2832600
2020-01-10,139.27487182617188,153.22000122070312,154.1199951171875,152.49000549316406,153.1699981689453,2747900
2020-01-13,140.09295654296875,154.1199951171875,154.8300018310547,151.42999267578125,151.9600067138672,2011800
2020-01-14,143.6016082763672,157.97999572753906,158.9600067138672,155.07000732421875,155.07000732421875,2837100
2020-01-15,142.33811950683594,156.58999633789062,157.33999633789062,155.2100067138672,155.33999633789062,2638000
2020-01-16,143.8652801513672,158.27000427246094,158.52999877929688,156.9199981689453,157.52999877929688,1472500
2020-01-17,143.61077880859375,157.99000549316406,160.41000366210938,157.52999877929688,158.6300048828125,1486800
2020-01-21,143.20169067382812,157.5399932861328,158.6999969482422,157.22999572753906,157.35000610351562,1381600
2020-01-22,140.4383544921875,154.5,158.32000732421875,154.19000244140625,157.9499969482422,1458700
2020-01-23,141.02011108398438,155.13999938964844,155.50999450683594,153.3800048828125,153.85000610351562,1283200
2020-01-24,140.29293823242188,154.33999633789062,155.0,153.41000366210938,154.9199981689453,1050700
2020-01-27,141.67457580566406,155.86000061035156,156.91000366210938,152.6199951171875,153.11000061035156,1539800
2020-01-28,142.40176391601562,156.66000366210938,157.63999938964844,155.8699951171875,156.4199981689453,1118000
2020-01-29,141.57461547851562,155.75,157.42999267578125,155.7100067138672,157.0,720000
2020-01-30,142.70172119140625,156.99000549316406,157.0,154.3699951171875,154.9600067138672,1528100
2020-01-31,139.4475860595703,153.41000366210938,157.2899932861328,152.91000366210938,157.0399932861328,1974700
2020-02-03,140.6837921142578,154.77000427246094,157.13999938964844,154.0,154.27999877929688,1109800
2020-02-04,141.7928009033203,155.99000549316406,157.6199951171875,155.6300048828125,155.91000366210938,1429500
2020-02-05,142.9471893310547,157.25999450683594,157.75999450683594,156.47000122070312,156.60000610351562,1037500
2020-02-06,141.3201141357422,155.47000122070312,157.97000122070312,155.19000244140625,157.75999450683594,1118600
2020-02-07,140.86561584472656,154.97000122070312,155.75999450683594,154.02000427246094,155.3000030517578,814500
2020-02-10,141.42916870117188,155.58999633789062,155.64999389648438,153.8300018310547,154.0800018310547,1102500
2020-02-11,141.7564239501953,155.9499969482422,156.66000366210938,155.52000427246094,156.22000122070312,916600
2020-02-12,144.21978759765625,158.66000366210938,158.94000244140625,155.63999938964844,156.5,1093500
2020-02-13,145.30145263671875,159.85000610351562,160.24000549316406,157.77000427246094,158.42999267578125,984100
2020-02-14,143.64707946777344,158.02999877929688,160.1199951171875,157.4600067138672,159.30999755859375,1434000
2020-02-18,146.9921875,161.7100067138672,162.35000610351562,157.75,158.3000030517578,1604100
2020-02-19,148.8828582763672,163.7899932861328,164.3800048828125,161.57000732421875,162.02000427246094,1540300
2020-02-20,150.64625549316406,165.72999572753906,166.02999877929688,163.16000366210938,163.7899932861328,1101600
2020-02-21,151.69161987304688,166.8800048828125,167.0399932861328,165.02999877929688,165.88999938964844,1455100
2020-02-24,149.85549926757812,164.86000061035156,166.50999450683594,163.52999877929688,163.52999877929688,2282300
2020-02-25,146.80125427246094,161.5,166.89999389648438,161.0500030517578,165.6699981689453,2335900
2020-02-26,147.86480712890625,162.6699981689453,164.49000549316406,161.2100067138672,162.0500030517578,2126900
2020-02-27,143.31076049804688,157.66000366210938,162.50999450683594,157.44000244140625,161.14999389648438,3596000
2020-02-28,136.62060546875,150.3000030517578,156.22000122070312,147.55999755859375,155.72999572753906,3858700
2020-03-02,145.07420349121094,159.60000610351562,159.75,150.25,150.36000061035156,2581600
2020-03-03,142.18362426757812,156.4199981689453,163.27999877929688,154.36000061035156,159.52000427246094,2573800
2020-03-04,145.58323669433594,160.16000366210938,160.50999450683594,156.50999450683594,157.88999938964844,1664700
2020-03-05,143.14715576171875,157.47999572753906,161.02000427246094,155.5,158.27999877929688,1970600
2020-03-06,143.9652557373047,158.3800048828125,158.9199981689453,152.1699981689453,154.25999450683594,1836900
2020-03-09,144.78330993652344,159.27999877929688,162.0399932861328,150.0500030517578,150.7899932861328,3253600
2020-03-10,151.1189727783203,166.25,167.44000244140625,160.1199951171875,162.6300048828125,3791300
2020-03-11,143.2835235595703,157.6300048828125,165.72999572753906,156.69000244140625,163.08999633789062,3847200
2020-03-12,129.04876708984375,141.97000122070312,157.07000732421875,140.14999389648438,152.00999450683594,6710500
2020-03-13,132.53927612304688,145.80999755859375,148.99000549316406,138.49000549316406,148.7100067138672,6266700
2020-03-16,123.71304321289062,136.10000610351562,139.60000610351562,125.0,134.19000244140625,3806800
2020-03-17,140.4656219482422,154.52999877929688,156.47999572753906,137.58999633789062,137.89999389648438,4964700
2020-03-18,135.20262145996094,148.74000549316406,157.64999389648438,137.89999389648438,145.5,4848500
2020-03-19,129.98501586914062,143.0,151.3000030517578,141.44000244140625,149.1699981689453,4064400
2020-03-20,127.37628936767578,140.1300048828125,144.91000366210938,135.0399932861328,142.38999938964844,4530700
2020-03-23,127.13992309570312,139.8699951171875,145.2899932861328,137.02000427246094,139.8800048828125,2985000
2020-03-24,128.91244506835938,141.82000732421875,149.6699981689453,137.7100067138672,145.1699981689453,3251800
2020-03-25,124.74017333984376,137.22999572753906,143.4199981689453,136.69000244140625,141.5399932861328,3661100
2020-03-26,127.7307586669922,140.52000427246094,142.8699951171875,135.25999450683594,136.89999389648438,3471800
2020-03-27,132.82106018066406,146.1199951171875,147.72000122070312,137.52000427246094,138.1699981689453,3686300
2020-03-30,133.4119110107422,146.77000427246094,149.7899932861328,146.27000427246094,149.35000610351562,2490400
2020-03-31,137.26600646972656,151.00999450683594,156.8800048828125,146.19000244140625,146.19000244140625,5278200
2020-04-01,139.22035217285156,153.16000366210938,157.97999572753906,148.24000549316406,148.24000549316406,2906900
2020-04-02,145.1650848388672,159.6999969482422,161.3300018310547,152.8300018310547,153.5,3624900
2020-04-03,147.43756103515625,162.1999969482422,162.8000030517578,158.60000610351562,158.60000610351562,2735800
2020-04-06,154.55255126953125,169.64999389648438,170.1300048828125,162.4199981689453,166.1699981689453,4082200
2020-04-07,154.1243896484375,169.17999267578125,172.02999877929688,165.3699951171875,168.6699981689453,4126100
2020-04-08,154.1608123779297,169.22000122070312,172.63999938964844,166.1199951171875,169.74000549316406,2826300
2020-04-09,154.1790313720703,169.24000549316406,171.2899932861328,166.64999389648438,167.11000061035156,2268000
2020-04-13,156.3017120361328,171.57000732421875,172.9600067138672,167.6300048828125,170.16000366210938,2523100
2020-04-14,162.2231903076172,178.07000732421875,178.83999633789062,175.1300048828125,176.89999389648438,3425200
2020-04-15,160.4376678466797,176.11000061035156,177.83999633789062,171.82000732421875,177.22999572753906,2819300
2020-04-16,164.0998992919922,180.1300048828125,183.9499969482422,177.57000732421875,178.1699981689453,2467700
2020-04-17,165.90370178222656,182.1100006103516,182.7400054931641,177.3800048828125,180.25,2361900
2020-04-20,163.07049560546875,179.0,181.92999267578125,178.02999877929688,181.3800048828125,1920000
2020-04-21,162.83363342285156,178.74000549316406,179.97999572753906,176.0,178.5,1969000
2020-04-22,163.20713806152344,179.14999389648438,182.1300048828125,178.80999755859375,180.2899932861328,1498500
2020-04-23,160.79293823242188,176.5,179.91000366210938,176.36000061035156,177.13999938964844,1920200
2020-04-24,160.31919860839844,175.97999572753906,178.38999938964844,175.5500030517578,178.05999755859375,2103700
2020-04-27,163.51687622070312,179.49000549316406,182.58999633789065,174.0800018310547,176.4199981689453,2579600
2020-04-28,162.55116271972656,178.42999267578125,183.32000732421875,178.00999450683594,181.0,2210200
2020-04-29,159.2442169189453,174.8000030517578,179.85000610351562,174.5800018310547,179.17999267578125,2041300
2020-04-30,159.6997528076172,175.3000030517578,177.0,173.0,173.63999938964844,2034500
2020-05-01,157.6044158935547,173.0,176.42999267578125,172.66000366210938,174.22000122070312,1570700
2020-05-04,159.8272705078125,175.44000244140625,175.8000030517578,172.6699981689453,173.74000549316406,1263200
2020-05-05,159.30796813964844,174.8699951171875,176.85000610351562,174.05999755859375,176.0,1438100
2020-05-06,158.42434692382812,173.89999389648438,176.91000366210938,173.3800048828125,175.83999633789062,1163600
2020-05-07,158.15103149414062,173.60000610351562,175.8300018310547,173.25999450683594,175.25,1118900
2020-05-08,160.66542053222656,176.36000061035156,176.7899932861328,173.38999938964844,175.1999969482422,1573000
2020-05-11,166.7509307861328,183.0399932861328,184.9499969482422,177.27999877929688,177.27999877929688,2743500
2020-05-12,165.55752563476562,181.72999572753903,184.75999450683597,181.5200042724609,182.7400054931641,2025400
2020-05-13,165.41172790527344,181.57000732421875,183.8699951171875,179.02000427246094,181.92999267578125,2354000
2020-05-14,165.3479766845703,181.5,182.5,178.77999877929688,180.32000732421875,1497600
2020-05-15,165.8217010498047,182.0200042724609,183.7700042724609,180.2700042724609,181.0200042724609,2807400
2020-05-18,165.84906005859375,182.0500030517578,185.00999450683597,181.6000061035156,184.94000244140625,2167500
2020-05-19,165.32974243164062,181.47999572753903,184.6300048828125,181.4199981689453,182.4499969482422,1660500
2020-05-20,162.67874145507812,178.57000732421875,182.25999450683597,177.52999877929688,181.5800018310547,2368000
2020-05-21,162.5329132080078,178.41000366210938,179.47999572753906,176.5800018310547,179.00999450683594,1977100
2020-05-22,163.05224609375,178.97999572753906,179.61000061035156,177.2100067138672,179.47999572753906,1848700
2020-05-26,164.3094482421875,180.3600006103516,183.33999633789065,179.38999938964844,182.1199951171875,2550000
2020-05-27,170.54071044921875,187.1999969482422,187.1999969482422,179.0500030517578,180.6000061035156,3573100
2020-05-28,167.72573852539062,184.1100006103516,189.5,180.30999755859372,186.0,5695800
2020-05-29,174.46714782714844,191.50999450683597,192.7100067138672,184.97999572753903,184.97999572753903,8138800
2020-06-01,174.4580841064453,191.5,194.83999633789065,189.13999938964844,191.2899932861328,2602500
2020-06-02,174.71316528320312,191.77999877929688,193.0399932861328,189.82000732421875,191.50999450683597,2883600
2020-06-03,172.86383056640625,189.75,191.8600006103516,188.05999755859372,191.6499938964844,2426100
2020-06-04,169.33824157714844,185.8800048828125,190.75,185.19000244140625,189.75,3115300
2020-06-05,169.1377410888672,185.66000366210935,186.8999938964844,181.2700042724609,186.41000366210935,3337600
2020-06-08,169.44752502441406,186.0,187.3999938964844,183.6499938964844,183.66000366210935,2986800
2020-06-09,169.6752471923828,186.25,188.2100067138672,185.0,188.1100006103516,2551700
2020-06-10,173.20999145507812,190.1300048828125,190.7400054931641,187.05999755859372,187.05999755859372,3549800
2020-06-11,171.52462768554688,188.27999877929688,192.69000244140625,187.4600067138672,190.1999969482422,2753100
2020-06-12,167.62551879882812,184.0,190.6999969482422,181.52999877929688,190.25,3198700
2020-06-15,171.14202880859375,187.8600006103516,190.1999969482422,182.6199951171875,182.72000122070312,2842700
2020-06-16,173.8932342529297,190.8800048828125,191.1499938964844,186.91000366210935,189.1199951171875,2557200
2020-06-17,172.8729248046875,189.75999450683597,191.30999755859372,188.8500061035156,190.7100067138672,1751300
2020-06-18,174.29409790039062,191.32000732421875,191.9900054931641,188.6999969482422,190.94000244140625,1819500
2020-06-19,171.98013305664062,188.77999877929688,193.72000122070312,188.1699981689453,193.0800018310547,2866100
2020-06-22,175.04107666015625,192.13999938964844,192.6699981689453,188.6499938964844,189.5800018310547,1441600
2020-06-23,173.06423950195312,189.97000122070312,193.0,189.3999938964844,192.75999450683597,1796300
2020-06-24,174.77694702148438,191.8500061035156,192.4499969482422,188.6100006103516,189.52999877929688,2450400
2020-06-25,173.701904296875,190.6699981689453,191.75999450683597,187.6699981689453,190.75,2529400
2020-06-26,172.535888671875,189.38999938964844,193.6300048828125,189.25,190.75999450683597,6688800
2020-06-29,173.1097869873047,190.0200042724609,191.30999755859372,188.1199951171875,190.0800018310547,2147500
2020-06-30,173.55616760253906,190.50999450683597,191.0500030517578,188.1300048828125,190.02999877929688,1904200
2020-07-01,173.9114532470703,190.8999938964844,191.44000244140625,188.07000732421875,189.7899932861328,1844500
2020-07-02,172.61782836914062,189.47999572753903,191.8999938964844,188.94000244140625,191.7899932861328,1559400
2020-07-06,170.8105926513672,187.13999938964844,190.82000732421875,186.08999633789065,190.5399932861328,1752700
2020-07-07,171.43128967285156,187.82000732421875,188.91000366210935,185.72000122070312,185.9199981689453,1923500
2020-07-08,170.25381469726562,186.52999877929688,188.38999938964844,185.6000061035156,188.0,2228500
2020-07-09,173.18374633789062,189.7400054931641,190.5500030517578,186.5500030517578,186.6499938964844,1737000
2020-07-10,171.8146514892578,188.2400054931641,190.4900054931641,186.83999633789065,189.91000366210935,1429900
2020-07-13,170.18992614746094,186.4600067138672,191.1499938964844,185.82000732421875,188.57000732421875,1791800
2020-07-14,173.17459106445312,189.72999572753903,189.8500061035156,185.5399932861328,186.02999877929688,1999400
2020-07-15,172.9007568359375,189.42999267578125,190.8999938964844,188.1199951171875,190.38999938964844,1597300
2020-07-16,172.43528747558594,188.9199981689453,191.3800048828125,187.30999755859372,189.3600006103516,1471500
2020-07-17,172.03367614746094,188.47999572753903,190.3300018310547,188.05999755859372,190.16000366210935,2204200
2020-07-20,175.9493408203125,192.7700042724609,193.08999633789065,189.1000061035156,189.6199951171875,1410300
2020-07-21,175.1187744140625,191.8600006103516,193.5,190.1100006103516,192.5399932861328,1542100
2020-07-22,178.12167358398438,195.1499938964844,195.44000244140625,190.75999450683597,191.80999755859372,1714700
2020-07-23,174.9270782470703,191.6499938964844,195.82000732421875,191.2700042724609,195.5,1589400
2020-07-24,174.97271728515625,191.6999969482422,192.94000244140625,190.50999450683597,190.8300018310547,1107900
2020-07-27,173.37538146972656,189.9499969482422,192.2899932861328,189.52999877929688,191.7899932861328,1475500
2020-07-28,173.4484405517578,190.02999877929688,191.8300018310547,189.2700042724609,190.1300048828125,1281800
2020-07-29,174.68064880371094,191.3800048828125,192.42999267578125,190.6000061035156,190.9499969482422,1065700
2020-07-30,174.62588500976562,191.32000732421875,192.0800018310547,190.08999633789065,191.0500030517578,1054100
2020-07-31,173.78610229492188,190.3999938964844,191.75,187.75999450683597,191.3800048828125,1334000
2020-08-03,176.05889892578125,192.88999938964844,193.27999877929688,190.6999969482422,190.6999969482422,1418400
2020-08-04,178.37722778320312,195.42999267578125,195.6000061035156,191.57000732421875,192.08999633789065,1764200
2020-08-05,178.24032592773438,195.27999877929688,197.3500061035156,194.07000732421875,196.13999938964844,2008100
2020-08-06,175.74855041503906,192.5500030517578,194.77999877929688,190.2700042724609,194.2400054931641,1800700
2020-08-07,178.2494354248047,195.2899932861328,195.5800018310547,192.75999450683597,193.19000244140625,1489200
2020-08-10,176.4239501953125,193.2899932861328,195.30999755859372,192.19000244140625,195.3000030517578,2610100
2020-08-11,174.41592407226562,191.08999633789065,192.97000122070312,190.7899932861328,192.8800048828125,1164100
2020-08-12,179.65509033203125,196.8300018310547,197.3800048828125,191.58999633789065,193.0,1763200
2020-08-13,178.97052001953125,196.0800018310547,197.9199981689453,195.2700042724609,197.2400054931641,1379800
2020-08-14,181.22499084472656,198.5500030517578,198.91000366210935,196.1300048828125,196.41000366210935,1400900
2020-08-17,183.2147979736328,200.72999572753903,202.27999877929688,198.30999755859372,199.2899932861328,1906300
2020-08-18,180.70474243164065,197.97999572753903,200.9499969482422,196.1699981689453,200.9499969482422,2003700
2020-08-19,182.6671295166016,200.1300048828125,201.3999938964844,198.13999938964844,199.6100006103516,1559600
2020-08-20,180.5404052734375,197.8000030517578,200.0,197.47000122070312,199.4199981689453,1658300
2020-08-21,181.57183837890625,198.92999267578125,200.33999633789065,197.72000122070312,198.5,1787100
2020-08-24,181.0150909423828,198.32000732421875,201.17999267578125,198.00999450683597,201.0,2686800
2020-08-25,181.32540893554688,198.66000366210935,199.57000732421875,197.50999450683597,199.1300048828125,1552600
2020-08-26,186.28160095214844,204.08999633789065,204.66000366210935,198.55999755859372,198.7400054931641,2407500
2020-08-27,183.77154541015625,201.33999633789065,206.97999572753903,199.5500030517578,206.0,3846300
2020-08-28,182.9044647216797,200.38999938964844,202.9600067138672,198.55999755859372,202.25,2231900
2020-08-31,184.2644500732422,201.8800048828125,203.4900054931641,199.8500061035156,200.92999267578125,2112900
2020-09-01,182.45718383789065,199.8999938964844,203.0800018310547,199.7899932861328,201.6000061035156,1747200
2020-09-02,186.29071044921875,204.1000061035156,204.9900054931641,197.75999450683597,200.0,2416500
2020-09-03,179.62770080566406,196.8000030517578,203.69000244140625,196.0399932861328,203.38999938964844,2163400
2020-09-04,178.6419219970703,195.72000122070312,198.1699981689453,191.47000122070312,196.97000122070312,1777100
2020-09-08,175.6116180419922,192.3999938964844,195.7100067138672,190.75999450683597,194.1300048828125,2235700
2020-09-09,180.22100830078125,197.4499969482422,198.91000366210935,193.1999969482422,193.3500061035156,1714700
2020-09-10,179.9197540283203,197.1199951171875,200.3500061035156,196.72999572753903,197.4499969482422,1829500
2020-09-11,183.00485229492188,200.5,200.94000244140625,197.91000366210935,197.97999572753903,1676900
2020-09-14,184.47433471679688,202.1100006103516,203.75,200.80999755859372,201.1300048828125,1977400
2020-09-15,185.16802978515625,202.8699951171875,203.92999267578125,201.7899932861328,202.57000732421875,1526200
2020-09-16,185.0585479736328,202.75,204.8800048828125,202.3999938964844,203.8999938964844,1855800
2020-09-17,185.7430419921875,203.5,204.1300048828125,200.5,200.6199951171875,1934500
2020-09-18,189.94171142578125,208.1000061035156,208.9900054931641,203.7400054931641,204.32000732421875,3920100
2020-09-21,185.23194885253903,202.94000244140625,207.3600006103516,202.30999755859372,206.9199981689453,2316400
2020-09-22,190.1607208251953,208.33999633789065,208.9600067138672,202.30999755859372,202.30999755859372,1857400
2020-09-23,186.40028381347656,204.22000122070312,209.8600006103516,203.8300018310547,208.44000244140625,1893000
2020-09-24,187.13043212890625,205.0200042724609,206.2899932861328,202.5800018310547,204.22000122070312,1407600
2020-09-25,190.20639038085935,208.38999938964844,209.33999633789065,204.3500061035156,205.1100006103516,1160300
2020-09-28,191.4933624267578,209.8000030517578,210.88999938964844,206.19000244140625,208.72000122070312,1528100
2020-09-29,191.3473358154297,209.63999938964844,211.97999572753903,209.25,209.5,1289400
2020-09-30,191.3290557861328,209.6199951171875,211.63999938964844,208.3500061035156,210.3300018310547,1707600
2020-10-01,193.06326293945312,211.5200042724609,213.9199981689453,210.97000122070312,211.25999450683597,1829200
2020-10-02,193.06326293945312,211.5200042724609,212.67999267578125,209.55999755859372,209.7899932861328,1302600
2020-10-05,194.91928100585935,213.19000244140625,213.5800018310547,210.82000732421875,212.0,1315800
2020-10-06,194.0963897705078,212.2899932861328,216.47999572753903,211.57000732421875,214.5,1670200
2020-10-07,196.1444854736328,214.52999877929688,215.72999572753903,213.6000061035156,213.8699951171875,1572900
2020-10-08,200.1216583251953,218.8800048828125,219.3999938964844,215.8999938964844,216.66000366210935,1412200
2020-10-09,202.0416717529297,220.97999572753903,222.77999877929688,219.72000122070312,219.8500061035156,1301300
2020-10-12,201.6576995849609,220.55999755859372,222.50999450683597,220.0,222.1199951171875,1505600
2020-10-13,203.88853454589844,223.0,223.94000244140625,220.6999969482422,220.6999969482422,1122500
2020-10-14,201.23712158203125,220.1000061035156,222.77999877929688,219.75,222.6999969482422,1178600
2020-10-15,203.7697296142578,222.8699951171875,223.6499938964844,219.13999938964844,219.94000244140625,1498000
2020-10-16,202.7091064453125,221.7100067138672,224.82000732421875,221.7100067138672,224.02999877929688,1604000
2020-10-19,199.38107299804688,218.07000732421875,224.07000732421875,217.3800048828125,222.42999267578125,1558700
2020-10-20,199.11593627929688,217.77999877929688,220.25999450683597,217.41000366210935,218.07000732421875,1056100
2020-10-21,201.01763916015625,219.8600006103516,221.72000122070312,217.8300018310547,217.8300018310547,1758400
2020-10-22,195.95245361328125,214.32000732421875,219.47999572753903,213.8000030517578,218.8800048828125,1345300
2020-10-23,196.97645568847656,215.44000244140625,215.8300018310547,212.7100067138672,214.07000732421875,1333700
2020-10-26,193.86785888671875,212.0399932861328,214.8300018310547,209.63999938964844,214.0200042724609,1194300
2020-10-27,195.3947296142578,213.7100067138672,214.72000122070312,211.6999969482422,212.5,1073600
2020-10-28,192.9352264404297,211.0200042724609,215.3300018310547,210.0399932861328,212.17999267578125,1568500
2020-10-29,192.6701202392578,210.72999572753903,212.8000030517578,209.6199951171875,210.80999755859372,1251000
2020-10-30,190.8232269287109,208.7100067138672,211.2400054931641,206.13999938964844,210.0,1830000
2020-11-02,191.5638427734375,209.5200042724609,212.1100006103516,207.08999633789065,209.75,1550100
2020-11-03,195.75132751464844,214.1000061035156,216.91000366210935,211.16000366210935,211.3000030517578,1452500
2020-11-04,197.69876098632807,216.22999572753903,219.47999572753903,214.66000366210935,216.7700042724609,1646200
2020-11-05,199.32620239257807,218.00999450683597,220.6000061035156,216.07000732421875,219.0,1406700
2020-11-06,202.42567443847656,221.3999938964844,222.07000732421875,216.6199951171875,218.3300018310547,926200
2020-11-09,192.4507293701172,210.4900054931641,225.25,210.2400054931641,224.8699951171875,2640600
2020-11-10,192.51467895507807,210.55999755859372,213.9900054931641,208.25,210.97999572753903,1878900
2020-11-11,195.2667388916016,213.57000732421875,216.57000732421875,211.5,211.5,1507600
2020-11-12,194.5444183349609,212.77999877929688,214.0200042724609,209.72000122070312,214.0,1442100
2020-11-13,195.5684509277344,213.8999938964844,215.22000122070312,211.67999267578125,213.8500061035156,1231800
2020-11-16,194.827880859375,213.08999633789065,215.5,212.5,214.3000030517578,1768900
2020-11-17,190.8597717285156,208.75,212.4199981689453,208.4199981689453,212.0,2241700
2020-11-18,190.69525146484372,208.57000732421875,211.57000732421875,206.3000030517578,208.92999267578125,1843000
2020-11-19,193.10899353027344,211.2100067138672,211.88999938964844,207.5,209.00999450683597,1837900
2020-11-20,192.2129669189453,210.22999572753903,213.2899932861328,210.07000732421875,211.00999450683597,1433900
2020-11-23,192.9535217285156,211.0399932861328,212.72999572753903,210.2700042724609,211.3600006103516,1455700
2020-11-24,194.7273101806641,212.97999572753903,214.44000244140625,211.7100067138672,212.00999450683597,1723200
2020-11-25,198.4027862548828,217.0,217.4900054931641,213.0399932861328,213.75,1363400
2020-11-27,199.32620239257807,218.00999450683597,218.25999450683597,216.3300018310547,216.92999267578125,723000
2020-11-30,199.8473663330078,218.5800018310547,218.94000244140625,214.32000732421875,218.50999450683597,2911400
2020-12-01,200.99935913085935,219.83999633789065,221.6699981689453,218.0800018310547,218.88999938964844,2027700
2020-12-02,198.89651489257807,217.5399932861328,219.47999572753903,216.5500030517578,219.08999633789065,1756600
2020-12-03,196.10787963867188,214.4900054931641,216.0,211.5,213.47999572753903,3042300
2020-12-04,195.1387176513672,213.42999267578125,215.8699951171875,212.19000244140625,214.1999969482422,1867200
2020-12-07,195.0747528076172,213.3600006103516,217.2100067138672,211.92999267578125,214.00999450683597,1962100
2020-12-08,193.2552490234375,211.3699951171875,212.8500061035156,210.19000244140625,212.1499938964844,1691500
2020-12-09,191.070068359375,208.97999572753903,212.2100067138672,206.1100006103516,211.5,2347400
2020-12-10,188.22659301757807,205.8699951171875,208.92999267578125,205.25999450683597,208.44000244140625,2264100
2020-12-11,188.90321350097656,206.6100006103516,207.82000732421875,205.69000244140625,206.1499938964844,1745500
2020-12-14,188.2540435791016,205.8999938964844,207.6999969482422,205.6199951171875,206.8000030517578,1858500
2020-12-15,189.9729156494141,207.77999877929688,208.97000122070312,205.8800048828125,206.6000061035156,2246700
2020-12-16,192.9352264404297,211.0200042724609,212.25,207.75999450683597,207.9499969482422,1710400
2020-12-17,194.3341217041016,212.5500030517578,213.3699951171875,211.47000122070312,212.00999450683597,1670000
2020-12-18,192.4415283203125,210.47999572753903,213.25999450683597,209.9600067138672,212.8699951171875,4192600
2020-12-21,192.88040161132807,210.9600067138672,212.1999969482422,206.82000732421875,209.0,1996800
2020-12-22,194.8095703125,213.07000732421875,213.5,210.8300018310547,212.0399932861328,1703500
2020-12-23,193.0723876953125,211.1699981689453,213.33999633789065,211.0200042724609,211.8600006103516,1691200
2020-12-24,193.1729736328125,211.27999877929688,212.3500061035156,210.63999938964844,211.3500061035156,535700
2020-12-28,192.3592529296875,210.38999938964844,213.16000366210935,209.6100006103516,213.13999938964844,1269800
2020-12-29,193.2278289794922,211.33999633789065,211.83999633789065,210.08999633789065,210.75999450683597,1129800
2020-12-30,191.93865966796875,209.92999267578125,212.07000732421875,209.8999938964844,211.27999877929688,1057400
2020-12-31,192.2769317626953,210.3000030517578,210.6199951171875,208.1499938964844,209.8699951171875,1396200
2021-01-04,192.06629943847656,209.7100067138672,211.6000061035156,207.8000030517578,210.25,2036700
2021-01-05,189.3370056152344,206.72999572753903,210.0,206.3999938964844,209.42999267578125,1781100
2021-01-06,197.1951446533203,215.30999755859372,216.05999755859372,205.80999755859372,206.57000732421875,2648100
2021-01-07,199.40240478515625,217.72000122070312,218.47999572753903,214.6000061035156,215.0,1519000
2021-01-08,197.65310668945312,215.80999755859372,219.0,214.4600067138672,218.63999938964844,1859200
2021-01-11,197.14938354492188,215.25999450683597,217.6499938964844,214.6199951171875,215.3699951171875,1605000
2021-01-12,200.0068817138672,218.3800048828125,218.7700042724609,213.6499938964844,214.7899932861328,2155900
2021-01-13,199.86036682128903,218.22000122070312,219.5800018310547,216.0399932861328,217.2100067138672,1169400
2021-01-14,195.29933166503903,213.2400054931641,217.8600006103516,213.1100006103516,217.1000061035156,2568700
2021-01-15,193.6507873535156,211.44000244140625,213.75999450683597,210.4499969482422,213.2400054931641,1795700
2021-01-19,188.72341918945312,206.05999755859372,212.44000244140625,205.9600067138672,211.5,2148100
2021-01-20,187.8624725341797,205.1199951171875,207.1199951171875,203.92999267578125,206.88999938964844,2740700
2021-01-21,190.24375915527344,207.72000122070312,209.38999938964844,204.50999450683597,205.67999267578125,2085100
2021-01-22,188.8607940673828,206.2100067138672,208.2899932861328,205.75999450683597,207.72000122070312,1455300
2021-01-25,189.1905059814453,206.57000732421875,207.9900054931641,205.1100006103516,206.75999450683597,1511600
2021-01-26,188.7783660888672,206.1199951171875,207.55999755859372,205.25999450683597,207.1499938964844,1472500
2021-01-27,182.83436584472656,199.6300048828125,207.75,198.50999450683597,205.3500061035156,3201600
2021-01-28,182.3031768798828,199.0500030517578,201.50999450683597,198.25,199.00999450683597,6267000
2021-01-29,178.23672485351562,194.6100006103516,200.0,194.3699951171875,199.5399932861328,4483800
2021-02-01,176.53323364257812,192.75,195.7899932861328,192.33999633789065,194.6100006103516,3087100
2021-02-02,178.9144744873047,195.3500061035156,198.0,193.30999755859372,193.58999633789065,3729500
2021-02-03,179.3082733154297,195.77999877929688,196.8999938964844,195.00999450683597,195.6300048828125,3184400
2021-02-04,179.2533416748047,195.72000122070312,196.9199981689453,193.92999267578125,196.07000732421875,2842700
2021-02-05,177.51319885253906,193.82000732421875,199.16000366210935,193.0200042724609,196.25,3784600
2021-02-08,181.6895904541016,198.3800048828125,198.7700042724609,194.9199981689453,195.32000732421875,3475800
2021-02-09,186.3696136474609,203.4900054931641,203.88999938964844,198.6300048828125,200.6999969482422,3080900
2021-02-10,184.3822021484375,201.32000732421875,205.75999450683597,200.9600067138672,205.5,2169200
2021-02-11,183.2098388671875,200.0399932861328,202.7400054931641,199.8999938964844,200.9199981689453,1495800
2021-02-12,181.8910675048828,198.6000061035156,200.88999938964844,197.97000122070312,200.0,1561100
2021-02-16,183.3838806152344,200.22999572753903,201.41000366210935,197.75999450683597,198.5200042724609,1681100
2021-02-17,184.5470733642578,201.5,201.92999267578125,198.82000732421875,199.66000366210935,1453700
2021-02-18,185.76516723632807,202.8300018310547,203.0500030517578,198.5,199.02999877929688,1562900
2021-02-19,184.2356719970703,201.16000366210935,203.82000732421875,200.6100006103516,203.82000732421875,1826600
2021-02-22,182.04676818847656,198.7700042724609,201.30999755859372,198.5800018310547,201.0500030517578,1852700
2021-02-23,178.75877380371094,195.17999267578125,199.3300018310547,195.16000366210935,199.3300018310547,1930600
2021-02-24,176.4049835205078,192.6100006103516,194.82000732421875,190.4199981689453,194.82000732421875,2484400
2021-02-25,172.8056182861328,188.67999267578125,191.3999938964844,186.91000366210935,190.0,3061900
2021-02-26,173.08958435058594,188.9900054931641,189.8300018310547,187.25999450683597,189.6000061035156,3138700
2021-03-01,176.6705322265625,192.8999938964844,193.17999267578125,188.97000122070312,189.25999450683597,3630500
2021-03-02,170.80906677246094,186.5,193.5500030517578,186.32000732421875,193.2700042724609,4136500
2021-03-03,167.50277709960938,182.88999938964844,187.0,182.8600006103516,185.47999572753903,3208100
2021-03-04,163.15240478515625,178.13999938964844,182.6999969482422,176.63999938964844,182.30999755859372,3199500
2021-03-05,163.6744842529297,178.7100067138672,179.36000061035156,174.35000610351562,178.85000610351562,2522300
2021-03-08,166.66934204101562,181.97999572753903,184.72999572753903,178.63999938964844,179.99000549316406,2294700
2021-03-09,170.9922332763672,186.6999969482422,187.3000030517578,182.66000366210935,183.75999450683597,2761900
2021-03-10,171.770751953125,187.5500030517578,189.19000244140625,185.91000366210935,187.4199981689453,1832200
2021-03-11,173.71237182617188,189.6699981689453,190.5200042724609,187.3999938964844,188.38999938964844,2281500
2021-03-12,175.80970764160156,191.9600067138672,192.3999938964844,187.88999938964844,189.3500061035156,1885700
2021-03-15,177.76963806152344,194.1000061035156,195.07000732421875,192.47000122070312,194.47999572753903,2548300
2021-03-16,177.2659149169922,193.5500030517578,195.2700042724609,192.83999633789065,193.2100067138672,2219300
2021-03-17,171.73410034179688,187.50999450683597,193.22000122070312,187.2100067138672,193.00999450683597,2964500
2021-03-18,163.75689697265625,178.8000030517578,181.5500030517578,173.5,176.33999633789062,12324900
2021-03-19,171.9813995361328,187.77999877929688,189.9900054931641,178.66000366210938,179.39999389648438,6939600
2021-03-22,177.64144897460938,193.9600067138672,196.5399932861328,188.1300048828125,188.3000030517578,5347100
2021-03-23,180.5080718994141,197.08999633789065,200.33999633789065,193.55999755859372,193.7400054931641,3869700
2021-03-24,180.49891662597656,197.0800018310547,200.00999450683597,196.1300048828125,197.1000061035156,2561700
2021-03-25,181.13999938964844,197.77999877929688,199.3800048828125,195.38999938964844,197.0,2795600
2021-03-26,185.99411010742188,203.0800018310547,203.1000061035156,197.83999633789065,198.17999267578125,2787800
2021-03-29,186.27806091308597,203.38999938964844,204.5500030517578,199.1100006103516,202.8999938964844,2454000
2021-03-30,184.7760009765625,201.75,205.41000366210935,201.41000366210935,204.0,1966700
2021-03-31,185.5728454589844,202.6199951171875,204.92999267578125,200.69000244140625,201.75,2195500
2021-04-01,185.37127685546875,202.3999938964844,204.4199981689453,200.91000366210935,201.9900054931641,2105000
2021-04-05,190.6944122314453,207.77999877929688,208.07000732421875,202.0500030517578,202.3500061035156,1979300
2021-04-06,188.72119140625,205.6300048828125,207.9499969482422,204.97000122070312,205.6000061035156,1823600
2021-04-07,188.8129119873047,205.72999572753903,207.3500061035156,205.22999572753903,206.0800018310547,1714100
2021-04-08,190.1529083251953,207.19000244140625,208.8500061035156,205.8300018310547,206.0200042724609,2023400
2021-04-09,189.6664581298828,206.66000366210935,208.4199981689453,206.6000061035156,207.5200042724609,1949100
2021-04-12,191.8508453369141,209.0399932861328,210.02999877929688,206.8699951171875,207.25,2192200
2021-04-13,194.6040954589844,212.0399932861328,212.58999633789065,209.0800018310547,209.8600006103516,2277600
2021-04-14,195.98992919921875,213.5500030517578,214.67999267578125,211.6199951171875,211.8800048828125,2396800
2021-04-15,198.009033203125,215.75,216.8699951171875,213.2700042724609,213.97000122070312,2010200
2021-04-16,198.91763305664065,216.7400054931641,218.7700042724609,214.75,216.3500061035156,2301200
2021-04-19,198.90843200683597,216.72999572753903,217.47999572753903,215.5,217.08999633789065,1432700
2021-04-20,200.34017944335935,218.2899932861328,218.9600067138672,216.94000244140625,217.57000732421875,1463500
2021-04-21,199.0093994140625,216.83999633789065,219.8500061035156,216.69000244140625,218.5800018310547,1672700
2021-04-22,197.4675445556641,215.16000366210935,217.27999877929688,213.4199981689453,216.9199981689453,1570700
2021-04-23,195.76968383789065,213.30999755859372,215.2899932861328,211.25,215.2899932861328,1585100
2021-04-26,194.3195953369141,211.72999572753903,212.75,209.8300018310547,212.72999572753903,1616400
2021-04-27,194.9344940185547,212.3999938964844,213.7700042724609,210.2700042724609,211.66000366210935,1435400
2021-04-28,194.6408233642578,212.0800018310547,213.47000122070312,211.1699981689453,212.0800018310547,1002100
2021-04-29,197.20140075683597,214.8699951171875,215.47000122070312,212.4600067138672,213.0399932861328,1424000
2021-04-30,197.0912628173828,214.75,215.4499969482422,213.5399932861328,214.05999755859372,1398800
2021-05-03,198.7615966796875,216.57000732421875,217.83999633789065,215.77999877929688,216.0200042724609,1503600
2021-05-04,198.4587554931641,216.2400054931641,216.3500061035156,213.6000061035156,214.5500030517578,1916700
2021-05-05,198.12835693359372,215.8800048828125,217.2700042724609,215.1300048828125,216.9600067138672,1032400
2021-05-06,200.5329132080078,218.5,218.7899932861328,215.55999755859372,216.5500030517578,1336400
2021-05-07,202.09312438964844,220.1999969482422,220.9499969482422,216.7700042724609,219.2899932861328,1374300
2021-05-10,200.86328125,218.8600006103516,222.52999877929688,218.75,221.0,1506300
2021-05-11,196.31114196777344,213.8999938964844,217.94000244140625,212.16000366210935,217.67999267578125,1996600
2021-05-12,188.94140625,205.8699951171875,211.8800048828125,205.8000030517578,210.6000061035156,2918400
2021-05-13,188.8405303955078,205.75999450683597,207.2899932861328,203.0399932861328,206.33999633789065,2499000
2021-05-14,189.2443084716797,206.1999969482422,207.2400054931641,203.8300018310547,207.2400054931641,2069100
2021-05-17,187.4087829589844,204.1999969482422,206.69000244140625,201.97999572753903,206.25999450683597,2305200
2021-05-18,188.0970916748047,204.9499969482422,207.82000732421875,204.80999755859372,205.5,1711100
2021-05-19,186.9774627685547,203.72999572753903,205.9600067138672,201.63999938964844,203.33999633789065,1443000
2021-05-20,187.33534240722656,204.1199951171875,205.2400054931641,202.1199951171875,203.69000244140625,1295000
2021-05-21,188.17971801757807,205.0399932861328,206.07000732421875,204.25,204.7100067138672,1381500
2021-05-24,180.93849182128903,197.1499938964844,203.94000244140625,196.77999877929688,200.57000732421875,3570500
2021-05-25,182.5170440673828,198.8699951171875,199.92999267578125,195.75999450683597,198.3600006103516,2294900
2021-05-26,183.5357818603516,199.97999572753903,201.5500030517578,198.94000244140625,199.69000244140625,2648100
2021-05-27,187.5831756591797,204.38999938964844,208.0,202.25,204.0,4109900
2021-05-28,186.270751953125,202.9600067138672,207.13999938964844,202.25,205.55999755859372,2730200
2021-06-01,184.8573760986328,201.4199981689453,203.4499969482422,201.19000244140625,203.0,1778800
2021-06-02,185.6007537841797,202.22999572753903,203.25999450683597,199.8999938964844,200.92999267578125,1702400
2021-06-03,189.06072998046875,206.0,206.4600067138672,202.0,202.67999267578125,2008200
2021-06-04,189.7582550048828,206.75999450683597,206.97000122070312,204.5,206.0500030517578,1610800
2021-06-07,189.06072998046875,206.0,207.08999633789065,205.07000732421875,207.02999877929688,1529000
2021-06-08,188.8037567138672,205.72000122070312,207.13999938964844,204.7899932861328,207.13999938964844,1651000
2021-06-09,188.0787353515625,204.92999267578125,206.97999572753903,204.6999969482422,205.97000122070312,1823500
2021-06-10,189.4737548828125,206.4499969482422,207.0399932861328,204.27999877929688,204.27999877929688,1965600
2021-06-11,192.0985565185547,209.30999755859372,210.44000244140625,206.33999633789065,207.2100067138672,1757300
2021-06-14,192.31886291503903,209.5500030517578,210.13999938964844,207.80999755859372,209.6199951171875,1343100
2021-06-15,194.6775360107422,212.1199951171875,212.75,209.1699981689453,210.2100067138672,2012400
2021-06-16,193.77813720703125,211.13999938964844,213.02999877929688,209.88999938964844,212.41000366210935,2442300
2021-06-17,195.7421417236328,213.27999877929688,214.3000030517578,210.6100006103516,211.08999633789065,2147700
2021-06-18,195.20985412597656,212.6999969482422,214.1000061035156,211.5500030517578,212.0,3689900
2021-06-21,196.37538146972656,213.97000122070312,214.8500061035156,212.6699981689453,213.6100006103516,1650000
2021-06-22,197.1738739013672,214.83999633789065,215.9900054931641,213.6199951171875,214.77999877929688,1277300
2021-06-23,196.47634887695312,214.0800018310547,214.91000366210935,212.82000732421875,214.5,1528300
2021-06-24,196.31114196777344,213.8999938964844,215.1699981689453,213.1699981689453,215.1699981689453,1571100
2021-06-25,194.4847869873047,211.91000366210935,214.1999969482422,211.42999267578125,213.6100006103516,4079600
2021-06-28,197.33905029296875,215.0200042724609,216.0800018310547,211.92999267578125,212.58999633789065,1504700
2021-06-29,199.14707946777344,216.9900054931641,219.0500030517578,215.1000061035156,215.30999755859372,1397400
2021-06-30,198.5963897705078,216.38999938964844,217.3999938964844,215.7100067138672,216.9600067138672,1125700
2021-07-01,199.89962768554688,217.80999755859372,218.07000732421875,216.1300048828125,216.83999633789065,1264000
2021-07-02,200.94793701171875,218.52999877929688,219.7100067138672,217.6100006103516,218.0500030517578,1084000
2021-07-06,200.82833862304688,218.3999938964844,218.9499969482422,216.42999267578125,217.92999267578125,1260800
2021-07-07,203.678955078125,221.5,223.13999938964844,218.00999450683597,218.9499969482422,1677300
2021-07-08,201.9870147705078,219.66000366210935,221.9199981689453,218.75,220.3600006103516,1424200
2021-07-09,203.00767517089844,220.7700042724609,221.4199981689453,219.30999755859372,219.8300018310547,2009300
2021-07-12,201.8031005859375,219.4600067138672,220.57000732421875,217.8999938964844,220.16000366210935,1414600
2021-07-13,202.3180389404297,220.0200042724609,221.92999267578125,219.38999938964844,219.4499969482422,1423800
2021-07-14,203.11805725097656,220.88999938964844,221.3500061035156,219.30999755859372,220.94000244140625,937000
2021-07-15,204.0927581787109,221.9499969482422,222.2700042724609,220.2700042724609,221.3800048828125,1263200
2021-07-16,204.2950592041016,222.1699981689453,223.83999633789065,221.58999633789065,222.72000122070312,2144800
2021-07-19,206.22608947753903,224.2700042724609,224.94000244140625,221.4199981689453,221.7700042724609,1927700
2021-07-20,208.19390869140625,226.41000366210935,227.55999755859372,224.1499938964844,224.4900054931641,1315400
2021-07-21,206.1801300048828,224.22000122070312,226.17999267578125,224.02999877929688,225.83999633789065,1048000
2021-07-22,207.43988037109372,225.58999633789065,226.4900054931641,223.22000122070312,224.7899932861328,856000
2021-07-23,210.4835968017578,228.8999938964844,229.1100006103516,225.00999450683597,225.00999450683597,853600
2021-07-26,211.46749877929688,229.97000122070312,230.47999572753903,227.1100006103516,228.6000061035156,1188100
2021-07-27,211.63299560546875,230.1499938964844,231.2400054931641,228.92999267578125,230.5,879600
2021-07-28,211.5502166748047,230.05999755859372,231.38999938964844,228.25999450683597,229.0,1059300
2021-07-29,214.25372314453125,233.0,233.1199951171875,230.5200042724609,231.0200042724609,1000300
2021-07-30,213.92266845703125,232.63999938964844,234.3500061035156,232.4900054931641,232.50999450683597,1098800
2021-08-02,213.79397583007807,232.5,233.3300018310547,228.9199981689453,232.8699951171875,1230500
2021-08-03,216.1387939453125,235.0500030517578,236.42999267578125,232.3999938964844,232.91000366210935,1085800
2021-08-04,216.0008544921875,234.8999938964844,236.07000732421875,233.55999755859372,235.0399932861328,1091500
2021-08-05,216.83763122558597,235.80999755859372,236.72000122070312,233.8300018310547,235.58999633789065,1018800
2021-08-06,217.1502685546875,236.1499938964844,236.58999633789065,234.80999755859372,235.94000244140625,784400
2021-08-09,217.36178588867188,236.3800048828125,236.94000244140625,235.2100067138672,236.4600067138672,1096800
2021-08-10,219.0537109375,238.22000122070312,239.0800018310547,235.7100067138672,236.3800048828125,1080600
2021-08-11,218.85142517089844,238.0,239.3500061035156,237.6100006103516,238.4199981689453,1097000
2021-08-12,217.26980590820312,236.27999877929688,238.5,234.8699951171875,238.5,1669800
2021-08-13,217.71121215820312,236.75999450683597,237.72999572753903,235.5,236.88999938964844,1306600
2021-08-16,218.70433044433597,237.83999633789065,237.97999572753903,233.88999938964844,235.4900054931641,1144300
2021-08-17,212.9112091064453,231.5399932861328,236.25,230.77999877929688,236.25,2030900
2021-08-18,213.00314331054688,231.63999938964844,234.7899932861328,230.41000366210935,231.7700042724609,1528700
2021-08-19,213.76634216308597,232.47000122070312,234.1999969482422,228.6000061035156,230.3000030517578,1138500
2021-08-20,215.8905029296875,234.77999877929688,235.92999267578125,232.0800018310547,232.97000122070312,1247200
2021-08-23,215.76174926757807,234.63999938964844,238.5,234.3800048828125,235.4900054931641,1324900
2021-08-24,214.02378845214844,232.75,235.27999877929688,232.6199951171875,235.02999877929688,1367100
2021-08-25,215.8537139892578,234.7400054931641,235.3800048828125,232.6699981689453,232.8800048828125,1563600
2021-08-26,207.72496032714844,225.8999938964844,227.57000732421875,215.1000061035156,220.72999572753903,5959600
2021-08-27,207.12722778320312,225.25,226.30999755859372,222.7899932861328,225.8300018310547,3009000
2021-08-30,207.2283935546875,225.3600006103516,228.2400054931641,224.5800018310547,225.50999450683597,2078600
2021-08-31,204.9755401611328,222.91000366210935,226.0800018310547,221.7700042724609,225.4600067138672,2568600
2021-09-01,204.77322387695312,222.69000244140625,223.6699981689453,220.6199951171875,222.8500061035156,1292200
2021-09-02,206.86056518554688,224.9600067138672,225.0200042724609,222.0200042724609,222.5,1219900
2021-09-03,204.55252075195312,222.4499969482422,225.6199951171875,221.6999969482422,225.3500061035156,1107800
2021-09-07,203.7157287597656,221.5399932861328,223.16000366210935,220.3500061035156,222.8300018310547,1236600
2021-09-08,206.0145721435547,224.0399932861328,224.0800018310547,220.72000122070312,221.6199951171875,1441000
2021-09-09,202.4283905029297,220.13999938964844,224.1999969482422,220.0800018310547,223.94000244140625,1439000
2021-09-10,200.50657653808597,218.0500030517578,221.0,217.69000244140625,220.72999572753903,1586200
2021-09-13,200.09274291992188,217.6000061035156,220.66000366210935,217.1100006103516,218.13999938964844,1326900
2021-09-14,198.88812255859372,216.2899932861328,218.17999267578125,215.2100067138672,217.7700042724609,1157700
2021-09-15,199.51345825195312,216.97000122070312,218.0399932861328,215.1499938964844,216.33999633789065,1382400
2021-09-16,203.7341461181641,221.55999755859372,221.97000122070312,217.00999450683597,217.00999450683597,1702200
2021-09-17,204.23989868164065,222.1100006103516,224.3800048828125,221.4600067138672,221.4600067138672,2306100
2021-09-20,203.9456329345703,221.7899932861328,223.4199981689453,220.02999877929688,220.57000732421875,1698200
2021-09-21,201.8858337402344,219.5500030517578,222.8000030517578,219.16000366210935,221.97999572753903,1226900
2021-09-22,201.39845275878903,219.0200042724609,220.42999267578125,217.16000366210935,220.02999877929688,1386700
2021-09-23,200.7915802001953,218.3600006103516,220.4600067138672,218.32000732421875,219.66000366210935,855400
2021-09-24,200.1938934326172,217.7100067138672,218.2700042724609,216.25,217.83999633789065,1135400
2021-09-27,199.3203125,216.75999450683597,218.9499969482422,216.2899932861328,216.8500061035156,1044900
2021-09-28,197.8858337402344,215.1999969482422,216.69000244140625,214.02999877929688,215.1199951171875,1461300
2021-09-29,199.51345825195312,216.97000122070312,219.2700042724609,215.44000244140625,215.44000244140625,1148000
2021-09-30,195.07200622558597,212.13999938964844,216.6699981689453,212.1000061035156,216.0,1817300
2021-10-01,192.37779235839844,209.2100067138672,212.27999877929688,208.2899932861328,212.1000061035156,1583300
2021-10-04,189.98211669921875,206.19000244140625,209.07000732421875,204.7700042724609,208.3300018310547,1499800
2021-10-05,189.44772338867188,205.6100006103516,207.44000244140625,205.08999633789065,206.94000244140625,1301500
2021-10-06,190.8389892578125,207.1199951171875,207.33999633789065,203.8000030517578,205.0,1140400
2021-10-07,194.2574157714844,210.8300018310547,211.2899932861328,207.82000732421875,207.82000732421875,1347500
2021-10-08,193.8612060546875,210.3999938964844,211.3800048828125,209.16000366210935,210.8300018310547,918100
2021-10-11,193.2991485595703,209.7899932861328,211.32000732421875,209.67999267578125,209.67999267578125,1209100
2021-10-12,191.88943481445312,208.25999450683597,211.2899932861328,207.58999633789065,210.47999572753903,1771000
2021-10-13,192.93978881835935,209.3999938964844,211.1300048828125,207.8500061035156,207.9499969482422,1159400
2021-10-14,196.07254028320312,212.8000030517578,214.1199951171875,209.5,209.97000122070312,1216600
2021-10-15,196.07254028320312,212.8000030517578,214.63999938964844,212.6699981689453,213.8300018310547,991400
2021-10-18,196.9017791748047,213.6999969482422,214.0,211.25,212.3000030517578,994500
2021-10-19,196.98472595214844,213.7899932861328,214.6000061035156,212.4900054931641,213.75999450683597,858200
2021-10-20,198.3115234375,215.22999572753903,216.7100067138672,213.75999450683597,214.47999572753903,1080600
2021-10-21,201.7299346923828,218.94000244140625,219.69000244140625,215.02999877929688,215.77999877929688,1144500
2021-10-22,202.9922332763672,220.30999755859372,221.6999969482422,218.67999267578125,219.7899932861328,893300
2021-10-25,205.0008544921875,222.4900054931641,223.3600006103516,219.00999450683597,220.27999877929688,798400
2021-10-26,204.1163330078125,221.52999877929688,223.27999877929688,221.17999267578125,223.27999877929688,925600
2021-10-27,203.04747009277344,220.3699951171875,221.97999572753903,219.6300048828125,221.57000732421875,1037700
2021-10-28,203.5542449951172,220.9199981689453,221.8300018310547,220.2400054931641,220.75999450683597,819700
2021-10-29,204.10708618164065,221.5200042724609,222.72999572753903,219.6499938964844,220.1699981689453,811400
2021-11-01,203.1396331787109,220.47000122070312,222.47999572753903,219.5200042724609,222.2100067138672,870000
2021-11-02,204.4019012451172,221.83999633789065,222.6000061035156,219.67999267578125,220.77999877929688,1100000
2021-11-03,206.1341552734375,223.72000122070312,224.0,219.8999938964844,221.1000061035156,1237900
2021-11-04,208.428466796875,226.2100067138672,228.25,223.7700042724609,224.19000244140625,1543700
2021-11-05,207.89401245117188,225.6300048828125,227.9600067138672,223.8999938964844,227.32000732421875,958300
2021-11-08,203.5634765625,220.92999267578125,225.4600067138672,217.57000732421875,223.3000030517578,1891600
2021-11-09,202.87242126464844,220.17999267578125,222.5,218.8699951171875,219.2899932861328,869700
2021-11-10,203.41603088378903,220.7700042724609,221.5200042724609,218.67999267578125,219.8300018310547,740300
2021-11-11,203.88595581054688,221.27999877929688,222.02999877929688,220.32000732421875,220.9900054931641,1001200
2021-11-12,207.3135528564453,225.0,225.69000244140625,221.82000732421875,222.6000061035156,1370300
2021-11-15,209.1563415527344,227.0,231.72999572753903,225.5800018310547,227.97999572753903,1794200
2021-11-16,212.224609375,230.3300018310547,231.3999938964844,227.0,227.0,1693400
2021-11-17,205.36021423339844,222.8800048828125,228.5,220.3600006103516,228.3800048828125,2383400
2021-11-18,204.8626708984375,222.33999633789065,224.05999755859372,220.52999877929688,224.05999755859372,1779700
2021-11-19,206.89892578125,224.5500030517578,226.0399932861328,222.3999938964844,222.8300018310547,1794500
2021-11-22,208.19810485839844,225.9600067138672,229.16000366210935,223.55999755859372,226.0,1627300
2021-11-23,207.4425506591797,225.13999938964844,226.72999572753903,222.8999938964844,226.08999633789065,1163700
2021-11-24,205.86697387695312,223.42999267578125,225.33999633789065,222.17999267578125,224.1199951171875,956800
2021-11-26,206.77915954589844,224.4199981689453,226.4499969482422,222.3300018310547,222.63999938964844,998000
2021-11-29,207.3780517578125,225.07000732421875,228.6699981689453,223.1300048828125,225.0,1794500
2021-11-30,203.9044342041016,221.3000030517578,225.3699951171875,220.82000732421875,223.08999633789065,3072900
2021-12-01,205.27728271484372,222.7899932861328,228.4499969482422,221.30999755859372,221.30999755859372,3450200
2021-12-02,198.845947265625,215.80999755859372,221.6100006103516,211.4499969482422,218.13999938964844,3452900
2021-12-03,204.54933166503903,222.0,223.9900054931641,214.80999755859372,217.0800018310547,3111400
2021-12-06,207.80191040039065,225.52999877929688,230.2100067138672,221.3699951171875,221.7100067138672,2316300
2021-12-07,206.8528289794922,224.5,226.97000122070312,220.4499969482422,226.6100006103516,1611300
2021-12-08,204.0057373046875,221.41000366210935,225.2899932861328,218.02999877929688,225.16000366210935,2151300
2021-12-09,204.85345458984372,222.3300018310547,222.88999938964844,219.47999572753903,221.44000244140625,1262100
2021-12-10,204.91790771484372,222.3999938964844,224.2100067138672,221.3000030517578,222.50999450683597,1397800
2021-12-13,208.2349395751953,226.0,226.8500061035156,221.6300048828125,221.8699951171875,1949500
2021-12-14,207.7281951904297,225.4499969482422,226.7700042724609,224.05999755859372,224.9499969482422,1708600
2021-12-15,208.3455047607422,226.1199951171875,226.4499969482422,223.0,225.25,1570100
2021-12-16,207.9216461181641,225.66000366210935,226.5,222.75999450683597,226.2700042724609,1362600
2021-12-17,205.01007080078125,222.5,226.80999755859372,221.02999877929688,226.38999938964844,3492200
2021-12-20,203.07516479492188,220.3999938964844,221.32000732421875,215.92999267578125,220.7100067138672,2155300
2021-12-21,204.29136657714844,221.72000122070312,222.0500030517578,217.9199981689453,219.8699951171875,1142500
2021-12-22,202.9093170166016,220.22000122070312,221.91000366210935,219.1000061035156,221.6499938964844,1005600
2021-12-23,203.93206787109372,221.3300018310547,222.66000366210935,219.6699981689453,220.41000366210935,2241600
2021-12-27,207.0279235839844,224.69000244140625,224.83999633789065,222.0500030517578,222.17999267578125,2345500
2021-12-28,210.3726043701172,228.32000732421875,229.50999450683597,225.41000366210935,225.41000366210935,1805100
2021-12-29,215.2191162109375,233.5800018310547,234.0,228.66000366210935,229.3800048828125,1582500
2021-12-30,217.292236328125,235.8300018310547,237.5500030517578,233.75,234.75,1312400
2021-12-31,217.292236328125,235.8300018310547,239.0,235.3999938964844,236.5200042724609,1714700
2022-01-03,217.35687255859372,235.47999572753903,236.47000122070312,232.3600006103516,234.32000732421875,1499100
2022-01-04,215.7138671875,233.6999969482422,235.91000366210935,233.00999450683597,233.44000244140625,1348500
2022-01-05,215.80616760253903,233.8000030517578,237.0,232.67999267578125,233.97000122070312,1829500
2022-01-06,217.65223693847656,235.8000030517578,236.5,226.69000244140625,226.69000244140625,3011800
2022-01-07,219.93214416503903,238.2700042724609,240.13999938964844,234.6499938964844,235.5500030517578,2315700
2022-01-10,218.1230010986328,236.30999755859372,239.75,234.6999969482422,238.2700042724609,2460900
2022-01-11,211.0525054931641,228.6499938964844,237.0,227.52999877929688,235.97000122070312,2644400
2022-01-12,211.00634765625,228.6000061035156,229.38999938964844,227.0200042724609,229.25,1324600
2022-01-13,205.8927154541016,223.05999755859372,228.9900054931641,222.72999572753903,228.16000366210935,1940200
2022-01-14,200.3730010986328,217.0800018310547,219.7100067138672,213.4499969482422,218.9900054931641,4141900
2022-01-18,196.70849609375,213.1100006103516,216.3000030517578,208.3999938964844,212.7899932861328,2700700
2022-01-19,203.01287841796875,219.94000244140625,221.22999572753903,213.94000244140625,214.50999450683597,2327600
2022-01-20,195.7762451171875,212.1000061035156,222.3800048828125,211.2700042724609,221.66000366210935,3147500
2022-01-21,194.0040435791016,210.17999267578125,214.8699951171875,210.16000366210935,211.6699981689453,2060100
2022-01-24,199.9113922119141,216.5800018310547,216.9199981689453,208.0200042724609,208.4499969482422,2468400
2022-01-25,195.69314575195312,212.00999450683597,215.3500061035156,209.17999267578125,215.30999755859372,2283200
2022-01-26,188.95501708984372,204.7100067138672,214.3600006103516,203.1699981689453,212.6300048828125,2327700
2022-01-27,189.53651428222656,205.33999633789065,209.1699981689453,204.97999572753903,205.0,2232300
2022-01-28,188.60423278808597,204.3300018310547,205.16000366210935,200.7400054931641,205.16000366210935,2080400
2022-01-31,192.43484497070312,208.47999572753903,209.13999938964844,204.38999938964844,204.50999450683597,2901900
2022-02-01,193.0255584716797,209.1199951171875,209.92999267578125,205.4199981689453,208.4199981689453,1705400
2022-02-02,190.78260803222656,206.69000244140625,210.2400054931641,206.5399932861328,208.4900054931641,2020300
2022-02-03,189.56419372558597,205.3699951171875,207.66000366210935,205.07000732421875,205.5399932861328,1850700
2022-02-04,186.78587341308597,202.3600006103516,205.75,200.47000122070312,205.75,2006000
2022-02-07,185.15208435058597,200.58999633789065,203.41000366210935,200.2400054931641,202.5399932861328,1622000
2022-02-08,187.164306640625,202.7700042724609,204.41000366210935,199.50999450683597,200.8800048828125,2913500
2022-02-09,189.9518585205078,205.7899932861328,206.2899932861328,203.3699951171875,203.82000732421875,2354100
2022-02-10,186.54586791992188,202.1000061035156,205.5,200.9600067138672,203.1100006103516,1854200
2022-02-11,185.18899536132807,200.6300048828125,203.1999969482422,200.3699951171875,202.6300048828125,1212000
2022-02-14,185.1705780029297,200.6100006103516,201.3999938964844,199.22000122070312,200.8500061035156,1442400
2022-02-15,183.8228759765625,199.1499938964844,201.58999633789065,198.25,201.3000030517578,1721700
2022-02-16,182.16148376464844,197.3500061035156,199.1199951171875,194.32000732421875,198.22000122070312,2661500
2022-02-17,181.9491271972656,197.1199951171875,198.72999572753903,196.0,196.7100067138672,1853300
2022-02-18,184.57980346679688,199.97000122070312,201.6000061035156,196.75999450683597,196.9600067138672,3468300
2022-02-22,177.1678009033203,191.94000244140625,199.3300018310547,191.2899932861328,198.47000122070312,2167700
2022-02-23,173.84486389160156,188.33999633789065,192.9900054931641,188.05999755859372,192.27999877929688,1654100
2022-02-24,176.11553955078125,190.8000030517578,191.2899932861328,185.1499938964844,185.1499938964844,2083100
2022-02-25,183.6752471923828,198.9900054931641,199.42999267578125,192.2700042724609,195.80999755859372,2561500
2022-02-28,183.07525634765625,198.33999633789065,199.63999938964844,195.6300048828125,197.91000366210935,1569700
2022-03-01,185.57669067382807,201.0500030517578,204.67999267578125,199.42999267578125,199.5,2408700
2022-03-02,189.6011199951172,205.41000366210935,206.67999267578125,199.6699981689453,199.8999938964844,1696900
2022-03-03,190.41339111328125,206.2899932861328,208.5200042724609,205.0,206.44000244140625,1793100
2022-03-04,194.74240112304688,210.97999572753903,211.1100006103516,205.1000061035156,206.0,2365800
2022-03-07,188.0411834716797,203.72000122070312,213.6300048828125,203.5800018310547,211.00999450683597,2112100
2022-03-08,183.92442321777344,199.25999450683597,205.3500061035156,198.6699981689453,203.1499938964844,2363800
2022-03-09,191.2718048095703,207.22000122070312,208.92999267578125,201.52999877929688,203.17999267578125,1508800
2022-03-10,190.21957397460935,206.0800018310547,206.82000732421875,202.4900054931641,205.0,1174200
2022-03-11,189.7303466796875,205.5500030517578,208.83999633789065,205.17999267578125,206.4600067138672,2362600
2022-03-14,192.6286773681641,208.69000244140625,210.75999450683597,205.3500061035156,206.72000122070312,1454400
2022-03-15,197.76075744628903,214.25,215.27999877929688,209.41000366210935,209.41000366210935,2793300
2022-03-16,196.13619995117188,212.4900054931641,215.7899932861328,210.7899932861328,214.25,2584800
2022-03-17,204.8589324951172,221.94000244140625,222.3999938964844,212.63999938964844,220.13999938964844,4386400
2022-03-18,211.9571075439453,229.6300048828125,230.00999450683597,221.0500030517578,222.2100067138672,3100000
2022-03-21,210.8217620849609,228.3999938964844,232.7700042724609,226.75,228.75,1879000
2022-03-22,208.661865234375,226.05999755859372,229.83999633789065,224.9900054931641,229.42999267578125,1798600
2022-03-23,204.4989471435547,221.5500030517578,225.9900054931641,219.82000732421875,225.3699951171875,1819600
2022-03-24,203.8990020751953,220.8999938964844,222.8699951171875,218.92999267578125,222.13999938964844,1541300
2022-03-25,204.42510986328125,221.47000122070312,222.32000732421875,219.1999969482422,221.7100067138672,1286000
2022-03-28,208.8833923339844,226.3000030517578,226.33999633789065,221.5,221.5,1385700
2022-03-29,210.9325408935547,228.5200042724609,230.82000732421875,226.22000122070312,228.2400054931641,3336200
2022-03-30,209.96331787109372,227.47000122070312,229.63999938964844,226.8800048828125,227.1699981689453,1288400
2022-03-31,205.49583435058597,222.6300048828125,228.08999633789065,222.4600067138672,226.38999938964844,2164500
2022-04-01,208.8833923339844,226.3000030517578,226.75,222.6300048828125,223.08999633789065,1538800
2022-04-04,209.3645782470703,226.2700042724609,226.82000732421875,224.9199981689453,225.6199951171875,1501700
2022-04-05,212.2236175537109,229.3600006103516,230.1999969482422,225.38999938964844,225.38999938964844,2073300
2022-04-06,221.14341735839844,239.0,239.32000732421875,228.05999755859372,228.8300018310547,3548600
2022-04-07,223.6324462890625,241.69000244140625,243.3600006103516,237.0399932861328,238.00999450683597,2786400
2022-04-08,227.4353790283203,245.8000030517578,246.13999938964844,242.3800048828125,244.1199951171875,2733500
2022-04-11,222.7811584472656,240.7700042724609,247.1499938964844,240.57000732421875,245.4199981689453,1958900
2022-04-12,225.6125640869141,243.8300018310547,246.1499938964844,241.3000030517578,241.3000030517578,1500600
2022-04-13,227.05599975585935,245.38999938964844,245.92999267578125,242.2400054931641,242.58999633789065,1328100
2022-04-14,230.1834716796875,248.7700042724609,250.3000030517578,246.8699951171875,247.25999450683597,2094300
2022-04-18,231.48812866210935,250.17999267578125,251.5399932861328,246.27999877929688,246.9499969482422,1332900
2022-04-19,236.2810821533203,255.3600006103516,256.69000244140625,251.17999267578125,251.5800018310547,2018300
2022-04-20,239.6861572265625,259.0400085449219,259.3699951171875,256.9700012207031,257.489990234375,2117800
2022-04-21,236.7159881591797,255.8300018310547,262.2099914550781,255.58999633789065,260.0,1945900
2022-04-22,230.220458984375,248.80999755859372,255.6199951171875,248.5399932861328,255.6199951171875,1659200
2022-04-25,229.9244079589844,248.4900054931641,249.75999450683597,244.5500030517578,248.80999755859372,1859200
2022-04-26,226.6951141357422,245.0,250.08999633789065,245.0,247.1100006103516,1472700
2022-04-27,225.3072052001953,243.5,247.38999938964844,242.9900054931641,244.5800018310547,1366400
2022-04-28,228.15707397460935,246.5800018310547,247.83999633789065,242.55999755859372,245.67999267578125,1241800
2022-04-29,219.78323364257807,237.52999877929688,245.3699951171875,237.08999633789065,245.08999633789065,1993600
2022-05-02,218.5248565673828,236.1699981689453,239.3999938964844,232.2400054931641,238.50999450683597,1691200
2022-05-03,219.2558135986328,236.9600067138672,239.57000732421875,235.38999938964844,237.1499938964844,1187900
2022-05-04,223.83599853515625,241.91000366210935,242.27999877929688,236.16000366210935,237.88999938964844,1416800
2022-05-05,216.1838531494141,233.63999938964844,241.75999450683597,231.6300048828125,241.17999267578125,1577100
2022-05-06,216.1098480224609,233.55999755859372,235.2700042724609,230.32000732421875,230.97999572753903,2525400
2022-05-09,214.0834808349609,231.3699951171875,237.0,230.6499938964844,232.8300018310547,2000900
2022-05-10,210.5026397705078,227.5,235.3600006103516,226.7100067138672,233.3300018310547,1678300
2022-05-11,211.3076171875,228.3699951171875,232.4600067138672,227.07000732421875,228.2899932861328,1620900
2022-05-12,214.53689575195312,231.8600006103516,233.6499938964844,228.3800048828125,229.1100006103516,2384400
2022-05-13,214.97174072265625,232.3300018310547,233.77999877929688,229.4199981689453,233.3300018310547,1630500
2022-05-16,216.67425537109372,234.1699981689453,235.67999267578125,230.80999755859372,233.47999572753903,1037800
2022-05-17,210.5489196777344,227.5500030517578,228.97999572753903,223.0800018310547,226.1100006103516,2231800
2022-05-18,187.1483917236328,202.25999450683597,210.75999450683597,196.4900054931641,210.3699951171875,5494400
2022-05-19,186.28787231445312,201.3300018310547,205.38999938964844,193.1699981689453,199.44000244140625,3691100
2022-05-20,173.58372497558594,187.6000061035156,199.0,183.25,197.9600067138672,4569600
2022-05-23,179.89414978027344,194.4199981689453,194.6499938964844,187.6000061035156,188.55999755859372,2936100
2022-05-24,181.30984497070312,195.9499969482422,197.58999633789065,192.3800048828125,192.6199951171875,2444600
2022-05-25,180.7454071044922,195.33999633789065,197.30999755859372,193.55999755859372,195.0,3004400
2022-05-26,205.5338134765625,222.1300048828125,229.4499969482422,216.05999755859372,224.77999877929688,6165900
2022-05-27,211.3168792724609,228.3800048828125,230.8000030517578,224.3800048828125,224.3800048828125,2783200
2022-05-31,203.8775787353516,220.33999633789065,226.7700042724609,218.80999755859372,225.82000732421875,3672400
2022-06-01,202.4711151123047,218.82000732421875,224.6000061035156,218.3999938964844,223.0500030517578,1930000
2022-06-02,207.9303131103516,224.72000122070312,224.8699951171875,218.5,219.25,1483000
2022-06-03,209.99371337890625,226.9499969482422,229.07000732421875,222.57000732421875,222.57000732421875,1943800
2022-06-06,215.1012725830078,232.47000122070312,232.6499938964844,227.17999267578125,228.6100006103516,1879200
2022-06-07,216.8130798339844,234.32000732421875,235.3600006103516,227.3000030517578,228.57000732421875,1984600
2022-06-08,216.26715087890625,233.72999572753903,236.1000061035156,232.30999755859372,233.5,984000
2022-06-09,219.94981384277344,237.7100067138672,239.97000122070312,233.50999450683597,233.91000366210935,1855000
2022-06-10,215.9248046875,233.3600006103516,236.0,231.91000366210935,234.7100067138672,1417100
2022-06-13,213.6763610839844,230.92999267578125,233.25,227.6199951171875,229.6499938964844,1934800
2022-06-14,212.83433532714844,230.0200042724609,234.2400054931641,227.80999755859372,231.0800018310547,1463100
2022-06-15,214.8977203369141,232.25,234.17999267578125,229.25,230.1999969482422,1457600
2022-06-16,214.8791961669922,232.22999572753903,234.63999938964844,229.7100067138672,232.83999633789065,2257100
2022-06-17,213.5560607910156,230.8000030517578,232.1199951171875,227.8999938964844,231.63999938964844,3634800
2022-06-21,221.11566162109372,238.97000122070312,239.1100006103516,231.2100067138672,231.57000732421875,1700100
2022-06-22,222.54983520507807,240.5200042724609,241.1999969482422,236.6999969482422,238.1000061035156,2040400
2022-06-23,225.40899658203125,243.6100006103516,245.3800048828125,240.69000244140625,243.1100006103516,1719900
2022-06-24,229.3784637451172,247.8999938964844,249.3800048828125,244.4600067138672,244.8699951171875,3158300
2022-06-27,228.32362365722656,246.75999450683597,251.2100067138672,245.0500030517578,248.0,1429300
2022-06-28,225.38121032714844,243.5800018310547,250.88999938964844,243.3300018310547,247.17999267578125,1280300
2022-06-29,228.5919647216797,247.0500030517578,248.13999938964844,243.2100067138672,245.00999450683597,1116500
2022-06-30,227.10226440429688,245.44000244140625,247.6499938964844,243.0800018310547,245.30999755859372,1510400
2022-07-01,228.4562225341797,246.3500061035156,247.1699981689453,243.0,243.2899932861328,1085000
2022-07-05,231.88743591308597,250.0500030517578,251.1699981689453,243.3800048828125,248.5399932861328,1846100
2022-07-06,234.79006958007807,253.17999267578125,254.5800018310547,248.8999938964844,251.0200042724609,1359400
2022-07-07,236.34808349609372,254.8600006103516,256.79998779296875,252.44000244140625,252.8699951171875,1837600
2022-07-08,234.51190185546875,252.8800048828125,254.47000122070312,250.1699981689453,253.4600067138672,1459800
2022-07-11,235.43930053710935,253.8800048828125,255.5,252.1699981689453,252.7899932861328,1021200
2022-07-12,229.55978393554688,247.5399932861328,256.2099914550781,246.3699951171875,253.83999633789065,1747600
2022-07-13,228.7158966064453,246.6300048828125,250.6300048828125,245.32000732421875,247.4600067138672,1966300
2022-07-14,230.31092834472656,248.3500061035156,249.0800018310547,243.30999755859372,244.3999938964844,1952600
2022-07-15,226.4067230224609,244.13999938964844,251.3500061035156,242.88999938964844,251.13999938964844,2793400
2022-07-18,226.416015625,244.1499938964844,246.9499969482422,242.8699951171875,245.1199951171875,1597900
2022-07-19,227.52882385253903,245.3500061035156,247.0,243.00999450683597,247.0,1688300
2022-07-20,228.3727264404297,246.25999450683597,248.25,245.2700042724609,245.5399932861328,1266100
2022-07-21,229.00335693359372,246.94000244140625,247.6699981689453,241.52999877929688,246.63999938964844,1515100
2022-07-22,229.8101806640625,247.80999755859372,250.50999450683597,246.22000122070312,247.72999572753903,925600
2022-07-25,229.7267303466797,247.72000122070312,249.22000122070312,246.2899932861328,248.2400054931641,981800
2022-07-26,223.85646057128903,241.38999938964844,244.05999755859372,239.32000732421875,239.32000732421875,2158000
2022-07-27,226.6942443847656,244.4499969482422,246.50999450683597,240.6199951171875,243.0,1469400
2022-07-28,227.34332275390625,245.1499938964844,246.8699951171875,242.8800048828125,245.1199951171875,1474600
2022-07-29,230.3851318359375,248.42999267578125,248.63999938964844,243.25999450683597,246.19000244140625,1294300
2022-08-01,233.7700042724609,252.0800018310547,255.13999938964844,248.7899932861328,249.07000732421875,1257600
2022-08-02,232.41604614257807,250.6199951171875,253.8800048828125,249.5500030517578,253.1199951171875,1225500
2022-08-03,233.68655395507807,251.9900054931641,253.07000732421875,249.72999572753903,252.72000122070312,1107600
2022-08-04,233.0281219482422,251.27999877929688,252.42999267578125,250.1199951171875,251.3999938964844,1319600
2022-08-05,234.69737243652344,253.0800018310547,253.2899932861328,248.67999267578125,250.0,1266500
2022-08-08,236.7561187744141,255.3000030517578,259.6499938964844,253.4900054931641,253.4900054931641,1326300
2022-08-09,235.5134429931641,253.9600067138672,256.7200012207031,253.91000366210935,256.7200012207031,1002600
2022-08-10,235.91221618652344,254.38999938964844,257.3699951171875,253.02999877929688,257.0,1112000
2022-08-11,233.5752716064453,251.8699951171875,256.9700012207031,251.30999755859372,255.58999633789065,1274900
2022-08-12,234.9014129638672,253.3000030517578,253.52999877929688,250.5800018310547,251.63999938964844,1026000
2022-08-15,234.56756591796875,252.94000244140625,254.00999450683597,248.25999450683597,252.16000366210935,1290900
2022-08-16,238.1286163330078,256.7799987792969,258.54998779296875,252.8300018310547,253.2400054931641,1863700
2022-08-17,236.97866821289065,255.5399932861328,257.1400146484375,253.1000061035156,254.17999267578125,1235200
2022-08-18,238.9447021484375,257.6600036621094,258.32000732421875,254.8300018310547,256.260009765625,1342800
2022-08-19,235.4207000732422,253.8600006103516,256.8699951171875,252.72000122070312,256.739990234375,1576600
2022-08-22,230.6633453369141,248.72999572753903,253.6300048828125,248.1199951171875,253.6300048828125,1822100
2022-08-23,229.61541748046875,247.6000061035156,249.44000244140625,245.6199951171875,249.05999755859372,1669300
2022-08-24,229.476318359375,247.4499969482422,249.6199951171875,246.27999877929688,247.5500030517578,1718900
2022-08-25,228.2058258056641,246.0800018310547,248.77999877929688,235.47999572753903,239.9600067138672,3216700
2022-08-26,219.1547393798828,236.32000732421875,247.0200042724609,236.32000732421875,246.2100067138672,2783200
2022-08-29,221.29693603515625,238.6300048828125,239.97999572753903,233.97000122070312,235.0,1669900
2022-08-30,221.38967895507807,238.72999572753903,239.47999572753903,235.07000732421875,239.2100067138672,1599600
2022-08-31,220.1748809814453,237.4199981689453,238.8999938964844,236.52999877929688,237.91000366210935,2469400
2022-09-01,225.1362762451172,242.7700042724609,242.92999267578125,237.1999969482422,237.38999938964844,2471200
2022-09-02,224.9786071777344,242.6000061035156,245.83999633789065,241.58999633789065,243.82000732421875,1382800
2022-09-06,222.39126586914065,239.80999755859372,245.3999938964844,239.25999450683597,242.91000366210935,1438100
2022-09-07,228.02964782714844,245.88999938964844,246.3500061035156,240.08999633789065,240.7400054931641,1962900
2022-09-08,229.43923950195312,247.41000366210935,249.22000122070312,243.97999572753903,245.0,1221000
2022-09-09,229.30007934570312,247.25999450683597,248.8600006103516,246.1300048828125,247.91000366210935,1142600
2022-09-12,229.1795654296875,247.1300048828125,248.4199981689453,246.3600006103516,247.30999755859372,1983500
2022-09-13,222.8734893798828,240.3300018310547,245.42999267578125,239.72999572753903,243.88999938964844,1726900
2022-09-14,223.55972290039065,241.07000732421875,242.08999633789065,238.0500030517578,241.4600067138672,1454000
2022-09-15,223.35569763183597,240.8500061035156,244.2700042724609,239.38999938964844,241.4600067138672,1406000
2022-09-16,226.08213806152344,243.7899932861328,245.4600067138672,241.8300018310547,241.91000366210935,2263600
2022-09-19,227.76995849609372,245.6100006103516,246.6100006103516,242.5800018310547,243.1100006103516,2034500
2022-09-20,227.90904235839844,245.75999450683597,246.44000244140625,242.7700042724609,244.3000030517578,1676800
2022-09-21,222.8271026611328,240.27999877929688,247.52999877929688,240.25,246.9499969482422,1749400
2022-09-22,222.7529144287109,240.1999969482422,242.2100067138672,239.19000244140625,240.0,1372300
2022-09-23,224.0697784423828,241.6199951171875,242.02999877929688,238.2899932861328,239.3000030517578,2321400
2022-09-26,221.13934326171875,238.4600067138672,241.9499969482422,236.6100006103516,241.6199951171875,2134500
2022-09-27,218.7188720703125,235.8500061035156,241.6199951171875,234.9199981689453,239.6000061035156,1620600
2022-09-28,223.5041046142578,241.00999450683597,242.32000732421875,236.1000061035156,237.77999877929688,1362300
2022-09-29,222.0759429931641,239.47000122070312,241.6000061035156,238.3300018310547,240.67999267578125,1700000
2022-09-30,222.4376373291016,239.8600006103516,244.47000122070312,236.80999755859372,239.5500030517578,2239000
2022-10-03,229.10205078125,246.47999572753903,247.50999450683597,240.69000244140625,242.0,1827900
2022-10-04,227.82872009277344,245.1100006103516,248.44000244140625,243.6000061035156,246.91000366210935,2167100
2022-10-05,225.58859252929688,242.6999969482422,244.55999755859372,241.33999633789065,244.2100067138672,1693900
2022-10-06,224.6312255859375,241.6699981689453,244.6699981689453,240.63999938964844,243.2100067138672,1063900
2022-10-07,222.6142578125,239.5,240.6100006103516,238.1499938964844,240.1100006103516,1595700
2022-10-10,222.71646118164065,239.6100006103516,240.5800018310547,237.0,239.75999450683597,1333200
2022-10-11,222.7350616455078,239.6300048828125,243.3600006103516,238.3699951171875,238.80999755859372,1542600
2022-10-12,220.92251586914065,237.67999267578125,241.6699981689453,237.6699981689453,240.1100006103516,1270200
2022-10-13,225.0866851806641,242.16000366210935,244.7899932861328,233.50999450683597,233.8600006103516,2062500
2022-10-14,219.918701171875,236.6000061035156,243.4600067138672,235.19000244140625,243.4600067138672,1474100
2022-10-17,219.73275756835935,236.3999938964844,239.5800018310547,236.2100067138672,239.5800018310547,1500100
2022-10-18,220.8388671875,237.58999633789065,241.9900054931641,235.38999938964844,239.9900054931641,1379600
2022-10-19,221.5638885498047,238.3699951171875,239.22000122070312,236.00999450683597,237.4600067138672,1134700
2022-10-20,220.4949951171875,237.22000122070312,239.2700042724609,235.8600006103516,238.4499969482422,1752700
2022-10-21,222.49337768554688,239.3699951171875,239.38999938964844,233.88999938964844,237.47000122070312,2028500
2022-10-24,227.70782470703125,244.97999572753903,245.91000366210935,240.8800048828125,241.0200042724609,1548400
2022-10-25,232.801513671875,250.4600067138672,251.44000244140625,246.00999450683597,247.0399932861328,2470500
2022-10-26,232.9130401611328,250.5800018310547,253.8800048828125,248.6999969482422,251.2899932861328,1693500
2022-10-27,235.6643218994141,253.5399932861328,255.9199981689453,250.0,252.0800018310547,1652500
2022-10-28,242.07786560058597,260.44000244140625,261.5899963378906,253.2899932861328,253.3500061035156,1969400
2022-10-31,237.06788635253903,255.0500030517578,260.8999938964844,254.5500030517578,259.8599853515625,1765500
2022-11-01,236.22203063964844,254.13999938964844,255.57000732421875,252.1300048828125,255.0,1417400
2022-11-02,232.0764617919922,249.67999267578125,255.6499938964844,249.4499969482422,255.0,1388100
2022-11-03,231.66749572753903,249.2400054931641,251.2700042724609,246.07000732421875,246.47000122070312,1430200
2022-11-04,230.60791015625,248.1000061035156,251.38999938964844,245.32000732421875,250.30999755859372,1704100
2022-11-07,233.60086059570312,251.32000732421875,252.22000122070312,247.66000366210935,248.1000061035156,1788700
2022-11-08,233.3034210205078,251.0,254.2100067138672,249.0800018310547,252.5500030517578,2278400
2022-11-09,225.2725830078125,242.3600006103516,251.8699951171875,242.0399932861328,250.0,1648700
2022-11-10,236.0361175537109,253.94000244140625,254.1199951171875,243.0800018310547,246.8600006103516,2034400
2022-11-11,231.57455444335935,249.13999938964844,255.9499969482422,245.92999267578125,255.1000061035156,1621800
2022-11-14,229.52037048339844,246.92999267578125,254.2400054931641,246.57000732421875,249.63999938964844,1570700
2022-11-15,239.1220703125,257.260009765625,258.42999267578125,251.22000122070312,251.8000030517578,1979000
2022-11-16,238.12750244140625,256.19000244140625,259.739990234375,250.5800018310547,250.5800018310547,1379800
2022-11-17,237.8858337402344,255.92999267578125,256.19000244140625,251.22999572753903,254.1100006103516,1089200
2022-11-18,239.53106689453125,257.70001220703125,259.42999267578125,253.5200042724609,258.70001220703125,986800
2022-11-21,239.5403289794922,257.7099914550781,259.7900085449219,255.3600006103516,258.6000061035156,1794100
2022-11-22,239.30795288085935,257.4599914550781,258.0599975585937,251.52999877929688,257.0899963378906,1765400
2022-11-23,238.25762939453125,256.3299865722656,260.07000732421875,256.1400146484375,257.42999267578125,1182900
2022-11-25,239.09417724609372,257.2300109863281,258.010009765625,254.57000732421875,256.4599914550781,889000
2022-11-28,235.2553558349609,253.1000061035156,257.5799865722656,252.80999755859372,256.010009765625,1818900
2022-11-29,235.02301025390625,252.8500061035156,254.2400054931641,248.5,252.75,1520900
2022-11-30,237.6534576416016,255.67999267578125,255.67999267578125,250.8800048828125,251.5800018310547,2146800
2022-12-01,219.6770172119141,236.33999633789065,240.0,230.3300018310547,239.66000366210935,8226200
2022-12-02,226.75978088378903,243.9600067138672,244.9900054931641,233.57000732421875,234.0,5253600
2022-12-05,228.5908966064453,245.92999267578125,246.8600006103516,241.41000366210935,242.3800048828125,2369600
2022-12-06,228.14471435546875,245.4499969482422,247.07000732421875,240.97999572753903,246.55999755859372,2398700
2022-12-07,231.41656494140625,248.97000122070312,250.3300018310547,244.0,244.33999633789065,1759200
2022-12-08,231.16558837890625,248.6999969482422,250.8600006103516,247.3500061035156,249.19000244140625,1787300
2022-12-09,226.1090850830078,243.25999450683597,248.6699981689453,243.1199951171875,247.1000061035156,1408700
2022-12-12,227.54981994628903,244.80999755859372,246.2899932861328,242.0399932861328,243.5399932861328,1497100
2022-12-13,226.2950439453125,243.4600067138672,248.3000030517578,242.3300018310547,247.8500061035156,2499200
2022-12-14,230.03158569335935,247.47999572753903,248.58999633789065,242.41000366210935,244.0200042724609,1904800
2022-12-15,229.47390747070312,246.8800048828125,249.97000122070312,244.80999755859372,247.3999938964844,2105700
2022-12-16,230.74729919433597,248.25,250.4600067138672,244.42999267578125,246.02999877929688,4086400
2022-12-19,225.3469390869141,242.44000244140625,249.82000732421875,240.57000732421875,247.97000122070312,2473400
2022-12-20,223.94338989257807,240.92999267578125,243.57000732421875,239.63999938964844,241.0,1539000
2022-12-21,227.2988739013672,244.5399932861328,244.97999572753903,237.82000732421875,241.27999877929688,2527100
2022-12-22,228.21908569335935,245.52999877929688,245.5500030517578,242.3500061035156,244.44000244140625,1931500
2022-12-23,230.09669494628903,247.5500030517578,248.77999877929688,244.32000732421875,244.32000732421875,1452400
2022-12-27,229.7434539794922,247.1699981689453,248.25,244.6499938964844,247.42999267578125,1643900
2022-12-28,227.7357482910156,245.00999450683597,249.27999877929688,244.7700042724609,247.4600067138672,1196800
2022-12-29,230.5242462158203,248.00999450683597,249.25999450683597,244.9900054931641,245.63999938964844,960100
2022-12-30,229.39703369140625,246.25,248.63999938964844,244.8000030517578,247.3300018310547,1145700
2023-01-03,229.83485412597656,246.72000122070312,248.3600006103516,244.72000122070312,247.6999969482422,1812200
2023-01-04,226.83523559570312,243.5,247.9600067138672,242.4900054931641,245.67999267578125,2472100
2023-01-05,228.6238250732422,245.4199981689453,245.8300018310547,241.6000061035156,242.82000732421875,1746300
2023-01-06,231.5489501953125,248.55999755859372,251.0,245.27999877929688,247.22000122070312,2212800
2023-01-09,224.55291748046875,241.0500030517578,248.6499938964844,240.1300048828125,248.6499938964844,2363100
2023-01-10,225.21432495117188,241.75999450683597,242.4600067138672,238.1199951171875,241.30999755859372,1730300
2023-01-11,220.6031036376953,236.80999755859372,242.1699981689453,231.97000122070312,241.5500030517578,3346400
2023-01-12,216.6439666748047,232.55999755859372,236.6000061035156,231.22000122070312,236.6000061035156,2436600
2023-01-13,217.53829956054688,233.5200042724609,234.5,228.9199981689453,231.3000030517578,1869500
2023-01-17,216.1875,232.07000732421875,234.1499938964844,230.7100067138672,231.9900054931641,1795800
2023-01-18,210.7471618652344,226.22999572753903,232.6000061035156,226.1499938964844,231.27999877929688,2018300
2023-01-19,209.10763549804688,224.47000122070312,227.4600067138672,220.0500030517578,221.2899932861328,3042500
2023-01-20,214.827392578125,230.6100006103516,231.3699951171875,223.47000122070312,225.1699981689453,2148600
2023-01-23,215.25592041015625,231.07000732421875,231.6000061035156,228.3999938964844,230.97999572753903,1512400
2023-01-24,218.09718322753903,234.1199951171875,235.0500030517578,230.33999633789065,230.6999969482422,1655600
2023-01-25,222.1029052734375,238.4199981689453,238.69000244140625,233.5399932861328,233.5500030517578,1869800
2023-01-26,220.9105224609375,237.13999938964844,239.7100067138672,235.22000122070312,239.08999633789065,3039400
2023-01-27,219.95101928710935,236.1100006103516,238.3999938964844,235.72000122070312,237.77999877929688,1230400
2023-01-30,216.9513702392578,232.88999938964844,237.38999938964844,232.5200042724609,236.1699981689453,1663200
2023-01-31,217.61279296875,233.6000061035156,233.6499938964844,227.22999572753903,230.2400054931641,3089100
2023-02-01,219.48521423339844,235.6100006103516,237.13999938964844,230.8999938964844,232.6000061035156,1166200
2023-02-02,215.47950744628903,231.30999755859372,235.0,230.8699951171875,234.19000244140625,1896400
2023-02-03,212.47982788085935,228.08999633789065,229.8800048828125,226.47999572753903,229.6300048828125,2013200
2023-02-06,212.71275329589844,228.33999633789065,230.67999267578125,227.9499969482422,229.7100067138672,1414200
2023-02-07,212.7593231201172,228.38999938964844,229.0800018310547,224.8000030517578,226.88999938964844,1771000
2023-02-08,212.0606689453125,227.63999938964844,228.5,225.82000732421875,227.32000732421875,1346800
2023-02-09,213.32760620117188,229.0,231.6199951171875,228.75999450683597,229.0,1703900
2023-02-10,213.87718200683597,229.58999633789065,231.1699981689453,227.8500061035156,229.2400054931641,1170600
2023-02-13,217.52891540527344,233.50999450683597,233.5200042724609,230.0,230.41000366210935,1206100
2023-02-14,215.5447235107422,231.3800048828125,233.7400054931641,228.00999450683597,233.7400054931641,1183900
2023-02-15,216.26202392578125,232.1499938964844,232.17999267578125,228.58999633789065,230.72999572753903,1063300
2023-02-16,213.159912109375,228.82000732421875,231.9600067138672,228.72000122070312,230.2700042724609,1312500
2023-02-17,212.22836303710935,227.82000732421875,228.22999572753903,225.07000732421875,226.2400054931641,2470900
2023-02-21,211.1011657714844,226.6100006103516,228.6300048828125,224.16000366210935,224.57000732421875,1681900
2023-02-22,209.85289001464844,225.2700042724609,227.7400054931641,224.80999755859372,226.5,1496000
2023-02-23,202.2513427734375,217.1100006103516,218.9900054931641,212.69000244140625,214.97999572753903,4526100
2023-02-24,199.5870819091797,214.25,217.1999969482422,213.3699951171875,215.57000732421875,3213700
2023-02-27,201.3104705810547,216.1000061035156,216.8300018310547,214.19000244140625,215.44000244140625,2484900
2023-02-28,201.4967803955078,216.3000030517578,218.6999969482422,215.5399932861328,216.27999877929688,2002700
2023-03-01,199.15853881835935,213.7899932861328,216.3000030517578,213.1000061035156,214.3300018310547,1934100
2023-03-02,201.43153381347656,216.22999572753903,217.1000061035156,212.58999633789065,213.6100006103516,2157100
2023-03-03,202.7916412353516,217.69000244140625,217.72000122070312,214.8699951171875,215.6199951171875,1321300
2023-03-06,204.3101043701172,219.32000732421875,220.63999938964844,216.83999633789065,218.91000366210935,1777100
2023-03-07,204.2821502685547,219.2899932861328,222.2100067138672,218.22999572753903,220.3999938964844,1715700
2023-03-08,202.76370239257807,217.66000366210935,219.67999267578125,216.8600006103516,219.2899932861328,1413700
2023-03-09,202.5773468017578,217.4600067138672,219.3300018310547,216.72000122070312,217.27999877929688,1573000
2023-03-10,201.30113220214844,216.08999633789065,219.1499938964844,215.9499969482422,218.1999969482422,1436400
2023-03-13,201.96255493164065,216.8000030517578,220.4199981689453,216.1999969482422,216.4600067138672,1610000
2023-03-14,200.7608337402344,215.50999450683597,217.5500030517578,213.4600067138672,217.5500030517578,2765200
2023-03-15,203.60206604003903,218.55999755859372,218.9600067138672,213.0,213.41000366210935,2637600
2023-03-16,197.57489013671875,212.08999633789065,220.9199981689453,211.5399932861328,215.80999755859372,3080800
2023-03-17,194.5380401611328,208.8300018310547,212.19000244140625,207.00999450683597,211.52999877929688,7689800
2023-03-20,195.9353179931641,210.3300018310547,211.77999877929688,208.17999267578125,208.63999938964844,1886800
2023-03-21,195.71177673339844,210.08999633789065,211.8500061035156,207.91000366210935,211.75,1752800
2023-03-22,192.31158447265625,206.44000244140625,210.1699981689453,206.2899932861328,209.69000244140625,1798500
2023-03-23,188.96728515625,202.8500061035156,206.2100067138672,202.4900054931641,205.2100067138672,2123100
2023-03-24,191.7246856689453,205.80999755859372,206.22000122070312,201.30999755859372,202.58999633789065,1809400
2023-03-27,191.91099548339844,206.00999450683597,208.8300018310547,205.13999938964844,206.69000244140625,1582800
2023-03-28,193.8859100341797,208.1300048828125,210.4199981689453,207.1699981689453,207.32000732421875,1525700
2023-03-29,192.9636688232422,207.13999938964844,209.97999572753903,204.9600067138672,208.4499969482422,1878700
2023-03-30,193.47601318359372,207.69000244140625,209.47999572753903,206.4499969482422,208.25,1755100
2023-03-31,196.0564422607422,210.4600067138672,210.5,207.6300048828125,208.6499938964844,2198000
2023-04-03,197.36993408203125,211.8699951171875,213.0200042724609,209.27999877929688,211.4199981689453,2235100
2023-04-04,199.5311737060547,214.19000244140625,214.47000122070312,211.8699951171875,211.8699951171875,1830600
2023-04-05,197.5003662109375,212.00999450683597,215.3699951171875,212.0,215.0,1648700
2023-04-06,197.90090942382807,212.44000244140625,212.8800048828125,210.38999938964844,210.8600006103516,1094700
2023-04-10,202.4876251220703,216.75999450683597,216.94000244140625,211.0,211.0,1558400
2023-04-11,204.2251892089844,218.6199951171875,219.3800048828125,217.30999755859372,217.38999938964844,1884800
2023-04-12,202.0019073486328,216.2400054931641,219.2400054931641,216.1000061035156,218.3800048828125,1406700
2023-04-13,202.3101959228516,216.57000732421875,217.25999450683597,214.0500030517578,215.42999267578125,1495100
2023-04-14,199.1900787353516,213.22999572753903,217.69000244140625,211.82000732421875,216.0800018310547,2504000
2023-04-17,199.4609832763672,213.5200042724609,215.6300048828125,212.42999267578125,214.41000366210935,1394700
2023-04-18,202.0205535888672,216.25999450683597,216.8999938964844,213.3000030517578,213.8600006103516,1638800
2023-04-19,202.25411987304688,216.50999450683597,216.7700042724609,215.2100067138672,215.6499938964844,1661200
2023-04-20,203.55259704589844,217.8999938964844,219.5200042724609,216.50999450683597,217.3000030517578,1453200
2023-04-21,203.8515167236328,218.22000122070312,221.3500061035156,217.5,220.55999755859372,1050000
2023-04-24,207.7843170166016,222.42999267578125,222.8999938964844,219.0399932861328,219.0399932861328,1769200
2023-04-25,204.99118041992188,219.44000244140625,222.9900054931641,218.69000244140625,222.58999633789065,2310200
2023-04-26,204.8230438232422,219.25999450683597,220.05999755859372,218.1499938964844,218.25999450683597,1203000
2023-04-27,206.96224975585935,221.5500030517578,222.47999572753903,219.58999633789065,219.63999938964844,1214000
2023-04-28,206.8781890869141,221.4600067138672,222.9900054931641,220.1100006103516,222.16000366210935,1345200
2023-05-01,205.60772705078125,220.1000061035156,221.3800048828125,219.6000061035156,221.25999450683597,1140600
2023-05-02,205.73855590820312,220.2400054931641,220.3699951171875,216.6199951171875,220.3699951171875,1228300
2023-05-03,202.8799743652344,217.17999267578125,220.8300018310547,216.22999572753903,220.55999755859372,1395700
2023-05-04,202.3101959228516,216.57000732421875,218.5,215.16000366210935,217.3999938964844,1414500
2023-05-05,204.5334930419922,218.9499969482422,220.25,216.8300018310547,216.8300018310547,1227100
2023-05-08,205.5142974853516,220.0,220.5,218.8300018310547,219.0,1028700
2023-05-09,206.08413696289065,220.6100006103516,221.5,219.7700042724609,220.50999450683597,1246300
2023-05-10,203.8141326904297,218.17999267578125,221.3000030517578,215.7400054931641,220.6100006103516,1709400
2023-05-11,202.98277282714844,217.2899932861328,217.63999938964844,215.8000030517578,217.1300048828125,1482800
2023-05-12,204.12242126464844,218.50999450683597,218.6100006103516,215.72999572753903,217.13999938964844,1185800
2023-05-15,203.68341064453125,218.0399932861328,219.47000122070312,216.32000732421875,218.8800048828125,1207600
2023-05-16,200.7874755859375,214.94000244140625,217.1000061035156,214.1999969482422,216.3500061035156,1752900
2023-05-17,202.08595275878903,216.3300018310547,216.42999267578125,213.3999938964844,215.47000122070312,1530800
2023-05-18,203.4871826171875,217.8300018310547,218.3600006103516,214.5,216.6999969482422,1515500
2023-05-19,200.91827392578125,215.0800018310547,218.1100006103516,214.58999633789065,218.1100006103516,1493400
2023-05-22,197.91958618164065,211.8699951171875,214.2100067138672,210.8500061035156,213.88999938964844,1551300
2023-05-23,194.47254943847656,208.17999267578125,210.25,206.7100067138672,210.00999450683597,1668900
2023-05-24,195.09848022460935,208.8500061035156,209.44000244140625,206.8600006103516,209.3999938964844,1736900
2023-05-25,190.20350646972656,203.6100006103516,204.66000366210935,200.8000030517578,203.17999267578125,2536600
2023-05-26,191.5953826904297,205.1000061035156,206.25999450683597,202.3000030517578,202.77999877929688,2603400
2023-05-30,190.4183807373047,203.83999633789065,203.9199981689453,200.17999267578125,202.7899932861328,3279600
2023-05-31,187.8494110107422,201.08999633789065,204.6699981689453,200.55999755859372,203.8500061035156,7855400
2023-06-01,151.20249938964844,161.86000061035156,179.1999969482422,159.1199951171875,178.9199981689453,18281100
2023-06-02,155.1820068359375,166.1199951171875,167.38999938964844,159.5,162.1999969482422,9002900
2023-06-05,148.40936279296875,158.8699951171875,163.9199981689453,158.32000732421875,163.9199981689453,6714700
2023-06-06,146.76527404785156,157.11000061035156,159.55999755859375,153.80999755859375,154.9199981689453,5339400
2023-06-07,145.29861450195312,155.5399932861328,158.02999877929688,154.63999938964844,156.75999450683594,4145600
2023-06-08,145.5882110595703,155.85000610351562,157.3000030517578,154.82000732421875,156.74000549316406,2983400
2023-06-09,142.9725799560547,153.0500030517578,155.27999877929688,152.75,154.57000732421875,3269400
2023-06-12,143.8507080078125,153.99000549316406,154.50999450683594,151.27000427246094,153.6999969482422,5028800
2023-06-13,149.55838012695312,160.10000610351562,160.16000366210938,154.77999877929688,154.94000244140625,4493900
2023-06-14,151.44532775878906,162.1199951171875,164.66000366210938,160.83999633789062,163.86000061035156,6474800
2023-06-15,152.90264892578125,163.67999267578125,164.64999389648438,160.25999450683594,161.25999450683594,3499500
2023-06-16,153.50051879882812,164.32000732421875,164.64999389648438,161.75999450683594,163.2100067138672,4781500
2023-06-20,154.12640380859375,164.99000549316406,165.38999938964844,162.0,163.1699981689453,4862600
2023-06-21,156.0507354736328,167.0500030517578,167.8800048828125,164.00999450683594,165.3000030517578,4003800
2023-06-22,160.88035583496094,172.22000122070312,172.5399932861328,166.02000427246094,169.0500030517578,4853300
2023-06-23,159.8807830810547,171.14999389648438,173.08999633789062,170.02999877929688,172.0,7118700
2023-06-26,156.64862060546875,167.69000244140625,171.9199981689453,167.55999755859375,171.38999938964844,2708900
2023-06-27,158.24598693847656,169.39999389648438,169.63999938964844,166.0399932861328,167.30999755859375,2722000
2023-06-28,156.0507354736328,167.0500030517578,169.77000427246094,166.3300018310547,169.11000061035156,2323000
2023-06-29,155.78921508789062,166.77000427246094,168.0,165.41000366210938,165.9600067138672,1936800
2023-06-30,158.6009979248047,169.77999877929688,169.8300018310547,167.32000732421875,167.50999450683594,3308200
2023-07-03,159.33900451660156,170.57000732421875,171.16000366210938,168.22999572753906,169.72999572753906,1132900
2023-07-05,158.9559783935547,170.16000366210938,170.72999572753906,168.36000061035156,170.3800048828125,3013200
2023-07-06,157.6481475830078,168.75999450683594,170.16000366210938,168.61000061035156,169.72000122070312,2403600
2023-07-07,158.18063354492188,169.3300018310547,170.77000427246094,167.6999969482422,168.52999877929688,2555500
2023-07-10,158.41502380371094,168.99000549316406,170.75999450683594,168.0,168.75,2208700
2023-07-11,159.25865173339844,169.88999938964844,170.1999969482422,167.7100067138672,168.3300018310547,2030200
2023-07-12,158.05877685546875,168.61000061035156,170.63999938964844,167.41000366210938,170.5,2649500
2023-07-13,155.29336547851562,165.66000366210938,168.77000427246094,165.47999572753906,168.77000427246094,1981700
2023-07-14,152.94981384277344,163.16000366210938,165.99000549316406,162.6999969482422,165.69000244140625,2340400
2023-07-17,151.0468292236328,161.1300048828125,163.9600067138672,160.94000244140625,162.89999389648438,2075400
2023-07-18,154.19659423828125,164.49000549316406,164.92999267578125,161.3300018310547,162.0800018310547,2421200
2023-07-19,155.84645080566406,166.25,166.52000427246094,163.69000244140625,165.7100067138672,2327100
2023-07-20,158.2274627685547,168.7899932861328,169.9499969482422,166.02999877929688,166.97999572753906,3105900
2023-07-21,156.63388061523438,167.08999633789062,169.1199951171875,165.92999267578125,168.24000549316406,2591400
2023-07-24,157.17759704589844,167.6699981689453,168.7899932861328,166.74000549316406,168.7899932861328,2175100
2023-07-25,154.3840789794922,164.69000244140625,167.9199981689453,163.11000061035156,167.9199981689453,2439600
2023-07-26,154.56216430664062,164.8800048828125,166.69000244140625,164.3000030517578,165.49000549316406,2171500
2023-07-27,157.4400634765625,167.9499969482422,173.47000122070312,165.0,165.0,3052100
2023-07-28,159.91485595703125,170.58999633789062,171.11000061035156,167.82000732421875,168.77999877929688,2125300
2023-07-31,158.29310607910156,168.86000061035156,171.72999572753906,167.97000122070312,170.60000610351562,1442800
2023-08-01,157.89938354492188,168.44000244140625,169.92999267578125,167.88999938964844,169.3300018310547,1179000
2023-08-02,157.3744354248047,167.8800048828125,170.1300048828125,167.2100067138672,167.60000610351562,1505800
2023-08-03,158.2743682861328,168.83999633789062,170.4600067138672,167.4199981689453,167.8800048828125,1562400
2023-08-04,157.27134704589844,167.77000427246094,169.4499969482422,167.5500030517578,169.4499969482422,1499500
2023-08-07,156.51202392578125,166.9600067138672,169.6300048828125,166.52999877929688,167.77000427246094,1480500
2023-08-08,154.9277801513672,165.27000427246094,167.33999633789062,164.75999450683594,166.22000122070312,1278100
2023-08-09,156.5963897705078,167.0500030517578,167.6999969482422,165.3699951171875,165.47000122070312,1670100
2023-08-10,156.6151580810547,167.07000732421875,169.19000244140625,166.9199981689453,167.8300018310547,1086900
2023-08-11,154.5340576171875,164.85000610351562,166.94000244140625,164.63999938964844,166.60000610351562,1665700
2023-08-14,153.34353637695312,163.5800018310547,165.25999450683594,162.8699951171875,164.2100067138672,1444700
2023-08-15,152.37799072265625,162.5500030517578,163.3800048828125,161.1300048828125,163.27999877929688,1861800
2023-08-16,153.43724060058594,163.67999267578125,166.47999572753906,163.5800018310547,164.94000244140625,2703500
2023-08-17,150.45628356933594,160.5,164.64999389648438,159.8699951171875,163.89999389648438,1772500
2023-08-18,152.7904510498047,162.99000549316406,163.9499969482422,160.4199981689453,160.57000732421875,1618600
2023-08-21,152.12489318847656,162.27999877929688,163.9499969482422,161.0,162.35000610351562,1998400
2023-08-22,149.8282012939453,159.8300018310547,161.6199951171875,158.8300018310547,161.6199951171875,1578000
2023-08-23,148.5907745361328,158.50999450683594,161.2100067138672,157.64999389648438,161.1999969482422,2777200
2023-08-24,143.4068603515625,152.97999572753906,156.61000061035156,152.61000061035156,156.41000366210938,4520500
2023-08-25,145.28167724609375,154.97999572753906,156.1699981689453,153.66000366210938,154.0,2237400
2023-08-28,146.772216796875,156.57000732421875,156.72999572753906,154.8800048828125,154.97000122070312,1965100
2023-08-29,145.29107666015625,154.99000549316406,157.47999572753906,154.5399932861328,156.8800048828125,2668800
2023-08-30,147.79397583007812,157.66000366210938,157.8000030517578,154.3800048828125,155.66000366210938,4050200
2023-08-31,129.8329620361328,138.5,139.1199951171875,128.47999572753906,128.6199951171875,19302000
2023-09-01,122.11799621582033,130.27000427246094,136.58999633789062,128.5800018310547,136.5500030517578,10694900
2023-09-05,119.25886535644533,127.22000122070312,133.9600067138672,127.16000366210938,130.27000427246094,8064000
2023-09-06,118.54641723632812,126.45999908447266,128.94000244140625,125.6500015258789,126.37999725341795,5544000
2023-09-07,115.9778823852539,123.72000122070312,127.73999786376952,123.30999755859376,126.62999725341795,5284200
2023-09-08,119.2401123046875,127.1999969482422,127.27999877929688,123.62000274658205,123.62000274658205,3830300
2023-09-11,118.71515655517578,126.63999938964844,128.7100067138672,125.4499969482422,127.01000213623048,3408600
2023-09-12,116.13724517822266,123.88999938964844,127.08000183105467,123.87000274658205,126.62000274658205,2764700
2023-09-13,112.49066925048828,120.0,124.58000183105467,119.12000274658205,124.36000061035156,6286700
2023-09-14,110.4189682006836,117.79000091552734,120.5999984741211,117.12999725341795,119.73999786376952,7703500
2023-09-15,108.44102478027344,115.68000030517578,117.33000183105467,115.3499984741211,116.86000061035156,6516800
2023-09-18,106.5474090576172,113.66000366210938,116.2300033569336,112.91000366210938,116.0,6052100
2023-09-19,107.89728546142578,115.0999984741211,115.13999938964844,112.16000366210938,113.54000091552734,6695500
2023-09-20,108.42227172851562,115.66000366210938,116.6500015258789,112.0,113.91000366210938,6107300
2023-09-21,102.8914794921875,109.76000213623048,115.88999938964844,109.75,115.4000015258789,4403900
2023-09-22,101.3728485107422,108.13999938964844,110.58999633789062,107.72000122070312,109.61000061035156,4580200
2023-09-25,101.1103744506836,107.86000061035156,109.11000061035156,107.0,107.88999938964844,2987500
2023-09-26,99.17927551269533,105.8000030517578,108.12000274658205,105.38999938964844,107.86000061035156,4001300
2023-09-27,97.81063842773438,104.33999633789062,106.7300033569336,103.5,106.0500030517578,5405200
2023-09-28,98.77619171142578,105.37000274658205,106.26000213623048,103.2699966430664,104.76000213623048,4432700
2023-09-29,99.17927551269533,105.8000030517578,107.51000213623048,105.38999938964844,106.0199966430664,3734900
2023-10-02,97.28568267822266,103.77999877929688,105.54000091552734,102.47000122070312,105.22000122070312,4503500
2023-10-03,98.98240661621094,105.58999633789062,106.2300033569336,103.0,103.56999969482422,4011900
2023-10-04,100.33230590820312,107.02999877929688,107.26000213623048,104.75,106.0,3323200
2023-10-05,99.72297668457033,106.37999725341795,107.87999725341795,106.31999969482422,106.8000030517578,3440300
2023-10-06,97.72455596923828,103.66999816894533,105.44000244140624,102.7699966430664,105.25,5607400
2023-10-09,96.15032958984376,102.0,104.8000030517578,101.9800033569336,103.16999816894533,3594200
2023-10-10,99.31764221191406,105.36000061035156,105.4000015258789,102.18000030517578,102.79000091552734,3756300
2023-10-11,97.7151336669922,103.66000366210938,106.18000030517578,102.0999984741211,106.16000366210938,3948600
2023-10-12,95.99009704589844,101.83000183105467,104.26000213623048,101.08999633789062,104.19000244140624,4063300
2023-10-13,104.7850112915039,111.16000366210938,112.37999725341795,108.73999786376952,111.0999984741211,12831900
2023-10-16,107.05677795410156,113.56999969482422,115.33999633789062,110.55999755859376,111.23999786376952,5816600
2023-10-17,110.60116577148438,117.33000183105467,118.44000244140624,113.62000274658205,113.62000274658205,6353500
2023-10-18,109.36627960205078,116.0199966430664,117.66999816894533,115.38999938964844,117.0999984741211,4932100
2023-10-19,108.88553619384766,115.51000213623048,117.25,115.01000213623048,115.86000061035156,3674800
2023-10-20,108.6121826171875,115.22000122070312,116.6999969482422,114.6999969482422,115.69000244140624,3355400
2023-10-23,109.97901153564452,116.66999816894533,117.8000030517578,114.5,115.0,3675200
2023-10-24,109.8564682006836,116.54000091552734,117.0,114.43000030517578,116.8000030517578,3658900
2023-10-25,112.6184310913086,119.47000122070312,119.61000061035156,115.7300033569336,116.45999908447266,2795600
2023-10-26,114.00413513183594,120.94000244140624,122.5500030517578,118.66999816894533,119.02999877929688,4052900
2023-10-27,112.47704315185548,119.31999969482422,121.3499984741211,118.45999908447266,120.22000122070312,2915600
2023-10-30,113.05206298828124,119.93000030517578,120.20999908447266,117.9000015258789,119.1500015258789,2547000
2023-10-31,112.2130889892578,119.04000091552734,120.7699966430664,118.9499969482422,120.0,2265300
2023-11-01,109.68678283691406,116.36000061035156,119.81999969482422,116.08000183105467,119.1500015258789,3048300
2023-11-02,110.6954345703125,117.43000030517578,118.8000030517578,116.23999786376952,117.1999969482422,2613200
2023-11-03,112.401611328125,119.23999786376952,120.48999786376952,118.01000213623048,118.5,2029800
2023-11-06,112.7126922607422,119.56999969482422,121.68000030517578,119.36000061035156,119.52999877929688,1770900
2023-11-07,114.03240966796876,120.97000122070312,122.20999908447266,119.19000244140624,119.4000015258789,1721600
2023-11-08,112.60901641845705,119.45999908447266,120.97000122070312,119.05999755859376,120.68000030517578,1637400
2023-11-09,111.23274230957033,118.0,120.16999816894533,117.73999786376952,119.77999877929688,1950800
2023-11-10,111.17618560791016,117.94000244140624,118.72000122070312,116.66000366210938,118.72000122070312,1729000
2023-11-13,110.65771484375,117.38999938964844,117.95999908447266,116.31999969482422,117.5,1638400
2023-11-14,114.37176513671876,121.33000183105467,122.4800033569336,118.25,118.25,2965500
2023-11-15,115.93656158447266,122.98999786376952,128.1199951171875,122.91000366210938,123.58000183105467,3270700
2023-11-16,111.05361938476562,117.80999755859376,120.61000061035156,117.7300033569336,120.52999877929688,3738600
2023-11-17,114.16437530517578,121.11000061035156,121.5999984741211,117.62999725341795,118.66000366210938,3029400
2023-11-20,114.79595947265624,121.77999877929688,122.31999969482422,120.38999938964844,120.91000366210938,2248800
2023-11-21,116.21937561035156,123.29000091552734,123.4000015258789,121.02999877929688,121.81999969482422,1630100
2023-11-22,117.8030242919922,124.97000122070312,125.0,122.5500030517578,124.0,1802600
2023-11-24,118.28377532958984,125.4800033569336,126.18000030517578,124.3499984741211,124.70999908447266,1042600
2023-11-27,118.4722900390625,125.68000030517578,126.52999877929688,124.76000213623048,125.44000244140624,2098000
2023-11-28,120.18791198730467,127.5,128.2899932861328,125.08999633789062,125.66999816894533,2739200
2023-11-29,121.4887924194336,128.8800048828125,130.75,127.62000274658205,127.62000274658205,3115000
2023-11-30,123.6002960205078,131.1199951171875,131.4499969482422,128.42999267578125,129.2899932861328,5372400
2023-12-01,126.96559143066406,134.69000244140625,134.80999755859375,130.2899932861328,130.6699981689453,2860200
2023-12-04,127.0975570678711,134.8300018310547,136.57000732421875,134.1199951171875,134.4600067138672,2761100
2023-12-05,125.74011993408205,133.38999938964844,135.32000732421875,132.94000244140625,135.1699981689453,2231500
2023-12-06,126.23974609375,133.9199981689453,135.22000122070312,131.9199981689453,133.7899932861328,4109700
2023-12-07,124.712646484375,132.3000030517578,139.7899932861328,130.74000549316406,139.19000244140625,8273900
2023-12-08,119.92398071289062,127.22000122070312,135.1300048828125,125.77999877929688,133.00999450683594,6688700
2023-12-11,118.59484100341795,125.80999755859376,130.10000610351562,123.66999816894533,128.13999938964844,3828800
2023-12-12,116.91692352294922,124.02999877929688,125.66000366210938,122.63999938964844,125.66000366210938,2603100
2023-12-13,122.86502075195312,130.33999633789062,130.3699951171875,122.5,123.61000061035156,3857000
2023-12-14,123.5060577392578,131.02000427246094,133.25,128.50999450683594,131.97000122070312,4581500
2023-12-15,122.52567291259766,129.97999572753906,130.99000549316406,129.35000610351562,130.99000549316406,7373200
2023-12-18,118.84935760498048,126.08000183105467,130.5,125.91000366210938,130.5,3494100
2023-12-19,122.56339263916016,130.02000427246094,130.05999755859375,126.3499984741211,126.5500030517578,3063700
2023-12-20,121.51705169677734,128.91000366210938,131.08999633789062,128.25,129.38999938964844,2668600
2023-12-21,122.62936401367188,130.08999633789062,131.07000732421875,128.5800018310547,130.11000061035156,1678600
2023-12-22,124.6277847290039,132.2100067138672,132.9199981689453,130.36000061035156,130.36000061035156,1969900
2023-12-26,125.42904663085938,133.05999755859375,133.85000610351562,131.38999938964844,132.1699981689453,2099500
2023-12-27,126.72991180419922,134.44000244140625,134.9499969482422,132.6999969482422,133.1199951171875,2003100
2023-12-28,127.77625274658205,135.5500030517578,136.44000244140625,134.24000549316406,134.4600067138672,1679100
2023-12-29,128.1533203125,135.9499969482422,136.61000061035156,134.80999755859375,135.05999755859375,1778800
2024-01-02,132.37637329101562,140.42999267578125,141.66000366210938,136.14999389648438,136.77000427246094,3386600
2024-01-03,123.75112915039062,131.27999877929688,140.4499969482422,130.88999938964844,140.10000610351562,3785300
2024-01-04,127.03153228759766,134.75999450683594,136.52000427246094,132.05999755859375,133.3699951171875,2650700
2024-01-05,127.9742202758789,135.75999450683594,137.38999938964844,133.80999755859375,134.47000122070312,1974900
2024-01-08,127.07476806640624,134.22000122070312,136.0,132.52999877929688,133.4499969482422,1755200
2024-01-09,129.41329956054688,136.69000244140625,137.11000061035156,132.6999969482422,133.72000122070312,1915100
2024-01-10,126.92330169677734,134.05999755859375,137.33999633789062,133.91000366210938,135.9199981689453,2370100
2024-01-11,126.73394012451172,133.86000061035156,134.75999450683594,132.72000122070312,133.9499969482422,1547200
2024-01-12,127.472412109375,134.63999938964844,135.00999450683594,133.02999877929688,133.50999450683594,1873800
2024-01-16,130.48313903808594,137.82000732421875,138.9199981689453,135.10000610351562,136.27000427246094,2808300
2024-01-17,129.85826110839844,137.16000366210938,139.86000061035156,136.3000030517578,137.0,2232500
2024-01-18,128.75054931640625,135.99000549316406,137.00999450683594,134.55999755859375,136.02999877929688,2213400
2024-01-19,125.18124389648438,132.22000122070312,136.02999877929688,131.19000244140625,135.8000030517578,3372200
2024-01-22,127.64286041259766,134.82000732421875,135.35000610351562,131.91000366210938,132.36000061035156,2958900
2024-01-23,126.88542938232422,134.02000427246094,136.05999755859375,132.4600067138672,135.4499969482422,1851100
2024-01-24,123.7137680053711,130.6699981689453,134.22000122070312,130.4600067138672,134.22000122070312,2098600
2024-01-25,125.8061294555664,132.8800048828125,133.42999267578125,128.75999450683594,132.08999633789062,2097700
2024-01-26,126.34578704833984,133.4499969482422,134.3000030517578,132.5,133.83999633789062,1384200
2024-01-29,126.57300567626952,133.69000244140625,134.08999633789062,132.07000732421875,133.02000427246094,2488600
2024-01-30,124.89722442626952,131.9199981689453,132.94000244140625,129.0500030517578,132.8699951171875,2799300
2024-01-31,125.03925323486328,132.07000732421875,133.83999633789062,131.8800048828125,132.83999633789062,1803700
2024-02-01,128.77896118164062,136.02000427246094,137.67999267578125,131.92999267578125,132.1199951171875,2259800
2024-02-02,128.91151428222656,136.16000366210938,136.60000610351562,134.3300018310547,135.36000061035156,1797200
2024-02-05,127.06531524658205,134.2100067138672,135.72999572753906,133.36000061035156,135.16000366210938,2144500
2024-02-06,127.15998840332033,134.30999755859375,134.8300018310547,133.25,133.38999938964844,1462000
2024-02-07,128.0878143310547,135.2899932861328,136.49000549316406,134.69000244140625,135.4199981689453,1534600
2024-02-08,128.4286651611328,135.64999389648438,136.9499969482422,135.0800018310547,135.30999755859375,1441100
2024-02-09,128.01211547851562,135.2100067138672,135.9199981689453,134.13999938964844,135.0,1925100
2024-02-12,128.89254760742188,136.13999938964844,137.0,134.69000244140625,135.58999633789062,2435500
2024-02-13,124.75520324707033,131.77000427246094,135.25999450683594,130.3699951171875,134.97000122070312,2978300
2024-02-14,124.97295379638672,132.0,132.1999969482422,130.32000732421875,131.60000610351562,1879100
2024-02-15,127.85111236572266,135.0399932861328,135.47000122070312,132.60000610351562,132.64999389648438,1595600
2024-02-16,133.96722412109375,141.5,144.7100067138672,137.0800018310547,137.30999755859375,4853900
2024-02-20,134.90455627441406,142.49000549316406,145.3800048828125,142.0800018310547,142.8699951171875,2757100
2024-02-21,134.17550659179688,141.72000122070312,142.9199981689453,141.0399932861328,142.5,1571200
2024-02-22,133.9388427734375,141.47000122070312,142.3000030517578,138.92999267578125,140.0,1288000
2024-02-23,132.92578125,140.39999389648438,142.4600067138672,140.27999877929688,141.17999267578125,1260700
2024-02-26,131.4014892578125,138.7899932861328,140.19000244140625,137.67999267578125,140.02000427246094,1523500
2024-02-27,136.61819458007812,144.3000030517578,145.2100067138672,139.2899932861328,139.44000244140625,2310100
2024-02-28,135.6429901123047,143.27000427246094,144.75,142.83999633789062,143.99000549316406,1346500
2024-02-29,137.5744171142578,145.30999755859375,146.5399932861328,143.3300018310547,143.5399932861328,1753300
2024-03-01,141.31411743164062,149.25999450683594,150.77000427246094,143.88999938964844,144.3699951171875,3662500
2024-03-04,140.53778076171875,148.44000244140625,149.94000244140625,147.4600067138672,149.13999938964844,2085500
2024-03-05,146.60658264160156,154.85000610351562,154.89999389648438,149.77000427246094,149.77999877929688,3787500
2024-03-06,147.69532775878906,156.0,156.6699981689453,153.58999633789062,156.19000244140625,2677500
2024-03-07,150.46934509277344,158.92999267578125,159.1999969482422,156.41000366210938,158.55999755859375,2886300
2024-03-08,148.93556213378906,157.30999755859375,158.66000366210938,156.41000366210938,158.08999633789062,2103100
2024-03-11,150.84803771972656,159.3300018310547,159.80999755859375,156.89999389648438,158.07000732421875,1973700
2024-03-12,152.637451171875,161.22000122070312,162.4199981689453,159.0,160.6300048828125,3110600
2024-03-13,149.7498016357422,158.1699981689453,158.75,154.8000030517578,154.97999572753906,5625000
2024-03-14,142.071533203125,150.05999755859375,168.07000732421875,147.83999633789062,166.1199951171875,9422300
2024-03-15,143.86093139648438,151.9499969482422,153.3699951171875,149.80999755859375,149.80999755859375,4160300
2024-03-18,147.45863342285156,155.75,157.13999938964844,150.08999633789062,151.10000610351562,2744400
2024-03-19,145.8207244873047,154.02000427246094,156.5,153.14999389648438,156.5,1465800
2024-03-20,147.75213623046875,156.05999755859375,157.1999969482422,154.24000549316406,154.72000122070312,1958400
2024-03-21,146.04794311523438,154.25999450683594,158.32000732421875,154.00999450683594,155.80999755859375,1806400
2024-03-22,142.67747497558594,150.6999969482422,154.41000366210938,150.6699981689453,154.00999450683594,1585800
2024-03-25,142.75320434570312,150.77999877929688,152.47000122070312,150.1999969482422,151.52000427246094,2035900
2024-03-26,142.63958740234375,150.66000366210938,152.47999572753906,150.16000366210938,151.6699981689453,1599300
2024-03-27,146.00062561035156,154.2100067138672,154.35000610351562,151.25999450683594,151.25999450683594,1829500
2024-03-28,147.75213623046875,156.05999755859375,156.57000732421875,153.63999938964844,154.83999633789062,1807400
2024-04-01,148.9734649658203,157.35000610351562,159.92999267578125,156.22999572753906,156.22999572753906,1343900
2024-04-02,146.64442443847656,154.88999938964844,156.97000122070312,153.0,156.5800018310547,1736500
2024-04-03,150.7060089111328,159.17999267578125,159.49000549316406,153.66000366210938,154.6300048828125,2536000
2024-04-04,150.57350158691406,159.0399932861328,164.1199951171875,157.9600067138672,161.0,3276500
2024-04-05,151.0563507080078,159.5500030517578,161.99000549316406,158.4499969482422,159.25,2614600
2024-04-08,148.94671630859375,156.74000549316406,159.52000427246094,155.97000122070312,157.83999633789062,2637700
2024-04-09,145.76327514648438,153.38999938964844,156.60000610351562,151.49000549316406,156.3300018310547,2645800
2024-04-10,146.94163513183594,154.6300048828125,154.89999389648438,150.50999450683594,151.52999877929688,1884700
2024-04-11,146.6945343017578,154.3699951171875,156.25,152.6199951171875,155.27999877929688,1791900
2024-04-12,140.4321746826172,147.77999877929688,153.82000732421875,147.4600067138672,153.6199951171875,2479200
2024-04-15,137.495849609375,144.69000244140625,150.39999389648438,144.49000549316406,149.38999938964844,2066200
2024-04-16,137.78094482421875,144.99000549316406,145.58999633789062,143.02000427246094,144.8300018310547,2140600
2024-04-17,137.3057861328125,144.49000549316406,146.44000244140625,143.66000366210938,146.22999572753906,1864600
2024-04-18,138.43661499023438,145.67999267578125,146.22999572753906,143.32000732421875,144.75,1463900
2024-04-19,137.619384765625,144.82000732421875,146.75999450683594,144.4600067138672,145.75999450683594,1518400
2024-04-22,135.747314453125,142.85000610351562,144.7899932861328,142.5399932861328,144.63999938964844,2174600
2024-04-23,135.63328552246094,142.72999572753906,144.35000610351562,142.2100067138672,143.19000244140625,1431000
2024-04-24,136.0419158935547,143.16000366210938,143.49000549316406,140.6300048828125,141.2899932861328,1322900
2024-04-25,135.55728149414062,142.64999389648438,143.4499969482422,141.38999938964844,142.25,1387900
2024-04-26,135.00613403320312,142.07000732421875,144.4499969482422,141.6199951171875,142.35000610351562,1378600
2024-04-29,134.13185119628906,141.14999389648438,141.49000549316406,138.9600067138672,141.2100067138672,2381700
2024-04-30,132.26931762695312,139.19000244140625,141.16000366210938,139.07000732421875,140.44000244140625,1753200
2024-05-01,130.73936462402344,137.5800018310547,140.0,135.4199981689453,138.7899932861328,2612500
2024-05-02,130.33074951171875,137.14999389648438,138.57000732421875,136.1300048828125,138.14999389648438,1638900
2024-05-03,130.65383911132812,137.49000549316406,138.67999267578125,135.97000122070312,136.75,2268800
2024-05-06,129.37094116210938,136.13999938964844,138.7100067138672,134.67999267578125,138.08999633789062,2481300
2024-05-07,132.9440155029297,139.89999389648438,141.08999633789062,137.3000030517578,137.77000427246094,2594400
2024-05-08,130.682373046875,137.52000427246094,139.97000122070312,137.05999755859375,138.47000122070312,1700400
2024-05-09,133.85626220703125,140.86000061035156,140.88999938964844,136.5,137.24000549316406,1920700
2024-05-10,133.94180297851562,140.9499969482422,141.32000732421875,139.83999633789062,140.94000244140625,1339200
2024-05-13,131.07196044921875,137.92999267578125,143.66000366210938,137.5800018310547,141.83999633789062,1760100
2024-05-14,133.3336181640625,140.30999755859375,140.4600067138672,138.3000030517578,139.77999877929688,1905600
2024-05-15,134.0463409423828,141.05999755859375,142.8800048828125,140.25,140.57000732421875,2012500
2024-05-16,139.3013916015625,146.58999633789062,147.8699951171875,144.8300018310547,145.27999877929688,3270100
2024-05-17,135.06312561035156,142.1300048828125,145.3699951171875,141.1999969482422,145.3699951171875,2744000
2024-05-20,130.9769744873047,137.8300018310547,141.4499969482422,137.6999969482422,141.3800048828125,1846000
2024-05-21,135.509765625,142.60000610351562,147.7899932861328,142.24000549316406,144.7899932861328,3179100
2024-05-22,134.51199340820312,141.5500030517578,142.07000732421875,139.5500030517578,142.0500030517578,2268600
2024-05-23,132.20278930664062,139.1199951171875,142.89999389648438,138.83999633789062,140.72000122070312,2102800
2024-05-24,138.0089874267578,145.22999572753906,145.2899932861328,139.8699951171875,140.0,2229900
2024-05-28,135.19619750976562,142.27000427246094,145.94000244140625,141.02999877929688,144.5399932861328,3491300
2024-05-29,132.35484313964844,139.27999877929688,143.8300018310547,138.8699951171875,141.52999877929688,3797200
2024-05-30,121.57866668701172,127.94000244140624,145.5,126.2300033569336,143.88999938964844,9919700
2024-05-31,130.10269165039062,136.91000366210938,137.0,127.27999877929688,128.0,4872900
2024-06-03,132.6209259033203,139.55999755859375,139.9499969482422,133.6300048828125,135.17999267578125,3879600
2024-06-04,127.82201385498048,134.50999450683594,141.24000549316406,133.88999938964844,139.0,2795800
2024-06-05,127.73648071289062,134.4199981689453,135.57000732421875,131.05999755859375,133.67999267578125,2665800
2024-06-06,123.08963012695312,129.52999877929688,132.19000244140625,128.3300018310547,131.47000122070312,3336000
2024-06-07,120.3147964477539,126.61000061035156,130.2100067138672,125.98999786376952,128.97000122070312,2252300
2024-06-10,121.34111785888672,127.69000244140624,128.16000366210938,126.0,126.52999877929688,1892600
2024-06-11,120.46685791015624,126.7699966430664,128.3000030517578,126.4000015258789,127.29000091552734,1790300
2024-06-12,118.71833801269533,124.93000030517578,127.76000213623048,123.5999984741211,127.08999633789062,2619200
2024-06-13,117.9486083984375,124.12000274658205,125.05999755859376,122.20999908447266,125.05999755859376,1856900
2024-06-14,119.53558349609376,125.79000091552734,125.86000061035156,122.86000061035156,123.62000274658205,1708900
2024-06-17,120.58087921142578,126.88999938964844,126.9800033569336,123.5999984741211,125.08000183105467,1982800
2024-06-18,120.29580688476562,126.58999633789062,127.86000061035156,124.95999908447266,126.80999755859376,2495000
2024-06-20,121.1605453491211,127.5,127.8000030517578,124.81999969482422,126.33999633789062,2802200
2024-06-21,122.36741638183594,128.77000427246094,129.88999938964844,127.5,128.14999389648438,3293000
2024-06-24,124.00189208984376,130.49000549316406,131.47000122070312,128.5,129.1999969482422,2449700
2024-06-25,122.12984466552734,128.52000427246094,129.8699951171875,127.93000030517578,129.72999572753906,1511600
2024-06-26,122.5859603881836,129.0,129.77999877929688,126.6999969482422,128.8800048828125,2570700
2024-06-27,123.8023452758789,130.27999877929688,130.60000610351562,127.6999969482422,128.13999938964844,2343300
2024-06-28,125.65535736083984,132.22999572753906,132.38999938964844,130.75999450683594,131.0,9278000
2024-07-01,124.08741760253906,130.5800018310547,134.38999938964844,130.49000549316406,131.9600067138672,3546400
2024-07-02,123.0325927734375,129.47000122070312,130.5399932861328,127.83000183105467,130.5399932861328,1532800
2024-07-03,119.1934814453125,125.43000030517578,129.75,125.43000030517578,129.52999877929688,1302400
2024-07-05,121.82575225830078,128.1999969482422,128.47000122070312,124.51000213623048,125.41000366210938,1570500
2024-07-08,123.6502685546875,130.1199951171875,130.72000122070312,127.93000030517578,129.25999450683594,1874100
2024-07-09,122.7052230834961,128.5399932861328,129.47000122070312,127.26000213623048,129.32000732421875,1572800
2024-07-10,121.7124252319336,127.5,129.25999450683594,126.1500015258789,129.0399932861328,1855900
2024-07-11,125.61676788330078,131.58999633789062,132.30999755859375,127.79000091552734,128.33999633789062,2147200
2024-07-12,126.40908813476562,132.4199981689453,135.4600067138672,132.0399932861328,132.32000732421875,1728800
2024-07-15,121.19695281982422,126.95999908447266,132.47999572753906,125.61000061035156,132.47999572753906,2714400
2024-07-16,121.69335174560548,127.4800033569336,128.6199951171875,126.27999877929688,127.0,1852000
2024-07-17,118.71497344970705,124.36000061035156,125.9800033569336,122.4000015258789,123.0999984741211,3395900
2024-07-18,116.0516128540039,121.56999969482422,124.41999816894533,120.68000030517578,124.0,2548400
2024-07-19,116.86302947998048,122.41999816894533,122.9800033569336,120.30999755859376,122.27999877929688,2153700
2024-07-22,117.68399810791016,123.27999877929688,124.61000061035156,122.3000030517578,122.66000366210938,2067800
2024-07-23,114.93473052978516,120.4000015258789,123.11000061035156,120.18000030517578,123.0,1880400
2024-07-24,111.7367935180664,117.0500030517578,120.5,115.9800033569336,120.5,2763800
2024-07-25,112.93959045410156,118.30999755859376,119.7300033569336,116.56999969482422,117.23999786376952,2354500
2024-07-26,112.72957611083984,118.08999633789062,119.68000030517578,117.56999969482422,118.9000015258789,1577300
2024-07-29,112.03272247314452,117.36000061035156,119.7699966430664,116.22000122070312,118.0999984741211,1810500
2024-07-30,114.55288696289062,120.0,120.41999816894533,116.38999938964844,117.31999969482422,1595400
2024-07-31,114.92518615722656,120.38999938964844,122.25,119.0,119.91999816894533,2501800
2024-08-01,114.70562744140624,120.16000366210938,122.08999633789062,118.62999725341795,121.5500030517578,2286700
2024-08-02,116.07070922851562,121.58999633789062,123.52999877929688,117.4499969482422,119.36000061035156,3169500
2024-08-05,117.31169128417967,122.88999938964844,123.75,119.4499969482422,120.43000030517578,2956600
2024-08-06,117.65535736083984,123.25,125.02999877929688,121.5500030517578,123.20999908447266,2129800
2024-08-07,113.1209716796875,118.5,124.73999786376952,118.33000183105467,124.4000015258789,2186000
2024-08-08,112.80594635009766,118.16999816894533,119.37999725341795,116.41999816894533,118.8499984741211,2528000
2024-08-09,111.50768280029295,116.80999755859376,118.73999786376952,116.4000015258789,117.87999725341795,1520800
2024-08-12,112.26182556152344,117.5999984741211,118.9499969482422,114.91000366210938,116.54000091552734,2119400
2024-08-13,111.53632354736328,116.83999633789062,117.98999786376952,114.16999816894533,115.72000122070312,2901400
2024-08-14,111.24993133544922,116.54000091552734,117.8000030517578,115.3000030517578,116.55999755859376,2253100
2024-08-15,115.06836700439452,120.54000091552734,123.58999633789062,119.0500030517578,120.4000015258789,2730000
2024-08-16,117.67445373535156,123.2699966430664,123.43000030517578,119.91999816894533,120.18000030517578,1687300
2024-08-19,116.54800415039062,122.08999633789062,124.7699966430664,121.9800033569336,123.27999877929688,1534300
2024-08-20,116.07070922851562,121.58999633789062,123.25,120.95999908447266,122.0500030517578,1797900
2024-08-21,118.094482421875,123.70999908447266,126.9800033569336,123.3499984741211,125.37000274658205,2160800
2024-08-22,117.64580535888672,123.23999786376952,124.2699966430664,122.41999816894533,123.75,2019600
2024-08-23,117.98947143554688,123.5999984741211,124.52999877929688,122.66000366210938,123.8000030517578,1557000
2024-08-26,118.69587707519533,124.33999633789062,125.25,123.93000030517578,124.69000244140624,1783900
2024-08-27,119.4404754638672,125.12000274658205,125.30999755859376,123.76000213623048,124.33000183105467,2507900
2024-08-28,118.21857452392578,123.83999633789062,125.41999816894533,122.47000122070312,124.98999786376952,3124700
2024-08-29,80.21566772460938,84.02999877929688,97.0,84.0,92.1999969482422,41655000
2024-08-30,79.20376586914062,82.97000122070312,87.37999725341797,82.68000030517578,84.4000015258789,21069400
2024-09-03,79.9865493774414,83.79000091552734,86.0999984741211,83.0199966430664,83.0199966430664,11628700
2024-09-04,77.39956665039062,81.08000183105469,82.4800033569336,79.36000061035156,81.7300033569336,10616800
2024-09-05,76.7599868774414,80.41000366210938,81.70999908447266,77.95999908447266,81.08999633789062,10493300
2024-09-06,78.83147430419922,82.58000183105469,83.45999908447266,80.5,81.04000091552734,6320900
2024-09-09,77.30411529541016,80.9800033569336,82.93000030517578,80.73999786376953,81.95999908447266,5319800
2024-09-10,77.02726745605469,80.69000244140625,81.76000213623047,79.68000030517578,81.16000366210938,5181500
2024-09-11,76.91271209716797,80.56999969482422,81.44999694824219,78.70999908447266,80.2699966430664,5678700
2024-09-12,79.43287658691406,83.20999908447266,84.2699966430664,80.30999755859375,80.79000091552734,4588200
2024-09-13,80.90296936035156,84.75,86.29000091552734,84.0,84.66999816894531,4280000
2024-09-16,81.85758209228516,85.75,86.25,84.63999938964844,85.0,3741600
2024-09-17,82.10578155517578,86.01000213623047,86.33999633789062,85.36000061035156,85.75,3594700
2024-09-18,82.91719055175781,86.86000061035156,87.75,85.7699966430664,85.7699966430664,3514900
2024-09-19,82.57353210449219,86.5,87.76000213623047,85.94999694824219,87.7300033569336,4372400
2024-09-20,82.10578155517578,86.01000213623047,86.38999938964844,84.52999877929688,86.18000030517578,7965100
2024-09-23,82.1344223022461,86.04000091552734,86.7300033569336,85.22000122070312,85.98999786376953,3010900
2024-09-24,81.13208770751953,84.98999786376953,86.4000015258789,84.98999786376953,86.0,2843800
2024-09-25,80.43521881103516,84.26000213623047,85.05000305175781,83.5999984741211,85.05000305175781,2876500
2024-09-26,82.99356842041016,86.94000244140625,87.75,84.81999969482422,84.81999969482422,3884200
2024-09-27,83.35631561279297,87.31999969482422,88.0999984741211,86.0,86.54000091552734,4011700
2024-09-30,80.73114776611328,84.56999969482422,86.7300033569336,83.73999786376953,86.7300033569336,4782200
2024-10-01,80.63568115234375,84.47000122070312,84.68000030517578,82.58000183105469,84.44000244140625,3582100
2024-10-02,78.05824279785156,81.7699966430664,84.25,81.58000183105469,84.18000030517578,3821500
2024-10-03,78.20142364501953,81.91999816894531,82.02999877929688,81.19999694824219,81.37999725341797,2858500
2024-10-04,80.52113342285156,84.3499984741211,84.9800033569336,82.51000213623047,82.95999908447266,3792200
2024-10-07,80.47340393066406,84.30000305175781,85.08000183105469,83.08000183105469,84.88999938964844,3696800
2024-10-08,80.31958770751953,83.55000305175781,84.08000183105469,82.68000030517578,83.73999786376953,2202900
2024-10-09,79.65626525878906,82.86000061035156,83.5999984741211,82.25,83.4800033569336,3775900
2024-10-10,79.25250244140625,82.44000244140625,82.86000061035156,82.01000213623047,82.86000061035156,3671200
2024-10-11,79.3005599975586,82.48999786376953,82.9000015258789,81.9000015258789,82.5,6849300
2024-10-14,76.67613220214844,79.76000213623047,82.37999725341797,79.6500015258789,82.18000030517578,5953700
2024-10-15,77.45480346679688,80.56999969482422,81.7699966430664,79.55000305175781,79.63999938964844,6580500
2024-10-16,79.0506362915039,82.2300033569336,83.18000030517578,80.22000122070312,80.75,4794700
2024-10-17,78.73339080810547,81.9000015258789,82.52999877929688,80.91999816894531,82.0999984741211,6300900
2024-10-18,77.48363494873047,80.5999984741211,81.97000122070312,80.13999938964844,81.6500015258789,4808600
2024-10-21,77.99313354492188,81.12999725341797,81.52999877929688,80.30000305175781,80.77999877929688,4412100
2024-10-22,77.98355102539062,81.12000274658203,82.2300033569336,80.12000274658203,81.68000030517578,3850500
2024-10-23,77.90663146972656,81.04000091552734,81.62999725341797,80.41999816894531,81.12000274658203,3069000
2024-10-24,78.25272369384766,81.4000015258789,81.66999816894531,80.69999694824219,81.18000030517578,2378700
2024-10-25,77.27214050292969,80.37999725341797,82.66999816894531,80.18000030517578,81.6500015258789,2869700
2024-10-28,77.96431732177734,81.0999984741211,82.36000061035156,80.63999938964844,80.73999786376953,3468000
2024-10-29,76.71458435058594,79.80000305175781,82.4800033569336,79.79000091552734,80.76000213623047,3994000
2024-10-30,75.88782501220703,78.94000244140625,80.4800033569336,78.81999969482422,79.87000274658203,3071900
2024-10-31,76.94530487060547,80.04000091552734,80.81999969482422,78.44999694824219,79.2300033569336,3508700
2024-11-01,78.59880065917969,81.76000213623047,81.86000061035156,79.86000061035156,80.56999969482422,3126600
2024-11-04,78.82950592041016,82.0,84.38999938964844,81.76000213623047,82.30999755859375,4571100
2024-11-05,78.4161376953125,81.56999969482422,82.04000091552734,80.68000030517578,82.01000213623047,4522900
2024-11-06,74.4169921875,77.41000366210938,80.75,77.22000122070312,80.30000305175781,6752600
2024-11-07,75.05146789550781,78.06999969482422,79.41999816894531,77.77999877929688,78.41000366210938,4150700
2024-11-08,73.97476959228516,76.94999694824219,78.25,76.76000213623047,78.08000183105469,3885500
2024-11-11,73.34029388427734,76.29000091552734,77.5999984741211,76.06999969482422,77.0,4613600
2024-11-12,72.21553039550781,75.12000274658203,75.9800033569336,73.51000213623047,75.87000274658203,5638700
2024-11-13,73.81134796142578,76.77999877929688,77.04000091552734,75.12000274658203,75.12000274658203,3379300
2024-11-14,74.07090759277344,77.05000305175781,78.4000015258789,76.20999908447266,76.91000366210938,2821800
2024-11-15,72.9461441040039,75.87999725341797,77.75,75.05000305175781,76.94000244140625,3704300
2024-11-18,74.10935974121094,77.08999633789062,78.69999694824219,75.87999725341797,75.87999725341797,3251700
2024-11-19,73.54217529296875,76.5,78.2699966430664,76.37999725341797,77.45999908447266,2261300
2024-11-20,70.43705749511719,73.2699966430664,75.75,72.12000274658203,75.75,7419000
2024-11-21,71.06192779541016,73.91999816894531,74.43000030517578,73.2699966430664,73.47000122070312,3162300
2024-11-22,72.03288269042969,74.93000030517578,75.91999816894531,74.0199966430664,74.22000122070312,3828100
2024-11-25,73.6286849975586,76.58999633789062,77.75,75.87000274658203,75.91999816894531,4951300
2024-11-26,71.75408172607422,74.63999938964844,76.23999786376953,74.19999694824219,75.83000183105469,3195700
2024-11-27,73.31144714355469,76.26000213623047,76.37000274658203,74.70999908447266,75.5,3306400
2024-11-29,74.28239440917969,77.2699966430664,77.98999786376953,76.30000305175781,77.97000122070312,2440100
2024-12-02,74.78230285644531,77.79000091552734,77.93000030517578,76.05000305175781,77.0,3658200
2024-12-03,75.96472930908203,79.0199966430664,79.93000030517578,77.4800033569336,77.7699966430664,3813000
2024-12-04,76.42618560791016,79.5,80.16999816894531,78.37999725341797,79.73999786376953,5936900
2024-12-05,76.52230834960938,79.5999984741211,80.80000305175781,75.3499984741211,80.16999816894531,11391800
2024-12-06,78.43536376953125,81.58999633789062,84.75,80.87999725341797,81.31999969482422,6926900
2024-12-09,77.6759262084961,80.80000305175781,81.76000213623047,79.88999938964844,81.58999633789062,3471600
2024-12-10,79.20442962646484,82.38999938964844,82.9800033569336,79.23999786376953,80.91999816894531,3400500
2024-12-11,76.73381042480469,79.81999969482422,82.69000244140625,79.73999786376953,82.18000030517578,3205600
2024-12-12,75.387939453125,78.41999816894531,80.20999908447266,77.94000244140625,80.08999633789062,2738700
2024-12-13,73.96516418457031,76.94000244140625,78.66999816894531,75.61000061035156,78.5,3770700
2024-12-16,72.3597183227539,75.2699966430664,76.9000015258789,74.95999908447266,76.3499984741211,3316000
2024-12-17,73.0615005493164,76.0,76.2699966430664,75.13999938964844,75.20999908447266,3388700
2024-12-18,73.00382995605469,75.94000244140625,78.08999633789062,75.61000061035156,75.76000213623047,4537800
2024-12-19,71.03307342529297,73.88999938964844,75.81999969482422,72.80999755859375,75.58000183105469,4032400
2024-12-20,73.446044921875,76.4000015258789,76.80999755859375,73.79000091552734,73.79000091552734,5865400
2024-12-23,71.73486328125,74.62000274658203,75.77999877929688,73.37999725341797,75.55999755859375,5089400
2024-12-24,71.75408172607422,74.63999938964844,75.01000213623047,74.12000274658203,74.5,1542300
2024-12-26,72.705810546875,75.62999725341797,75.81999969482422,74.16000366210938,74.75,3600700
2024-12-27,72.95575714111328,75.88999938964844,76.5199966430664,75.19000244140625,75.38999938964844,2659700
2024-12-30,72.76348114013672,75.69000244140625,76.23999786376953,74.76000213623047,75.7699966430664,3775400
2024-12-31,72.88845825195312,75.81999969482422,76.33000183105469,74.91999816894531,75.69000244140625,3500400
2025-01-02,72.705810546875,75.62999725341797,78.04000091552734,75.23999786376953,76.30000305175781,2673700
2025-01-03,71.78292846679688,74.66999816894531,75.91000366210938,74.44999694824219,75.91000366210938,3120000
2025-01-06,72.91729736328125,75.8499984741211,77.44999694824219,74.45999908447266,74.91999816894531,3234400
2025-01-07,71.86123657226562,74.16999816894531,78.0,74.08000183105469,75.6500015258789,3592200
2025-01-08,69.39060974121094,71.62000274658203,74.0,70.1500015258789,73.79000091552734,5786100
2025-01-10,69.13871765136719,71.36000061035156,71.87000274658203,70.77999877929688,71.19000244140625,4669600
2025-01-13,69.36154174804688,71.58999633789062,72.2699966430664,70.37000274658203,71.56999969482422,4094800
2025-01-14,67.2203369140625,69.37999725341797,72.02999877929688,69.33000183105469,71.5,3946500
2025-01-15,66.43555450439453,68.56999969482422,71.31999969482422,68.5199966430664,70.80999755859375,3489800
2025-01-16,67.10408020019531,69.26000213623047,69.44999694824219,66.43000030517578,67.80999755859375,5024500
2025-01-17,66.30960083007812,68.44000244140625,70.0,68.0999984741211,69.5199966430664,3386400
2025-01-21,69.70065307617188,71.94000244140625,72.55000305175781,69.08999633789062,69.08999633789062,7589600
2025-01-22,68.51863098144531,70.72000122070312,71.8499984741211,70.41000366210938,71.80999755859375,3184800
2025-01-23,69.10963439941406,71.33000183105469,71.37000274658203,69.9000015258789,70.5999984741211,2454800
2025-01-24,69.54563903808594,71.77999877929688,72.19999694824219,71.23999786376953,71.66000366210938,2207600
2025-01-27,71.01831817626953,73.30000305175781,73.69999694824219,72.41999816894531,72.79000091552734,2762100
2025-01-28,70.4466781616211,72.70999908447266,73.30000305175781,71.43000030517578,73.05000305175781,2721500
2025-01-29,69.79753875732422,72.04000091552734,73.4000015258789,71.62999725341797,73.0,2229100
2025-01-30,69.90412139892578,72.1500015258789,73.22000122070312,71.75,72.45999908447266,2240400
2025-01-31,68.84803771972656,71.05999755859375,73.0999984741211,71.02999877929688,72.02999877929688,3127900
2025-02-03,69.24527740478516,71.47000122070312,72.69000244140625,69.31999969482422,70.08999633789062,3853300
2025-02-04,69.56501007080078,71.80000305175781,73.05000305175781,71.01000213623047,71.01000213623047,2545100
2025-02-05,70.55326080322266,72.81999969482422,73.87999725341797,72.19999694824219,72.33999633789062,2973700
2025-02-06,70.34980010986328,72.61000061035156,73.75,72.25,73.69999694824219,2592600
2025-02-07,70.23352813720703,72.48999786376953,73.4800033569336,71.70999908447266,72.5,3511600
2025-02-10,71.83216857910156,74.13999938964844,74.16999816894531,71.62000274658203,72.77999877929688,3031300
2025-02-11,71.82247924804688,74.12999725341797,74.30999755859375,72.91999816894531,73.91999816894531,2882200
2025-02-12,71.5124282836914,73.80999755859375,73.91000366210938,72.75,73.06999969482422,2311800
2025-02-13,70.5726318359375,72.83999633789062,74.11000061035156,72.66999816894531,73.95999908447266,2803000
2025-02-14,70.30134582519531,72.55999755859375,73.94999694824219,72.01000213623047,73.69999694824219,2809200
2025-02-18,72.69446563720703,75.02999877929688,75.31999969482422,72.36000061035156,72.69999694824219,3788000
2025-02-19,73.27578735351562,75.62999725341797,75.9000015258789,74.48999786376953,75.2300033569336,2447700
2025-02-20,73.7602310180664,76.12999725341797,78.1500015258789,74.22000122070312,74.94999694824219,4486100
2025-02-21,74.30278778076172,76.69000244140625,76.75,74.97000122070312,76.19999694824219,3528400
2025-02-24,76.56995391845703,79.02999877929688,79.87999725341797,76.27999877929688,76.33999633789062,4827000
2025-02-25,76.13395690917969,78.58000183105469,79.27999877929688,77.08999633789062,78.8499984741211,4423000
2025-02-26,71.880615234375,74.19000244140625,78.30999755859375,73.30999755859375,78.16000366210938,5391100
2025-02-27,71.67716217041016,73.9800033569336,74.66999816894531,72.7300033569336,73.7300033569336,2156200
2025-02-28,71.87092590332031,74.18000030517578,74.94000244140625,73.12999725341797,74.6500015258789,3051400
2025-03-03,69.65220642089844,71.88999938964844,74.55000305175781,71.26000213623047,73.56999969482422,3695700
2025-03-04,70.650146484375,72.91999816894531,74.0199966430664,70.01000213623047,70.5199966430664,3426100
2025-03-05,71.40585327148438,73.69999694824219,73.87000274658203,72.5199966430664,72.62999725341797,2614900
2025-03-06,73.86680603027344,76.23999786376953,76.75,73.5999984741211,73.7300033569336,3082200
2025-03-07,79.29248046875,81.83999633789062,82.62000274658203,75.55999755859375,75.56999969482422,7380800
2025-03-10,80.22261047363281,82.80000305175781,85.08000183105469,80.58999633789062,81.73999786376953,7211600
2025-03-11,76.19208526611328,78.63999938964844,83.0999984741211,77.23999786376953,83.0999984741211,4468500
2025-03-12,72.52006530761719,74.8499984741211,79.3499984741211,74.66999816894531,79.27999877929688,4955500
2025-03-13,77.4613037109375,79.94999694824219,81.13999938964844,76.44000244140625,78.62000274658203,8556000
2025-03-14,76.56025695800781,79.0199966430664,79.98999786376953,77.5199966430664,79.91000366210938,5170900
2025-03-17,77.36442565917969,79.8499984741211,80.80000305175781,78.0999984741211,79.9000015258789,3230200
2025-03-18,78.8758773803711,81.41000366210938,81.73999786376953,79.0999984741211,79.83000183105469,3101400
2025-03-19,79.76721954345703,82.33000183105469,82.63999938964844,80.51000213623047,80.80999755859375,3385700
2025-03-20,79.12777709960938,81.66999816894531,83.20999908447266,81.25,82.08000183105469,3225200
2025-03-21,81.05583953857422,83.66000366210938,84.13999938964844,80.51000213623047,81.16999816894531,6957600
2025-03-24,80.57139587402344,83.16000366210938,83.55999755859375,81.66999816894531,82.4800033569336,4698000
2025-03-25,80.00945281982422,82.58000183105469,84.2300033569336,82.2300033569336,83.22000122070312,3894200
2025-03-26,82.06344604492188,84.69999694824219,85.80999755859375,81.75,82.29000091552734,4877000
2025-03-27,84.81505584716797,87.54000091552734,87.86000061035156,85.0999984741211,85.33000183105469,4717000
2025-03-28,83.41988372802734,86.0999984741211,87.75,85.12999725341797,87.4000015258789,3901900
2025-03-31,85.19291687011719,87.93000030517578,88.5,85.4000015258789,85.4000015258789,5923300
2025-04-01,84.87318420410156,87.5999984741211,89.58000183105469,86.80999755859375,88.4800033569336,3601200
2025-04-02,87.39225006103516,90.1999969482422,90.5500030517578,87.43000030517578,87.43000030517578,4966300
2025-04-03,91.47119903564452,94.41000366210938,95.0,88.30000305175781,89.36000061035156,11232400
2025-04-04,89.73693084716797,92.62000274658205,97.8499984741211,92.26000213623048,92.26000213623048,10629000
2025-04-07,89.15559387207031,92.0199966430664,94.6500015258789,90.62000274658205,92.4800033569336,7925100
2025-04-08,85.51837921142578,87.69999694824219,93.1999969482422,86.77999877929688,92.9499969482422,7396300
2025-04-09,83.88017272949219,86.0199966430664,91.19000244140624,84.69999694824219,86.98999786376953,9408500
2025-04-10,84.96256256103516,87.12999725341797,88.88999938964844,85.5999984741211,86.0,6501400
2025-04-11,86.8250503540039,89.04000091552734,89.22000122070312,86.37999725341797,87.41999816894531,4211700
2025-04-14,88.06346130371094,90.30999755859376,90.79000091552734,87.91999816894531,88.8499984741211,3264500
2025-04-15,86.23023223876953,88.43000030517578,90.45999908447266,88.30999755859375,90.0,2832100
2025-04-16,87.13710021972656,89.36000061035156,89.73999786376953,87.25,89.0999984741211,3332800
2025-04-17,90.75480651855467,93.06999969482422,93.2699966430664,89.05000305175781,89.05000305175781,4172000
2025-04-21,93.23162078857422,95.61000061035156,95.9499969482422,93.16000366210938,93.5500030517578,4640700
2025-04-22,94.38227081298828,96.79000091552734,96.9000015258789,94.12000274658205,95.66999816894533,3668800
2025-04-23,93.0561065673828,95.43000030517578,96.70999908447266,93.69000244140624,95.87999725341795,3852100
2025-04-24,91.47639465332033,93.80999755859376,95.66000366210938,92.27999877929688,95.62000274658205,3693400
2025-04-25,91.23261260986328,93.55999755859376,94.5,93.26000213623048,94.0,3040100
2025-04-28,90.15998077392578,92.45999908447266,93.81999969482422,91.3499984741211,93.30999755859376,3048600
2025-04-29,91.00833129882812,93.33000183105467,93.4800033569336,91.7699966430664,93.08999633789062,2560800
2025-04-30,91.35939025878906,93.69000244140624,94.5,92.0199966430664,93.5,3588600
2025-05-01,88.29749298095703,90.5500030517578,93.16000366210938,89.33999633789062,93.16000366210938,5236600
2025-05-02,88.05371856689453,90.3000030517578,91.66999816894533,90.2300033569336,91.55999755859376,3770000
2025-05-05,89.91619873046875,92.20999908447266,92.69000244140624,90.4499969482422,91.0500030517578,2617100
2025-05-06,91.33013153076172,93.66000366210938,94.04000091552734,91.9000015258789,91.9000015258789,2948800
2025-05-07,90.57928466796876,92.88999938964844,94.11000061035156,91.6999969482422,93.81999969482422,2187500
2025-05-08,89.68215942382812,91.97000122070312,93.62999725341795,91.7300033569336,92.9000015258789,2572200
2025-05-09,89.37987518310547,91.66000366210938,92.5,91.12999725341795,91.61000061035156,2185100
2025-05-12,87.26386260986328,89.48999786376953,91.38999938964844,87.04000091552734,90.5,5487400
2025-05-13,84.68952941894531,86.8499984741211,89.94000244140625,86.69000244140625,89.05000305175781,4068500
2025-05-14,85.51837921142578,87.69999694824219,88.2699966430664,86.25,87.41999816894531,3927800
2025-05-15,90.67679595947266,92.98999786376952,93.01000213623048,87.54000091552734,87.69999694824219,3890100
2025-05-16,91.22286224365234,93.5500030517578,93.76000213623048,92.11000061035156,92.56999969482422,2562600
2025-05-19,95.73768615722656,98.18000030517578,98.52999877929688,93.55999755859376,93.63999938964844,4711200
2025-05-20,99.6576919555664,102.1999969482422,102.69000244140624,98.75,99.70999908447266,6814300
2025-05-21,98.27301025390624,100.77999877929688,102.1999969482422,100.27999877929688,101.26000213623048,2967100
2025-05-22,98.1364974975586,100.63999938964844,101.4800033569336,99.76000213623048,101.0199966430664,2963200
2025-05-23,98.86784362792967,101.38999938964844,101.9800033569336,100.47000122070312,100.87999725341795,2240400
2025-05-27,98.46803283691406,100.9800033569336,101.5,99.68000030517578,101.38999938964844,3235400
2025-05-28,95.33787536621094,97.7699966430664,100.81999969482422,97.5500030517578,100.81999969482422,3157000
2025-05-29,94.65531158447266,97.06999969482422,98.04000091552734,96.13999938964844,97.6500015258789,2419200
2025-05-30,94.83082580566406,97.25,98.16000366210938,96.5199966430664,96.83000183105467,5254700
2025-06-02,94.75281524658205,97.16999816894533,98.19000244140624,96.36000061035156,97.3000030517578,4878000
2025-06-03,109.7697296142578,112.56999969482422,113.61000061035156,106.08000183105467,106.95999908447266,15320300
2025-06-04,108.9896240234375,111.7699966430664,114.7300033569336,109.8000030517578,114.7300033569336,6039500
2025-06-05,111.00814056396484,113.83999633789062,115.11000061035156,111.76000213623048,112.0500030517578,4558900
2025-06-06,110.65709686279295,113.4800033569336,114.11000061035156,111.43000030517578,112.43000030517578,2938300
2025-06-09,110.49131774902344,113.30999755859376,114.5199966430664,112.4499969482422,113.5999984741211,3059000
2025-06-10,108.47280883789062,111.23999786376952,114.37000274658205,109.86000061035156,113.4000015258789,3324300
2025-06-11,108.67758178710938,111.4499969482422,112.23999786376952,110.88999938964844,111.37000274658205,2693800
2025-06-12,109.05789184570312,111.83999633789062,111.97000122070312,109.81999969482422,111.6500015258789,2831600
2025-06-13,108.90187072753906,111.68000030517578,113.0999984741211,111.3000030517578,112.18000030517578,2319300
2025-06-16,110.80335998535156,113.62999725341795,114.58999633789062,111.11000061035156,111.48999786376952,2901300
2025-06-17,110.50106811523438,113.31999969482422,113.86000061035156,112.0199966430664,112.98999786376952,2096700
2025-06-18,109.51619720458984,112.30999755859376,114.04000091552734,111.62999725341795,113.23999786376952,2228400
2025-06-20,108.73609924316406,111.51000213623048,112.52999877929688,110.31999969482422,112.19000244140624,4972300
2025-06-23,112.09052276611328,114.9499969482422,115.0199966430664,111.62000274658205,112.29000091552734,3964200
2025-06-24,110.49131774902344,113.30999755859376,113.86000061035156,109.5500030517578,111.47000122070312,4592000
2025-06-25,109.96475219726562,112.7699966430664,114.23999786376952,112.2699966430664,113.0,3117000
2025-06-26,109.82823181152344,112.62999725341795,114.16999816894533,112.19000244140624,112.95999908447266,1990300
2025-06-27,111.60295104980467,114.4499969482422,114.70999908447266,112.98999786376952,112.98999786376952,3326500
2025-06-30,111.53469848632812,114.37999725341795,114.87000274658205,112.6500015258789,113.8499984741211,3041800
2025-07-01,112.43180847167967,115.3000030517578,116.25,114.0,114.23999786376952,2835000
2025-07-02,112.58783721923828,115.45999908447266,116.22000122070312,113.9499969482422,115.38999938964844,2484100
2025-07-03,111.27142333984376,114.11000061035156,116.06999969482422,112.68000030517578,115.48999786376952,2042000
2025-07-07,113.4069366455078,116.3000030517578,116.3000030517578,113.20999908447266,114.5,4144000
2025-07-08,110.44705200195312,112.69000244140624,115.4000015258789,111.94000244140624,114.81999969482422,3302500
2025-07-09,110.11380767822266,112.3499984741211,112.73999786376952,111.05999755859376,112.73999786376952,2479600
2025-07-10,110.0256118774414,112.26000213623048,113.56999969482422,111.61000061035156,111.76000213623048,2520000
2025-07-11,110.88809204101562,113.13999938964844,113.3499984741211,111.91000366210938,112.12000274658205,2226000
2025-07-14,112.11321258544922,114.38999938964844,114.69000244140624,112.62000274658205,113.29000091552734,2024000
2025-07-15,110.96649932861328,113.22000122070312,114.18000030517578,112.97000122070312,113.61000061035156,2285200
2025-07-16,110.32943725585938,112.56999969482422,113.6999969482422,111.11000061035156,113.36000061035156,2140500
2025-07-17,107.05591583251952,109.2300033569336,112.0,108.69000244140624,111.11000061035156,4763200
2025-07-18,107.89878845214844,110.08999633789062,110.54000091552734,108.81999969482422,109.5500030517578,2744600
2025-07-21,105.4583511352539,107.5999984741211,110.27999877929688,107.33999633789062,110.08999633789062,2816400
2025-07-22,107.64397430419922,109.83000183105467,109.97000122070312,108.0999984741211,108.0999984741211,2058800
2025-07-23,107.06570434570312,109.23999786376952,110.0,107.66000366210938,109.5,2186200
2025-07-24,105.60537719726562,107.75,109.5999984741211,107.73999786376952,109.43000030517578,1667400
2025-07-25,105.41915130615234,107.55999755859376,108.75,107.22000122070312,107.81999969482422,1603800
2025-07-28,103.70398712158205,105.80999755859376,107.05999755859376,104.6999969482422,107.02999877929688,2729600
2025-07-29,104.72328186035156,106.8499984741211,107.3499984741211,105.51000213623048,105.87999725341795,2038100
2025-07-30,103.43936157226562,105.54000091552734,107.2699966430664,105.41999816894533,106.6999969482422,3020700
2025-07-31,102.81209564208984,104.9000015258789,106.3499984741211,104.5,105.0,3133300
2025-08-01,106.3698501586914,108.52999877929688,109.02999877929688,105.05999755859376,105.31999969482422,4216800
2025-08-04,108.7318878173828,110.94000244140624,111.2300033569336,108.0199966430664,108.33000183105467,3329000
2025-08-05,108.65347290039062,110.86000061035156,111.6500015258789,109.77999877929688,109.77999877929688,2972700
2025-08-06,111.06450653076172,113.31999969482422,114.3000030517578,111.33999633789062,111.4800033569336,2859600
2025-08-07,113.32853698730467,115.62999725341795,115.83000183105467,113.0,113.12999725341795,2678500
2025-08-08,114.00479888916016,116.31999969482422,117.9499969482422,115.3000030517578,116.0,2424600
2025-08-11,112.27002716064452,114.5500030517578,117.4800033569336,114.31999969482422,116.6500015258789,2695900
2025-08-12,112.89728546142578,115.19000244140624,116.27999877929688,114.0500030517578,115.22000122070312,2277300
2025-08-13,113.48534393310548,115.79000091552734,116.3000030517578,112.44000244140624,115.11000061035156,3874900
2025-08-14,112.4170379638672,114.6999969482422,115.6500015258789,113.45999908447266,115.33999633789062,1752700
2025-08-15,110.52545928955078,112.7699966430664,114.68000030517578,112.06999969482422,114.68000030517578,3258100
2025-08-18,110.06480407714844,112.3000030517578,114.0,112.25,113.58000183105467,1968400
2025-08-19,110.5352554321289,112.77999877929688,113.6500015258789,111.47000122070312,112.5500030517578,3267800
2025-08-20,112.56405639648438,114.8499984741211,115.91000366210938,112.47000122070312,112.7300033569336,2608800
2025-08-21,110.2510223388672,112.48999786376952,114.5500030517578,111.91000366210938,114.08000183105467,2545100
2025-08-22,110.1628189086914,112.4000015258789,113.75,111.37000274658205,112.11000061035156,2428600
2025-08-25,110.11380767822266,112.3499984741211,112.8000030517578,111.0199966430664,112.1999969482422,2806100
2025-08-26,108.3006362915039,110.5,112.4800033569336,110.08000183105467,112.43000030517578,2717700
2025-08-27,108.9866943359375,111.1999969482422,111.33000183105467,110.01000213623048,110.58000183105467,3621600
2025-08-28,109.48655700683594,111.70999908447266,115.0,105.69000244140624,114.9800033569336,7421200
2025-08-29,106.59527587890624,108.76000213623048,113.81999969482422,107.41999816894533,112.30999755859376,4583400
2025-09-02,108.2614288330078,110.45999908447266,110.93000030517578,108.33999633789062,109.75,2637900
2025-09-03,107.50676727294922,109.69000244140624,110.1999969482422,106.63999938964844,108.79000091552734,2686900
2025-09-04,106.28164672851562,108.44000244140624,110.23999786376952,107.87000274658205,110.11000061035156,2765200
2025-09-05,107.10491180419922,109.27999877929688,109.83999633789062,108.41000366210938,108.95999908447266,1913100
2025-09-08,106.55606079101562,108.72000122070312,110.6999969482422,107.26000213623048,110.56999969482422,3468100
2025-09-09,102.46906280517578,104.5500030517578,108.3000030517578,104.36000061035156,107.77999877929688,4369200
2025-09-10,104.35084533691406,106.47000122070312,106.48999786376952,104.02999877929688,104.5,3130700
2025-09-11,103.29234313964844,105.38999938964844,107.12999725341795,104.72000122070312,106.68000030517578,2931600
2025-09-12,102.32205200195312,104.4000015258789,105.41999816894533,103.72000122070312,104.44000244140624,2557300
2025-09-15,102.43966674804688,104.5199966430664,104.95999908447266,103.48999786376952,104.05999755859376,3383200
2025-09-16,102.13582611083984,104.20999908447266,105.0,103.33999633789062,104.30999755859376,2313400
2025-09-17,104.02742004394533,106.13999938964844,106.23999786376952,104.48999786376952,104.66000366210938,2592100
2025-09-18,104.77229309082033,106.9000015258789,107.27999877929688,104.97000122070312,106.06999969482422,3963600
2025-09-19,100.07762908935548,102.11000061035156,107.33999633789062,101.04000091552734,107.27999877929688,6059400
2025-09-22,99.83260345458984,101.86000061035156,102.22000122070312,99.9000015258789,102.0999984741211,3549400
2025-09-23,101.60657501220705,103.66999816894533,104.4000015258789,102.16999816894533,102.23999786376952,2840000
2025-09-24,102.42005920410156,104.5,104.51000213623048,103.04000091552734,103.16999816894533,2461100
2025-09-25,100.80289459228516,102.8499984741211,105.93000030517578,102.58999633789062,104.91999816894533,2467900
2025-09-26,100.08743286132812,102.12000274658205,103.20999908447266,101.66999816894533,103.20999908447266,3158400
2025-09-29,100.89111328125,102.94000244140624,103.0,100.88999938964844,102.5999984741211,3380300
2025-09-30,101.2929458618164,103.3499984741211,103.83000183105467,101.22000122070312,103.11000061035156,4139100
2025-10-01,97.6959991455078,99.68000030517578,103.26000213623048,98.6999969482422,103.26000213623048,4678000
2025-10-02,99.38175201416016,101.4000015258789,101.6500015258789,99.43000030517578,99.4499969482422,2953100
2025-10-03,98.21544647216795,100.20999908447266,101.31999969482422,99.7300033569336,101.02999877929688,3450700
2025-10-06,96.17684936523438,98.12999725341795,100.52999877929688,98.06999969482422,100.2699966430664,3189500
2025-10-07,95.02320098876952,96.37000274658205,97.6999969482422,95.33999633789062,97.41000366210938,3427900
2025-10-08,96.7881851196289,98.16000366210938,99.2300033569336,96.51000213623048,96.7300033569336,3336800
2025-10-09,97.29105377197266,98.66999816894533,99.0,97.1500015258789,98.58000183105467,2942100
2025-10-10,97.83336639404295,99.22000122070312,100.52999877929688,98.0999984741211,99.0,2971600
2025-10-13,100.4463348388672,101.87000274658205,102.12000274658205,98.5199966430664,98.7699966430664,3319500
2025-10-14,102.2606201171875,103.70999908447266,103.94000244140624,101.0999984741211,102.25,3269100
2025-10-15,104.83414459228516,106.31999969482422,107.02999877929688,103.55999755859376,104.41999816894533,4313700
2025-10-16,102.4282455444336,103.87999725341795,107.25,103.43000030517578,106.25,3399200
2025-10-17,104.2622528076172,105.73999786376952,105.80999755859376,104.31999969482422,104.66999816894533,2088500
2025-10-20,104.95246887207033,106.44000244140624,108.3499984741211,105.26000213623048,105.75,2343800
2025-10-21,104.03546905517578,105.51000213623048,106.91000366210938,105.18000030517578,106.6500015258789,1931200
2025-10-22,102.13243865966795,103.58000183105467,105.5199966430664,102.95999908447266,105.0500030517578,2270300
2025-10-23,101.55067443847656,102.98999786376952,105.1999969482422,102.72000122070312,103.4800033569336,1651400
2025-10-24,100.5646514892578,101.98999786376952,103.77999877929688,101.3499984741211,103.18000030517578,2124900
2025-10-27,101.33375549316406,102.7699966430664,103.2300033569336,101.54000091552734,101.75,2659000
2025-10-28,100.49563598632812,101.91999816894533,103.2699966430664,100.87999725341795,102.0500030517578,2050600
2025-10-29,98.51372528076172,99.91000366210938,101.5999984741211,99.77999877929688,101.0199966430664,2222100
2025-10-30,98.18833923339844,99.58000183105467,100.87000274658205,99.04000091552734,100.66000366210938,2461900
2025-10-31,97.28119659423828,98.66000366210938,98.75,96.91000366210938,98.68000030517578,2897900
2025-11-03,97.78406524658205,99.16999816894533,99.51000213623048,96.01000213623048,98.33000183105467,2562200
2025-11-04,98.37567901611328,99.7699966430664,100.30999755859376,98.2699966430664,99.37999725341795,2287000
2025-11-05,99.20394134521484,100.61000061035156,100.83999633789062,99.05999755859376,99.73999786376952,2229600
2025-11-06,94.59921264648438,95.94000244140624,101.0500030517578,95.91999816894533,101.0500030517578,3093300
2025-11-07,97.83336639404295,99.22000122070312,99.36000061035156,95.11000061035156,96.33999633789062,3744300
2025-11-10,98.9968719482422,100.4000015258789,100.87999725341795,97.31999969482422,99.25,4042600
2025-11-11,102.61558532714844,104.06999969482422,104.22000122070312,100.3000030517578,100.3000030517578,3135600
2025-11-12,102.75362396240234,104.20999908447266,105.11000061035156,103.9499969482422,104.0199966430664,2415700
2025-11-13,102.7339096069336,104.19000244140624,105.02999877929688,103.13999938964844,103.66999816894533,3054900
2025-11-14,102.84237670898438,104.3000030517578,105.25,103.3499984741211,103.83000183105467,2375100
2025-11-17,101.70844268798828,103.1500015258789,105.75,102.66999816894533,103.8000030517578,2721500
2025-11-18,101.88593292236328,103.33000183105467,104.79000091552734,102.2300033569336,102.95999908447266,1897000
2025-11-19,98.25736236572266,99.6500015258789,104.16000366210938,99.5,103.4800033569336,3391000
2025-11-20,98.88841247558594,100.29000091552734,101.41999816894533,99.72000122070312,100.19000244140624,2458200
2025-11-21,100.2787094116211,101.6999969482422,102.80999755859376,99.5999984741211,100.75,2927000
2025-11-24,100.26885223388672,101.69000244140624,103.19000244140624,100.77999877929688,101.58000183105467,3812900
2025-11-25,102.85223388671876,104.30999755859376,106.33000183105467,102.25,102.54000091552734,3016800
2025-11-26,107.2499008178711,108.7699966430664,109.25,104.5199966430664,104.7300033569336,3118400
2025-11-28,107.9598388671875,109.48999786376952,109.77999877929688,108.5,108.6500015258789,1380400
2025-12-01,107.81193542480467,109.33999633789062,111.06999969482422,108.27999877929688,109.1500015258789,3321300
2025-12-02,108.49229431152344,110.02999877929688,110.51000213623048,108.38999938964844,109.5199966430664,3563100
2025-12-03,108.35425567626952,109.88999938964844,111.87000274658205,109.88999938964844,110.8000030517578,5472700
2025-12-04,123.53903198242188,125.29000091552734,125.44000244140624,114.62000274658205,115.75,14189800
2025-12-05,130.52008056640625,132.3699951171875,135.0800018310547,124.23999786376952,125.19000244140624,12342200
2025-12-08,122.53327941894533,124.2699966430664,133.08999633789062,122.6999969482422,133.0800018310547,6759800
2025-12-09,123.78553771972656,125.54000091552734,128.5500030517578,124.06999969482422,124.97000122070312,4086300
2025-12-10,124.1306381225586,125.88999938964844,126.62999725341795,123.86000061035156,126.54000091552734,2939400
2025-12-11,130.82574462890625,132.67999267578125,132.7100067138672,126.1500015258789,126.25,4208800
2025-12-12,131.34835815429688,133.2100067138672,133.30999755859375,130.77999877929688,132.5,4592800
2025-12-15,131.07225036621094,132.92999267578125,135.57000732421875,132.02999877929688,134.3000030517578,4561600
2025-12-16,132.6301727294922,134.50999450683594,135.67999267578125,132.8000030517578,132.94000244140625,6147700
2025-12-17,135.0557861328125,136.97000122070312,137.60000610351562,133.5,134.19000244140625,3765700
2025-12-18,134.7698516845703,136.67999267578125,137.89999389648438,135.66000366210938,135.9499969482422,4335400
2025-12-19,135.36146545410156,137.27999877929688,137.4199981689453,134.17999267578125,135.97000122070312,5136900
2025-12-22,135.59811401367188,137.52000427246094,138.4600067138672,136.3800048828125,138.0,3666700
2025-12-23,132.37380981445312,134.25,137.1999969482422,133.8800048828125,137.17999267578125,2338700
2025-12-24,133.55703735351562,135.4499969482422,136.25,133.5,134.55999755859375,966900
2025-12-26,135.9136505126953,137.83999633789062,137.89999389648438,135.5399932861328,135.85000610351562,1722500
2025-12-29,135.59811401367188,137.52000427246094,139.8300018310547,137.0500030517578,137.72999572753906,3212400
2025-12-30,133.92189025878906,135.82000732421875,138.08999633789062,135.72999572753906,136.83999633789062,1513300
2025-12-31,130.9145050048828,132.77000427246094,135.7100067138672,132.57000732421875,135.14999389648438,2345000
2026-01-02,134.9079132080078,136.82000732421875,137.6999969482422,132.64999389648438,132.7899932861328,3544300
2026-01-05,136.98841857910156,138.92999267578125,138.97999572753906,133.85000610351562,135.55999755859375,3707700
2026-01-06,143.27638244628906,144.69000244140625,146.19000244140625,139.00999450683594,139.22999572753906,5825900
2026-01-07,142.10789489746094,143.50999450683594,146.0,142.82000732421875,145.0399932861328,3742900
2026-01-08,142.59310913085938,144.0,145.16000366210938,142.50999450683594,144.0,3465600
2026-01-09,141.34542846679688,142.74000549316406,144.89999389648438,141.5500030517578,144.17999267578125,3020100
2026-01-12,147.4056396484375,148.86000061035156,149.05999755859375,142.2100067138672,142.77000427246094,3921900
2026-01-13,149.77227783203125,151.25,152.08999633789062,147.55999755859375,148.5,3053600
2026-01-14,149.47520446777344,150.9499969482422,154.75,150.8699951171875,152.02999877929688,2862700
2026-01-15,150.24758911132812,151.72999572753906,152.67999267578125,149.0800018310547,150.75,3047700
2026-01-16,147.28680419921875,148.74000549316406,152.16000366210938,147.7100067138672,151.41000366210938,3816500
2026-01-20,145.1974334716797,146.6300048828125,151.25999450683594,145.8300018310547,148.60000610351562,4301500
2026-01-21,145.7222442626953,147.16000366210938,147.8699951171875,145.2899932861328,146.9499969482422,3588600
2026-01-22,143.18727111816406,144.60000610351562,149.25999450683594,143.99000549316406,147.08999633789062,3926800
2026-01-23,145.48458862304688,146.9199981689453,147.41000366210938,144.38999938964844,145.22999572753906,2447300
2026-01-26,148.86126708984375,150.3300018310547,152.74000549316406,148.67999267578125,148.75,3367200
2026-01-27,146.2173614501953,147.66000366210938,151.08999633789062,147.16000366210938,150.99000549316406,2580000
2026-01-28,143.62294006347656,145.0399932861328,147.77000427246094,143.38999938964844,146.97000122070312,2117800
2026-01-29,140.39480590820312,141.77999877929688,145.66000366210938,140.85000610351562,145.0800018310547,2622800
2026-01-30,142.02867126464844,143.42999267578125,143.57000732421875,140.0,140.11000061035156,2307400
2026-02-02,142.10789489746094,143.50999450683594,145.27000427246094,142.7100067138672,143.6999969482422,3019600
2026-02-03,146.59364318847656,148.0399932861328,150.05999755859375,142.9600067138672,144.49000549316406,4347500
2026-02-04,147.79180908203125,149.25,151.1699981689453,146.44000244140625,149.33999633789062,2792400
2026-02-05,143.48431396484375,144.89999389648438,149.5,144.61000061035156,148.55999755859375,2433300
2026-02-06,145.2172088623047,146.64999389648438,148.2100067138672,145.82000732421875,146.52999877929688,1715400
2026-02-09,145.93019104003906,147.3699951171875,149.8800048828125,146.8699951171875,146.97999572753906,2247000
2026-02-10,144.8211212158203,146.25,148.8000030517578,145.8800048828125,148.36000061035156,1940700
2026-02-11,145.7222442626953,147.16000366210938,147.9600067138672,144.30999755859375,146.22000122070312,2770000
2026-02-12,147.1085662841797,148.55999755859375,150.67999267578125,145.94000244140625,148.0,3188000
2026-02-13,152.33697509765625,153.83999633789062,153.8800048828125,146.52000427246094,148.67999267578125,2940400
2026-02-17,148.2176055908203,149.67999267578125,155.0,147.57000732421875,153.7899932861328,2904800
2026-02-18,150.53477478027344,152.02000427246094,153.82000732421875,149.1199951171875,149.39999389648438,2564400
2026-02-19,150.3070068359375,151.7899932861328,153.89999389648438,149.67999267578125,150.74000549316406,2215400
2026-02-20,149.16822814941406,150.63999938964844,154.24000549316406,149.11000061035156,151.30999755859375,2596200
2026-02-23,151.40614318847656,152.89999389648438,153.30999755859375,149.1699981689453,150.3000030517578,2284300
2026-02-24,152.455810546875,153.9600067138672,154.60000610351562,150.9600067138672,153.00999450683594,2195600
2026-02-25,153.27769470214844,154.7899932861328,156.52999877929688,153.25999450683594,153.6999969482422,3410900
2026-02-26,152.4954071044922,154.0,158.22999572753906,153.52999877929688,154.5,2347700
2026-02-27,154.71353149414062,156.24000549316406,157.07000732421875,153.52000427246094,153.52000427246094,3443100
2026-03-02,151.12889099121094,152.6199951171875,156.8800048828125,151.42999267578125,154.6300048828125,2497200
2026-03-03,151.54478454589844,153.0399932861328,154.8300018310547,149.3000030517578,150.05999755859375,2741000
2026-03-04,150.11886596679688,151.60000610351562,155.50999450683594,150.52999877929688,154.88999938964844,2893700
2026-03-05,145.11819458007812,146.5500030517578,150.2100067138672,144.52000427246094,149.72000122070312,3794400
2026-03-06,144.88055419921875,146.30999755859375,147.5,144.75,145.02000427246094,2842700
2026-03-09,144.0982666015625,145.52000427246094,145.77000427246094,141.6199951171875,144.75,2770900
2026-03-10,144.57357788085938,146.0,149.22999572753906,144.5,145.1300048828125,3358600
2026-03-11,143.42489624023438,144.83999633789062,146.99000549316406,143.75,145.36000061035156,4722900
2026-03-12,134.62176513671875,135.9499969482422,140.00999450683594,128.83999633789062,131.5500030517578,8687400
2026-03-13,130.55191040039062,131.83999633789062,135.97999572753906,131.1300048828125,134.92999267578125,3770000
2026-03-16,133.5325164794922,134.85000610351562,135.49000549316406,131.4199981689453,133.07000732421875,3251300
2026-03-17,129.6508026123047,130.92999267578125,135.3800048828125,130.3800048828125,135.3800048828125,3885600
2026-03-18,125.43242645263672,126.66999816894533,130.8300018310547,126.16000366210938,130.5,4004400
2026-03-19,122.24388885498048,123.4499969482422,126.93000030517578,122.88999938964844,126.0,3521400
2026-03-20,123.30342864990234,124.5199966430664,124.8499984741211,122.6999969482422,124.62999725341795,4147700
2026-03-23,123.8876724243164,125.11000061035156,126.44000244140624,123.75,126.08000183105467,2979800
2026-03-24,116.72830200195312,117.87999725341795,122.80999755859376,117.05999755859376,121.76000213623048,4570500
2026-03-25,118.38198852539062,119.5500030517578,120.33999633789062,116.5999984741211,119.5,3657800
2026-03-26,118.06511688232422,119.2300033569336,121.76000213623048,118.51000213623048,118.5199966430664,4084900
2026-03-27,116.01535034179688,117.16000366210938,119.7300033569336,117.12999725341795,119.5999984741211,2902000
2026-03-30,116.68869018554688,117.83999633789062,119.75,116.94000244140624,118.91999816894533,2950700
2026-03-31,117.57000732421876,118.7300033569336,119.9000015258789,116.6999969482422,118.58000183105467,3410400
2026-04-01,116.0252456665039,117.16999816894533,121.12999725341795,117.12000274658205,120.41999816894533,4018900
2026-04-02,118.57013702392578,119.73999786376952,119.87000274658205,115.31999969482422,116.31999969482422,2571200
2026-04-06,123.78865051269533,125.01000213623048,125.13999938964844,119.9800033569336,119.98999786376952,3163400
2026-04-07,120.59493255615234,121.20999908447266,124.33000183105467,120.47000122070312,123.7699966430664,3126400
2026-04-08,122.42559814453124,123.0500030517578,124.4499969482422,120.6500015258789,121.94000244140624,2904300
2026-04-09,119.14234161376952,119.75,121.93000030517578,118.0199966430664,121.44000244140624,3151300
2026-04-10,115.14274597167967,115.7300033569336,119.77999877929688,114.88999938964844,119.0500030517578,3286400
2026-04-13,118.6548309326172,119.26000213623048,119.9499969482422,114.68000030517578,114.9000015258789,4016500
2026-04-14,118.983154296875,119.58999633789062,120.55999755859376,117.8000030517578,118.9000015258789,2609900
2026-04-15,120.94315338134766,121.55999755859376,121.75,117.6500015258789,119.3499984741211,2845700
2026-04-16,122.84346771240234,123.47000122070312,125.70999908447266,121.80999755859376,122.23999786376952,3664900
2026-04-17,126.03717803955078,126.68000030517578,127.26000213623048,123.30999755859376,123.30999755859376,3071800
2026-04-20,125.81829071044922,126.45999908447266,127.18000030517578,124.62999725341795,126.30999755859376,2362700
2026-04-21,123.48021697998048,124.11000061035156,126.9499969482422,123.69000244140624,126.08999633789062,2295100
2026-04-22,122.57483673095705,123.1999969482422,125.01000213623048,121.51000213623048,124.9499969482422,2392400
2026-04-23,121.44062042236328,122.05999755859376,123.66999816894533,120.43000030517578,123.08999633789062,2298000
2026-04-24,120.09747314453124,120.70999908447266,122.33000183105467,119.51000213623048,122.29000091552734,1850400
2026-04-27,116.7545166015625,117.3499984741211,121.43000030517578,116.72000122070312,121.02999877929688,1927500
2026-04-28,115.23228454589844,115.81999969482422,119.19000244140624,114.25,119.11000061035156,2581000
2026-04-29,113.55085754394533,114.12999725341795,116.26000213623048,112.76000213623048,115.91000366210938,2974700
2026-04-30,115.29197692871094,115.87999725341795,116.62000274658205,113.8499984741211,113.8499984741211,3061400
2026-05-01,113.8493423461914,114.43000030517578,116.55999755859376,113.4000015258789,116.52999877929688,2189300
2026-05-04,113.89908599853516,114.4800033569336,117.61000061035156,113.5,114.44000244140624,3379400
2026-05-05,116.41625213623048,117.01000213623048,118.58000183105467,115.81999969482422,116.18000030517578,2897200
2026-05-06,115.7794952392578,116.37000274658205,117.54000091552734,114.80999755859376,116.5500030517578,2930300
2026-05-07,115.87899017333984,116.47000122070312,117.5500030517578,113.55999755859376,116.16999816894533,3210900
2026-05-08,112.71512603759766,113.29000091552734,117.37000274658205,112.91000366210938,117.04000091552734,3307100
2026-05-11,104.09906768798828,104.62999725341795,112.30999755859376,103.63999938964844,111.83000183105467,6574900
2026-05-12,102.45744323730467,102.9800033569336,105.23999786376952,102.26000213623048,104.83999633789062,5469500
2026-05-13,101.23368072509766,101.75,103.37999725341795,100.80999755859376,102.19000244140624,4618200
2026-05-14,104.51693725585938,105.0500030517578,105.51000213623048,102.1500015258789,102.1500015258789,3933900
2026-05-15,101.86048126220705,102.37999725341795,105.36000061035156,102.31999969482422,105.36000061035156,3435900
2026-05-18,105.69094848632812,106.2300033569336,106.47000122070312,100.41999816894533,101.91999816894533,5083000
2026-05-19,102.95490264892578,103.4800033569336,106.02999877929688,100.20999908447266,106.0199966430664,4381800
2026-05-20,104.07917022705078,104.61000061035156,105.51000213623048,101.05999755859376,102.5500030517578,3260300
2026-05-21,104.57662963867188,105.11000061035156,105.2699966430664,99.56999969482422,101.83999633789062,3767900
2026-05-22,105.1138916015625,105.6500015258789,106.08999633789062,104.26000213623048,104.43000030517578,2435200
2026-05-26,103.08424377441406,103.61000061035156,105.62999725341795,101.79000091552734,105.62999725341795,3541000
2026-05-27,103.80059051513672,104.33000183105467,106.9000015258789,102.43000030517578,102.7300033569336,4966500
2026-05-28,109.34232330322266,109.9000015258789,111.4499969482422,107.37999725341795,111.0,4782700
2026-05-29,110.04872131347656,110.61000061035156,110.66999816894533,108.05999755859376,108.79000091552734,5519000
2026-06-01,109.37217712402344,109.93000030517578,111.98999786376952,108.1500015258789,111.0500030517578,7146500
2026-06-02,105.73074340820312,106.2699966430664,115.0,105.5500030517578,113.25,9005600
2026-06-03,104.55673217773438,105.08999633789062,106.88999938964844,101.87000274658205,105.75,4689700
2026-06-04,102.99469757080078,103.5199966430664,106.73999786376952,103.16999816894533,106.73999786376952,3037300
2026-06-05,103.1737823486328,103.6999969482422,105.66999816894533,102.6500015258789,104.26000213623048,2786800
2026-06-08,106.2779541015625,106.81999969482422,106.88999938964844,103.44000244140624,103.63999938964844,3425800
2026-06-09,108.82495880126952,109.37999725341795,110.5,106.25,106.25,3478400
2026-06-10,109.40202331542967,109.95999908447266,110.94000244140624,107.5999984741211,109.1999969482422,2906700
2026-06-11,113.7597885131836,114.33999633789062,114.63999938964844,108.62000274658205,109.5999984741211,3128900
2026-06-12,114.21746063232422,114.8000030517578,116.6500015258789,114.37999725341795,115.0999984741211,2619800
2026-06-15,115.79939270019533,116.38999938964844,119.1999969482422,115.4499969482422,116.48999786376952,3617700
2026-06-16,113.17279052734376,113.75,117.5999984741211,112.9800033569336,116.1999969482422,3479300
2026-06-17,108.13846588134766,108.69000244140624,113.5500030517578,107.91000366210938,113.0,3901300
2026-06-18,112.87430572509766,113.4499969482422,113.80999755859376,108.9499969482422,109.05999755859376,5885900
2026-06-22,111.88933563232422,112.45999908447266,116.58999633789062,111.75,112.16000366210938,2591900
2026-06-23,113.9985809326172,114.58000183105467,115.08999633789062,112.77999877929688,114.08000183105467,2442900
2026-06-24,118.5652847290039,119.16999816894533,119.66999816894533,114.54000091552734,115.05999755859376,3195200
2026-06-25,116.96345520019533,117.55999755859376,120.12999725341795,115.91999816894533,119.95999908447266,2813300
2026-06-26,118.903564453125,119.51000213623048,120.93000030517578,118.13999938964844,118.3499984741211,3385400
2026-06-29,116.92365264892578,117.5199966430664,118.87999725341795,116.80999755859376,118.62000274658205,2181300
2026-06-30,114.52588653564452,115.11000061035156,116.58999633789062,113.31999969482422,116.0,2178800
2026-07-01,114.61542510986328,115.1999969482422,116.5199966430664,114.12999725341795,114.9800033569336,2676500
2026-07-02,117.5703582763672,118.16999816894533,118.33999633789062,115.48999786376952,116.4499969482422,3242200
2026-07-06,115.68000030517578,116.2699966430664,119.6500015258789,114.62999725341795,119.2699966430664,2141200
2026-07-07,115.43000030517578,115.43000030517578,117.70999908447266,115.1500015258789,115.41000366210938,2577900
2026-07-08,114.8000030517578,114.8000030517578,117.04000091552734,113.1999969482422,114.63999938964844,2545700
2026-07-09,115.7300033569336,115.7300033569336,116.62999725341795,113.5,114.19000244140624,1988800
2026-07-10,118.91999816894533,118.91999816894533,119.04000091552734,116.3499984741211,116.3499984741211,2226100
2026-07-13,123.44000244140624,123.44000244140624,125.75,120.37999725341795,120.37999725341795,3566300
2026-07-14,120.13999938964844,120.13999938964844,123.80999755859376,119.83000183105467,123.6500015258789,2719300
2026-07-15,121.27999877929688,121.27999877929688,122.8499984741211,118.91999816894533,119.37000274658205,2044600
2026-07-16,127.16000366210938,127.16000366210938,127.97000122070312,121.97000122070312,123.08999633789062,4863800
2026-07-17,125.75,125.75,130.61000061035156,124.68000030517578,127.4499969482422,2943300
2026-07-20,124.75,124.75,126.75,124.66000366210938,125.75,2275700
2026-07-21,123.1999969482422,123.1999969482422,125.16999816894533,122.58999633789062,123.83000183105467,1670800
2026-07-22,120.23999786376952,120.23999786376952,124.66000366210938,119.8499984741211,124.61000061035156,1793100
2026-07-23,115.16000366210938,115.16000366210938,119.08999633789062,114.41999816894533,119.08999633789062,2710300
2026-07-24,117.2300033569336,117.2300033569336,119.36000061035156,115.16000366210938,115.72000122070312,1654900
2026-07-27,123.22000122070312,123.22000122070312,124.47000122070312,118.68000030517578,118.68000030517578,2496700
2026-07-28,125.97000122070312,125.97000122070312,127.41999816894533,124.3499984741211,125.43000030517578,2537300
2026-07-29,128.67999267578125,128.67999267578125,129.1300048828125,124.33999633789062,125.41999816894533,1807500
2026-07-30,127.5,127.5,128.07000732421875,125.80999755859376,127.58000183105467,1771500
2026-07-31,127.0500030517578,127.0500030517578,127.6999969482422,125.04000091552734,127.16999816894533,1392900
2026-08-03,127.72000122070312,127.72000122070312,131.25,126.5199966430664,128.6300048828125,1953600
2026-08-04,127.26000213623048,127.26000213623048,128.32000732421875,124.5,125.0500030517578,1928500
2026-08-05,126.94000244140624,126.94000244140624,128.60000610351562,126.04000091552734,128.17999267578125,1470700
2026-08-06,127.4499969482422,127.4499969482422,128.25999450683594,125.68000030517578,128.13999938964844,1436900
2026-08-07,126.58999633789062,126.58999633789062,127.9800033569336,125.55999755859376,127.1500015258789,1833500
2026-08-10,122.41999816894533,122.41999816894533,125.68000030517578,121.43000030517578,124.61000061035156,2819500
2026-08-11,120.06999969482422,120.06999969482422,122.91999816894533,119.6999969482422,121.4000015258789,1944000
2026-08-12,119.5999984741211,119.5999984741211,120.76000213623048,118.0,120.76000213623048,2096000
2026-08-13,122.08000183105467,122.08000183105467,123.06999969482422,119.8499984741211,121.5999984741211,1552000
2026-08-14,123.27999877929688,123.27999877929688,125.7699966430664,122.08000183105467,122.1999969482422,1553700
2026-08-17,120.08000183105467,120.08000183105467,122.43000030517578,119.8000030517578,121.30999755859376,1897400
2026-08-18,120.83999633789062,120.83999633789062,124.2300033569336,120.5199966430664,122.80999755859376,2295000
2026-08-19,122.30999755859376,122.30999755859376,124.08999633789062,121.7300033569336,121.87000274658205,2221800
2026-08-20,120.58000183105467,120.58000183105467,123.08999633789062,117.51000213623048,118.0,2154800
2026-08-21,123.41000366210938,123.41000366210938,123.43000030517578,121.3000030517578,121.72000122070312,1770100
2026-08-24,125.33000183105467,125.33000183105467,125.5,123.0,123.58000183105467,2136900
