Date,Adj Close,Close,High,Low,Open,Volume
2015-01-02,154.87261962890625,194.41000366210935,195.72999572753903,192.6999969482422,195.3000030517578,1877700
2015-01-05,150.03709411621094,188.33999633789065,194.0399932861328,187.47999572753903,193.05999755859372,3413200
2015-01-06,147.00196838378906,184.52999877929688,188.66000366210935,183.92999267578125,188.3000030517578,3429200
2015-01-07,149.19271850585938,187.27999877929688,187.9900054931641,185.7700042724609,186.8500061035156,1896800
2015-01-08,151.57469177246094,190.2700042724609,190.82000732421875,189.25,189.3500061035156,1962500
2015-01-09,149.24844360351562,187.3500061035156,191.30999755859372,186.9600067138672,190.47999572753903,1980700
2015-01-12,147.43214416503906,185.07000732421875,187.52999877929688,184.1100006103516,187.3600006103516,2084200
2015-01-13,147.320556640625,184.92999267578125,189.3800048828125,183.3699951171875,186.5800018310547,2745300
2015-01-14,143.57643127441406,180.22999572753903,182.50999450683597,178.10000610351562,181.17999267578125,5204700
2015-01-15,142.1903076171875,178.49000549316406,181.6000061035156,177.5,180.17999267578125,3146000
2015-01-16,141.18653869628906,177.22999572753906,180.10000610351562,174.05999755859375,176.72999572753906,5124100
2015-01-20,139.9119415283203,175.6300048828125,178.3300018310547,174.22999572753906,177.57000732421875,3606600
2015-01-21,141.12283325195312,177.14999389648438,178.38999938964844,172.82000732421875,174.5500030517578,3737000
2015-01-22,145.01829528808594,182.0399932861328,182.58999633789065,177.25,178.80999755859375,6228200
2015-01-23,143.78353881835938,180.4900054931641,182.97999572753903,180.4199981689453,181.42999267578125,3123800
2015-01-26,143.72779846191406,180.4199981689453,180.9900054931641,178.05999755859375,178.72000122070312,2736500
2015-01-27,140.5970916748047,176.49000549316406,178.63999938964844,176.3000030517578,177.24000549316406,3335600
2015-01-28,137.85667419433594,173.0500030517578,177.97000122070312,172.97000122070312,177.72999572753906,3017300
2015-01-29,140.19866943359375,175.99000549316406,176.3000030517578,173.07000732421875,173.17999267578125,2421400
2015-01-30,137.34681701660156,172.41000366210938,175.69000244140625,172.32000732421875,174.1300048828125,3037400
2015-02-02,139.80043029785156,175.49000549316406,175.60000610351562,172.25999450683594,172.99000549316406,2975300
2015-02-03,143.58438110351562,180.2400054931641,180.47999572753903,175.91000366210938,176.00999450683594,3766900
2015-02-04,142.42132568359375,178.77999877929688,180.7100067138672,178.52999877929688,178.72000122070312,2980500
2015-02-05,144.00662231445312,180.7700042724609,181.6000061035156,179.22999572753906,179.44000244140625,2434400
2015-02-06,146.12564086914062,183.42999267578125,184.6199951171875,181.13999938964844,182.0500030517578,3250900
2015-02-09,145.16172790527344,182.22000122070312,182.9499969482422,181.1499938964844,181.69000244140625,2421900
2015-02-10,147.0258331298828,184.55999755859372,184.8000030517578,182.3500061035156,183.3500061035156,2556300
2015-02-11,149.4873809814453,187.6499938964844,188.19000244140625,183.75,184.07000732421875,4079600
2015-02-12,151.18421936035156,189.77999877929688,190.0,187.3999938964844,188.25,3086700
2015-02-13,150.56285095214844,189.0,191.3300018310547,188.33999633789065,189.8699951171875,2720400
2015-02-17,151.3754119873047,190.0200042724609,190.6300048828125,188.30999755859372,188.77999877929688,2123300
2015-02-18,150.2999725341797,188.6699981689453,190.0399932861328,187.82000732421875,189.5399932861328,1850700
2015-02-19,150.65049743652344,189.1100006103516,189.8500061035156,187.2700042724609,187.67999267578125,1470400
2015-02-20,152.56234741210938,191.50999450683597,191.63999938964844,187.0500030517578,188.3500061035156,2317100
2015-02-23,151.6064910888672,190.30999755859372,190.7400054931641,189.2700042724609,190.7400054931641,1691100
2015-02-24,153.1280059814453,192.22000122070312,193.27999877929688,189.67999267578125,190.02999877929688,2627300
2015-02-25,152.72970581054688,191.72000122070312,192.4499969482422,190.4600067138672,191.5500030517578,2775700
2015-02-26,153.59278869628906,192.1999969482422,192.47000122070312,190.0,190.50999450683597,2449300
2015-02-27,151.66685485839844,189.7899932861328,192.5,189.7899932861328,191.19000244140625,2572400
2015-03-02,153.26510620117188,191.7899932861328,191.9199981689453,189.77999877929688,190.0,1659400
2015-03-03,152.84957885742188,191.2700042724609,192.8699951171875,190.57000732421875,190.6999969482422,1487800
2015-03-04,151.57089233398438,189.6699981689453,190.82000732421875,188.97999572753903,190.3500061035156,1648500
2015-03-05,151.89862060546875,190.0800018310547,190.72000122070312,189.07000732421875,190.1300048828125,1330100
2015-03-06,149.3653564453125,186.91000366210935,191.3999938964844,186.5800018310547,187.5800018310547,4103600
2015-03-09,150.18045043945312,187.92999267578125,188.7899932861328,186.57000732421875,187.3000030517578,2233700
2015-03-10,146.00900268554688,182.7100067138672,186.13999938964844,182.7100067138672,185.58999633789065,2768500
2015-03-11,147.18370056152344,184.17999267578125,185.83999633789065,183.00999450683597,183.3000030517578,2098600
2015-03-12,151.79470825195312,189.9499969482422,190.0,185.94000244140625,185.94000244140625,3114800
2015-03-13,151.3072509765625,189.33999633789065,189.7400054931641,186.16000366210935,188.8699951171875,3095100
2015-03-16,153.35299682617188,191.8999938964844,192.4900054931641,189.8999938964844,190.0399932861328,2127700
2015-03-17,152.29019165039062,190.57000732421875,191.2400054931641,188.8000030517578,190.97000122070312,1883200
2015-03-18,153.68865966796875,192.32000732421875,193.0399932861328,189.1999969482422,189.6699981689453,2790100
2015-03-19,151.8107147216797,189.97000122070312,191.75999450683597,189.08999633789065,191.75999450683597,2097100
2015-03-20,154.3359375,193.1300048828125,193.9199981689453,189.8999938964844,190.47000122070312,3473800
2015-03-23,153.40098571777344,191.9600067138672,194.25,191.9600067138672,193.2700042724609,1590500
2015-03-24,152.8575897216797,191.27999877929688,192.50999450683597,191.16000366210935,191.94000244140625,1799100
2015-03-25,149.71701049804688,187.3500061035156,191.22999572753903,187.3500061035156,191.0800018310547,2542000
2015-03-26,149.62905883789062,187.2400054931641,187.97000122070312,185.0200042724609,186.5200042724609,2377200
2015-03-27,150.2843475341797,188.05999755859372,188.47999572753903,186.2700042724609,187.19000244140625,1539600
2015-03-30,152.6497802734375,191.0200042724609,192.0,189.19000244140625,189.2400054931641,2403800
2015-03-31,150.2124786376953,187.97000122070312,190.5500030517578,187.97000122070312,190.33999633789065,2146600
2015-04-01,153.61676025390625,192.22999572753903,192.3300018310547,186.9600067138672,187.94000244140625,4031400
2015-04-02,153.07327270507812,191.5500030517578,192.72999572753903,190.8500061035156,191.72999572753903,2296300
2015-04-06,153.47293090820312,192.0500030517578,192.63999938964844,188.9499969482422,190.17999267578125,1997000
2015-04-07,153.74459838867188,192.38999938964844,193.63999938964844,192.2400054931641,192.5200042724609,1778000
2015-04-08,153.8804168701172,192.55999755859372,193.8500061035156,192.1999969482422,193.0399932861328,1997300
2015-04-09,155.7423858642578,194.88999938964844,195.08999633789065,192.41000366210935,192.8600006103516,1986500
2015-04-10,156.3417205810547,195.63999938964844,195.8600006103516,194.08999633789065,194.6499938964844,1764800
2015-04-13,156.2937774658203,195.5800018310547,197.3800048828125,194.7700042724609,195.32000732421875,2196100
2015-04-14,158.00393676757812,197.72000122070312,198.4900054931641,195.7100067138672,196.97999572753903,3267400
2015-04-15,160.7050018310547,201.1000061035156,202.13999938964844,197.38999938964844,198.2100067138672,5066100
2015-04-16,159.9937744140625,200.2100067138672,202.8699951171875,198.6999969482422,202.6999969482422,5976900
2015-04-17,157.7082977294922,197.3500061035156,198.25,195.6499938964844,197.83999633789065,4578400
2015-04-20,158.3076629638672,198.1000061035156,199.6000061035156,197.9199981689453,199.07000732421875,2616600
2015-04-21,157.3007049560547,196.83999633789065,199.5,196.5800018310547,198.97000122070312,1868300
2015-04-22,158.48345947265625,198.32000732421875,199.16000366210935,196.57000732421875,197.91000366210935,1938100
2015-04-23,159.2745361328125,199.30999755859372,200.4900054931641,197.6000061035156,198.16000366210935,2053400
2015-04-24,158.21974182128906,197.9900054931641,199.1000061035156,197.4499969482422,199.0,1445700
2015-04-27,157.04498291015625,196.5200042724609,199.30999755859372,196.3699951171875,198.75999450683597,1767100
2015-04-28,157.8201904296875,197.4900054931641,197.6100006103516,194.3999938964844,196.1999969482422,1909400
2015-04-29,158.6752166748047,198.55999755859372,199.72999572753903,195.47999572753903,195.7899932861328,2480600
2015-04-30,156.96507263183594,196.4199981689453,199.75,195.3999938964844,198.3999938964844,2732800
2015-05-01,157.85205078125,197.52999877929688,198.57000732421875,196.8300018310547,198.4499969482422,2029500
2015-05-04,159.26657104492188,199.3000030517578,199.72000122070312,197.8999938964844,198.25999450683597,1581600
2015-05-05,157.6602783203125,197.2899932861328,200.38999938964844,196.72000122070312,198.30999755859372,2287500
2015-05-06,156.82923889160156,196.25,198.58999633789065,194.00999450683597,197.75,2433700
2015-05-07,157.74024963378906,197.38999938964844,197.9499969482422,194.80999755859372,196.25999450683597,1795300
2015-05-08,160.2255096435547,200.5,201.33999633789065,199.1000061035156,199.1000061035156,3192500
2015-05-11,161.2084503173828,201.72999572753903,201.9499969482422,200.2899932861328,200.2899932861328,1966700
2015-05-12,160.24952697753906,200.52999877929688,201.0399932861328,198.07000732421875,200.47999572753903,2247500
2015-05-13,160.9687042236328,201.42999267578125,201.75,199.8500061035156,200.47000122070312,2143300
2015-05-14,161.91966247558594,202.6199951171875,202.8800048828125,201.42999267578125,202.3300018310547,1957000
2015-05-15,162.1993865966797,202.97000122070312,202.97000122070312,201.82000732421875,202.5500030517578,1742900
2015-05-18,163.54991149902344,204.66000366210935,205.17999267578125,202.63999938964844,202.6499938964844,2164600
2015-05-19,164.14125061035156,205.3999938964844,206.1999969482422,204.5500030517578,204.9900054931641,2370100
2015-05-20,163.8855438232422,205.0800018310547,205.9600067138672,204.1499938964844,205.1699981689453,1831200
2015-05-21,163.7816619873047,204.9499969482422,205.2100067138672,204.17999267578125,204.6000061035156,2225000
2015-05-22,166.05921936035156,207.8000030517578,208.25999450683597,204.6300048828125,204.66000366210935,3040400
2015-05-26,164.9244384765625,206.3800048828125,207.5200042724609,205.0,207.5200042724609,3336300
2015-05-27,167.06607055664062,209.05999755859372,209.67999267578125,205.8699951171875,206.88999938964844,3011500
2015-05-28,167.1221160888672,208.47999572753903,208.58999633789065,207.27999877929688,208.0800018310547,3084900
2015-05-29,165.28646850585938,206.19000244140625,208.2700042724609,205.6199951171875,208.22999572753903,2255500
2015-06-01,166.5851593017578,207.80999755859372,208.82000732421875,206.88999938964844,207.32000732421875,2088200
2015-06-02,165.47886657714844,206.42999267578125,207.83999633789065,205.6499938964844,206.8500061035156,2230700
2015-06-03,166.96994018554688,208.2899932861328,210.1699981689453,206.7700042724609,207.5200042724609,2417000
2015-06-04,167.43478393554688,208.8699951171875,210.05999755859372,207.0,207.6000061035156,3462500
2015-06-05,168.7013702392578,210.4499969482422,211.94000244140625,208.5500030517578,210.6999969482422,3225100
2015-06-08,168.1723175048828,209.7899932861328,211.6999969482422,209.4499969482422,211.1499938964844,2180700
2015-06-09,167.55502319335938,209.0200042724609,210.44000244140625,207.6199951171875,210.0,2278800
2015-06-10,170.8497314453125,213.1300048828125,213.3999938964844,209.3600006103516,209.72000122070312,2677300
2015-06-11,171.4990692138672,213.94000244140625,214.6100006103516,212.8699951171875,213.1699981689453,2024100
2015-06-12,170.79360961914062,213.05999755859372,214.00999450683597,212.00999450683597,213.47999572753903,2006200
2015-06-15,169.7515106201172,211.75999450683597,212.33999633789065,210.3800048828125,210.88999938964844,1903800
2015-06-16,171.1944580078125,213.55999755859372,213.57000732421875,211.1300048828125,211.8500061035156,1954200
2015-06-17,170.68939208984375,212.92999267578125,214.5,212.57000732421875,213.58999633789065,1778400
2015-06-18,172.02813720703125,214.6000061035156,215.00999450683597,212.00999450683597,213.4499969482422,2167200
2015-06-19,170.89785766601562,213.19000244140625,215.0,213.19000244140625,214.1199951171875,4163400
2015-06-22,173.55918884277344,216.50999450683597,216.80999755859372,215.0,215.05999755859372,2006100
2015-06-23,175.07431030273438,218.3999938964844,218.7700042724609,216.63999938964844,216.9199981689453,2735600
2015-06-24,171.89181518554688,214.42999267578125,217.0,213.6999969482422,216.1999969482422,3945200
2015-06-25,170.6012725830078,212.82000732421875,215.8000030517578,212.4900054931641,215.1499938964844,2434700
2015-06-26,170.88182067871094,213.1699981689453,214.6100006103516,212.5500030517578,213.6199951171875,2762600
2015-06-29,166.45687866210938,207.6499938964844,211.22000122070312,207.6499938964844,210.13999938964844,3292800
2015-06-30,167.37066650390625,208.7899932861328,210.7899932861328,208.1499938964844,209.88999938964844,4167300
2015-07-01,168.29257202148438,209.94000244140625,212.4900054931641,208.9499969482422,211.6300048828125,2820300
2015-07-02,167.69937133789062,209.1999969482422,210.6300048828125,208.5,209.94000244140625,1816600
2015-07-06,166.7694854736328,208.0399932861328,208.52999877929688,206.25999450683597,206.7100067138672,2816800
2015-07-07,166.90574645996094,208.2100067138672,208.97000122070312,203.1999969482422,207.97999572753903,3304200
2015-07-08,163.5790252685547,204.05999755859372,206.7899932861328,203.6999969482422,206.3000030517578,2185100
2015-07-09,164.18020629882812,204.80999755859372,207.5500030517578,204.44000244140625,207.1300048828125,2256200
2015-07-10,166.08815002441406,207.19000244140625,207.97999572753903,206.17999267578125,207.72000122070312,1840600
2015-07-13,168.43679809570312,210.1199951171875,210.30999755859372,208.6499938964844,209.44000244140625,2041700
2015-07-14,170.07217407226562,212.16000366210935,212.75999450683597,209.6999969482422,210.00999450683597,2090700
2015-07-15,170.71347045898438,212.9600067138672,213.6100006103516,211.42999267578125,213.5399932861328,2536700
2015-07-16,169.28652954101562,211.17999267578125,214.13999938964844,209.32000732421875,211.38999938964844,4405200
2015-07-17,170.31268310546875,212.4600067138672,212.8000030517578,209.7899932861328,210.75999450683597,2849000
2015-07-20,170.25653076171875,212.38999938964844,214.0,211.2100067138672,212.67999267578125,2175400
2015-07-21,169.5431365966797,211.5,212.8000030517578,210.75,211.97999572753903,1985300
2015-07-22,170.9459228515625,213.25,213.72000122070312,211.75,211.8000030517578,2301300
2015-07-23,169.18231201171875,211.0500030517578,214.6100006103516,210.6999969482422,213.66000366210935,2192700
2015-07-24,166.2163848876953,207.3500061035156,211.4499969482422,206.8999938964844,211.4499969482422,2453900
2015-07-27,164.3485870361328,205.0200042724609,205.83999633789065,203.5,205.4499969482422,2910500
2015-07-28,165.32656860351562,206.2400054931641,207.17999267578125,204.6000061035156,207.13999938964844,2018100
2015-07-29,165.8075408935547,206.83999633789065,208.1300048828125,205.6699981689453,206.57000732421875,1987300
2015-07-30,166.0961151123047,207.1999969482422,207.3500061035156,205.1000061035156,206.02999877929688,1342900
2015-07-31,164.38864135742188,205.07000732421875,207.47000122070312,204.8999938964844,207.3999938964844,1644000
2015-08-03,164.08401489257812,204.69000244140625,205.9499969482422,202.83999633789065,205.75,2075500
2015-08-04,164.46884155273438,205.1699981689453,207.1499938964844,204.8000030517578,205.00999450683597,1451500
2015-08-05,164.89366149902344,205.6999969482422,207.77999877929688,204.92999267578125,206.94000244140625,1535500
2015-08-06,164.40472412109375,205.08999633789065,206.6999969482422,204.3000030517578,206.0,1485800
2015-08-07,163.08203125,203.44000244140625,206.63999938964844,202.32000732421875,205.3000030517578,1691100
2015-08-10,165.1101837158203,205.97000122070312,206.57000732421875,204.33999633789065,204.58999633789065,1640300
2015-08-11,161.68722534179688,201.6999969482422,203.9199981689453,200.66000366210935,203.5,2554000
2015-08-12,161.23028564453125,201.1300048828125,201.5500030517578,196.5800018310547,199.8999938964844,2771900
2015-08-13,160.91763305664062,200.7400054931641,201.9499969482422,199.5800018310547,200.72000122070312,3353600
2015-08-14,161.94374084472656,202.0200042724609,202.5500030517578,200.7400054931641,200.8300018310547,3567100
2015-08-17,162.38462829589844,202.57000732421875,202.8600006103516,199.77999877929688,201.00999450683597,1600700
2015-08-18,161.27032470703125,201.17999267578125,203.1000061035156,201.17999267578125,202.1199951171875,1665400
2015-08-19,161.0859832763672,200.9499969482422,202.75,199.13999938964844,200.0200042724609,2721400
2015-08-20,157.71917724609375,196.75,199.22000122070312,196.75,198.42999267578125,3140000
2015-08-21,150.4965362548828,187.7400054931641,194.6000061035156,187.5800018310547,193.66000366210935,5406200
2015-08-24,143.859130859375,179.4600067138672,186.88999938964844,172.10000610351562,178.4600067138672,7183600
2015-08-25,142.86508178710938,178.22000122070312,187.3300018310547,177.7100067138672,185.88999938964844,7204800
2015-08-26,147.8191375732422,184.3999938964844,185.05999755859372,179.11000061035156,183.0399932861328,5561800
2015-08-27,151.67495727539062,189.2100067138672,189.8600006103516,185.42999267578125,186.80999755859372,3798500
2015-08-28,151.0233612060547,187.75,188.8500061035156,186.25999450683597,187.58999633789065,2413100
2015-08-31,151.7070770263672,188.6000061035156,190.25,187.17999267578125,187.69000244140625,2858000
2015-09-01,146.4946746826172,182.1199951171875,186.47000122070312,181.0800018310547,184.2400054931641,5494500
2015-09-02,148.41712951660156,184.50999450683597,185.82000732421875,182.50999450683597,184.8699951171875,3043800
2015-09-03,148.85955810546875,185.05999755859372,187.88999938964844,184.27999877929688,185.0,2902200
2015-09-04,145.09507751464844,180.3800048828125,182.8300018310547,179.1300048828125,182.25999450683597,4295600
2015-09-08,149.51918029785156,185.8800048828125,186.30999755859372,183.6499938964844,183.91000366210935,3060100
2015-09-09,149.35824584960938,185.67999267578125,191.75,185.25999450683597,189.5500030517578,4756800
2015-09-10,149.5433349609375,185.91000366210935,187.82000732421875,184.7700042724609,185.4499969482422,3042600
2015-09-11,149.02847290039062,185.2700042724609,185.82000732421875,183.32000732421875,185.42999267578125,2536800
2015-09-14,147.95864868164062,183.94000244140625,185.8600006103516,183.3000030517578,185.6000061035156,2746000
2015-09-15,150.7820281982422,187.4499969482422,188.0200042724609,184.19000244140625,184.77999877929688,3092800
2015-09-16,151.7393341064453,188.63999938964844,189.3000030517578,186.58999633789065,187.9600067138672,2717800
2015-09-17,149.97763061523438,186.4499969482422,190.57000732421875,186.0,188.4499969482422,3712600
2015-09-18,145.5454864501953,180.94000244140625,183.3800048828125,180.5500030517578,183.1999969482422,6529900
2015-09-21,147.4840850830078,183.3500061035156,184.41000366210935,181.6999969482422,183.3000030517578,2947200
2015-09-22,144.5641632080078,179.72000122070312,181.0,178.00999450683594,180.88999938964844,4166900
2015-09-23,144.31480407714844,179.41000366210938,180.19000244140625,177.75,179.80999755859375,2732600
2015-09-24,142.30386352539062,176.91000366210938,177.97999572753906,174.82000732421875,177.66000366210938,3910000
2015-09-25,144.6526336669922,179.8300018310547,181.1100006103516,178.16000366210938,179.1999969482422,3026500
2015-09-28,139.17478942871094,173.02000427246094,178.4600067138672,172.75,178.4600067138672,3898500
2015-09-29,138.24172973632812,171.86000061035156,173.3000030517578,167.49000549316406,173.00999450683594,4419100
2015-09-30,139.77000427246094,173.75999450683594,175.0800018310547,172.16000366210938,174.5800018310547,2931500
2015-10-01,141.5879669189453,176.02000427246094,176.1699981689453,173.0399932861328,174.39999389648438,3613000
2015-10-02,142.38426208496094,177.00999450683594,177.10000610351562,169.8699951171875,172.13999938964844,4469900
2015-10-05,145.3524169921875,180.6999969482422,181.05999755859372,177.8300018310547,178.22999572753906,3411900
2015-10-06,145.0467987060547,180.32000732421875,181.27999877929688,179.47000122070312,180.1999969482422,1859100
2015-10-07,146.58316040039062,182.22999572753903,183.7899932861328,180.5399932861328,181.8000030517578,2572200
2015-10-08,145.65008544921875,181.07000732421875,182.47000122070312,179.75,181.17999267578125,3253400
2015-10-09,144.13784790039062,179.19000244140625,182.2899932861328,178.2100067138672,180.9600067138672,3334900
2015-10-12,144.974365234375,180.22999572753903,181.1999969482422,179.00999450683594,180.8000030517578,3059800
2015-10-13,145.56964111328125,180.97000122070312,183.13999938964844,179.5,179.57000732421875,2918800
2015-10-14,144.3952178955078,179.50999450683594,182.22000122070312,179.13999938964844,180.72999572753903,3252000
2015-10-15,148.77915954589844,184.9600067138672,185.75,175.75999450683594,176.72999572753906,5720100
2015-10-16,148.95611572265625,185.17999267578125,186.6499938964844,183.6300048828125,185.1199951171875,2977500
2015-10-19,149.40658569335938,185.7400054931641,186.5,183.1499938964844,183.47999572753903,2665700
2015-10-20,149.2216033935547,185.50999450683597,185.97000122070312,183.8999938964844,185.1999969482422,2736200
2015-10-21,144.54806518554688,179.6999969482422,186.22000122070312,179.5500030517578,186.22000122070312,3613800
2015-10-22,147.65301513671875,183.55999755859372,184.19000244140625,180.1999969482422,180.22999572753903,2609600
2015-10-23,149.21351623535156,185.5,186.3600006103516,184.42999267578125,185.16000366210935,2935700
2015-10-26,150.42807006835938,187.00999450683597,188.0,186.6199951171875,187.1000061035156,2573700
2015-10-27,149.86505126953125,186.30999755859372,186.8300018310547,184.5,186.0,1932300
2015-10-28,153.89503479003906,191.32000732421875,191.47999572753903,186.1699981689453,186.7100067138672,3231900
2015-10-29,152.74476623535156,189.88999938964844,191.9600067138672,189.3300018310547,191.0,3068100
2015-10-30,150.822265625,187.5,190.08999633789065,187.2400054931641,189.75999450683597,2791600
2015-11-02,152.57577514648438,189.67999267578125,190.42999267578125,187.67999267578125,188.32000732421875,2531500
2015-11-03,153.38827514648438,190.69000244140625,191.8699951171875,189.0500030517578,189.25,2443200
2015-11-04,154.16046142578125,191.6499938964844,192.88999938964844,190.30999755859372,191.0,2174300
2015-11-05,154.45811462402344,192.0200042724609,193.27999877929688,191.0,192.5399932861328,2186300
2015-11-06,160.20944213867188,199.1699981689453,199.47000122070312,195.8999938964844,196.0,4270800
2015-11-09,158.2708740234375,196.75999450683597,199.8999938964844,196.32000732421875,199.0399932861328,2604400
2015-11-10,159.11550903320312,197.80999755859372,198.22000122070312,195.27999877929688,196.5800018310547,2149900
2015-11-11,158.7776641845703,197.38999938964844,198.92999267578125,196.72999572753903,198.2899932861328,1637500
2015-11-12,155.06141662597656,192.7700042724609,196.19000244140625,192.25999450683597,196.19000244140625,3166900
2015-11-13,153.14695739746094,190.38999938964844,193.3800048828125,190.05999755859372,192.6300048828125,2484000
2015-11-16,154.57069396972656,192.16000366210935,192.16000366210935,188.00999450683597,189.9900054931641,4626600
2015-11-17,153.29176330566406,190.57000732421875,193.0,190.32000732421875,192.6699981689453,1783800
2015-11-18,155.7772674560547,193.66000366210935,194.0500030517578,191.00999450683597,191.0500030517578,2509200
2015-11-19,155.27049255371094,193.02999877929688,194.2100067138672,191.6699981689453,193.82000732421875,1835800
2015-11-20,154.01568603515625,191.47000122070312,193.4900054931641,191.1100006103516,193.0,2932100
2015-11-23,152.18167114257812,189.19000244140625,191.4900054931641,188.5200042724609,191.3000030517578,2671700
2015-11-24,151.76344299316406,188.6699981689453,189.8000030517578,186.55999755859372,188.0200042724609,2679400
2015-11-25,152.1495361328125,189.1499938964844,189.7700042724609,188.1499938964844,188.9900054931641,1495600
2015-11-27,153.2113037109375,190.47000122070312,191.19000244140625,188.8500061035156,189.16000366210935,1092700
2015-11-30,153.37274169921875,190.0200042724609,191.0800018310547,189.2400054931641,190.5,3415000
2015-12-01,155.8345489501953,193.07000732421875,193.1499938964844,190.00999450683597,191.22000122070312,4140900
2015-12-02,153.56642150878906,190.25999450683597,193.83999633789065,189.8000030517578,193.3000030517578,1817200
2015-12-03,149.48226928710938,185.1999969482422,191.6499938964844,184.72999572753903,190.66000366210935,3599000
2015-12-04,153.34854125976562,189.9900054931641,190.6199951171875,184.75,185.6100006103516,3517200
2015-12-07,149.71641540527344,185.4900054931641,190.1199951171875,185.0,190.0,3499900
2015-12-08,147.64207458496094,182.9199981689453,184.47000122070312,181.83999633789065,183.9199981689453,2663800
2015-12-09,145.85826110839844,180.7100067138672,184.8500061035156,179.8300018310547,182.0200042724609,3907500
2015-12-10,146.9882354736328,182.1100006103516,183.92999267578125,180.30999755859372,180.9900054931641,2212300
2015-12-11,142.50863647460938,176.55999755859375,180.1499938964844,175.47000122070312,179.67999267578125,3750100
2015-12-14,142.37948608398438,176.39999389648438,178.6300048828125,172.89999389648438,176.6699981689453,5102400
2015-12-15,146.9075164794922,182.00999450683597,183.27999877929688,178.85000610351562,178.97999572753906,3398700
2015-12-16,150.29751586914062,186.2100067138672,186.8800048828125,181.67999267578125,184.00999450683597,3191700
2015-12-17,147.3917999267578,182.6100006103516,187.88999938964844,182.6100006103516,186.8800048828125,2807900
2015-12-18,141.64498901367188,175.49000549316406,181.8999938964844,175.38999938964844,181.1999969482422,6740800
2015-12-21,143.4690704345703,177.75,178.14999389648438,175.8300018310547,177.5,2472900
2015-12-22,145.32557678222656,180.0500030517578,180.69000244140625,177.0500030517578,178.89999389648438,2312800
2015-12-23,147.666259765625,182.9499969482422,183.0,180.4600067138672,180.6999969482422,2367900
2015-12-24,147.2788543701172,182.47000122070312,183.1699981689453,182.0200042724609,182.2700042724609,1107600
2015-12-28,146.59274291992188,181.6199951171875,181.92999267578125,179.83999633789062,181.7700042724609,1723300
2015-12-29,148.1343994140625,183.52999877929688,184.17999267578125,182.5,182.82000732421875,1848900
2015-12-30,146.9075164794922,182.00999450683597,183.52999877929688,181.83999633789065,183.27999877929688,1514300
2015-12-31,145.47084045410156,180.22999572753903,182.88999938964844,180.02999877929688,181.16000366210935,1773900
2016-01-04,142.9767303466797,177.13999938964844,177.19000244140625,173.75999450683594,175.7899932861328,3745500
2016-01-05,140.51504516601562,174.08999633789062,177.5,172.9199981689453,176.7100067138672,4521600
2016-01-06,137.08462524414062,169.83999633789062,172.02000427246094,169.10000610351562,171.30999755859375,5539400
2016-01-07,132.87142944335938,164.6199951171875,169.5,163.60000610351562,166.6699981689453,5687900
2016-01-08,132.3225555419922,163.94000244140625,168.4199981689453,163.6300048828125,166.75,4929800
2016-01-11,133.7672882080078,165.72999572753906,166.4600067138672,163.33999633789062,165.0,4386500
2016-01-12,133.7511749267578,165.7100067138672,168.17999267578125,163.3000030517578,166.88999938964844,4441300
2016-01-13,128.32720947265625,158.99000549316406,167.10000610351562,157.9199981689453,166.4600067138672,5252500
2016-01-14,130.26429748535156,161.38999938964844,162.50999450683594,156.75999450683594,160.3000030517578,4272500
2016-01-15,125.59902954101562,155.61000061035156,157.99000549316406,153.80999755859375,156.6999969482422,6237200
2016-01-19,126.57572174072266,156.82000732421875,158.75999450683594,155.27999877929688,157.55999755859375,5860600
2016-01-20,124.09774017333984,153.75,158.3699951171875,151.64999389648438,154.10000610351562,9369100
2016-01-21,122.40277862548828,151.64999389648438,155.16000366210938,151.49000549316406,153.97000122070312,5738800
2016-01-22,126.6079559326172,156.86000061035156,156.99000549316406,153.86000061035156,154.5800018310547,5583800
2016-01-25,121.97496032714844,151.1199951171875,156.52999877929688,151.1199951171875,156.39999389648438,5051700
2016-01-26,124.66275787353516,154.4499969482422,156.10000610351562,151.1199951171875,151.1199951171875,5237700
2016-01-27,124.0735321044922,153.72000122070312,158.42999267578125,153.19000244140625,153.58999633789062,5153100
2016-01-28,126.7694091796875,157.05999755859375,158.0500030517578,152.52999877929688,155.00999450683594,4292900
2016-01-29,130.4014892578125,161.55999755859375,161.58999633789062,157.77999877929688,158.63999938964844,4887900
2016-02-01,128.85987854003906,159.64999389648438,161.0,158.4499969482422,160.41000366210938,2963500
2016-02-02,122.44308471679688,151.6999969482422,157.0,150.16000366210938,157.0,6316200
2016-02-03,123.2341079711914,152.67999267578125,153.83999633789062,147.00999450683594,152.5,5893200
2016-02-04,126.30933380126952,156.49000549316406,157.9499969482422,152.00999450683594,152.3000030517578,4573100
2016-02-05,126.2931900024414,156.47000122070312,159.6999969482422,155.69000244140625,157.57000732421875,4596100
2016-02-08,120.46560668945312,149.25,153.8300018310547,145.25,153.8300018310547,8680000
2016-02-09,119.65847778320312,148.25,149.9499969482422,145.10000610351562,145.52000427246094,6919400
2016-02-10,118.83523559570312,147.22999572753906,153.3800048828125,147.2100067138672,150.0,7609600
2016-02-11,113.55652618408205,140.69000244140625,144.41000366210938,139.0500030517578,143.41000366210938,10252200
2016-02-12,117.94738006591795,146.1300048828125,146.50999450683594,143.6999969482422,143.75,9009300
2016-02-16,120.28001403808594,149.02000427246094,150.47999572753906,147.4499969482422,149.60000610351562,10198000
2016-02-17,121.82974243164062,150.94000244140625,151.8699951171875,150.30999755859375,150.8000030517578,5578800
2016-02-18,119.23876190185548,147.72999572753906,152.0,147.3699951171875,151.25,5895500
2016-02-19,118.5769271850586,146.91000366210938,147.72999572753906,145.42999267578125,147.0,5257300
2016-02-22,120.0943374633789,148.7899932861328,149.99000549316406,148.22999572753906,149.1999969482422,4287900
2016-02-23,116.962646484375,144.91000366210938,148.0500030517578,144.0500030517578,148.0,4249600
2016-02-24,117.48728942871094,145.55999755859375,145.63999938964844,140.25999450683594,143.0800018310547,5714700
2016-02-25,119.65847778320312,148.25,149.07000732421875,145.22999572753906,146.0,4299600
2016-02-26,121.27278137207033,150.25,151.97000122070312,149.00999450683594,149.72000122070312,5924500
2016-02-29,121.21601104736328,149.52999877929688,150.2899932861328,148.32000732421875,149.75,5506400
2016-03-01,125.36653900146484,154.64999389648438,154.77000427246094,150.67999267578125,150.9499969482422,6490400
2016-03-02,125.00176239013672,154.1999969482422,155.41000366210938,153.4499969482422,154.75,5047500
2016-03-03,125.91778564453124,155.3300018310547,155.66000366210938,153.36000061035156,154.0,3615800
2016-03-04,127.14185333251952,156.83999633789062,158.85000610351562,155.2899932861328,156.3699951171875,5256700
2016-03-07,125.93402099609376,155.35000610351562,156.3699951171875,154.41000366210938,156.0,2771900
2016-03-08,122.89403533935548,151.60000610351562,154.22999572753906,151.5,154.0,3830400
2016-03-09,121.52409362792967,149.91000366210938,152.5,149.17999267578125,152.11000061035156,3250900
2016-03-10,122.42386627197266,151.02000427246094,153.60000610351562,148.83999633789062,150.41000366210938,4631800
2016-03-11,124.79098510742188,153.94000244140625,154.16000366210938,152.3699951171875,153.27999877929688,4058700
2016-03-14,124.42619323730467,153.49000549316406,154.4499969482422,152.1300048828125,153.66000366210938,3317900
2016-03-15,123.24266815185548,152.02999877929688,152.74000549316406,150.89999389648438,152.64999389648438,3731400
2016-03-16,122.0347671508789,150.5399932861328,152.85000610351562,149.7100067138672,150.9199981689453,4310300
2016-03-17,123.95601654052734,152.91000366210938,153.97999572753906,148.75,150.38999938964844,4431700
2016-03-18,127.75798034667967,157.60000610351562,158.17999267578125,153.8699951171875,153.91000366210938,7413200
2016-03-21,126.69599151611328,156.2899932861328,158.89999389648438,155.75,157.24000549316406,4410200
2016-03-22,125.00176239013672,154.1999969482422,155.58999633789062,153.36000061035156,155.5,3521500
2016-03-23,124.90447998046876,154.0800018310547,155.5500030517578,153.58999633789062,154.25,3633400
2016-03-24,124.0289535522461,153.0,153.0399932861328,150.1300048828125,152.39999389648438,3693400
2016-03-28,124.70992279052734,153.83999633789062,154.63999938964844,152.3800048828125,153.13999938964844,2308600
2016-03-29,125.67459106445312,155.02999877929688,155.35000610351562,151.5,152.8699951171875,2919500
2016-03-30,126.8662109375,156.5,158.02000427246094,154.88999938964844,156.1300048828125,3130600
2016-03-31,127.25533294677734,156.97999572753906,157.47999572753906,156.05999755859375,156.17999267578125,2927300
2016-04-01,129.55758666992188,159.82000732421875,160.00999450683594,155.08999633789062,156.4600067138672,3373400
2016-04-04,127.89575958251952,157.77000427246094,160.0,157.38999938964844,159.97000122070312,2478100
2016-04-05,125.93402099609376,155.35000610351562,156.52999877929688,154.5500030517578,156.44000244140625,2822700
2016-04-06,125.80428314208984,155.19000244140625,156.27000427246094,153.9199981689453,155.25999450683594,2927400
2016-04-07,121.9294204711914,150.41000366210938,154.02999877929688,149.3699951171875,153.64999389648438,4786800
2016-04-08,121.8239974975586,150.27999877929688,152.8699951171875,150.00999450683594,152.07000732421875,3122200
2016-04-11,123.38043212890624,152.1999969482422,153.89999389648438,150.41000366210938,151.17999267578125,3464300
2016-04-12,125.0909194946289,154.30999755859375,155.08999633789062,151.3000030517578,152.6699981689453,2732900
2016-04-13,129.5819091796875,159.85000610351562,159.99000549316406,156.3800048828125,156.52999877929688,5151100
2016-04-14,130.44117736816406,160.91000366210938,162.27000427246094,159.14999389648438,159.52999877929688,3067100
2016-04-15,128.50372314453125,158.52000427246094,161.77999877929688,158.1999969482422,161.22999572753906,3467900
2016-04-18,128.90904235839844,159.02000427246094,160.0,157.14999389648438,157.61000061035156,3031500
2016-04-19,131.8517303466797,162.64999389648438,163.6999969482422,157.0,157.75,5832200
2016-04-20,135.36184692382812,166.97999572753906,167.4499969482422,161.94000244140625,162.0,4802200
2016-04-21,134.01620483398438,165.32000732421875,168.89999389648438,165.00999450683594,166.5500030517578,4165100
2016-04-22,135.17535400390625,166.75,167.49000549316406,165.66000366210938,165.7899932861328,2680300
2016-04-25,133.82968139648438,165.08999633789062,167.38999938964844,164.05999755859375,166.0,2473000
2016-04-26,134.43771362304688,165.83999633789062,166.0,164.22000122070312,165.3800048828125,2251600
2016-04-27,135.31317138671875,166.9199981689453,168.66000366210938,164.92999267578125,165.8300018310547,3323600
2016-04-28,133.18113708496094,164.2899932861328,167.32000732421875,164.00999450683594,165.35000610351562,2528000
2016-04-29,133.03521728515625,164.11000061035156,164.67999267578125,162.55999755859375,163.8000030517578,2890800
2016-05-02,134.7133026123047,166.17999267578125,167.19000244140625,163.99000549316406,165.0800018310547,1998400
2016-05-03,132.24893188476562,163.13999938964844,164.11000061035156,161.3699951171875,163.66000366210938,2777000
2016-05-04,129.76025390625,160.07000732421875,162.60000610351562,159.08999633789062,161.1999969482422,3203900
2016-05-05,129.32252502441406,159.52999877929688,160.82000732421875,158.5,160.77999877929688,2366200
2016-05-06,128.7712860107422,158.85000610351562,160.1699981689453,157.00999450683594,158.19000244140625,2307000
2016-05-09,127.6849594116211,157.50999450683594,159.85000610351562,156.7899932861328,158.1999969482422,2097900
2016-05-10,130.8546142578125,161.4199981689453,161.5,158.38999938964844,158.6699981689453,2379600
2016-05-11,129.2333221435547,159.4199981689453,162.52999877929688,159.27999877929688,161.36000061035156,2096900
2016-05-12,128.13897705078125,158.07000732421875,161.47000122070312,157.30999755859375,160.32000732421875,2448100
2016-05-13,125.9259262084961,155.33999633789062,159.72000122070312,155.25999450683594,157.8800048828125,2550100
2016-05-16,125.95832824707033,155.3800048828125,156.89999389648438,154.60000610351562,155.33999633789062,3177700
2016-05-17,125.36653900146484,154.64999389648438,157.11000061035156,153.77000427246094,154.74000549316406,2701500
2016-05-18,129.6548309326172,159.94000244140625,160.0,154.64999389648438,154.80999755859375,3653300
2016-05-19,125.4070281982422,154.6999969482422,159.9499969482422,154.52000427246094,158.67999267578125,4712000
2016-05-20,125.25303649902344,154.50999450683594,156.41000366210938,153.9199981689453,155.75999450683594,3247800
2016-05-23,126.0150375366211,155.4499969482422,156.08999633789062,153.74000549316406,154.44000244140625,2767600
2016-05-24,127.74988555908205,157.58999633789062,158.5500030517578,156.44000244140625,156.6699981689453,3038800
2016-05-25,130.71681213378906,161.25,162.2899932861328,158.02999877929688,158.05999755859375,3259900
2016-05-26,129.0712127685547,159.22000122070312,161.3300018310547,159.1699981689453,161.16000366210938,2576100
2016-05-27,129.85263061523438,159.52999877929688,160.39999389648438,158.32000732421875,158.6999969482422,2157000
2016-05-31,129.8118896484375,159.47999572753906,161.64999389648438,158.5500030517578,160.39999389648438,2916100
2016-06-01,130.21075439453125,159.97000122070312,160.5500030517578,156.0,157.89999389648438,2581600
2016-06-02,129.6491241455078,159.27999877929688,160.3300018310547,158.4600067138672,160.13999938964844,2257100
2016-06-03,126.71068572998048,155.6699981689453,156.5399932861328,153.86000061035156,155.86000061035156,4329300
2016-06-06,127.84207153320312,157.05999755859375,157.91000366210938,155.77000427246094,156.25,2540400
2016-06-07,126.30367279052734,155.1699981689453,157.47000122070312,155.1699981689453,157.1999969482422,2489700
2016-06-08,125.872314453125,154.63999938964844,156.5800018310547,153.91000366210938,155.1999969482422,2426800
2016-06-09,124.6757354736328,153.1699981689453,154.2899932861328,152.4600067138672,153.7899932861328,2711700
2016-06-10,122.00589752197266,149.88999938964844,151.66000366210938,149.57000732421875,151.35000610351562,4335700
2016-06-13,120.98031616210938,148.6300048828125,151.32000732421875,148.58999633789062,149.0,3385800
2016-06-14,118.99427032470705,146.19000244140625,149.0500030517578,145.4499969482422,148.22000122070312,5069600
2016-06-15,118.9698486328125,146.16000366210938,148.6999969482422,145.89999389648438,147.16000366210938,2981400
2016-06-16,119.3524169921875,146.6300048828125,146.99000549316406,143.52999877929688,145.0,3499200
2016-06-17,118.5466079711914,145.63999938964844,148.22999572753906,145.4600067138672,146.6300048828125,4296500
2016-06-20,120.26403045654295,147.75,150.5,147.5800018310547,148.5,3338900
2016-06-21,120.75243377685548,148.35000610351562,148.8300018310547,147.1199951171875,148.5,2424600
2016-06-22,120.58146667480467,148.13999938964844,150.1199951171875,147.99000549316406,148.00999450683594,2487600
2016-06-23,124.26061248779295,152.66000366210938,152.8000030517578,150.13999938964844,150.55999755859375,2940500
2016-06-24,115.4697723388672,141.86000061035156,146.4199981689453,140.9199981689453,143.02999877929688,9442200
2016-06-27,113.55686950683594,139.50999450683594,141.22999572753906,138.1999969482422,140.07000732421875,7381000
2016-06-28,115.91744995117188,142.41000366210938,142.6199951171875,139.82000732421875,142.2100067138672,5041500
2016-06-29,118.43263244628906,145.5,145.5500030517578,142.92999267578125,143.60000610351562,3804100
2016-06-30,120.939697265625,148.5800018310547,148.8800048828125,145.3699951171875,146.6699981689453,4528600
2016-07-01,120.6709976196289,148.25,150.6999969482422,148.07000732421875,148.49000549316406,3096800
2016-07-05,117.57794952392578,144.4499969482422,146.94000244140625,143.3300018310547,146.72000122070312,3943000
2016-07-06,118.49772644042967,145.5800018310547,145.94000244140625,142.6199951171875,142.94000244140625,2941800
2016-07-07,119.6535873413086,147.0,148.08999633789062,145.36000061035156,146.0,2578300
2016-07-08,122.40475463867188,150.3800048828125,150.9199981689453,148.30999755859375,149.36000061035156,3281400
2016-07-11,123.87805938720705,152.19000244140625,152.97999572753906,151.3800048828125,151.49000549316406,3041600
2016-07-12,127.72816467285156,156.9199981689453,157.25,153.9199981689453,154.0,5110800
2016-07-13,128.54209899902344,157.9199981689453,158.27000427246094,156.14999389648438,157.0,4276400
2016-07-14,132.30262756347656,162.5399932861328,163.24000549316406,160.00999450683594,160.2899932861328,5087700
2016-07-15,131.57008361816406,161.63999938964844,163.13999938964844,160.6999969482422,162.86000061035156,3078400
2016-07-18,132.94569396972656,163.3300018310547,164.08999633789062,162.00999450683594,162.36000061035156,4734500
2016-07-19,131.3828887939453,161.41000366210938,164.0800018310547,160.72999572753906,162.02000427246094,5399700
2016-07-20,131.67591857910156,161.77000427246094,162.88999938964844,159.22000122070312,162.5500030517578,3547800
2016-07-21,130.27587890625,160.0500030517578,161.89999389648438,159.77000427246094,161.7100067138672,2855500
2016-07-22,130.56887817382812,160.41000366210938,160.72999572753906,159.86000061035156,160.2899932861328,1811700
2016-07-25,130.65028381347656,160.50999450683594,161.3300018310547,159.61000061035156,159.63999938964844,1956100
2016-07-26,131.1793212890625,161.16000366210938,161.5,159.4199981689453,160.67999267578125,2150100
2016-07-27,131.04103088378906,160.99000549316406,162.1699981689453,160.41000366210938,161.1999969482422,2317200
2016-07-28,130.6665496826172,160.52999877929688,160.9600067138672,158.83999633789062,160.17999267578125,2047400
2016-07-29,129.26657104492188,158.80999755859375,160.19000244140625,158.64999389648438,159.50999450683594,2388200
2016-08-01,128.75375366210938,158.17999267578125,159.9199981689453,157.92999267578125,158.80999755859375,2316300
2016-08-02,127.02814483642578,156.05999755859375,158.4600067138672,155.3699951171875,157.64999389648438,3182800
2016-08-03,128.88397216796875,158.33999633789062,158.9499969482422,156.17999267578125,156.4499969482422,2284700
2016-08-04,128.64791870117188,158.0500030517578,158.89999389648438,157.41000366210938,158.22000122070312,2005700
2016-08-05,131.9363555908203,162.08999633789062,162.1300048828125,159.1999969482422,159.75,2676100
2016-08-08,132.5386962890625,162.8300018310547,163.97999572753906,162.00999450683594,162.10000610351562,2266600
2016-08-09,133.03521728515625,163.44000244140625,164.5800018310547,162.5,162.5,1957400
2016-08-10,132.0177764892578,162.19000244140625,163.60000610351562,162.00999450683594,163.4499969482422,1656100
2016-08-11,133.3770294189453,163.86000061035156,164.25,161.92999267578125,162.1999969482422,1827700
2016-08-12,132.88059997558594,163.25,163.3699951171875,162.07000732421875,162.6699981689453,1440800
2016-08-15,134.75270080566406,165.5500030517578,165.83999633789062,163.8000030517578,163.8699951171875,2222200
2016-08-16,134.83407592773438,165.64999389648438,166.75999450683594,164.72000122070312,164.99000549316406,2523800
2016-08-17,134.85035705566406,165.6699981689453,166.32000732421875,164.74000549316406,165.94000244140625,2061700
2016-08-18,135.16781616210938,166.05999755859375,166.55999755859375,164.6300048828125,165.33999633789062,1750500
2016-08-19,135.3062286376953,166.22999572753906,166.89999389648438,164.5,165.36000061035156,1840900
2016-08-22,135.33059692382812,166.25999450683594,166.91000366210938,164.88999938964844,166.0,1448100
2016-08-23,135.18409729003906,166.0800018310547,167.85000610351562,165.97999572753906,167.0,1965500
2016-08-24,134.54920959472656,165.3000030517578,166.6999969482422,164.85000610351562,165.77999877929688,2035300
2016-08-25,135.03758239746094,165.89999389648438,166.0399932861328,164.61000061035156,165.0800018310547,1441400
2016-08-26,135.09457397460938,165.97000122070312,168.07000732421875,165.36000061035156,166.75999450683594,2402200
2016-08-29,135.82711791992188,166.8699951171875,167.86000061035156,166.14999389648438,166.60000610351562,2620900
2016-08-30,138.4011993408203,169.3699951171875,169.50999450683594,166.22000122070312,166.22000122070312,2934100
2016-08-31,138.47470092773438,169.4600067138672,170.24000549316406,167.47000122070312,169.25,3688200
2016-09-01,137.69842529296875,168.50999450683594,170.07000732421875,166.66000366210938,170.0,2843300
2016-09-02,138.24591064453125,169.17999267578125,169.74000549316406,167.89999389648438,168.52000427246094,1747500
2016-09-06,138.3684539794922,169.3300018310547,169.7899932861328,167.47000122070312,168.72000122070312,2034900
2016-09-07,138.6463165283203,169.6699981689453,170.2100067138672,168.64999389648438,168.6999969482422,1584300
2016-09-08,140.27247619628906,171.66000366210938,171.8800048828125,168.7100067138672,169.35000610351562,3031600
2016-09-09,137.74746704101562,168.57000732421875,172.4199981689453,168.50999450683594,170.8300018310547,3411800
2016-09-12,139.7821807861328,171.05999755859375,171.6699981689453,166.22999572753906,167.00999450683594,2647900
2016-09-13,136.46450805664062,167.0,169.97000122070312,166.3800048828125,168.5399932861328,2788200
2016-09-14,135.77816772460938,166.16000366210938,167.86000061035156,165.58999633789062,167.0,1995900
2016-09-15,137.34707641601562,168.0800018310547,168.75999450683594,165.75999450683594,165.77999877929688,1645200
2016-09-16,135.6474151611328,166.0,168.0500030517578,165.61000061035156,167.85000610351562,4534900
2016-09-19,135.81898498535156,166.2100067138672,168.30999755859375,165.67999267578125,167.33999633789062,2030700
2016-09-20,136.03143310546875,166.47000122070312,168.27999877929688,166.38999938964844,167.67999267578125,1532900
2016-09-21,136.48904418945312,167.02999877929688,168.27999877929688,165.92999267578125,167.4199981689453,2333600
2016-09-22,137.2980194091797,168.02000427246094,169.3300018310547,167.6999969482422,168.4499969482422,2467700
2016-09-23,134.93643188476562,165.1300048828125,168.10000610351562,165.0500030517578,167.75,3421200
2016-09-26,131.95387268066406,161.47999572753906,163.97000122070312,161.0,163.8300018310547,2772200
2016-09-27,133.10597229003906,162.88999938964844,163.4499969482422,159.82000732421875,160.72000122070312,2602700
2016-09-28,133.56362915039062,163.4499969482422,163.7899932861328,161.67999267578125,163.33999633789062,1678100
2016-09-29,129.88644409179688,158.9499969482422,163.9600067138672,157.77000427246094,163.3800048828125,3733800
2016-09-30,131.7822265625,161.27000427246094,162.41000366210938,157.8000030517578,159.9499969482422,4497200
2016-10-03,131.61880493164062,161.07000732421875,161.72000122070312,160.25,160.5,2444700
2016-10-04,132.59942626953125,162.27000427246094,164.14999389648438,161.22999572753906,161.24000549316406,2469900
2016-10-05,135.97425842285156,166.39999389648438,166.57000732421875,163.00999450683594,163.32000732421875,2548200
2016-10-06,136.58709716796875,167.14999389648438,167.2899932861328,164.82000732421875,167.17999267578125,2858000
2016-10-07,138.77708435058594,169.8300018310547,169.97999572753906,166.24000549316406,167.5,3390200
2016-10-10,139.76580810546875,171.0399932861328,171.75,170.10000610351562,170.52000427246094,2532000
2016-10-11,138.1315155029297,169.0399932861328,170.8699951171875,167.91000366210938,169.83999633789062,2680000
2016-10-12,138.34397888183594,169.3000030517578,169.99000549316406,168.3000030517578,169.0399932861328,2404000
2016-10-13,136.80770874023438,167.4199981689453,167.6300048828125,165.50999450683594,167.60000610351562,2713700
2016-10-14,139.3408660888672,170.52000427246094,172.9499969482422,169.11000061035156,171.60000610351562,5282300
2016-10-17,138.0988311767578,169.0,171.27000427246094,168.4499969482422,170.5,3061400
2016-10-18,141.06509399414062,172.6300048828125,173.47000122070312,171.10000610351562,172.00999450683594,4482500
2016-10-19,142.60128784179688,174.50999450683594,175.67999267578125,173.17999267578125,173.3699951171875,3676000
2016-10-20,142.60128784179688,174.50999450683594,175.7899932861328,173.8000030517578,174.0,2471100
2016-10-21,142.7320556640625,174.6699981689453,174.89999389648438,172.50999450683594,172.83999633789062,2004400
2016-10-24,143.09979248046875,175.1199951171875,175.7899932861328,174.35000610351562,175.5,1943200
2016-10-25,143.45115661621094,175.5500030517578,175.9600067138672,174.63999938964844,175.0399932861328,2423300
2016-10-26,144.69326782226562,177.07000732421875,177.89999389648438,173.92999267578125,174.7899932861328,2533800
2016-10-27,145.24891662597656,177.75,178.85000610351562,176.57000732421875,178.19000244140625,3021900
2016-10-28,144.75045776367188,177.13999938964844,178.50999450683594,175.4600067138672,178.50999450683594,2042800
2016-10-31,145.64935302734375,178.24000549316406,178.5,177.22999572753906,177.67999267578125,1828200
2016-11-01,145.50222778320312,178.05999755859375,179.17999267578125,176.61000061035156,179.0,2900600
2016-11-02,144.29287719726562,176.5800018310547,177.5,176.07000732421875,177.07000732421875,2104800
2016-11-03,143.990478515625,176.2100067138672,177.97000122070312,176.2100067138672,176.77000427246094,1972700
2016-11-04,143.75347900390625,175.9199981689453,177.33999633789062,174.72999572753906,176.3300018310547,1846500
2016-11-07,148.29693603515625,181.47999572753903,181.5,179.0,179.0,3338800
2016-11-08,148.6564178466797,181.9199981689453,182.67999267578125,178.4600067138672,180.11000061035156,2646200
2016-11-09,157.40817260742188,192.6300048828125,193.5399932861328,183.4499969482422,185.0,7823800
2016-11-10,164.14151000976562,200.8699951171875,204.6699981689453,194.0,194.52999877929688,11345400
2016-11-11,166.650146484375,203.94000244140625,205.0,198.25,198.25,6290200
2016-11-14,170.93202209472656,209.17999267578125,211.7700042724609,204.1499938964844,204.1499938964844,8248100
2016-11-15,172.57449340820312,211.19000244140625,211.1999969482422,205.1699981689453,206.55999755859372,4893800
2016-11-16,168.54592895507812,206.25999450683597,208.0800018310547,204.8300018310547,207.3500061035156,5276200
2016-11-17,171.29974365234375,209.6300048828125,209.69000244140625,205.6699981689453,206.25999450683597,3572400
2016-11-18,171.8881072998047,210.3500061035156,212.07000732421875,209.72000122070312,209.8699951171875,4278200
2016-11-21,172.48463439941406,211.0800018310547,211.69000244140625,209.17999267578125,211.4600067138672,2860200
2016-11-22,172.50918579101562,211.1100006103516,211.9499969482422,209.88999938964844,211.3600006103516,2945700
2016-11-23,173.48968505859375,212.30999755859372,213.41000366210935,209.3699951171875,211.5,3717400
2016-11-25,172.729736328125,211.3800048828125,212.75,211.0,211.3600006103516,1974000
2016-11-28,171.8881072998047,210.3500061035156,211.75999450683597,209.6000061035156,210.0,3297400
2016-11-29,173.56845092773438,211.75,212.9199981689453,209.9199981689453,209.9900054931641,2577600
2016-11-30,179.7489013671875,219.2899932861328,220.7700042724609,214.97000122070312,215.1999969482422,6507900
2016-12-01,185.765380859375,226.6300048828125,227.16000366210935,220.3500061035156,220.92999267578125,7606500
2016-12-02,183.08497619628903,223.3600006103516,226.25,221.22000122070312,226.0,5297400
2016-12-05,187.3391571044922,228.5500030517578,229.1999969482422,225.2400054931641,225.5200042724609,4599300
2016-12-06,189.65892028808597,231.3800048828125,232.6699981689453,227.8999938964844,230.17999267578125,5259300
2016-12-07,193.0852203369141,235.55999755859372,236.08999633789065,230.3999938964844,230.3999938964844,6595200
2016-12-08,197.9130706787109,241.4499969482422,242.4199981689453,236.0,236.8800048828125,7343700
2016-12-09,198.24099731445312,241.8500061035156,242.0,238.8800048828125,240.6100006103516,5456000
2016-12-12,194.4048767089844,237.1699981689453,242.8300018310547,236.3699951171875,240.5,5022000
2016-12-13,195.53602600097656,238.5500030517578,240.17999267578125,235.50999450683597,239.0,4680500
2016-12-14,196.66717529296875,239.92999267578125,243.1199951171875,235.3699951171875,235.6699981689453,6172400
2016-12-15,199.18360900878903,243.0,245.57000732421875,241.6199951171875,242.4900054931641,4829700
2016-12-16,195.8229522705078,238.8999938964844,243.19000244140625,238.3999938964844,242.8000030517578,6876400
2016-12-19,195.9623260498047,239.07000732421875,239.7400054931641,236.25999450683597,238.33999633789065,3743300
2016-12-20,199.2574157714844,243.08999633789065,243.6499938964844,240.22999572753903,240.5200042724609,4487700
2016-12-21,197.9049530029297,241.44000244140625,242.3999938964844,240.0800018310547,242.2400054931641,3277800
2016-12-22,196.82293701171875,240.1199951171875,242.8600006103516,239.5500030517578,241.22999572753903,2636500
2016-12-23,197.51968383789065,240.97000122070312,241.8999938964844,238.91000366210935,239.5399932861328,2187500
2016-12-27,198.0032501220703,241.55999755859372,242.58999633789065,240.3999938964844,241.9499969482422,1998200
2016-12-28,197.25735473632807,240.6499938964844,244.5,240.44000244140625,243.69000244140625,3053000
2016-12-29,195.2327423095703,238.17999267578125,241.07000732421875,236.63999938964844,240.75,2619000
2016-12-30,196.2736968994141,239.4499969482422,240.5,237.3999938964844,238.50999450683597,2355500
2017-01-03,198.01145935058597,241.57000732421875,244.97000122070312,237.97000122070312,242.6999969482422,4384200
2017-01-04,199.2902069091797,243.1300048828125,243.32000732421875,240.02999877929688,241.44000244140625,2728700
2017-01-05,197.806640625,241.32000732421875,243.22999572753903,236.77999877929688,242.72000122070312,3562600
2017-01-06,200.7410430908203,244.8999938964844,246.1999969482422,241.3699951171875,242.2899932861328,3591100
2017-01-09,199.0934600830078,242.88999938964844,244.69000244140625,241.47000122070312,243.25,3022800
2017-01-10,198.8311309814453,242.57000732421875,243.44000244140625,239.0500030517578,240.8699951171875,3432900
2017-01-11,201.4459228515625,245.75999450683597,245.83999633789065,242.0,242.7700042724609,3532600
2017-01-12,199.87213134765625,243.83999633789065,245.47000122070312,241.57000732421875,245.05999755859372,4022300
2017-01-13,200.24920654296875,244.3000030517578,247.7700042724609,242.91000366210935,245.42999267578125,4186100
2017-01-17,193.232666015625,235.7400054931641,243.05999755859372,235.6100006103516,242.94000244140625,6277200
2017-01-18,192.04415893554688,234.2899932861328,237.69000244140625,231.5200042724609,236.0,7590500
2017-01-19,189.68348693847656,231.41000366210935,234.75,230.6199951171875,234.07000732421875,4561800
2017-01-20,190.3310089111328,232.1999969482422,233.22999572753903,230.5399932861328,231.6199951171875,5211800
2017-01-23,190.7162322998047,232.6699981689453,233.75,230.75,231.8600006103516,3136200
2017-01-24,191.5441436767578,233.67999267578125,236.05999755859372,230.83999633789065,231.8600006103516,4448200
2017-01-25,194.4704132080078,237.25,237.3300018310547,234.4900054931641,235.52999877929688,3716800
2017-01-26,196.3802947998047,239.5800018310547,240.7899932861328,237.47000122070312,237.47000122070312,4195600
2017-01-27,194.2245178222656,236.9499969482422,237.97000122070312,236.00999450683597,236.8999938964844,3253100
2017-01-30,191.72447204589844,233.8999938964844,236.2899932861328,231.5200042724609,235.5800018310547,3803300
2017-01-31,187.9703521728516,229.32000732421875,234.3500061035156,228.16000366210935,232.8500061035156,5156400
2017-02-01,189.07687377929688,230.6699981689453,232.8600006103516,229.5200042724609,230.50999450683597,4024500
2017-02-02,188.86380004882807,230.41000366210935,232.3300018310547,227.0500030517578,228.50999450683597,2775700
2017-02-03,197.50331115722656,240.9499969482422,241.1100006103516,234.1999969482422,234.5200042724609,7381000
2017-02-06,196.70819091796875,239.97999572753903,243.6499938964844,239.1699981689453,239.6000061035156,4639200
2017-02-07,196.41310119628903,239.6199951171875,241.44000244140625,239.38999938964844,241.1499938964844,2660200
2017-02-08,194.8639068603516,237.72999572753903,238.94000244140625,236.30999755859372,238.3000030517578,2744700
2017-02-09,197.9950714111328,241.5500030517578,243.2899932861328,237.4199981689453,237.72999572753903,3550800
2017-02-10,198.95413208007807,242.72000122070312,244.16000366210935,241.22999572753903,243.3699951171875,3072800
2017-02-13,201.8639678955078,246.2700042724609,247.47999572753903,244.4900054931641,244.4900054931641,2998200
2017-02-14,204.47879028320312,249.4600067138672,250.0,245.69000244140625,246.00999450683597,4141500
2017-02-15,205.36404418945312,250.5399932861328,251.9499969482422,248.50999450683597,250.5800018310547,4296600
2017-02-16,204.4623870849609,249.44000244140625,250.77999877929688,248.44000244140625,250.3000030517578,2286300
2017-02-17,205.23291015625,250.3800048828125,250.55999755859372,247.1100006103516,247.50999450683597,3262300
2017-02-21,206.3640289306641,251.75999450683597,252.6499938964844,250.7100067138672,251.0,2794900
2017-02-22,206.3394927978516,251.72999572753903,252.3500061035156,250.0,250.05999755859372,2378800
2017-02-23,205.89686584472656,251.19000244140625,251.8999938964844,249.32000732421875,251.30999755859372,2594700
2017-02-24,202.7492828369141,247.3500061035156,248.8800048828125,246.1000061035156,247.6999969482422,3565400
2017-02-27,204.3722686767578,249.3300018310547,249.75999450683597,246.6100006103516,247.2100067138672,2372600
2017-02-28,203.8627014160156,248.05999755859372,249.0,245.6100006103516,248.0,3627100
2017-03-01,207.6842193603516,252.7100067138672,255.1499938964844,251.25999450683597,253.7100067138672,5218300
2017-03-02,206.3281707763672,251.05999755859372,254.2400054931641,250.97000122070312,253.5200042724609,3020000
2017-03-03,207.8321533203125,252.88999938964844,254.75,251.05999755859372,251.05999755859372,3163700
2017-03-06,207.10890197753903,252.00999450683597,252.72999572753903,250.5,252.1699981689453,2467000
2017-03-07,206.19671630859372,250.8999938964844,253.0,250.30999755859372,252.4900054931641,2497300
2017-03-08,205.6542510986328,250.2400054931641,254.7700042724609,249.6100006103516,253.6199951171875,3574400
2017-03-09,205.60498046875,250.17999267578125,252.7400054931641,249.5200042724609,251.22000122070312,3061500
2017-03-10,204.1257476806641,248.3800048828125,251.8999938964844,246.8699951171875,251.83999633789065,3365900
2017-03-13,203.9449005126953,248.16000366210935,249.32000732421875,247.2100067138672,249.32000732421875,1801100
2017-03-14,203.5832977294922,247.72000122070312,247.8300018310547,245.41000366210935,246.80999755859372,2144200
2017-03-15,202.81076049804688,246.77999877929688,250.27999877929688,245.55999755859372,248.3500061035156,3427000
2017-03-16,203.99417114257807,248.22000122070312,250.1999969482422,247.30999755859372,247.8500061035156,2940600
2017-03-17,200.4767608642578,243.94000244140625,249.67999267578125,243.8600006103516,249.67999267578125,5438100
2017-03-20,198.9974822998047,242.13999938964844,244.92999267578125,241.5200042724609,243.32000732421875,2759100
2017-03-21,191.48602294921875,233.0,243.30999755859372,232.7899932861328,243.30999755859372,5660900
2017-03-22,189.8998565673828,231.07000732421875,232.9199981689453,229.16000366210935,231.22000122070312,6291300
2017-03-23,190.5819396972656,231.8999938964844,234.6300048828125,229.9499969482422,230.75,4770700
2017-03-24,187.7137756347656,228.41000366210935,233.6999969482422,226.97000122070312,233.0,6387300
2017-03-27,185.3058319091797,225.47999572753903,227.07000732421875,220.8500061035156,223.3000030517578,9194800
2017-03-28,188.4698944091797,229.3300018310547,229.75,225.1000061035156,225.5800018310547,4471200
2017-03-29,187.7466278076172,228.4499969482422,229.97000122070312,227.5200042724609,229.38999938964844,2636000
2017-03-30,190.02313232421875,231.22000122070312,232.0,229.3800048828125,229.47999572753903,3156800
2017-03-31,188.7903594970703,229.72000122070312,230.8000030517578,228.72999572753903,230.52999877929688,2858400
2017-04-03,188.16580200195312,228.9600067138672,230.1000061035156,225.57000732421875,230.0,3735600
2017-04-04,188.41232299804688,229.25999450683597,230.69000244140625,227.27999877929688,227.72000122070312,3042700
2017-04-05,187.0974273681641,227.66000366210935,232.88999938964844,227.30999755859372,232.1499938964844,5286900
2017-04-06,187.90280151367188,228.63999938964844,230.1199951171875,225.7100067138672,227.08999633789065,2927200
2017-04-07,187.27818298339844,227.8800048828125,228.8300018310547,226.22999572753903,226.6000061035156,2853300
2017-04-10,188.10826110839844,228.88999938964844,229.7899932861328,226.9499969482422,228.0,2653900
2017-04-11,187.16311645507807,227.7400054931641,229.3999938964844,225.38999938964844,227.77999877929688,3374700
2017-04-12,185.5277404785156,225.75,228.25,225.22999572753903,227.6499938964844,2947500
2017-04-13,183.53070068359372,223.32000732421875,228.1699981689453,223.0800018310547,225.17999267578125,3653700
2017-04-17,185.9468536376953,226.25999450683597,226.8800048828125,223.0200042724609,223.8999938964844,4190900
2017-04-18,177.17794799804688,215.58999633789065,219.88999938964844,213.17999267578125,219.32000732421875,12464000
2017-04-19,175.94522094726562,214.08999633789065,217.17999267578125,213.6100006103516,215.8699951171875,6428800
2017-04-20,179.20782470703125,218.05999755859372,218.97999572753903,215.0,215.5,5168200
2017-04-21,178.22166442871094,216.8600006103516,219.17999267578125,216.3800048828125,218.5500030517578,3845700
2017-04-24,183.448486328125,223.22000122070312,224.80999755859372,220.3000030517578,221.17999267578125,5353500
2017-04-25,186.2509765625,226.6300048828125,227.97999572753903,225.1499938964844,226.1999969482422,3996900
2017-04-26,185.8975524902344,226.1999969482422,229.3600006103516,226.08999633789065,227.1000061035156,3765300
2017-04-27,185.5770568847656,225.80999755859372,226.6999969482422,223.5200042724609,226.6999969482422,2805800
2017-04-28,183.9251251220703,223.8000030517578,226.7700042724609,223.72000122070312,225.30999755859372,2936600
2017-05-01,184.7880859375,224.8500061035156,226.38999938964844,220.92999267578125,224.8999938964844,3004800
2017-05-02,185.0099639892578,225.1199951171875,225.83999633789065,223.17999267578125,224.8600006103516,2602400
2017-05-03,185.98794555664065,226.30999755859372,226.69000244140625,224.32000732421875,224.4499969482422,3042200
2017-05-04,186.21807861328125,226.58999633789065,228.88999938964844,224.80999755859372,228.25999450683597,2935400
2017-05-05,186.4481658935547,226.8699951171875,227.47000122070312,225.3000030517578,226.8800048828125,2435800
2017-05-08,184.93597412109372,225.02999877929688,227.33999633789065,224.6000061035156,226.75,2316800
2017-05-09,183.89224243164065,223.75999450683597,226.57000732421875,222.92999267578125,225.47000122070312,2145400
2017-05-10,184.8127899169922,224.8800048828125,225.3500061035156,223.05999755859372,223.4600067138672,2630400
2017-05-11,184.71409606933597,224.75999450683597,225.08999633789065,222.1499938964844,224.3500061035156,2440300
2017-05-12,183.11973571777344,222.82000732421875,224.4900054931641,222.47999572753903,223.4900054931641,2166100
2017-05-15,185.0099639892578,225.1199951171875,226.57000732421875,222.8500061035156,223.1300048828125,2468100
2017-05-16,185.4044647216797,225.6000061035156,226.82000732421875,224.41000366210935,225.44000244140625,1710700
2017-05-17,175.64111328125,213.72000122070312,225.6000061035156,213.1199951171875,225.6000061035156,7525700
2017-05-18,176.82456970214844,215.16000366210935,217.6100006103516,213.8600006103516,214.0,4792400
2017-05-19,177.01356506347656,215.38999938964844,217.8000030517578,214.0,214.8699951171875,3747100
2017-05-22,177.53134155273438,216.0200042724609,217.63999938964844,215.3999938964844,217.3699951171875,2506100
2017-05-23,180.50640869140625,219.63999938964844,220.7899932861328,214.66000366210935,215.97000122070312,3308800
2017-05-24,183.9498291015625,223.8300018310547,224.3999938964844,219.4499969482422,220.0,4141600
2017-05-25,182.8321533203125,222.47000122070312,225.4499969482422,222.3000030517578,224.41000366210935,2640000
2017-05-26,183.70327758789065,223.52999877929688,224.22999572753903,221.17999267578125,222.00999450683597,1787100
2017-05-30,180.1079864501953,218.4199981689453,222.44000244140625,218.00999450683597,221.8300018310547,3097800
2017-05-31,174.20394897460938,211.25999450683597,218.3000030517578,209.6199951171875,218.2400054931641,8312000
2017-06-01,177.296142578125,215.00999450683597,215.92999267578125,210.7899932861328,212.6100006103516,4057900
2017-06-02,175.89434814453125,213.30999755859372,215.2100067138672,211.91000366210935,212.94000244140625,3692000
2017-06-05,176.45509338378906,213.9900054931641,215.80999755859372,212.67999267578125,213.0800018310547,2696600
2017-06-06,176.90036010742188,214.52999877929688,216.0200042724609,212.47999572753903,212.50999450683597,2891300
2017-06-07,177.9311065673828,215.77999877929688,217.22999572753903,214.30999755859372,215.3699951171875,2679400
2017-06-08,180.3883819580078,218.75999450683597,221.0,214.6300048828125,215.77999877929688,3765600
2017-06-09,183.42288208007807,222.44000244140625,223.8500061035156,219.75,220.8300018310547,4455400
2017-06-12,182.98583984375,221.91000366210935,225.22999572753903,221.91000366210935,223.6300048828125,3388200
2017-06-13,184.87423706054688,224.1999969482422,226.8000030517578,222.7700042724609,223.3500061035156,2767800
2017-06-14,186.7790069580078,226.50999450683597,226.94000244140625,221.75999450683597,222.9900054931641,3652900
2017-06-15,184.0743408203125,223.22999572753903,226.3500061035156,222.8000030517578,224.80999755859372,3378900
2017-06-16,182.9034118652344,221.80999755859372,223.6699981689453,221.1300048828125,222.6499938964844,3758300
2017-06-19,186.4656219482422,226.1300048828125,227.0399932861328,223.1100006103516,223.42999267578125,2900900
2017-06-20,185.6163482666016,225.1000061035156,226.5399932861328,224.19000244140625,225.50999450683597,2264200
2017-06-21,183.464111328125,222.4900054931641,224.92999267578125,221.92999267578125,224.5399932861328,3015300
2017-06-22,181.2212371826172,219.7700042724609,221.8999938964844,219.2899932861328,221.44000244140625,3344600
2017-06-23,179.09381103515625,217.19000244140625,220.69000244140625,216.4600067138672,220.5,4448700
2017-06-26,181.7737274169922,220.44000244140625,221.97000122070312,217.6999969482422,218.25999450683597,2589500
2017-06-27,181.64178466796875,220.27999877929688,222.41000366210935,219.55999755859372,221.83999633789065,2899400
2017-06-28,184.0660858154297,223.22000122070312,224.6300048828125,220.75,221.8699951171875,3482800
2017-06-29,185.04736328125,224.41000366210935,228.7899932861328,223.02999877929688,228.3699951171875,5063400
2017-06-30,182.9776306152344,221.8999938964844,226.0500030517578,221.5399932861328,225.30999755859372,3154300
2017-07-03,187.41390991210935,227.27999877929688,229.07000732421875,223.4199981689453,224.4600067138672,2846600
2017-07-05,188.0406494140625,228.0399932861328,228.9199981689453,225.2100067138672,228.3800048828125,2772000
2017-07-06,186.92742919921875,226.69000244140625,230.05999755859372,225.25,227.97000122070312,3076600
2017-07-07,185.76470947265625,225.27999877929688,228.4900054931641,224.4199981689453,228.22999572753903,2697600
2017-07-10,186.2264862060547,225.83999633789065,227.33999633789065,223.9600067138672,224.2700042724609,2357500
2017-07-11,187.1417999267578,226.9499969482422,227.9499969482422,224.6699981689453,226.0399932861328,2742900
2017-07-12,187.50460815429688,227.38999938964844,229.0200042724609,226.07000732421875,226.3999938964844,2567300
2017-07-13,189.98666381835935,230.3999938964844,230.63999938964844,226.9499969482422,227.38999938964844,2852600
2017-07-14,188.50241088867188,228.6000061035156,229.6100006103516,225.1000061035156,227.22000122070312,3703600
2017-07-17,189.046630859375,229.25999450683597,229.63999938964844,227.2100067138672,228.72999572753903,2551800
2017-07-18,184.1402740478516,223.30999755859372,230.3600006103516,222.75999450683597,227.5,6400700
2017-07-19,183.7774658203125,222.8699951171875,224.1999969482422,221.6699981689453,222.91000366210935,4884600
2017-07-20,183.30746459960935,222.3000030517578,224.75999450683597,221.6100006103516,223.0,3497800
2017-07-21,181.55929565429688,220.17999267578125,222.30999755859372,219.08999633789065,221.88999938964844,3446600
2017-07-24,179.91015625,218.17999267578125,219.72999572753903,218.0,218.94000244140625,3123100
2017-07-25,182.71371459960935,221.5800018310547,222.8699951171875,220.17999267578125,220.33999633789065,3509500
2017-07-26,183.2662353515625,222.25,223.7400054931641,221.8699951171875,222.4499969482422,2792500
2017-07-27,182.6313018798828,221.47999572753903,222.7100067138672,220.42999267578125,221.83999633789065,2812500
2017-07-28,184.3876800537109,223.6100006103516,223.6699981689453,220.8600006103516,221.7700042724609,2483200
2017-07-31,185.8059844970703,225.3300018310547,225.5,223.0500030517578,223.9499969482422,1994900
2017-08-01,187.18304443359372,227.0,228.6199951171875,226.72999572753903,227.08999633789065,2986800
2017-08-02,186.58108520507807,226.2700042724609,227.72999572753903,225.57000732421875,226.3999938964844,1863300
2017-08-03,184.70103454589844,223.9900054931641,226.7400054931641,223.97000122070312,226.0,2106400
2017-08-04,189.4836578369141,229.7899932861328,229.7899932861328,225.05999755859372,226.0500030517578,3400300
2017-08-07,192.06466674804688,232.9199981689453,233.1300048828125,229.2899932861328,229.8000030517578,3809800
2017-08-08,191.3473052978516,232.0500030517578,235.8300018310547,231.6999969482422,232.3999938964844,3322500
2017-08-09,190.4896697998047,231.00999450683597,231.4900054931641,229.05999755859372,230.32000732421875,2571100
2017-08-10,185.9461212158203,225.5,229.4499969482422,225.47000122070312,229.0200042724609,3325500
2017-08-11,184.8329162597656,224.1499938964844,226.67999267578125,222.6499938964844,225.07000732421875,2956600
2017-08-14,187.47994995117188,227.3600006103516,229.8300018310547,226.3000030517578,226.3699951171875,2266100
2017-08-15,187.6695556640625,227.58999633789065,230.6100006103516,227.5,229.57000732421875,1867000
2017-08-16,186.036865234375,225.6100006103516,229.00999450683597,225.0,228.25999450683597,2393900
2017-08-17,182.5818328857422,221.4199981689453,225.97999572753903,221.1100006103516,224.3800048828125,3460300
2017-08-18,183.1837615966797,222.1499938964844,224.08999633789065,220.5500030517578,220.7899932861328,3149300
2017-08-21,182.0623016357422,220.7899932861328,222.3999938964844,219.2100067138672,222.3999938964844,2203300
2017-08-22,184.3629302978516,223.5800018310547,223.77999877929688,221.3300018310547,221.8600006103516,2021300
2017-08-23,183.6703186035156,222.7400054931641,224.80999755859372,221.3300018310547,221.8999938964844,2568000
2017-08-24,183.87640380859372,222.9900054931641,224.57000732421875,222.58999633789065,223.7700042724609,2263000
2017-08-25,183.44760131835935,222.47000122070312,224.9499969482422,222.1300048828125,223.63999938964844,2232500
2017-08-28,181.6994781494141,220.3500061035156,223.08999633789065,218.8600006103516,222.91000366210935,2641600
2017-08-29,181.99740600585935,219.9600067138672,220.1300048828125,215.75,217.2700042724609,2369100
2017-08-30,184.03282165527344,222.4199981689453,224.22000122070312,220.08999633789065,220.25,2411400
2017-08-31,185.1249847412109,223.7400054931641,224.4900054931641,222.5800018310547,223.25,2240600
2017-09-01,186.8956451416016,225.8800048828125,227.55999755859372,223.52999877929688,224.5500030517578,2346900
2017-09-05,180.1936492919922,217.77999877929688,224.0,217.3000030517578,223.8500061035156,5646200
2017-09-06,181.06234741210935,218.8300018310547,221.0200042724609,217.6100006103516,218.97999572753903,3613600
2017-09-07,178.5884552001953,215.83999633789065,218.80999755859372,214.63999938964844,218.72999572753903,3594600
2017-09-08,179.72198486328125,217.2100067138672,219.27999877929688,215.3999938964844,215.50999450683597,3120900
2017-09-11,182.90750122070312,221.05999755859372,221.88999938964844,218.9900054931641,220.07000732421875,2971500
2017-09-12,186.9535675048828,225.9499969482422,227.69000244140625,222.0200042724609,222.5399932861328,3745800
2017-09-13,187.45831298828125,226.55999755859372,227.13999938964844,224.72000122070312,225.25,2383500
2017-09-14,187.6982421875,226.8500061035156,228.1000061035156,226.0500030517578,226.1000061035156,1986600
2017-09-15,186.3495635986328,225.22000122070312,227.2100067138672,223.82000732421875,227.1499938964844,4365800
2017-09-18,188.2608795166016,227.52999877929688,229.0,225.66000366210935,226.3000030517578,2466800
2017-09-19,189.4027099609375,228.91000366210935,230.13999938964844,227.3300018310547,228.00999450683597,1858000
2017-09-20,190.1307830810547,229.7899932861328,231.6499938964844,228.5,229.5,2682300
2017-09-21,191.3718719482422,231.2899932861328,232.1000061035156,229.3999938964844,229.88999938964844,1800800
2017-09-22,191.15684509277344,231.02999877929688,231.4900054931641,228.8800048828125,230.63999938964844,1861800
2017-09-25,190.51971435546875,230.25999450683597,231.8600006103516,228.3600006103516,230.7700042724609,2261800
2017-09-26,190.2549285888672,229.94000244140625,231.44000244140625,229.02999877929688,230.8600006103516,1770000
2017-09-27,194.24302673339844,234.75999450683597,235.6000061035156,232.91000366210935,234.07000732421875,3072100
2017-09-28,194.83050537109372,235.47000122070312,236.1999969482422,233.5,235.0,2121800
2017-09-29,196.253662109375,237.19000244140625,237.6000061035156,234.57000732421875,235.00999450683597,1902300
2017-10-02,199.11648559570312,240.6499938964844,241.1000061035156,237.1000061035156,237.1999969482422,2501300
2017-10-03,199.91905212402344,241.6199951171875,242.7100067138672,239.69000244140625,241.07000732421875,2010800
2017-10-04,198.83517456054688,240.30999755859372,242.8800048828125,240.1199951171875,241.6199951171875,1840400
2017-10-05,203.5927734375,246.05999755859372,246.32000732421875,240.1199951171875,241.0,3521300
2017-10-06,203.5596923828125,246.0200042724609,247.0800018310547,244.6100006103516,246.3000030517578,2396100
2017-10-09,200.8954315185547,242.8000030517578,246.3500061035156,242.0200042724609,245.1499938964844,2165200
2017-10-10,200.7299652099609,242.6000061035156,243.72999572753903,241.6999969482422,242.8000030517578,2187100
2017-10-11,200.56446838378903,242.3999938964844,243.1999969482422,241.3500061035156,242.0,2175700
2017-10-12,198.4131774902344,239.8000030517578,243.4199981689453,238.75,242.3300018310547,2148200
2017-10-13,197.3623962402344,238.52999877929688,239.4499969482422,236.83999633789065,239.0,2491000
2017-10-16,200.5727386474609,242.41000366210935,242.75999450683597,238.3500061035156,238.6000061035156,2969200
2017-10-17,195.343505859375,236.08999633789065,244.88999938964844,235.19000244140625,244.44000244140625,7088400
2017-10-18,200.25831604003903,242.02999877929688,242.6499938964844,236.8699951171875,236.8699951171875,4235900
2017-10-19,198.57037353515625,239.9900054931641,240.9900054931641,238.1000061035156,240.3500061035156,2710900
2017-10-20,202.4923248291016,244.72999572753903,245.25,240.6699981689453,242.9499969482422,3022800
2017-10-23,200.341064453125,242.1300048828125,245.3300018310547,241.3800048828125,244.38999938964844,1963300
2017-10-24,202.58331298828125,244.83999633789065,246.25,243.0,243.6000061035156,2285300
2017-10-25,199.9935607910156,241.7100067138672,246.5,240.8000030517578,246.16000366210935,2904300
2017-10-26,200.00181579589844,241.72000122070312,244.0,241.52999877929688,242.6100006103516,1948800
2017-10-27,199.9935607910156,241.7100067138672,242.44000244140625,239.6699981689453,240.8500061035156,2111500
2017-10-30,199.3150634765625,240.88999938964844,242.58999633789065,239.52999877929688,240.1000061035156,1764400
2017-10-31,200.63067626953125,242.47999572753903,244.17999267578125,240.6300048828125,240.67999267578125,2658700
2017-11-01,202.10345458984372,244.25999450683597,247.3999938964844,242.91000366210935,243.88999938964844,2969600
2017-11-02,204.27133178710935,246.8800048828125,247.7400054931641,243.3800048828125,244.69000244140625,2509100
2017-11-03,202.21929931640625,244.3999938964844,246.27999877929688,243.19000244140625,245.3699951171875,1954600
2017-11-06,201.4663848876953,243.4900054931641,244.5800018310547,241.6699981689453,243.5,1744800
2017-11-07,198.4214324951172,239.80999755859372,244.97999572753903,238.83999633789065,243.91000366210935,2483900
2017-11-08,199.61297607421875,241.25,242.32000732421875,237.5500030517578,239.1999969482422,2349800
2017-11-09,199.2323760986328,240.7899932861328,242.3699951171875,237.83999633789065,239.50999450683597,2122400
2017-11-10,198.7028045654297,240.1499938964844,243.32000732421875,240.0,241.69000244140625,1845600
2017-11-13,198.80206298828125,240.2700042724609,240.8999938964844,237.16000366210935,237.97000122070312,1953900
2017-11-14,196.29502868652344,237.2400054931641,240.8800048828125,235.6300048828125,239.6499938964844,3000200
2017-11-15,196.60118103027344,237.6100006103516,238.1499938964844,233.5500030517578,234.97000122070312,2564100
2017-11-16,198.05740356445312,239.3699951171875,240.69000244140625,238.1999969482422,238.3800048828125,2304300
2017-11-17,196.9403839111328,238.0200042724609,239.0800018310547,237.1199951171875,238.8600006103516,2826400
2017-11-20,197.0314178466797,238.1300048828125,238.77999877929688,237.1100006103516,238.77999877929688,2000700
2017-11-21,196.9403839111328,238.0200042724609,239.58999633789065,237.5399932861328,239.41000366210935,2223800
2017-11-22,195.62478637695312,236.42999267578125,238.9499969482422,236.3600006103516,237.94000244140625,2177200
2017-11-24,195.22769165039065,235.9499969482422,238.55999755859372,235.5500030517578,237.4199981689453,1268500
2017-11-27,194.5326232910156,235.1100006103516,236.8800048828125,234.8000030517578,235.75,1999600
2017-11-28,198.0905303955078,239.41000366210935,240.0,234.3300018310547,236.08999633789065,3212900
2017-11-29,200.3315277099609,241.3600006103516,244.47000122070312,240.3999938964844,241.25,4500000
2017-11-30,205.5440216064453,247.63999938964844,250.7899932861328,244.0,244.07000732421875,6364600
2017-12-01,206.63131713867188,248.9499969482422,250.67999267578125,244.00999450683597,249.77999877929688,4765400
2017-12-04,208.04232788085935,250.6499938964844,254.8999938964844,250.00999450683597,254.88999938964844,3326100
2017-12-05,206.11676025390625,248.3300018310547,251.3500061035156,247.41000366210935,250.8000030517578,2526800
2017-12-06,204.14129638671875,245.9499969482422,248.0800018310547,245.1300048828125,246.2400054931641,2331400
2017-12-07,206.30758666992188,248.55999755859372,249.47999572753903,244.3999938964844,244.6199951171875,2667000
2017-12-08,207.7933654785156,250.3500061035156,250.67999267578125,247.1999969482422,250.5,1959100
2017-12-11,207.61073303222656,250.1300048828125,251.3999938964844,248.75999450683597,250.0,1494200
2017-12-12,213.8773193359375,257.67999267578125,258.20001220703125,250.69000244140625,250.80999755859372,3464200
2017-12-13,212.11769104003903,255.55999755859372,260.5,255.55999755859372,257.8099975585937,3482300
2017-12-14,212.0513153076172,255.47999572753903,259.54998779296875,255.47999572753903,257.1300048828125,3353200
2017-12-15,213.45399475097656,257.1700134277344,258.9700012207031,254.75999450683597,256.70001220703125,5283400
2017-12-18,215.81951904296875,260.0199890136719,262.0,259.1600036621094,260.0,2575600
2017-12-19,212.88131713867188,256.4800109863281,261.79998779296875,256.17999267578125,261.6000061035156,2195500
2017-12-20,211.8022918701172,255.17999267578125,259.0899963378906,254.5500030517578,258.8699951171875,2052400
2017-12-21,216.6412506103516,261.010009765625,262.0899963378906,256.2799987792969,256.6099853515625,3337800
2017-12-22,214.9480438232422,258.9700012207031,262.1400146484375,257.7200012207031,261.6600036621094,2100600
2017-12-26,213.9105224609375,257.7200012207031,259.20001220703125,256.0,258.19000244140625,1289300
2017-12-27,212.44137573242188,255.9499969482422,257.9800109863281,255.5200042724609,257.9800109863281,1567900
2017-12-28,212.89791870117188,256.5,257.0,255.1000061035156,256.9800109863281,1301000
2017-12-29,211.4536895751953,254.75999450683597,256.6499938964844,252.91000366210935,255.8699951171875,2519300
2018-01-02,212.2089691162109,255.6699981689453,257.9100036621094,253.9199981689453,257.7699890136719,2258300
2018-01-03,210.2335662841797,253.2899932861328,256.1400146484375,253.22000122070312,255.47999572753903,2988200
2018-01-04,213.17173767089844,256.8299865722656,259.7200012207031,254.32000732421875,255.22999572753903,2583200
2018-01-05,212.0845184326172,255.5200042724609,257.489990234375,253.69000244140625,257.17999267578125,2594700
2018-01-08,209.00515747070312,251.80999755859372,255.17999267578125,251.6199951171875,254.75,2940500
2018-01-09,210.7730865478516,253.94000244140625,255.6000061035156,252.6199951171875,252.8000030517578,2637300
2018-01-10,211.0968170166016,254.3300018310547,255.1499938964844,252.3500061035156,255.0,2927200
2018-01-11,211.76080322265625,255.1300048828125,255.88999938964844,252.97000122070312,255.75,2422400
2018-01-12,213.33782958984372,257.0299987792969,257.29998779296875,254.08999633789065,255.75,2849200
2018-01-16,214.52476501464844,258.4599914550781,261.7699890136719,256.3999938964844,259.25,4445500
2018-01-17,210.53237915039065,253.6499938964844,262.0,248.83999633789065,260.9800109863281,8608100
2018-01-18,208.3080139160156,250.97000122070312,254.5399932861328,250.6000061035156,254.4900054931641,4984500
2018-01-19,212.58245849609372,256.1199951171875,256.1400146484375,250.25999450683597,251.0,4643400
2018-01-22,217.0645751953125,261.5199890136719,262.8699951171875,255.19000244140625,255.4499969482422,5264700
2018-01-23,215.87762451171875,260.0899963378906,260.260009765625,256.8500061035156,258.0,4003600
2018-01-24,220.51739501953125,265.67999267578125,265.7799987792969,260.29998779296875,260.739990234375,4314000
2018-01-25,223.2979888916016,269.0299987792969,270.5,265.010009765625,266.3500061035156,5055000
2018-01-26,222.5592498779297,268.1400146484375,269.0,266.04998779296875,267.489990234375,3535400
2018-01-29,226.16151428222656,272.4800109863281,273.7900085449219,268.8099975585937,269.0400085449219,3881100
2018-01-30,223.2232818603516,268.94000244140625,272.0,267.1099853515625,270.3900146484375,3970400
2018-01-31,222.351806640625,267.8900146484375,270.0,266.3299865722656,268.54998779296875,3710200
2018-02-01,225.95396423339844,272.2300109863281,272.5899963378906,266.0,266.1499938964844,3388200
2018-02-02,215.83615112304688,260.0400085449219,271.75,259.3500061035156,270.0,5913900
2018-02-05,206.76409912109372,249.1100006103516,263.29998779296875,241.5,257.510009765625,6528500
2018-02-06,214.72396850585935,258.70001220703125,258.75,242.1100006103516,244.2100067138672,6739900
2018-02-07,213.3959197998047,257.1000061035156,261.95001220703125,255.66000366210935,255.8999938964844,4125000
2018-02-08,204.47332763671875,246.3500061035156,258.7799987792969,246.0500030517578,257.92999267578125,4166200
2018-02-09,206.9218597412109,249.3000030517578,251.6699981689453,239.2899932861328,249.6199951171875,5978600
2018-02-12,210.12567138671875,253.16000366210935,256.1499938964844,248.82000732421875,251.1499938964844,3692500
2018-02-13,212.0928192138672,255.52999877929688,256.3999938964844,250.5800018310547,252.00999450683597,2700500
2018-02-14,217.9443817138672,262.5799865722656,262.7099914550781,254.47999572753903,255.0,3793800
2018-02-15,222.17745971679688,267.67999267578125,268.0,262.9100036621094,265.760009765625,3523100
2018-02-16,222.12762451171875,267.6199951171875,269.2799987792969,265.8999938964844,265.989990234375,2602500
2018-02-20,219.8616943359375,264.8900146484375,268.8500061035156,263.3099975585937,266.8900146484375,2618400
2018-02-21,218.625,263.3999938964844,270.0,263.1300048828125,263.9200134277344,3017900
2018-02-22,216.9899139404297,261.42999267578125,266.32000732421875,260.7200012207031,264.3999938964844,2678900
2018-02-23,221.4221343994141,266.7699890136719,266.9800109863281,262.3999938964844,263.0,2507100
2018-02-26,225.14886474609372,271.260009765625,271.7799987792969,266.7699890136719,267.5,2751400
2018-02-27,222.38494873046875,267.92999267578125,273.1199951171875,267.92999267578125,271.0,3140600
2018-02-28,218.8474884033203,262.92999267578125,269.489990234375,262.57000732421875,269.1400146484375,3104300
2018-03-01,213.7285614013672,256.7799987792969,263.54998779296875,256.20001220703125,262.6099853515625,3483500
2018-03-02,214.8439178466797,258.1199951171875,259.239990234375,252.1000061035156,255.0,3122800
2018-03-05,219.0056304931641,263.1199951171875,264.54998779296875,256.239990234375,256.4599914550781,2445800
2018-03-06,222.1768798828125,266.92999267578125,267.8699951171875,263.2099914550781,264.7699890136719,2217300
2018-03-07,220.86175537109372,265.3500061035156,266.42999267578125,260.95001220703125,262.69000244140625,2509400
2018-03-08,221.6858062744141,266.3399963378906,268.1000061035156,262.6300048828125,266.4800109863281,2565400
2018-03-09,225.373046875,270.7699890136719,271.0899963378906,267.0400085449219,268.70001220703125,4410600
2018-03-12,227.5455017089844,273.3800048828125,275.3099975585937,270.7699890136719,271.0,3065600
2018-03-13,223.5086212158203,268.5299987792969,275.0299987792969,267.44000244140625,274.3399963378906,2288100
2018-03-14,220.09597778320312,264.42999267578125,270.7799987792969,263.9100036621094,270.3999938964844,2478700
2018-03-15,221.91046142578125,266.6099853515625,269.0,265.3500061035156,265.7200012207031,2255200
2018-03-16,222.7345123291016,267.6000061035156,269.8500061035156,265.3299865722656,266.010009765625,4114400
2018-03-19,218.5145568847656,262.5299987792969,267.5,259.4700012207031,266.989990234375,2426900
2018-03-20,219.0638885498047,263.19000244140625,264.6400146484375,261.8900146484375,263.2900085449219,1514800
2018-03-21,217.9485626220703,261.8500061035156,266.489990234375,260.3099975585937,263.010009765625,2817600
2018-03-22,210.24940490722656,252.6000061035156,260.82000732421875,252.17999267578125,258.4200134277344,4489300
2018-03-23,204.1400146484375,245.25999450683597,253.9900054931641,244.92999267578125,253.6300048828125,3634200
2018-03-26,212.1471405029297,254.8800048828125,255.3600006103516,248.4499969482422,250.6499938964844,3787200
2018-03-27,205.80470275878903,247.25999450683597,257.0599975585937,245.6100006103516,255.88999938964844,2981500
2018-03-28,207.56092834472656,249.3699951171875,251.22999572753903,244.3699951171875,248.77999877929688,2660200
2018-03-29,209.63348388671875,251.8600006103516,252.97999572753903,248.3300018310547,250.7899932861328,3073900
2018-04-02,205.87960815429688,247.3500061035156,252.6000061035156,243.7700042724609,251.25999450683597,3429900
2018-04-03,208.5680389404297,250.5800018310547,250.88999938964844,245.8999938964844,248.6100006103516,2488200
2018-04-04,210.2660217285156,252.6199951171875,253.22000122070312,244.50999450683597,245.7100067138672,2853200
2018-04-05,212.92120361328125,255.80999755859372,258.0,253.3999938964844,254.5,1924800
2018-04-06,208.06033325195312,249.97000122070312,255.33999633789065,246.67999267578125,251.47999572753903,3621900
2018-04-09,209.90814208984372,252.19000244140625,257.5,249.1699981689453,251.47999572753903,3256700
2018-04-10,213.5538024902344,256.57000732421875,259.8900146484375,255.9499969482422,257.9599914550781,3113900
2018-04-11,210.5323944091797,252.94000244140625,254.8300018310547,249.7899932861328,252.58999633789065,3322000
2018-04-12,216.06748962402344,259.5899963378906,260.7300109863281,255.1100006103516,256.2699890136719,3059100
2018-04-13,213.0127868652344,255.9199981689453,262.5,254.5399932861328,261.94000244140625,3026200
2018-04-16,214.6441650390625,257.8800048828125,260.6600036621094,256.6600036621094,257.1300048828125,3257400
2018-04-17,211.10671997070312,253.6300048828125,262.25,252.33999633789065,261.6000061035156,10134400
2018-04-18,211.4146423339844,254.0,257.0199890136719,252.25,254.8999938964844,4524800
2018-04-19,211.55616760253903,254.1699981689453,256.1600036621094,252.8300018310547,254.0,3990000
2018-04-20,209.7167510986328,251.9600067138672,255.67999267578125,251.47999572753903,254.1000061035156,2930600
2018-04-23,205.3136138916016,246.6699981689453,252.75,246.19000244140625,251.66000366210935,3775900
2018-04-24,201.83441162109372,242.4900054931641,249.1499938964844,240.0399932861328,248.82000732421875,4705100
2018-04-25,199.12103271484372,239.22999572753903,242.4600067138672,237.50999450683597,242.19000244140625,5041400
2018-04-26,199.83685302734372,240.08999633789065,241.66000366210935,238.00999450683597,239.2700042724609,2891100
2018-04-27,199.5954132080078,239.8000030517578,241.92999267578125,239.0200042724609,240.0,2136800
2018-04-30,198.37191772460935,238.3300018310547,243.07000732421875,238.22000122070312,240.97000122070312,2790500
2018-05-01,196.99020385742188,236.6699981689453,237.8999938964844,233.9600067138672,237.50999450683597,3269800
2018-05-02,194.8094787597656,234.0500030517578,237.91000366210935,233.4199981689453,236.6000061035156,3710900
2018-05-03,194.2767639160156,233.41000366210935,234.0,227.3999938964844,232.4499969482422,4511400
2018-05-04,195.55029296875,234.94000244140625,236.7899932861328,232.27999877929688,232.30999755859372,2622300
2018-05-07,197.4313507080078,237.1999969482422,238.1699981689453,235.27999877929688,236.0,1979400
2018-05-08,197.26486206054688,237.0,240.66000366210935,236.0,238.2400054931641,3267000
2018-05-09,201.20181274414065,241.72999572753903,242.0500030517578,237.25,237.97999572753903,2434000
2018-05-10,202.6251373291016,243.44000244140625,245.4199981689453,240.16000366210935,242.1100006103516,2599000
2018-05-11,202.19232177734372,242.9199981689453,244.91000366210935,241.7100067138672,243.44000244140625,1540100
2018-05-14,203.0164031982422,243.91000366210935,245.8800048828125,243.5,243.6000061035156,1928500
2018-05-15,201.0603485107422,241.55999755859372,243.9499969482422,240.6699981689453,243.0,2165700
2018-05-16,200.5609436035156,240.9600067138672,241.83999633789065,240.58999633789065,241.2700042724609,1965200
2018-05-17,199.0128173828125,239.1000061035156,242.44000244140625,238.77999877929688,240.4199981689453,2462700
2018-05-18,197.26486206054688,237.0,238.7400054931641,236.8699951171875,238.1000061035156,2699000
2018-05-21,197.8474884033203,237.6999969482422,240.07000732421875,237.32000732421875,239.1000061035156,1951700
2018-05-22,198.09722900390625,238.0,240.6999969482422,237.97999572753903,238.6999969482422,2551500
2018-05-23,197.9390869140625,237.80999755859372,237.8699951171875,234.3800048828125,236.8800048828125,3114000
2018-05-24,196.5157928466797,236.1000061035156,237.1699981689453,233.6499938964844,236.6000061035156,2308700
2018-05-25,195.60850524902344,235.00999450683597,236.1199951171875,234.27999877929688,235.0,1985600
2018-05-29,188.9664459228516,227.02999877929688,232.47000122070312,225.0200042724609,231.5200042724609,5323600
2018-05-30,191.413818359375,229.16000366210935,229.6699981689453,226.27999877929688,228.94000244140625,3348600
2018-05-31,188.674072265625,225.8800048828125,228.1100006103516,224.08999633789065,227.33999633789065,5334900
2018-06-01,190.7372131347656,228.3500061035156,230.25,228.08999633789065,228.3999938964844,3330900
2018-06-04,192.02359008789065,229.88999938964844,231.1499938964844,228.9499969482422,230.3500061035156,2133600
2018-06-05,190.7289123535156,228.33999633789065,229.33999633789065,227.2899932861328,228.94000244140625,1986200
2018-06-06,193.9781494140625,232.22999572753903,232.5800018310547,229.3600006103516,229.8500061035156,2566400
2018-06-07,194.9971923828125,233.4499969482422,235.9199981689453,232.5399932861328,233.88999938964844,2905000
2018-06-08,194.9470977783203,233.38999938964844,234.2700042724609,232.3500061035156,233.0,2253100
2018-06-11,195.53173828125,234.08999633789065,235.16000366210935,233.58999633789065,234.6199951171875,1936800
2018-06-12,194.31224060058597,232.6300048828125,235.22999572753903,231.8600006103516,234.1199951171875,2080000
2018-06-13,195.3146209716797,233.8300018310547,238.22999572753903,233.1000061035156,233.6499938964844,3637400
2018-06-14,195.16427612304688,233.6499938964844,235.88999938964844,232.58999633789065,235.8699951171875,2899600
2018-06-15,193.71925354003903,231.9199981689453,233.1499938964844,229.83999633789065,231.5,4738100
2018-06-18,193.27651977539065,231.38999938964844,231.6699981689453,229.1499938964844,230.1999969482422,2327500
2018-06-19,190.7122344970703,228.32000732421875,229.0399932861328,226.16000366210935,228.22000122070312,3326600
2018-06-20,190.29458618164065,227.82000732421875,229.94000244140625,226.9600067138672,229.9199981689453,2678300
2018-06-21,189.59292602539065,226.97999572753903,228.42999267578125,224.57000732421875,226.38999938964844,3094600
2018-06-22,188.791015625,226.0200042724609,230.5,225.5800018310547,227.77999877929688,2731800
2018-06-25,185.0489044189453,221.5399932861328,225.13999938964844,220.38999938964844,224.5,3817700
2018-06-26,185.0823516845703,221.5800018310547,222.8000030517578,219.1199951171875,221.77999877929688,2692900
2018-06-27,183.9129180908203,220.17999267578125,225.47000122070312,220.13999938964844,221.47999572753903,3104200
2018-06-28,186.6192779541016,223.4199981689453,224.66000366210935,219.5800018310547,220.25,3072600
2018-06-29,184.2386779785156,220.57000732421875,225.1699981689453,220.4499969482422,224.3999938964844,3393700
2018-07-02,186.485595703125,223.25999450683597,223.33999633789065,218.88999938964844,219.75,1723200
2018-07-03,184.08001708984372,220.3800048828125,224.63999938964844,219.9900054931641,224.4600067138672,1204400
2018-07-05,184.38075256347656,220.7400054931641,222.13999938964844,219.77999877929688,221.5,2218200
2018-07-06,185.25778198242188,221.7899932861328,223.1999969482422,219.8800048828125,220.5399932861328,1846400
2018-07-09,190.43653869628903,227.9900054931641,228.1999969482422,223.0,223.3600006103516,2743900
2018-07-10,189.48434448242188,226.8500061035156,228.8699951171875,225.8500061035156,228.0,2524800
2018-07-11,188.49038696289065,225.66000366210935,227.25,225.1999969482422,225.75999450683597,2527000
2018-07-12,189.79335021972656,227.22000122070312,227.8000030517578,225.7700042724609,227.63999938964844,2223100
2018-07-13,189.1167755126953,226.41000366210935,228.6199951171875,223.92999267578125,226.6300048828125,2541500
2018-07-16,193.31825256347656,231.44000244140625,231.44000244140625,226.7400054931641,227.1999969482422,3271200
2018-07-17,192.96746826171875,231.0200042724609,233.22999572753903,226.8699951171875,231.47999572753903,9280200
2018-07-18,193.15126037597656,231.2400054931641,233.72000122070312,230.1499938964844,232.33999633789065,6149900
2018-07-19,191.806396484375,229.6300048828125,231.9900054931641,228.97999572753903,231.1100006103516,4638500
2018-07-20,193.52706909179688,231.69000244140625,232.0500030517578,228.8000030517578,229.00999450683597,2683500
2018-07-23,195.2561187744141,233.75999450683597,234.8600006103516,231.72000122070312,231.8000030517578,2788500
2018-07-24,197.02691650390625,235.8800048828125,237.47999572753903,234.33999633789065,234.75,2887400
2018-07-25,197.7034912109375,236.69000244140625,236.8500061035156,233.9499969482422,235.00999450683597,2181500
2018-07-26,198.0543365478516,237.1100006103516,238.33999633789065,236.42999267578125,237.0,1885500
2018-07-27,198.4970245361328,237.63999938964844,238.8000030517578,235.9900054931641,237.9600067138672,1998200
2018-07-30,199.59127807617188,238.9499969482422,239.72999572753903,236.88999938964844,238.0,2454100
2018-07-31,198.32162475585935,237.42999267578125,239.5,236.5500030517578,239.5,2503700
2018-08-01,197.16058349609372,236.0399932861328,239.3999938964844,235.77999877929688,238.5,2510500
2018-08-02,195.4482421875,233.9900054931641,235.2100067138672,232.7700042724609,233.92999267578125,2579700
2018-08-03,195.53173828125,234.08999633789065,235.5200042724609,233.4900054931641,234.44000244140625,3053100
2018-08-06,197.0686798095703,235.92999267578125,236.97999572753903,234.02999877929688,234.13999938964844,2259600
2018-08-07,198.65576171875,237.8300018310547,239.4600067138672,236.4900054931641,237.25,2399500
2018-08-08,197.43621826171875,236.3699951171875,239.16000366210935,236.22999572753903,238.1199951171875,2522400
2018-08-09,195.2728271484375,233.77999877929688,236.8500061035156,233.38999938964844,236.3500061035156,2951900
2018-08-10,191.78973388671875,229.6100006103516,231.4600067138672,228.1100006103516,230.97000122070312,3863400
2018-08-13,189.49264526367188,226.8600006103516,229.88999938964844,226.57000732421875,229.4900054931641,2662700
2018-08-14,191.74794006347656,229.55999755859372,230.3699951171875,227.3000030517578,227.3500061035156,2359000
2018-08-15,191.48899841308597,229.25,231.5399932861328,228.30999755859372,229.3500061035156,3218500
2018-08-16,194.6212921142578,233.0,233.2899932861328,230.4499969482422,230.6699981689453,2438300
2018-08-17,194.93869018554688,233.3800048828125,233.72000122070312,231.63999938964844,232.50999450683597,2107200
2018-08-20,196.94337463378903,235.77999877929688,235.97999572753903,234.0800018310547,234.1300048828125,2604900
2018-08-21,199.34066772460935,238.6499938964844,239.52999877929688,235.2899932861328,235.2899932861328,2437300
2018-08-22,199.9169921875,239.33999633789065,239.6699981689453,237.5800018310547,237.88999938964844,1870900
2018-08-23,197.41116333007807,236.33999633789065,239.27999877929688,235.83999633789065,239.0500030517578,2064700
2018-08-24,196.3837738037109,235.1100006103516,237.8000030517578,234.6999969482422,237.3600006103516,1948100
2018-08-27,202.6400604248047,242.6000061035156,243.6499938964844,236.55999755859372,236.9900054931641,4106900
2018-08-28,202.4479217529297,242.3699951171875,245.0800018310547,241.58999633789065,243.05999755859372,2951000
2018-08-29,202.30545043945312,241.3999938964844,242.7899932861328,240.30999755859372,242.0500030517578,1911700
2018-08-30,200.6293487548828,239.3999938964844,241.1199951171875,238.67999267578125,240.8000030517578,1963700
2018-08-31,199.296875,237.80999755859372,239.3500061035156,237.1199951171875,238.94000244140625,1965500
2018-09-04,199.1711883544922,237.66000366210935,238.1199951171875,234.58999633789065,237.75999450683597,2083500
2018-09-05,199.08737182617188,237.55999755859372,239.4499969482422,236.1699981689453,237.00999450683597,2092000
2018-09-06,196.5396881103516,234.5200042724609,238.6300048828125,233.8800048828125,237.0,2651400
2018-09-07,196.0284576416016,233.91000366210935,235.63999938964844,232.67999267578125,235.0500030517578,1952900
2018-09-10,194.3523406982422,231.91000366210935,235.5,231.7400054931641,235.00999450683597,1948100
2018-09-11,192.9277191162109,230.2100067138672,231.6499938964844,228.66000366210935,230.6699981689453,2719400
2018-09-12,191.20127868652344,228.1499938964844,231.9900054931641,227.3000030517578,230.91000366210935,3577700
2018-09-13,191.35220336914065,228.3300018310547,229.8500061035156,227.57000732421875,229.5,3003600
2018-09-14,192.11476135253903,229.2400054931641,230.5500030517578,228.75999450683597,229.0800018310547,2228300
2018-09-17,190.9833831787109,227.88999938964844,230.16000366210935,227.3000030517578,229.3999938964844,1918800
2018-09-18,191.8214874267578,228.88999938964844,229.3999938964844,226.57000732421875,228.3500061035156,2498100
2018-09-19,197.4280242919922,235.5800018310547,236.27999877929688,229.5200042724609,229.8999938964844,3716500
2018-09-20,198.9532470703125,237.3999938964844,238.50999450683597,236.02999877929688,237.0,2503000
2018-09-21,197.2268829345703,235.33999633789065,238.5200042724609,234.8300018310547,238.05999755859372,3760300
2018-09-24,195.18197631835935,232.8999938964844,235.7400054931641,232.2400054931641,234.7400054931641,2057000
2018-09-25,194.84678649902344,232.5,234.63999938964844,232.22999572753903,234.63999938964844,2003200
2018-09-26,191.81304931640625,228.8800048828125,233.0,228.2400054931641,232.9600067138672,2372700
2018-09-27,190.85772705078125,227.7400054931641,229.8500061035156,227.5200042724609,228.7700042724609,2451500
2018-09-28,187.92454528808597,224.2400054931641,227.3999938964844,223.8000030517578,225.75,3097800
2018-10-01,188.8379821777344,225.3300018310547,227.58999633789065,225.0,226.22000122070312,2451300
2018-10-02,189.4581298828125,226.07000732421875,226.3300018310547,223.97000122070312,225.27999877929688,2272700
2018-10-03,190.89122009277344,227.77999877929688,229.7700042724609,226.5800018310547,227.75,2573900
2018-10-04,190.63983154296875,227.47999572753903,231.3999938964844,225.38999938964844,229.25999450683597,2903600
2018-10-05,189.1564178466797,225.7100067138672,228.41000366210935,224.2100067138672,228.0,1722400
2018-10-08,188.85479736328125,225.3500061035156,226.9199981689453,222.5,224.25999450683597,2522900
2018-10-09,186.80987548828125,222.91000366210935,225.1199951171875,222.52999877929688,224.9900054931641,1862900
2018-10-10,180.0887451171875,214.88999938964844,223.63999938964844,214.55999755859372,223.2400054931641,3955500
2018-10-11,178.47964477539062,212.97000122070312,216.02999877929688,210.9499969482422,214.1999969482422,6217400
2018-10-12,179.2339324951172,213.8699951171875,217.97999572753903,211.4600067138672,217.0,4161300
2018-10-15,180.36529541015625,215.22000122070312,217.13999938964844,213.0500030517578,214.4499969482422,3333800
2018-10-16,185.7958526611328,221.6999969482422,222.0,216.3000030517578,219.3500061035156,5924200
2018-10-17,191.3102264404297,228.27999877929688,228.8999938964844,220.0500030517578,220.52999877929688,4953700
2018-10-18,188.51956176757807,224.9499969482422,228.72999572753903,223.8600006103516,227.5,2995400
2018-10-19,190.2040252685547,226.9600067138672,228.3000030517578,224.19000244140625,225.25999450683597,2759100
2018-10-22,185.7120513916016,221.6000061035156,228.8699951171875,221.5200042724609,226.92999267578125,2736800
2018-10-23,183.1643524169922,218.55999755859372,219.5200042724609,214.32000732421875,216.58999633789065,3318200
2018-10-24,175.30343627929688,209.17999267578125,218.92999267578125,208.3999938964844,218.13999938964844,4152700
2018-10-25,179.3512725830078,214.00999450683597,215.69000244140625,210.33999633789065,211.2700042724609,3179700
2018-10-26,177.968505859375,212.3600006103516,214.8000030517578,209.52999877929688,210.72999572753903,3557900
2018-10-29,179.75352478027344,214.4900054931641,218.2100067138672,212.0500030517578,214.1499938964844,3278200
2018-10-30,183.76780700683597,219.27999877929688,220.3500061035156,215.0399932861328,215.9900054931641,3897400
2018-10-31,188.8715057373047,225.3699951171875,229.0,221.3999938964844,221.88999938964844,4369600
2018-11-01,190.21237182617188,226.97000122070312,228.8800048828125,225.47000122070312,225.75999450683597,2557600
2018-11-02,192.49185180664065,229.69000244140625,231.69000244140625,226.2899932861328,230.0,3699000
2018-11-05,191.6789703369141,228.72000122070312,231.1000061035156,226.9499969482422,228.32000732421875,2565200
2018-11-06,191.24317932128903,228.1999969482422,229.5200042724609,227.0500030517578,228.19000244140625,2275600
2018-11-07,193.8243865966797,231.27999877929688,232.8000030517578,226.8999938964844,230.0500030517578,3514300
2018-11-08,194.1344451904297,231.6499938964844,234.05999755859372,230.6000061035156,231.0,2404800
2018-11-09,186.59201049804688,222.6499938964844,231.69000244140625,222.3000030517578,231.69000244140625,3721700
2018-11-12,172.68032836914062,206.0500030517578,222.30999755859372,205.1300048828125,222.0,11019400
2018-11-13,171.84226989746094,205.0500030517578,209.58999633789065,202.3300018310547,204.3999938964844,6984800
2018-11-14,169.69691467285156,202.4900054931641,207.33999633789065,198.44000244140625,206.2400054931641,5742500
2018-11-15,170.7445068359375,203.7400054931641,204.5,199.32000732421875,201.8000030517578,4260000
2018-11-16,169.38677978515625,202.1199951171875,204.7400054931641,200.3500061035156,202.92999267578125,2829600
2018-11-19,166.1184539794922,198.22000122070312,202.3000030517578,197.3500061035156,201.8300018310547,3419100
2018-11-20,160.35263061523438,191.33999633789065,195.88999938964844,190.3500061035156,195.1000061035156,5513800
2018-11-21,161.40858459472656,192.6000061035156,195.2400054931641,191.19000244140625,192.08999633789065,4111700
2018-11-23,158.4754180908203,189.1000061035156,191.8699951171875,188.94000244140625,191.6100006103516,1862600
2018-11-26,162.86685180664062,194.33999633789065,195.22999572753903,190.69000244140625,191.1699981689453,3143300
2018-11-27,162.2885284423828,193.6499938964844,194.6199951171875,191.55999755859372,193.3999938964844,2345400
2018-11-28,166.22735595703125,198.3500061035156,198.4499969482422,192.22999572753903,194.83999633789065,3762900
2018-11-29,163.95550537109375,194.8500061035156,197.4499969482422,193.16000366210935,196.0200042724609,2665700
2018-11-30,160.455078125,190.69000244140625,191.4499969482422,188.1199951171875,190.57000732421875,6220000
2018-12-03,161.24600219726562,191.6300048828125,195.66000366210935,191.6199951171875,194.0,4017000
2018-12-04,155.08665466308594,184.30999755859372,191.1100006103516,183.6300048828125,190.69000244140625,5797500
2018-12-06,154.9014892578125,184.08999633789065,184.8800048828125,180.1499938964844,181.3300018310547,5275500
2018-12-07,151.18234252929688,179.6699981689453,186.25,179.0,183.8500061035156,3921200
2018-12-10,150.47552490234375,178.8300018310547,179.83999633789062,174.67999267578125,178.60000610351562,4528300
2018-12-11,148.76739501953125,176.8000030517578,184.42999267578125,175.4499969482422,182.1499938964844,4713900
2018-12-12,148.68325805664062,176.6999969482422,180.0,176.47999572753906,178.5,3677300
2018-12-13,148.0269317626953,175.9199981689453,178.69000244140625,175.1199951171875,177.8300018310547,4008600
2018-12-14,145.37635803222656,172.77000427246094,176.25999450683594,172.3699951171875,174.33999633789062,5078300
2018-12-17,141.37109375,168.00999450683594,171.42999267578125,166.52999877929688,169.39999389648438,8395800
2018-12-18,144.30775451660156,171.5,173.02000427246094,169.32000732421875,169.77999877929688,5150800
2018-12-19,142.41448974609375,169.25,174.85000610351562,167.60000610351562,171.58999633789062,5316100
2018-12-20,141.7076873779297,168.41000366210938,171.64999389648438,167.16000366210938,168.38999938964844,6488200
2018-12-21,134.67320251464844,160.0500030517578,169.6300048828125,159.4199981689453,168.25,8960000
2018-12-24,131.55987548828125,156.35000610351562,160.0,154.30999755859375,159.0,3783500
2018-12-26,137.09658813476562,162.92999267578125,163.11000061035156,151.6999969482422,157.0,7054700
2018-12-27,139.18333435058594,165.41000366210938,165.41000366210938,159.02000427246094,160.1199951171875,4973000
2018-12-28,137.18075561523438,163.02999877929688,165.9499969482422,162.02000427246094,165.63999938964844,4110500
2018-12-31,140.5633087158203,167.0500030517578,167.1199951171875,163.77999877929688,163.77999877929688,4550000
2019-01-02,144.75367736816406,172.02999877929688,172.25,163.35000610351562,164.3300018310547,3999400
2019-01-03,142.6332550048828,169.50999450683594,171.77000427246094,168.2899932861328,170.66000366210938,4060200
2019-01-04,147.2948760986328,175.0500030517578,176.0,171.10000610351562,172.99000549316406,3788300
2019-01-07,148.111083984375,176.02000427246094,177.8300018310547,172.27000427246094,175.22999572753906,3152100
2019-01-08,147.56410217285156,175.3699951171875,178.10000610351562,172.89999389648438,177.77999877929688,2692700
2019-01-09,148.48971557617188,176.47000122070312,177.69000244140625,174.91000366210938,176.10000610351562,3321400
2019-01-10,148.0942840576172,176.0,178.07000732421875,175.5,175.66000366210938,2808700
2019-01-11,148.87680053710938,176.92999267578125,177.0399932861328,172.4199981689453,175.10000610351562,3182700
2019-01-14,150.38294982910156,178.72000122070312,179.5399932861328,174.10000610351562,174.52000427246094,3361700
2019-01-15,151.38426208496094,179.91000366210938,179.99000549316406,176.39999389648438,178.32000732421875,2911800
2019-01-16,165.8319091796875,197.0800018310547,198.1499938964844,185.6000061035156,187.0,15194200
2019-01-17,167.52316284179688,199.08999633789065,199.8000030517578,192.8300018310547,195.9499969482422,8177000
2019-01-18,170.4261474609375,202.5399932861328,203.0,196.91000366210935,200.3800048828125,5650900
2019-01-22,166.3367462158203,197.67999267578125,201.47000122070312,195.9199981689453,200.5,4648500
2019-01-23,165.68040466308594,196.8999938964844,198.08999633789065,194.52999877929688,197.5500030517578,3410700
2019-01-24,166.43772888183594,197.8000030517578,199.67999267578125,195.75999450683597,196.22000122070312,2631800
2019-01-25,168.9115753173828,200.7400054931641,201.19000244140625,199.4199981689453,199.8300018310547,3275000
2019-01-28,168.05335998535156,199.72000122070312,200.07000732421875,197.1000061035156,197.9900054931641,2369600
2019-01-29,168.7095947265625,200.5,201.97000122070312,197.8699951171875,199.0,2694100
2019-01-30,170.37570190429688,202.47999572753903,203.2899932861328,199.6499938964844,200.8999938964844,2773300
2019-01-31,166.6144561767578,198.00999450683597,202.3500061035156,196.9499969482422,200.1000061035156,5604500
2019-02-01,165.37750244140625,196.5399932861328,199.63999938964844,196.5399932861328,198.0,3174200
2019-02-04,166.3704376220703,197.72000122070312,197.75999450683597,194.7899932861328,195.8000030517578,2400200
2019-02-05,166.6144561767578,198.00999450683597,199.3300018310547,196.8600006103516,198.1199951171875,2601000
2019-02-06,165.44483947753906,196.6199951171875,199.05999755859372,195.8300018310547,197.17999267578125,2063100
2019-02-07,162.45770263671875,193.07000732421875,195.8800048828125,191.0500030517578,195.27999877929688,2948800
2019-02-08,161.2796630859375,191.6699981689453,192.6199951171875,188.22000122070312,191.72000122070312,2757500
2019-02-11,160.9935760498047,191.3300018310547,193.32000732421875,191.07000732421875,192.8800048828125,2056500
2019-02-12,163.65252685546875,194.4900054931641,195.6499938964844,193.0,193.0500030517578,2392900
2019-02-13,163.8208465576172,194.69000244140625,198.77999877929688,194.6000061035156,195.9199981689453,2757300
2019-02-14,162.0033416748047,192.52999877929688,194.1300048828125,189.44000244140625,192.2100067138672,2865000
2019-02-15,167.0267333984375,198.5,198.88999938964844,193.1000061035156,193.2100067138672,3065400
2019-02-19,167.16978454589844,198.6699981689453,199.05999755859372,195.6100006103516,196.66000366210935,2558200
2019-02-20,167.1108856201172,198.6000061035156,199.3000030517578,197.50999450683597,198.72999572753903,2266000
2019-02-21,165.22607421875,196.3600006103516,199.4499969482422,195.0500030517578,198.97000122070312,2785900
2019-02-22,164.9231414794922,196.0,197.75,195.1999969482422,196.6000061035156,2626600
2019-02-25,167.15293884277344,198.6499938964844,201.5,197.7100067138672,198.0,3032200
2019-02-26,167.36331176757812,198.8999938964844,200.55999755859372,196.5500030517578,198.47000122070312,2499800
2019-02-27,167.36331176757812,198.1000061035156,199.88999938964844,197.1199951171875,198.5,1804200
2019-02-28,166.1804962158203,196.6999969482422,198.3999938964844,196.00999450683597,198.0399932861328,2964300
2019-03-01,167.4477996826172,198.1999969482422,201.44000244140625,197.42999267578125,198.75,2580500
2019-03-04,165.572265625,195.97999572753903,200.8300018310547,194.1499938964844,198.80999755859372,2683600
2019-03-05,165.58912658691406,196.0,196.17999267578125,193.0,195.8500061035156,2338600
2019-03-06,164.524658203125,194.7400054931641,197.55999755859372,194.52999877929688,195.8999938964844,2247500
2019-03-07,162.86033630371094,192.7700042724609,193.4499969482422,190.0800018310547,193.1300048828125,3567800
2019-03-08,164.9470977783203,195.2400054931641,195.7700042724609,189.7100067138672,190.3999938964844,3162700
2019-03-11,165.56381225585938,195.97000122070312,198.97000122070312,195.72999572753903,197.22999572753903,2669000
2019-03-12,166.12142944335938,196.6300048828125,197.3999938964844,195.69000244140625,196.0,1977400
2019-03-13,166.6452178955078,197.25,198.92999267578125,196.5200042724609,197.75,1904500
2019-03-14,166.8310546875,197.47000122070312,198.5,196.6999969482422,197.32000732421875,1482300
2019-03-15,167.4984588623047,198.25999450683597,198.8500061035156,196.8500061035156,197.16000366210935,2985200
2019-03-18,171.05531311035156,202.47000122070312,203.8500061035156,198.9199981689453,199.17999267578125,3354900
2019-03-19,169.91476440429688,201.1199951171875,206.4499969482422,200.77999877929688,204.8800048828125,3284900
2019-03-20,164.16983032226562,194.32000732421875,200.3300018310547,193.97000122070312,200.3300018310547,5033500
2019-03-21,164.389404296875,194.5800018310547,195.5500030517578,191.75,192.8999938964844,4031500
2019-03-22,159.64144897460938,188.9600067138672,193.7100067138672,187.77999877929688,192.6699981689453,5703100
2019-03-25,159.2612762451172,188.50999450683597,191.4499969482422,186.5,189.3300018310547,3751000
2019-03-26,161.10301208496094,190.69000244140625,192.41000366210935,188.69000244140625,190.02999877929688,2910100
2019-03-27,160.5454864501953,190.02999877929688,191.6100006103516,188.7400054931641,190.6000061035156,2343800
2019-03-28,161.51699829101562,191.17999267578125,191.91000366210935,189.2899932861328,190.7400054931641,2343400
2019-03-29,162.20132446289062,191.9900054931641,193.1100006103516,191.13999938964844,192.67999267578125,2632800
2019-04-01,166.21437072753906,196.7400054931641,198.08999633789065,193.6100006103516,194.0,3562600
2019-04-02,166.8564453125,197.5,197.75999450683597,195.3999938964844,196.2400054931641,2247000
2019-04-03,169.695068359375,200.8600006103516,201.08999633789065,198.5399932861328,199.25,3227900
2019-04-04,170.85255432128906,202.22999572753903,204.2899932861328,200.5,200.8000030517578,2582300
2019-04-05,170.979248046875,202.3800048828125,205.5,202.05999755859372,203.3800048828125,2447100
2019-04-08,171.11444091796875,202.5399932861328,203.6300048828125,201.17999267578125,202.7899932861328,1891500
2019-04-09,169.49232482910156,200.6199951171875,201.58999633789065,198.8600006103516,201.22999572753903,2400900
2019-04-10,171.48619079589844,202.97999572753903,203.1699981689453,200.2700042724609,201.8000030517578,1907100
2019-04-11,171.35943603515625,202.8300018310547,205.4499969482422,201.57000732421875,204.22999572753903,2802100
2019-04-12,175.5921173095703,207.83999633789065,209.97000122070312,206.3699951171875,207.0,5096600
2019-04-15,168.8924560546875,199.91000366210935,205.7400054931641,199.6999969482422,204.1100006103516,6617200
2019-04-16,170.52301025390625,201.83999633789065,202.94000244140625,199.2400054931641,199.6199951171875,4852600
2019-04-17,175.64279174804688,207.8999938964844,208.5,201.77999877929688,201.9600067138672,4195300
2019-04-18,173.9615478515625,205.91000366210935,207.8600006103516,205.1499938964844,207.08999633789065,2874300
2019-04-22,172.8548126220703,204.6000061035156,205.58999633789065,204.13999938964844,205.1199951171875,1591400
2019-04-23,172.46621704101562,204.13999938964844,205.19000244140625,202.7400054931641,204.25,2120900
2019-04-24,169.42477416992188,200.5399932861328,203.5200042724609,199.72999572753903,203.0,4606100
2019-04-25,170.1512908935547,201.3999938964844,202.55999755859372,199.1000061035156,199.6999969482422,2075300
2019-04-26,171.57064819335938,203.0800018310547,203.1199951171875,200.32000732421875,201.72999572753903,1543100
2019-04-29,174.8148651123047,206.9199981689453,208.0,203.2700042724609,203.5,2997000
2019-04-30,173.97000122070312,205.9199981689453,207.9900054931641,204.1499938964844,206.94000244140625,1833000
2019-05-01,172.96463012695312,204.72999572753903,208.41000366210935,204.02999877929688,206.3999938964844,1981800
2019-05-02,173.1842803955078,204.9900054931641,206.22000122070312,203.1199951171875,204.42999267578125,1514700
2019-05-03,175.32177734375,207.5200042724609,208.75,205.6699981689453,206.00999450683597,1897600
2019-05-06,174.40084838867188,206.42999267578125,206.97999572753903,201.7100067138672,202.8000030517578,1927800
2019-05-07,171.1904754638672,202.6300048828125,204.0,201.00999450683597,203.33999633789065,2839500
2019-05-08,169.77114868164062,200.9499969482422,203.1999969482422,200.8000030517578,201.3999938964844,1817600
2019-05-09,170.34561157226562,201.6300048828125,202.22000122070312,197.91000366210935,199.50999450683597,2333400
2019-05-10,170.70045471191406,202.0500030517578,202.1000061035156,198.9900054931641,200.97999572753903,2089400
2019-05-13,164.718994140625,194.97000122070312,197.8999938964844,194.0,197.8999938964844,3605600
2019-05-14,165.82571411132812,196.27999877929688,198.1300048828125,194.8999938964844,194.9900054931641,2463300
2019-05-15,165.92713928222656,196.3999938964844,197.58999633789065,193.4199981689453,194.63999938964844,2271100
2019-05-16,168.24197387695312,199.13999938964844,200.0,196.6199951171875,196.6300048828125,2008100
2019-05-17,166.7972412109375,197.42999267578125,199.08999633789065,196.3000030517578,196.3000030517578,1928300
2019-05-20,166.6367645263672,197.2400054931641,197.77999877929688,195.57000732421875,197.08999633789065,2483400
2019-05-21,168.2165985107422,199.1100006103516,199.32000732421875,198.0,198.66000366210935,2327600
2019-05-22,165.18365478515625,195.5200042724609,198.47999572753903,195.4600067138672,197.44000244140625,2427200
2019-05-23,162.1844024658203,191.97000122070312,193.0,189.55999755859372,193.0,3184100
2019-05-24,163.05462646484375,193.0,194.07000732421875,191.67999267578125,192.88999938964844,1637200
2019-05-28,160.04701232910156,189.44000244140625,193.30999755859372,189.38999938964844,192.0,3040000
2019-05-29,159.58876037597656,188.0500030517578,188.6499938964844,184.9199981689453,187.7400054931641,2815800
2019-05-30,159.01162719726562,187.3699951171875,189.3699951171875,186.00999450683597,188.08999633789065,1919300
2019-05-31,154.8702392578125,182.4900054931641,184.88999938964844,182.30999755859372,184.7700042724609,2640100
2019-06-03,155.4642791748047,183.19000244140625,183.4900054931641,180.72999572753903,181.6999969482422,2857800
2019-06-04,161.14178466796875,189.8800048828125,189.9900054931641,185.7100067138672,186.17999267578125,2420800
2019-06-05,159.91970825195312,188.44000244140625,190.16000366210935,187.00999450683597,190.1000061035156,1967800
2019-06-06,161.0823211669922,189.80999755859372,190.7400054931641,187.30999755859372,188.05999755859372,1653500
2019-06-07,161.0823211669922,189.80999755859372,190.6100006103516,188.5200042724609,189.8800048828125,1838600
2019-06-10,164.74002075195312,194.1199951171875,197.0,191.3999938964844,191.3999938964844,2372000
2019-06-11,165.25767517089844,194.72999572753903,196.1199951171875,193.50999450683597,195.3000030517578,1632200
2019-06-12,161.43028259277344,190.22000122070312,194.0500030517578,189.8300018310547,193.6100006103516,2059400
2019-06-13,162.47410583496094,191.4499969482422,192.25,190.07000732421875,190.41000366210935,1411400
2019-06-14,162.6522979736328,191.66000366210935,192.1699981689453,189.30999755859372,191.2899932861328,1403900
2019-06-17,161.94796752929688,190.8300018310547,193.22999572753903,190.7400054931641,192.0200042724609,1155600
2019-06-18,165.4698944091797,194.97999572753903,197.1300048828125,190.6699981689453,190.6699981689453,2363000
2019-06-19,166.0299835205078,195.63999938964844,197.6100006103516,194.7899932861328,195.3500061035156,2196800
2019-06-20,166.0808868408203,195.6999969482422,198.19000244140625,193.6100006103516,197.5,2749300
2019-06-21,166.28453063964844,195.94000244140625,198.33999633789065,193.97000122070312,195.33999633789065,3365500
2019-06-24,167.59996032714844,197.4900054931641,199.3500061035156,196.02999877929688,196.52999877929688,2069800
2019-06-25,166.38638305664062,196.05999755859372,197.5200042724609,194.00999450683597,197.5,1828300
2019-06-26,167.192626953125,197.00999450683597,197.8699951171875,196.1199951171875,196.5,1649900
2019-06-27,169.1529998779297,199.32000732421875,199.6100006103516,196.75999450683597,197.57000732421875,2239200
2019-06-28,173.6338653564453,204.6000061035156,205.83999633789065,202.94000244140625,203.5,4854900
2019-07-01,175.55184936523438,206.8600006103516,209.8500061035156,205.7400054931641,208.0,2465700
2019-07-02,174.8050079345703,205.97999572753903,206.30999755859372,204.16000366210935,205.3999938964844,1621400
2019-07-03,174.85594177246094,206.0399932861328,207.3999938964844,205.22999572753903,207.3000030517578,978800
2019-07-05,176.4344482421875,207.8999938964844,208.75999450683597,206.1999969482422,206.8600006103516,1511400
2019-07-08,174.60986328125,205.75,207.25,204.7100067138672,206.3600006103516,1853900
2019-07-09,176.3240966796875,207.7700042724609,207.94000244140625,203.5399932861328,203.75,1812100
2019-07-10,174.79653930664062,205.97000122070312,208.9900054931641,205.6499938964844,207.17999267578125,1779800
2019-07-11,179.36228942871094,211.3500061035156,212.58999633789065,206.0,206.1999969482422,3691600
2019-07-12,181.560302734375,213.94000244140625,214.19000244140625,210.7899932861328,212.0,2626000
2019-07-15,179.55747985839844,211.5800018310547,214.6000061035156,209.7899932861328,214.1100006103516,2600200
2019-07-16,182.90110778808597,215.5200042724609,217.3300018310547,212.5500030517578,214.8000030517578,5283700
2019-07-17,181.01712036132807,213.3000030517578,215.77999877929688,213.16000366210935,213.8300018310547,2583500
2019-07-18,182.05252075195312,214.5200042724609,215.8300018310547,211.75,212.7100067138672,2858100
2019-07-19,181.20384216308597,213.5200042724609,215.7700042724609,213.3500061035156,214.0200042724609,1822300
2019-07-22,181.61119079589844,214.0,214.8600006103516,212.30999755859372,213.3999938964844,1907100
2019-07-23,186.21939086914065,219.42999267578125,220.0,214.9499969482422,214.9499969482422,3330600
2019-07-24,188.4258575439453,222.02999877929688,222.08999633789065,218.6300048828125,219.25,3180000
2019-07-25,186.6861114501953,219.97999572753903,221.7700042724609,218.22999572753903,221.7700042724609,2776700
2019-07-26,188.51919555664065,222.13999938964844,222.2400054931641,220.3699951171875,220.4499969482422,2304500
2019-07-29,186.9746856689453,220.32000732421875,222.1300048828125,220.1999969482422,221.0,1372800
2019-07-30,187.89122009277344,221.3999938964844,221.9900054931641,217.3300018310547,218.4900054931641,1644600
2019-07-31,186.81336975097656,220.1300048828125,221.97999572753903,219.00999450683597,221.2400054931641,1991100
2019-08-01,179.57443237304688,211.6000061035156,219.9499969482422,210.75999450683597,219.3500061035156,3070100
2019-08-02,177.68191528320312,209.3699951171875,211.5800018310547,205.30999755859372,211.5800018310547,2503000
2019-08-05,171.1558380126953,201.67999267578125,205.82000732421875,199.5800018310547,205.82000732421875,2794200
2019-08-06,174.8304901123047,206.00999450683597,206.07000732421875,200.88999938964844,203.55999755859372,2349400
2019-08-07,174.6013641357422,205.7400054931641,205.9600067138672,199.0500030517578,201.1100006103516,2454200
2019-08-08,175.67063903808594,207.0,207.8000030517578,203.5399932861328,207.1699981689453,2342200
2019-08-09,175.5857696533203,206.8999938964844,208.3000030517578,203.8600006103516,205.6199951171875,1790100
2019-08-12,171.02005004882812,201.5200042724609,204.1499938964844,200.47999572753903,203.27999877929688,1479300
2019-08-13,173.21804809570312,204.1100006103516,206.6000061035156,200.22999572753903,201.50999450683597,2115900
2019-08-14,165.96206665039062,195.55999755859372,199.91000366210935,195.05999755859372,199.8000030517578,3025100
2019-08-15,166.48825073242188,196.17999267578125,196.97000122070312,193.7100067138672,195.91000366210935,1981900
2019-08-16,169.23785400390625,199.4199981689453,200.6699981689453,197.0,197.02999877929688,1878700
2019-08-19,171.5970916748047,202.1999969482422,204.4499969482422,201.82000732421875,203.80999755859372,1646100
2019-08-20,169.713134765625,199.97999572753903,201.9900054931641,199.6999969482422,200.2100067138672,1545600
2019-08-21,170.30715942382812,200.67999267578125,203.0200042724609,200.1699981689453,202.7400054931641,1160800
2019-08-22,171.7838134765625,202.4199981689453,203.4499969482422,200.91000366210935,202.27999877929688,1275900
2019-08-23,166.50523376464844,196.1999969482422,201.8800048828125,195.19000244140625,200.80999755859372,2200500
2019-08-26,169.4330291748047,199.6499938964844,199.7100067138672,198.0,198.2700042724609,1441900
2019-08-27,168.0922088623047,198.07000732421875,200.8600006103516,196.5,200.3300018310547,1513300
2019-08-28,170.08651733398438,200.4199981689453,201.47000122070312,196.25,196.57000732421875,1437800
2019-08-29,173.73300170898438,203.44000244140625,204.3699951171875,201.3600006103516,201.3600006103516,1816800
2019-08-30,174.1343994140625,203.91000366210935,205.2100067138672,203.00999450683597,204.8500061035156,1529600
2019-09-03,169.91571044921875,198.97000122070312,201.6100006103516,196.5800018310547,201.1000061035156,2633600
2019-09-04,172.27267456054688,201.72999572753903,202.1000061035156,200.0500030517578,201.4900054931641,1720600
2019-09-05,176.8158416748047,207.0500030517578,208.92999267578125,205.0399932861328,205.2700042724609,2237900
2019-09-06,176.95248413085938,207.2100067138672,208.25,205.57000732421875,207.05999755859372,1438800
2019-09-09,181.0259552001953,211.97999572753903,213.8800048828125,208.44000244140625,209.22000122070312,2734500
2019-09-10,184.1429901123047,215.6300048828125,217.08999633789065,213.22000122070312,213.5,2615800
2019-09-11,185.1421356201172,216.8000030517578,216.8500061035156,213.3600006103516,215.2100067138672,1886300
2019-09-12,186.79888916015625,218.7400054931641,220.75999450683597,215.1499938964844,216.3800048828125,2913800
2019-09-13,187.7894744873047,219.8999938964844,221.5,219.1999969482422,220.3500061035156,2722400
2019-09-16,185.5007781982422,217.22000122070312,219.3300018310547,216.32000732421875,217.82000732421875,2205500
2019-09-17,184.382080078125,215.91000366210935,216.13999938964844,212.5399932861328,215.8000030517578,2429100
2019-09-18,185.3812561035156,217.0800018310547,217.88999938964844,213.3000030517578,214.8300018310547,2474900
2019-09-19,183.8013916015625,215.22999572753903,217.92999267578125,215.05999755859372,217.5800018310547,1596200
2019-09-20,182.5289459228516,213.7400054931641,216.67999267578125,213.6300048828125,214.66000366210935,5458900
2019-09-23,182.28990173339844,213.4600067138672,214.1100006103516,211.55999755859372,212.8500061035156,1485500
2019-09-24,177.41366577148438,207.75,214.1999969482422,206.8000030517578,214.0399932861328,2837600
2019-09-25,179.36070251464844,210.02999877929688,211.08999633789065,207.4499969482422,207.9600067138672,1593400
2019-09-26,177.8149871826172,208.22000122070312,209.97000122070312,208.1100006103516,209.0500030517578,1685500
2019-09-27,178.4554901123047,208.97000122070312,210.5500030517578,208.08999633789065,209.8500061035156,1530900
2019-09-30,176.9695281982422,207.22999572753903,209.7100067138672,206.8300018310547,209.7100067138672,1794500
2019-10-01,173.09249877929688,202.69000244140625,209.3800048828125,202.6100006103516,207.00999450683597,3156200
2019-10-02,169.30087280273438,198.25,201.8800048828125,197.6000061035156,201.69000244140625,3386800
2019-10-03,168.43836975097656,197.2400054931641,198.3699951171875,193.9900054931641,197.6100006103516,2914500
2019-10-04,171.47848510742188,200.8000030517578,201.22999572753903,196.0399932861328,196.9900054931641,3021100
2019-10-07,171.1368865966797,200.3999938964844,202.52999877929688,199.47000122070312,200.7899932861328,2202200
2019-10-08,168.5493927001953,197.3699951171875,198.9499969482422,195.9199981689453,197.6000061035156,2654900
2019-10-09,168.1052703857422,196.8500061035156,198.97999572753903,196.67999267578125,198.19000244140625,2443500
2019-10-10,170.6842803955078,199.8699951171875,201.32000732421875,197.5399932861328,197.58999633789065,2108000
2019-10-11,174.7919158935547,204.67999267578125,207.2899932861328,203.72000122070312,203.72000122070312,3334300
2019-10-14,175.76544189453125,205.82000732421875,206.1699981689453,202.9199981689453,203.8300018310547,2286100
2019-10-15,176.31198120117188,206.4600067138672,208.2400054931641,198.6100006103516,202.0,8241900
2019-10-16,177.1318359375,207.4199981689453,208.6199951171875,206.1000061035156,206.1699981689453,3405800
2019-10-17,176.31198120117188,206.4600067138672,208.92999267578125,204.38999938964844,208.2899932861328,2876500
2019-10-18,176.36326599121094,206.5200042724609,208.05999755859372,204.9900054931641,204.9900054931641,2207000
2019-10-21,178.69459533691406,209.25,210.8600006103516,207.67999267578125,208.6699981689453,1934900
2019-10-22,178.99351501464844,209.6000061035156,211.6499938964844,208.30999755859372,209.58999633789065,1868000
2019-10-23,180.4623565673828,211.32000732421875,212.0200042724609,209.0,209.22000122070312,1574500
2019-10-24,180.23175048828125,211.0500030517578,213.1499938964844,209.77999877929688,211.6100006103516,1266500
2019-10-25,182.94741821289065,214.22999572753903,215.4199981689453,210.17999267578125,210.17999267578125,2602100
2019-10-28,185.953369140625,217.75,218.9199981689453,215.69000244140625,216.32000732421875,2707800
2019-10-29,185.8594665527344,217.63999938964844,219.27999877929688,216.4499969482422,217.22000122070312,2030800
2019-10-30,184.29666137695312,215.80999755859372,217.0500030517578,213.80999755859372,217.0200042724609,1584900
2019-10-31,182.22154235839844,213.3800048828125,215.3600006103516,211.32000732421875,215.1499938964844,1876200
2019-11-01,185.64596557617188,217.38999938964844,217.88999938964844,214.75,215.25999450683597,2112300
2019-11-04,187.7638397216797,219.8699951171875,220.69000244140625,218.57000732421875,219.6999969482422,2538100
2019-11-05,186.71343994140625,218.63999938964844,221.77999877929688,218.47000122070312,220.8000030517578,2525100
2019-11-06,186.5255584716797,218.4199981689453,219.07000732421875,216.5500030517578,218.00999450683597,1863000
2019-11-07,190.6844482421875,223.2899932861328,224.7700042724609,220.41000366210935,220.7700042724609,3748600
2019-11-08,190.3599090576172,222.91000366210935,223.22999572753903,221.1000061035156,223.0,1610800
2019-11-11,187.04653930664065,219.02999877929688,221.41000366210935,218.5200042724609,220.8999938964844,2754500
2019-11-12,188.2250061035156,220.41000366210935,221.1100006103516,217.92999267578125,218.55999755859372,1891600
2019-11-13,187.29415893554688,219.32000732421875,219.83999633789065,217.00999450683597,218.38999938964844,1756000
2019-11-14,187.3880920410156,219.42999267578125,220.47000122070312,218.02999877929688,218.7899932861328,1483100
2019-11-15,188.0883331298828,220.25,221.08999633789065,219.0399932861328,220.0,1693100
2019-11-18,187.64425659179688,219.72999572753903,219.9499969482422,218.0399932861328,219.72999572753903,1603400
2019-11-19,187.90899658203125,220.0399932861328,220.67999267578125,218.30999755859372,220.55999755859372,1817100
2019-11-20,186.09005737304688,217.91000366210935,219.47000122070312,216.3999938964844,218.3600006103516,2177700
2019-11-21,186.36329650878903,218.22999572753903,219.32000732421875,216.82000732421875,218.6000061035156,1677700
2019-11-22,188.1139373779297,220.27999877929688,220.7100067138672,218.0,218.0,1529100
2019-11-25,190.22329711914065,222.75,223.9499969482422,220.88999938964844,220.88999938964844,2181800
2019-11-26,189.96710205078125,222.4499969482422,222.75999450683597,221.1100006103516,222.67999267578125,1926300
2019-11-27,190.39407348632807,222.9499969482422,224.27999877929688,221.8600006103516,223.4499969482422,1614600
2019-11-29,190.093505859375,221.3500061035156,222.0,220.41000366210935,220.8800048828125,770400
2019-12-02,186.9073944091797,217.63999938964844,221.8000030517578,217.0800018310547,220.97000122070312,2118500
2019-12-03,182.2699279785156,212.2400054931641,215.42999267578125,210.0,215.42999267578125,3207100
2019-12-04,185.44744873046875,215.94000244140625,216.9900054931641,212.3800048828125,213.5399932861328,1583600
2019-12-05,186.4779815673828,217.13999938964844,217.6300048828125,215.4199981689453,217.1499938964844,1329300
2019-12-06,192.8931579589844,224.6100006103516,225.3999938964844,218.82000732421875,219.9499969482422,4229400
2019-12-09,190.488525390625,221.80999755859372,224.6499938964844,221.7700042724609,224.6100006103516,2134600
2019-12-10,190.54869079589844,221.8800048828125,222.8800048828125,220.5500030517578,221.6699981689453,1854100
2019-12-11,189.95608520507807,221.19000244140625,222.8500061035156,220.83999633789065,222.25,1778600
2019-12-12,194.1298370361328,226.0500030517578,226.77999877929688,220.6000061035156,221.91000366210935,2974300
2019-12-13,193.2281188964844,225.0,227.9900054931641,223.6999969482422,226.72000122070312,1908200
2019-12-16,195.8388214111328,228.0399932861328,230.6999969482422,227.8699951171875,228.5,3218400
2019-12-17,198.50965881347656,231.1499938964844,232.07000732421875,228.8000030517578,230.0,3590000
2019-12-18,197.90850830078125,230.4499969482422,232.1999969482422,229.94000244140625,231.97000122070312,2280800
2019-12-19,197.47056579589844,229.94000244140625,231.38999938964844,228.9600067138672,230.9499969482422,2418100
2019-12-20,196.6031036376953,228.92999267578125,231.2899932861328,228.6199951171875,230.9600067138672,3715500
2019-12-23,196.7405548095703,229.08999633789065,230.47999572753903,228.41000366210935,229.66000366210935,1670400
2019-12-24,197.44476318359372,229.91000366210935,229.9499969482422,228.3699951171875,228.97999572753903,467700
2019-12-26,198.5611724853516,231.2100067138672,232.1999969482422,229.9900054931641,230.25999450683597,1704000
2019-12-27,198.0888671875,230.66000366210935,232.2100067138672,230.47000122070312,231.80999755859372,1343900
2019-12-30,197.35031127929688,229.8000030517578,231.67999267578125,229.5,231.67999267578125,1494500
2019-12-31,197.4619598388672,229.92999267578125,229.97000122070312,228.6699981689453,229.7100067138672,1447200
2020-01-02,201.2320251464844,234.32000732421875,234.63999938964844,230.16000366210935,231.0,3736300
2020-01-03,198.87893676757807,231.5800018310547,232.6100006103516,230.3000030517578,231.6000061035156,2274500
2020-01-06,200.914306640625,233.9499969482422,234.0200042724609,229.4900054931641,229.92999267578125,3329300
2020-01-07,202.23681640625,235.4900054931641,237.7700042724609,234.75999450683597,235.0,5255200
2020-01-08,204.18624877929688,237.75999450683597,239.75,235.47999572753903,235.67999267578125,3564700
2020-01-09,208.34278869628903,242.6000061035156,243.3999938964844,239.82000732421875,241.33999633789065,3980700
2020-01-10,207.92202758789065,242.1100006103516,243.38999938964844,241.38999938964844,242.75,2248100
2020-01-13,210.58432006835935,245.2100067138672,246.1100006103516,243.0,244.44000244140625,3359200
2020-01-14,210.97073364257807,245.66000366210935,248.5200042724609,244.6000061035156,245.32000732421875,4302800
2020-01-15,210.58432006835935,245.2100067138672,249.5,239.16000366210935,242.0,5411200
2020-01-16,214.45745849609372,249.72000122070312,249.82000732421875,246.22999572753903,247.00999450683597,3968400
2020-01-17,214.2341766357422,249.4600067138672,250.4600067138672,248.0,250.22999572753903,3108400
2020-01-21,211.0050811767578,245.6999969482422,248.8500061035156,245.6000061035156,247.2100067138672,2492400
2020-01-22,212.1644744873047,247.0500030517578,248.5200042724609,246.33999633789065,246.6100006103516,2030900
2020-01-23,210.90203857421875,245.5800018310547,247.0,242.8800048828125,244.5,2806800
2020-01-24,207.7588653564453,241.9199981689453,245.7100067138672,240.6000061035156,245.07000732421875,2877400
2020-01-27,204.51263427734372,238.13999938964844,238.9900054931641,235.00999450683597,236.3699951171875,2506200
2020-01-28,208.3256378173828,242.5800018310547,243.5800018310547,238.0500030517578,239.4900054931641,3123000
2020-01-29,206.2129821777344,240.1199951171875,246.5,239.57000732421875,244.5200042724609,3711600
2020-01-30,209.65679931640625,244.1300048828125,244.33999633789065,236.72999572753903,237.69000244140625,3261700
2020-01-31,204.1776885986328,237.75,242.88999938964844,236.8800048828125,241.9900054931641,3482800
2020-02-03,205.2597503662109,239.00999450683597,242.38999938964844,238.0500030517578,238.3600006103516,2733000
2020-02-04,207.7760467529297,241.94000244140625,243.7400054931641,241.5500030517578,242.8800048828125,3052500
2020-02-05,209.80274963378903,244.3000030517578,245.1300048828125,243.0,244.9900054931641,3126600
2020-02-06,207.6729736328125,241.82000732421875,245.7700042724609,241.17999267578125,245.3500061035156,2225600
2020-02-07,204.39236450195312,238.0,240.5200042724609,236.5500030517578,239.75,3006500
2020-02-10,203.8427581787109,237.3600006103516,237.8699951171875,235.4600067138672,237.3999938964844,2591300
2020-02-11,203.06985473632807,236.4600067138672,239.5500030517578,236.22000122070312,239.0,2238800
2020-02-12,204.9505615234375,238.6499938964844,241.17999267578125,237.72000122070312,238.00999450683597,2119200
2020-02-13,204.6929931640625,238.3500061035156,238.97000122070312,236.57000732421875,237.8500061035156,1461300
2020-02-14,203.602294921875,237.0800018310547,239.00999450683597,236.22999572753903,237.94000244140625,1718700
2020-02-18,200.2787628173828,233.2100067138672,237.07000732421875,231.1999969482422,236.5500030517578,2736500
2020-02-19,203.81700134277344,237.3300018310547,237.8000030517578,233.27999877929688,235.0,2207100
2020-02-20,199.86656188964844,232.72999572753903,236.8999938964844,231.25,236.41000366210935,3183700
2020-02-21,198.0544891357422,230.6199951171875,231.8000030517578,228.3699951171875,230.91000366210935,3081600
2020-02-24,192.83302307128903,224.5399932861328,226.69000244140625,222.5399932861328,223.22999572753903,4139400
2020-02-25,186.8816375732422,217.6100006103516,225.8699951171875,215.88999938964844,224.77999877929688,5343100
2020-02-26,185.31007385253903,215.77999877929688,220.0,214.75999450683597,218.6999969482422,4171100
2020-02-27,176.6448516845703,205.69000244140625,213.47999572753903,205.3699951171875,210.4900054931641,5848200
2020-02-28,173.4738311767578,200.7700042724609,202.25,194.8500061035156,199.08999633789065,6727100
2020-03-02,180.9909820556641,209.47000122070312,209.6199951171875,197.6300048828125,201.41000366210935,5285500
2020-03-03,175.772216796875,203.42999267578125,211.7899932861328,202.1199951171875,209.0,5677200
2020-03-04,180.3602294921875,208.7400054931641,208.9199981689453,202.6999969482422,205.83999633789065,3520400
2020-03-05,171.7629852294922,198.7899932861328,203.47000122070312,196.9499969482422,201.3300018310547,4151500
2020-03-06,166.630615234375,192.8500061035156,196.3000030517578,189.27999877929688,190.67999267578125,5071900
2020-03-09,149.315185546875,172.80999755859375,179.25,170.16000366210938,173.5800018310547,6443000
2020-03-10,159.28623962402344,184.3500061035156,185.3999938964844,173.2899932861328,181.6199951171875,6803900
2020-03-11,148.520263671875,171.88999938964844,180.7700042724609,170.97000122070312,178.47999572753906,5314000
2020-03-12,130.19390869140625,150.67999267578125,166.75,150.0,160.0,8357700
2020-03-13,153.08242797851562,177.1699981689453,177.55999755859375,152.35000610351562,162.82000732421875,6368400
2020-03-16,133.63279724121094,154.66000366210938,169.5399932861328,150.0,150.22999572753906,6888000
2020-03-17,137.0976104736328,158.6699981689453,166.74000549316406,150.0,157.0,6876300
2020-03-18,120.98324584960938,140.02000427246094,155.97000122070312,135.41000366210938,150.0,9543200
2020-03-19,129.16571044921875,149.49000549316406,152.49000549316406,130.85000610351562,137.3800048828125,6548200
2020-03-20,119.59213256835938,138.41000366210938,149.19000244140625,138.2899932861328,148.99000549316406,7561300
2020-03-23,116.61981201171876,134.97000122070312,141.94000244140625,133.25999450683594,136.02999877929688,5472600
2020-03-24,132.7169189453125,153.60000610351562,153.89999389648438,143.6300048828125,144.32000732421875,6647400
2020-03-25,134.0388946533203,155.1300048828125,162.2100067138672,145.32000732421875,154.60000610351562,8587800
2020-03-26,143.24957275390625,165.7899932861328,167.66000366210938,154.30999755859375,156.3699951171875,6762200
2020-03-27,136.81248474121094,158.33999633789062,163.72999572753906,157.0,159.0800018310547,4186700
2020-03-30,137.91844177246094,159.6199951171875,160.42999267578125,153.17999267578125,158.52000427246094,4152800
2020-03-31,133.57229614257812,154.58999633789062,161.10000610351562,153.72000122070312,158.1300048828125,3588200
2020-04-01,125.53673553466795,145.2899932861328,149.57000732421875,145.0,146.10000610351562,4689100
2020-04-02,129.54588317871094,149.92999267578125,150.4499969482422,141.6699981689453,143.02000427246094,4446900
2020-04-03,126.9537582397461,146.92999267578125,150.9199981689453,145.22999572753906,149.1999969482422,2801600
2020-04-06,136.7174530029297,158.22999572753906,158.92999267578125,153.77000427246094,155.47000122070312,4689400
2020-04-07,143.44837951660156,166.02000427246094,169.13999938964844,162.4499969482422,166.0,4953500
2020-04-08,152.90097045898438,176.9600067138672,178.10000610351562,168.5500030517578,168.5500030517578,5194800
2020-04-09,159.20846557617188,184.25999450683597,187.3300018310547,179.77000427246094,180.5800018310547,6445800
2020-04-13,154.81912231445312,179.17999267578125,184.97000122070312,179.1300048828125,183.8500061035156,4774300
2020-04-14,153.99827575683594,178.22999572753906,183.3800048828125,174.5399932861328,182.3500061035156,4149600
2020-04-15,154.24888610839844,178.52000427246094,181.67999267578125,169.14999389648438,170.6300048828125,6042700
2020-04-16,152.97006225585938,177.0399932861328,178.44000244140625,172.38999938964844,177.22000122070312,4662200
2020-04-17,158.54315185546875,183.4900054931641,185.27999877929688,178.2899932861328,183.4900054931641,5426700
2020-04-20,155.87327575683594,180.3999938964844,186.32000732421875,178.02000427246094,179.6999969482422,4674800
2020-04-21,150.17921447753906,173.80999755859375,179.1999969482422,173.66000366210938,175.44000244140625,3819000
2020-04-22,152.05418395996094,175.97999572753906,178.17999267578125,174.47000122070312,177.5,2314500
2020-04-23,151.25064086914062,175.0500030517578,179.07000732421875,174.4499969482422,177.0,2013300
2020-04-24,152.9354705810547,177.0,177.9499969482422,173.49000549316406,177.0,2024400
2020-04-27,158.5863494873047,183.5399932861328,184.25,178.72000122070312,179.10000610351562,2743100
2020-04-28,161.58457946777344,187.00999450683597,190.4199981689453,184.8699951171875,189.16000366210935,3344700
2020-04-29,164.19395446777344,190.02999877929688,193.72000122070312,189.57000732421875,192.6100006103516,3086300
2020-04-30,158.48269653320312,183.4199981689453,187.5500030517578,182.8999938964844,186.0,2695400
2020-05-01,153.02194213867188,177.10000610351562,179.60000610351562,176.64999389648438,179.0,2650200
2020-05-04,152.09739685058594,176.02999877929688,176.30999755859375,171.72000122070312,175.0,2990100
2020-05-05,154.05873107910156,178.3000030517578,182.6000061035156,178.13999938964844,179.10000610351562,3272600
2020-05-06,152.86643981933594,176.9199981689453,181.1999969482422,175.2100067138672,179.67999267578125,2408700
2020-05-07,157.53221130371094,182.32000732421875,183.3800048828125,179.17999267578125,179.17999267578125,2480100
2020-05-08,160.18484497070312,185.38999938964844,185.91000366210935,182.7400054931641,185.02999877929688,2277500
2020-05-11,158.25799560546875,183.16000366210935,184.8500061035156,181.25999450683597,182.5399932861328,2212200
2020-05-12,153.116943359375,177.2100067138672,184.3000030517578,176.75,183.88999938964844,3549200
2020-05-13,148.44247436523438,171.8000030517578,176.8800048828125,170.75999450683594,175.66000366210938,3445300
2020-05-14,150.73223876953125,174.4499969482422,174.77999877929688,165.36000061035156,169.0399932861328,4176700
2020-05-15,148.5029296875,171.8699951171875,174.08999633789062,170.5800018310547,173.47999572753906,2867800
2020-05-18,157.15200805664062,181.8800048828125,183.1000061035156,175.24000549316406,177.7100067138672,4505800
2020-05-19,153.65267944335938,177.8300018310547,182.19000244140625,177.72000122070312,180.55999755859372,2210500
2020-05-20,156.7718505859375,181.44000244140625,183.8300018310547,180.3000030517578,180.9499969482422,2599900
2020-05-21,155.6140594482422,180.10000610351562,181.1699981689453,177.67999267578125,180.1999969482422,2153500
2020-05-22,155.4671173095703,179.92999267578125,180.63999938964844,178.05999755859375,180.02999877929688,2176400
2020-05-26,169.40414428710938,196.05999755859372,197.1000061035156,185.22000122070312,185.6300048828125,5971200
2020-05-27,181.1551513671875,209.66000366210935,210.7100067138672,200.00999450683597,203.0,8182100
2020-05-28,173.86260986328125,201.22000122070312,211.30999755859372,201.2100067138672,210.83999633789065,4886100
2020-05-29,170.83692932128906,196.4900054931641,200.9199981689453,194.6499938964844,197.22999572753903,3822600
2020-06-01,173.82785034179688,199.92999267578125,201.7700042724609,195.1199951171875,197.30999755859372,2230800
2020-06-02,177.4882049560547,204.13999938964844,206.5,201.32000732421875,203.7700042724609,4128700
2020-06-03,183.07872009277344,210.57000732421875,211.92999267578125,206.42999267578125,208.4900054931641,3471900
2020-06-04,186.77386474609372,214.82000732421875,214.9900054931641,207.9600067138672,208.7899932861328,3522300
2020-06-05,189.46913146972656,217.9199981689453,222.97999572753903,217.66000366210935,222.0,4737600
2020-06-08,191.9818115234375,220.80999755859372,222.25999450683597,218.2400054931641,220.0200042724609,3260300
2020-06-09,189.62564086914065,218.1000061035156,220.0200042724609,215.16000366210935,215.7400054931641,2478400
2020-06-10,185.64358520507807,213.5200042724609,219.8500061035156,212.8000030517578,217.38999938964844,3091200
2020-06-11,168.7850799560547,194.1300048828125,206.8999938964844,194.0200042724609,204.6999969482422,4923400
2020-06-12,175.43630981445312,201.77999877929688,202.94000244140625,196.2100067138672,200.6199951171875,3380800
2020-06-15,179.37490844726562,206.30999755859372,206.9900054931641,195.1499938964844,195.72999572753903,3467400
2020-06-16,182.2266845703125,209.58999633789065,214.97999572753903,203.72999572753903,214.97999572753903,3099100
2020-06-17,179.27056884765625,206.19000244140625,210.7899932861328,205.44000244140625,210.0,1798300
2020-06-18,177.22735595703125,203.83999633789065,207.25999450683597,202.6699981689453,203.9900054931641,2051700
2020-06-19,175.305908203125,201.6300048828125,207.4199981689453,200.97000122070312,207.0500030517578,4962400
2020-06-22,176.86221313476562,203.4199981689453,204.5800018310547,200.0,200.9900054931641,1806900
2020-06-23,178.0446319580078,204.77999877929688,207.50999450683597,203.63999938964844,206.5,2451800
2020-06-24,172.16720581054688,198.0200042724609,202.6100006103516,197.3800048828125,202.33999633789065,2756700
2020-06-25,180.06179809570312,207.1000061035156,207.38999938964844,197.6100006103516,197.8600006103516,3466500
2020-06-26,164.4900360107422,189.19000244140625,200.2400054931641,188.50999450683597,199.0,9530700
2020-06-29,168.21127319335938,193.47000122070312,193.8999938964844,188.66000366210935,191.3800048828125,3736000
2020-06-30,171.8194122314453,197.6199951171875,198.41000366210935,193.6199951171875,193.83999633789065,3102800
2020-07-01,171.7759552001953,197.57000732421875,199.7400054931641,195.5200042724609,198.8800048828125,2620100
2020-07-02,171.62814331054688,197.3999938964844,203.0,197.1300048828125,202.5,2699400
2020-07-06,180.28782653808597,207.3600006103516,207.7899932861328,201.1300048828125,201.33999633789065,3567700
2020-07-07,173.33226013183594,199.3600006103516,205.7100067138672,199.19000244140625,205.5,2853500
2020-07-08,175.84495544433594,202.25,203.25,199.0200042724609,199.5399932861328,2789700
2020-07-09,171.13255310058594,196.8300018310547,202.5,195.0,202.1100006103516,3160100
2020-07-10,178.7228240966797,205.55999755859372,206.32000732421875,196.8300018310547,196.8699951171875,4414800
2020-07-13,181.60939025878903,208.8800048828125,212.97999572753903,207.0,209.0,4449600
2020-07-14,186.06964111328125,214.00999450683597,214.3000030517578,207.00999450683597,211.42999267578125,5202000
2020-07-15,188.58230590820312,216.8999938964844,225.2400054931641,214.69000244140625,224.3699951171875,12516700
2020-07-16,186.6434326171875,214.6699981689453,220.4600067138672,213.5,213.50999450683597,5769600
2020-07-17,183.80905151367188,211.41000366210935,215.1699981689453,211.25,214.8999938964844,3614300
2020-07-20,184.06993103027344,211.7100067138672,213.1699981689453,210.25,210.72999572753903,2268700
2020-07-21,184.33941650390625,212.0200042724609,213.80999755859372,210.38999938964844,212.25,3393500
2020-07-22,179.1053924560547,206.0,211.0,205.3500061035156,210.5,4978400
2020-07-23,176.51441955566406,203.0200042724609,206.0200042724609,202.0500030517578,205.1000061035156,4088600
2020-07-24,175.1667938232422,201.47000122070312,204.92999267578125,201.32000732421875,203.0,3191500
2020-07-27,176.51441955566406,203.0200042724609,204.17999267578125,199.58999633789065,200.1000061035156,2601200
2020-07-28,175.29718017578125,201.6199951171875,203.6000061035156,201.08999633789065,201.91000366210935,2139600
2020-07-29,176.13189697265625,202.5800018310547,203.88999938964844,199.6199951171875,201.6999969482422,2635000
2020-07-30,173.48007202148438,199.52999877929688,199.9900054931641,196.3000030517578,199.5,3057900
2020-07-31,172.1150665283203,197.9600067138672,199.83999633789065,196.50999450683597,199.83999633789065,2399700
2020-08-03,173.3583526611328,199.38999938964844,199.8800048828125,196.52999877929688,198.4900054931641,2294600
2020-08-04,175.3146514892578,201.63999938964844,201.72000122070312,198.47999572753903,199.3500061035156,1944700
2020-08-05,177.818603515625,204.5200042724609,204.80999755859372,203.00999450683597,203.1699981689453,2232400
2020-08-06,177.58383178710938,204.25,206.2899932861328,203.8300018310547,205.0,1882400
2020-08-07,181.0790557861328,208.2700042724609,208.8000030517578,202.4499969482422,203.47999572753903,3075000
2020-08-10,182.0441131591797,209.3800048828125,210.63999938964844,208.0399932861328,209.58999633789065,2432800
2020-08-11,183.5047607421875,211.05999755859372,216.9499969482422,210.52999877929688,212.72000122070312,4042700
2020-08-12,184.43505859375,212.1300048828125,215.9499969482422,209.2700042724609,214.6999969482422,2439400
2020-08-13,181.18331909179688,208.38999938964844,212.1999969482422,207.69000244140625,210.41000366210935,2219900
2020-08-14,180.8181915283203,207.97000122070312,209.47999572753903,206.6100006103516,207.4600067138672,2287600
2020-08-17,176.5579071044922,203.07000732421875,207.8500061035156,202.52999877929688,207.0,3922600
2020-08-18,175.02769470214844,201.30999755859372,203.5800018310547,201.1000061035156,203.4499969482422,3067900
2020-08-19,176.51441955566406,203.0200042724609,206.1000061035156,201.7700042724609,202.3999938964844,2458500
2020-08-20,175.49717712402344,201.8500061035156,203.27999877929688,200.33999633789065,200.75999450683597,1764200
2020-08-21,176.00143432617188,202.42999267578125,203.3500061035156,199.82000732421875,200.1100006103516,1780900
2020-08-24,180.2704315185547,207.33999633789065,207.42999267578125,201.32000732421875,203.1100006103516,3097400
2020-08-25,179.1053924560547,206.0,210.4900054931641,205.1699981689453,209.9900054931641,2627600
2020-08-26,180.1660919189453,207.22000122070312,207.27999877929688,205.02999877929688,205.88999938964844,2563200
2020-08-27,182.71356201171875,210.1499938964844,213.0,206.41000366210935,206.67999267578125,3692400
2020-08-28,180.59213256835935,207.7100067138672,212.0,207.08999633789065,211.88999938964844,3697400
2020-08-31,179.20130920410156,204.8699951171875,206.41000366210935,203.6300048828125,205.5,3046200
2020-09-01,179.7174530029297,205.4600067138672,206.7100067138672,203.00999450683597,203.6000061035156,2457000
2020-09-02,183.72357177734372,210.0399932861328,210.92999267578125,205.3699951171875,205.7899932861328,3565200
2020-09-03,181.5543212890625,207.55999755859372,215.22999572753903,205.8300018310547,211.75,3533500
2020-09-04,184.5107879638672,210.94000244140625,213.3500061035156,205.32000732421875,210.88999938964844,3668900
2020-09-08,177.11074829101562,202.47999572753903,209.9600067138672,201.2700042724609,209.50999450683597,4574700
2020-09-09,176.8833465576172,202.22000122070312,204.8300018310547,202.02999877929688,204.19000244140625,4681400
2020-09-10,174.95022583007812,200.00999450683597,205.3500061035156,199.5500030517578,203.72999572753903,2510300
2020-09-11,175.7462158203125,200.9199981689453,201.91000366210935,198.9499969482422,200.2400054931641,2376400
2020-09-14,176.1136016845703,201.33999633789065,203.3000030517578,200.6699981689453,203.3000030517578,2756900
2020-09-15,173.19207763671875,198.0,202.58999633789065,197.97999572753903,202.0,3717600
2020-09-16,175.53628540039062,200.67999267578125,203.8000030517578,198.07000732421875,198.4900054931641,3571400
2020-09-17,170.41925048828125,194.8300018310547,199.88999938964844,194.50999450683597,198.2100067138672,4274800
2020-09-18,170.4455108642578,194.8600006103516,196.6499938964844,192.3800048828125,195.00999450683597,9066300
2020-09-21,169.69325256347656,194.0,194.1699981689453,187.47000122070312,189.8999938964844,4871300
2020-09-22,167.61141967773438,191.6199951171875,196.13999938964844,188.42999267578125,194.0,3355800
2020-09-23,162.800537109375,186.1199951171875,192.9199981689453,185.8699951171875,192.0,3116100
2020-09-24,170.66419982910156,195.1100006103516,197.4600067138672,187.0500030517578,188.97999572753903,5114600
2020-09-25,170.5242462158203,194.9499969482422,195.38999938964844,189.6100006103516,192.9600067138672,3106000
2020-09-28,174.12802124023438,199.07000732421875,201.8699951171875,197.1499938964844,197.77999877929688,3280100
2020-09-29,172.13368225097656,196.7899932861328,198.7700042724609,195.42999267578125,198.16000366210935,2400000
2020-09-30,175.7899627685547,200.97000122070312,203.0800018310547,198.3600006103516,198.67999267578125,3075800
2020-10-01,173.6732177734375,198.5500030517578,203.1300048828125,197.8699951171875,201.52999877929688,2288700
2020-10-02,174.85401916503906,199.8999938964844,200.6999969482422,195.2899932861328,195.33999633789065,2541200
2020-10-05,176.51596069335938,201.8000030517578,202.83999633789065,199.58999633789065,201.92999267578125,2551600
2020-10-06,175.89492797851562,201.08999633789065,206.08999633789065,199.8999938964844,204.25,2833100
2020-10-07,178.0904998779297,203.6000061035156,205.0,201.1699981689453,203.8999938964844,2326600
2020-10-08,181.9216461181641,207.97999572753903,208.16000366210935,204.1100006103516,205.1499938964844,2330600
2020-10-09,181.5368194580078,207.5399932861328,209.80999755859372,206.07000732421875,208.75999450683597,3040900
2020-10-12,187.2923583984375,214.1199951171875,214.88999938964844,207.41000366210935,207.41000366210935,3474200
2020-10-13,184.3970947265625,210.80999755859372,214.1100006103516,209.17999267578125,214.00999450683597,3317300
2020-10-14,184.76449584960935,211.22999572753903,214.4499969482422,210.2700042724609,213.8800048828125,7550100
2020-10-15,182.46401977539065,208.6000061035156,210.72999572753903,206.8999938964844,209.5800018310547,4325700
2020-10-16,180.3734588623047,206.2100067138672,210.0,205.80999755859372,208.32000732421875,3244500
2020-10-19,179.91859436035156,205.69000244140625,207.91000366210935,204.58999633789065,207.38999938964844,3235300
2020-10-20,181.9653778076172,208.02999877929688,211.3800048828125,206.47000122070312,206.6999969482422,3335500
2020-10-21,177.48690795898438,202.91000366210935,207.9499969482422,202.00999450683597,207.38999938964844,3083600
2020-10-22,179.6649169921875,205.3999938964844,206.3699951171875,202.1999969482422,203.1999969482422,2136900
2020-10-23,179.35003662109375,205.0399932861328,208.2100067138672,204.0200042724609,206.75999450683597,2110200
2020-10-26,175.93869018554688,201.13999938964844,202.80999755859372,198.50999450683597,202.4900054931641,3249700
2020-10-27,171.1627960205078,195.67999267578125,200.58999633789065,195.41000366210935,200.0,3430400
2020-10-28,165.99322509765625,189.7700042724609,193.3699951171875,188.94000244140625,191.30999755859372,4214600
2020-10-29,166.14195251464844,189.94000244140625,192.3500061035156,186.8999938964844,189.8000030517578,3581200
2020-10-30,165.35470581054688,189.0399932861328,190.3999938964844,185.5200042724609,189.50999450683597,3658800
2020-11-02,166.36935424804688,190.1999969482422,192.6999969482422,188.22999572753903,192.0,2459600
2020-11-03,173.13084411621094,197.92999267578125,199.0,193.22000122070312,193.94000244140625,4545500
2020-11-04,173.07835388183594,197.8699951171875,200.82000732421875,194.8999938964844,196.25,3868500
2020-11-05,177.5306396484375,202.9600067138672,204.1199951171875,199.05999755859372,199.6499938964844,2892800
2020-11-06,176.0435791015625,201.25999450683597,204.38999938964844,200.4199981689453,204.33999633789065,2475100
2020-11-09,188.0009002685547,214.92999267578125,218.0,209.3699951171875,214.4900054931641,6960500
2020-11-10,190.22265625,217.47000122070312,218.3800048828125,211.17999267578125,215.25,4166500
2020-11-11,190.72998046875,218.0500030517578,219.9199981689453,215.02999877929688,218.63999938964844,2680700
2020-11-12,187.63351440429688,214.50999450683597,216.8600006103516,212.3999938964844,215.22000122070312,3005500
2020-11-13,191.6309051513672,219.0800018310547,220.9600067138672,215.41000366210935,215.8500061035156,2832100
2020-11-16,194.5174560546875,222.3800048828125,224.6000061035156,220.02999877929688,223.52999877929688,3004700
2020-11-17,196.5030517578125,224.6499938964844,224.8500061035156,218.3300018310547,220.0200042724609,2722900
2020-11-18,196.19688415527344,224.3000030517578,227.72000122070312,223.50999450683597,225.0,2856200
2020-11-19,196.43307495117188,224.57000732421875,224.94000244140625,222.1100006103516,224.3000030517578,1505200
2020-11-20,195.36593627929688,223.3500061035156,224.80999755859372,222.6300048828125,223.0,1848100
2020-11-23,200.1593170166016,228.8300018310547,230.0,225.72999572753903,226.05999755859372,3371300
2020-11-24,207.7430419921875,237.5,238.1199951171875,230.6300048828125,231.1000061035156,3915200
2020-11-25,206.90335083007807,236.5399932861328,237.4499969482422,232.42999267578125,235.0,2272800
2020-11-27,205.90614318847656,235.3999938964844,237.3000030517578,233.7899932861328,237.0,1050400
2020-11-30,201.6900634765625,230.5800018310547,235.0,230.3600006103516,232.0500030517578,2705400
2020-12-01,204.10862731933597,232.0800018310547,234.8699951171875,231.3500061035156,231.9600067138672,2577600
2020-12-02,209.00729370117188,237.6499938964844,238.1300048828125,231.5800018310547,232.0800018310547,2136300
2020-12-03,207.09002685546875,235.47000122070312,238.8500061035156,234.63999938964844,237.2899932861328,2142600
2020-12-04,210.7046661376953,239.5800018310547,239.75,236.9499969482422,237.6999969482422,2373000
2020-12-07,209.71087646484372,238.4499969482422,239.8500061035156,235.4499969482422,238.5399932861328,1788600
2020-12-08,210.0538482666016,238.83999633789065,239.19000244140625,236.5800018310547,237.00999450683597,1371800
2020-12-09,213.5541839599609,242.82000732421875,245.3600006103516,239.52999877929688,240.0,3552300
2020-12-10,214.9437561035156,244.3999938964844,245.17999267578125,239.50999450683597,240.0,2541700
2020-12-11,211.06527709960935,239.9900054931641,241.1999969482422,237.1000061035156,240.80999755859372,2077300
2020-12-14,209.13040161132807,237.7899932861328,243.5,237.38999938964844,243.27999877929688,1927800
2020-12-15,213.211181640625,242.42999267578125,243.6100006103516,237.19000244140625,239.5,2348000
2020-12-16,214.3896942138672,243.7700042724609,243.8999938964844,241.1199951171875,243.55999755859372,2400900
2020-12-17,214.97010803222656,244.42999267578125,245.92999267578125,243.0,245.0,2983600
2020-12-18,212.9473419189453,242.1300048828125,245.38999938964844,240.55999755859372,245.38999938964844,4088100
2020-12-21,226.007568359375,256.9800109863281,260.8500061035156,248.75999450683597,250.2899932861328,7408500
2020-12-22,219.94793701171875,250.08999633789065,257.70001220703125,249.8000030517578,256.8599853515625,3599800
2020-12-23,225.5414123535156,256.45001220703125,260.5799865722656,251.3000030517578,251.5,3376100
2020-12-24,225.2864227294922,256.1600036621094,257.6199951171875,253.75,257.0400085449219,968100
2020-12-28,228.302978515625,259.5899963378906,262.6499938964844,257.0,257.8099975585937,2793400
2020-12-29,226.91342163085935,258.010009765625,260.8599853515625,256.5,260.260009765625,1430900
2020-12-30,228.17987060546875,259.45001220703125,260.6499938964844,257.8299865722656,258.8099975585937,1566500
2020-12-31,231.9263916015625,263.7099914550781,263.92999267578125,258.0,258.79998779296875,2043100
2021-01-04,233.06092834472656,265.0,267.5799865722656,260.1600036621094,267.0,3572000
2021-01-05,238.2762451171875,270.92999267578125,273.5,262.57000732421875,263.8800048828125,4207100
2021-01-06,251.13414001464844,285.54998779296875,288.3800048828125,273.1000061035156,276.2900085449219,6383500
2021-01-07,256.49884033203125,291.6499938964844,295.8900146484375,286.67999267578125,287.7699890136719,4009700
2021-01-08,255.1180877685547,290.0799865722656,292.2799987792969,285.0599975585937,292.0,2800800
2021-01-11,258.4161071777344,293.8299865722656,295.0,284.20001220703125,286.79998779296875,2649700
2021-01-12,265.78619384765625,302.2099914550781,303.9800109863281,296.0199890136719,297.1400146484375,4814400
2021-01-13,266.42822265625,302.94000244140625,303.7200012207031,299.1000061035156,300.0799865722656,2413800
2021-01-14,270.7640380859375,307.8699951171875,309.4100036621094,303.5400085449219,304.04998779296875,3192200
2021-01-15,264.7308654785156,301.010009765625,304.8599853515625,296.8800048828125,301.19000244140625,3863700
2021-01-19,258.7416687011719,294.20001220703125,306.6000061035156,293.79998779296875,305.0,6727800
2021-01-20,255.46115112304688,290.4700012207031,297.45001220703125,287.4800109863281,295.82000732421875,4792600
2021-01-21,254.49371337890625,289.3699951171875,292.739990234375,288.5299987792969,290.45001220703125,2516000
2021-01-22,254.5112762451172,289.3900146484375,290.5899963378906,285.5,286.69000244140625,2568800
2021-01-25,248.9266662597656,283.0400085449219,286.3500061035156,277.5,285.5299987792969,4575000
2021-01-26,247.8009796142578,281.760009765625,285.7699890136719,280.0799865722656,283.92999267578125,3296800
2021-01-27,240.3869171142578,273.3299865722656,277.3699951171875,271.32000732421875,276.0,3891800
2021-01-28,241.873291015625,275.0199890136719,279.8299865722656,271.3299865722656,274.6099853515625,3778700
2021-01-29,238.48736572265625,271.1700134277344,277.3999938964844,270.6199951171875,274.2699890136719,3412000
2021-02-01,241.6182098388672,274.7300109863281,276.79998779296875,272.0,272.6600036621094,2324100
2021-02-02,252.38296508789065,286.9700012207031,288.25,278.0,278.32000732421875,5195500
2021-02-03,253.7725982666016,288.54998779296875,289.8099975585937,285.17999267578125,286.6099853515625,2712800
2021-02-04,258.3458557128906,293.75,295.8299865722656,289.5199890136719,290.0,2994700
2021-02-05,258.1259765625,293.5,297.239990234375,292.19000244140625,295.0,2938100
2021-02-08,263.9744873046875,300.1499938964844,300.8900146484375,294.5,295.0,2826200
2021-02-09,264.2470397949219,300.4599914550781,302.45001220703125,297.70001220703125,299.6000061035156,2071700
2021-02-10,267.6067199707031,304.2799987792969,305.17999267578125,297.75,300.0,3213700
2021-02-11,265.8828430175781,302.32000732421875,305.010009765625,299.1700134277344,303.9800109863281,2159900
2021-02-12,269.40087890625,306.32000732421875,306.70001220703125,301.7699890136719,301.989990234375,1977300
2021-02-16,274.3611145019531,311.9599914550781,312.9200134277344,309.2200012207031,310.0,2792200
2021-02-17,275.04705810546875,312.739990234375,314.9800109863281,308.760009765625,310.0299987792969,2333100
2021-02-18,272.54937744140625,309.8999938964844,314.5,307.5799865722656,309.2200012207031,2093300
2021-02-19,277.5799255371094,315.6199951171875,316.7799987792969,310.2300109863281,310.2300109863281,2749500
2021-02-22,278.67926025390625,316.8699951171875,320.5599975585937,312.2099914550781,313.0,3162300
2021-02-23,280.7373046875,319.2099914550781,320.0,310.5799865722656,317.9800109863281,2942500
2021-02-24,290.7897033691406,330.6400146484375,330.9700012207031,320.1000061035156,320.1700134277344,3934400
2021-02-25,288.2567749023437,327.760009765625,335.8099975585937,326.2900085449219,333.3299865722656,4244000
2021-02-26,280.9747009277344,319.4800109863281,328.67999267578125,319.0400085449219,325.7699890136719,3732200
2021-03-01,291.2962341308594,329.9200134277344,331.0400085449219,323.3099975585937,325.0,2957800
2021-03-02,292.19677734375,330.94000244140625,336.19000244140625,329.510009765625,330.0,2850300
2021-03-03,295.2782592773437,334.42999267578125,340.1000061035156,333.25,333.67999267578125,3606300
2021-03-04,290.7399597167969,329.2900085449219,339.760009765625,323.9200134277344,333.1300048828125,3647600
2021-03-05,289.044677734375,327.3699951171875,335.5799865722656,316.4599914550781,335.5799865722656,3740200
2021-03-08,295.06622314453125,334.19000244140625,337.5899963378906,329.1000061035156,331.3599853515625,2998000
2021-03-09,291.8877258300781,330.5899963378906,336.3900146484375,325.57000732421875,328.6199951171875,3324800
2021-03-10,301.9796142578125,342.0199890136719,342.3999938964844,331.5299987792969,332.07000732421875,3153100
2021-03-11,302.0502319335937,342.1000061035156,345.0,336.4599914550781,338.6600036621094,2756600
2021-03-12,307.9746398925781,348.8099975585937,350.0,343.6400146484375,345.2200012207031,2436700
2021-03-15,305.53778076171875,346.04998779296875,352.4200134277344,342.0,349.44000244140625,2276200
2021-03-16,301.7059631347656,341.7099914550781,346.8999938964844,337.75,345.2799987792969,2332600
2021-03-17,304.5666809082031,344.95001220703125,347.0299987792969,340.3999938964844,344.6199951171875,2710900
2021-03-18,307.2596130371094,348.0,356.8500061035156,346.989990234375,350.75,3713000
2021-03-19,303.90447998046875,344.20001220703125,347.239990234375,340.6300048828125,346.4200134277344,3513000
2021-03-22,299.6045837402344,339.3299865722656,342.8800048828125,336.0,341.0599975585937,2094500
2021-03-23,292.9295959472656,331.7699890136719,341.8900146484375,331.3299865722656,337.6199951171875,2457500
2021-03-24,290.17486572265625,328.6499938964844,336.94000244140625,328.44000244140625,333.4200134277344,3332200
2021-03-25,291.8524169921875,330.54998779296875,331.3900146484375,321.9200134277344,327.3500061035156,2804700
2021-03-26,289.0624084472656,327.3900146484375,335.45001220703125,322.69000244140625,334.510009765625,3082600
2021-03-29,287.59674072265625,325.7300109863281,327.760009765625,317.7200012207031,320.3500061035156,4533200
2021-03-30,293.1414794921875,332.010009765625,335.75,328.8500061035156,329.4100036621094,2717300
2021-03-31,288.71807861328125,327.0,332.6499938964844,325.44000244140625,330.2300109863281,2624500
2021-04-01,289.2831726074219,327.6400146484375,329.6600036621094,324.1600036621094,324.29998779296875,2659000
2021-04-05,285.6630859375,323.5400085449219,332.8500061035156,323.04998779296875,332.8500061035156,3235000
2021-04-06,288.77099609375,327.0599975585937,328.5400085449219,324.0,324.489990234375,1801700
2021-04-07,288.3207397460937,326.54998779296875,329.20001220703125,323.3500061035156,327.70001220703125,2157300
2021-04-08,292.3734130859375,331.1400146484375,331.489990234375,322.9700012207031,324.2900085449219,2402800
2021-04-09,292.08203125,330.8099975585937,334.8999938964844,328.7900085449219,334.0,2347100
2021-04-12,292.991455078125,331.8399963378906,334.4800109863281,329.94000244140625,332.6700134277344,2318800
2021-04-13,289.3183898925781,327.67999267578125,330.04998779296875,324.17999267578125,329.510009765625,3575900
2021-04-14,296.0905456542969,335.3500061035156,344.4700012207031,326.1499938964844,328.54998779296875,9876800
2021-04-15,298.9159240722656,338.54998779296875,341.3500061035156,334.5400085449219,338.8999938964844,4354800
2021-04-16,302.2356262207031,342.3099975585937,343.739990234375,338.6199951171875,340.2900085449219,4231900
2021-04-19,302.92437744140625,343.0899963378906,344.42999267578125,336.6000061035156,340.0,3228200
2021-04-20,293.0267944335937,331.8800048828125,340.4700012207031,329.3500061035156,339.9700012207031,3662300
2021-04-21,296.0198974609375,335.2699890136719,335.4700012207031,327.5599975585937,330.0,2733300
2021-04-22,292.1173095703125,330.8500061035156,336.9700012207031,330.2900085449219,334.6199951171875,2165200
2021-04-23,299.6222229003906,339.3500061035156,340.6700134277344,330.7200012207031,331.25,2163800
2021-04-26,303.3040771484375,343.5199890136719,345.8999938964844,340.8900146484375,341.94000244140625,2171500
2021-04-27,306.0499267578125,346.6300048828125,347.54998779296875,343.6600036621094,344.0,2088600
2021-04-28,307.3567199707031,348.1099853515625,350.1199951171875,346.0899963378906,348.0,2140900
2021-04-29,311.64776611328125,352.9700012207031,353.8299865722656,347.4800109863281,350.54998779296875,2584400
2021-04-30,307.6568908691406,348.45001220703125,352.82000732421875,347.20001220703125,351.1199951171875,2101100
2021-05-03,309.1667175292969,350.1600036621094,354.0599975585937,349.260009765625,350.3399963378906,1871700
2021-05-04,308.8841857910156,349.8399963378906,351.7799987792969,342.57000732421875,348.8999938964844,2831400
2021-05-05,315.7533874511719,357.6199951171875,359.1400146484375,348.54998779296875,352.0,2786800
2021-05-06,323.1258544921875,365.9700012207031,366.2999877929688,356.5,359.7699890136719,3048700
2021-05-07,327.4698486328125,370.8900146484375,371.6499938964844,360.9299926757813,362.2999877929688,3378100
2021-05-10,325.5185546875,368.6799926757813,376.9800109863281,368.5,373.5,3396300
2021-05-11,317.7841186523437,359.9200134277344,368.6300048828125,358.6199951171875,363.0,3734300
2021-05-12,312.9102478027344,354.3999938964844,368.1300048828125,353.2699890136719,363.0700073242188,3309800
2021-05-13,316.80401611328125,358.8099975585937,360.8900146484375,353.25,353.25,2673900
2021-05-14,325.59796142578125,368.7699890136719,369.510009765625,361.7000122070313,362.0,2732300
2021-05-17,326.021728515625,369.25,370.7000122070313,364.5,367.7799987792969,1826100
2021-05-18,321.8808898925781,364.55999755859375,373.0799865722656,364.0,371.3800048828125,2018600
2021-05-19,316.4244079589844,358.3800048828125,360.0,353.92999267578125,360.0,3696000
2021-05-20,317.6604309082031,359.7799987792969,361.9500122070313,353.3500061035156,358.9800109863281,1919600
2021-05-21,323.38189697265625,366.260009765625,367.1400146484375,360.510009765625,361.489990234375,2657500
2021-05-24,325.1741638183594,368.2900085449219,369.7200012207031,365.510009765625,367.3200073242188,1834300
2021-05-25,321.83673095703125,364.510009765625,373.7699890136719,364.0899963378906,369.9100036621094,2631000
2021-05-26,324.38836669921875,367.3999938964844,368.7900085449219,361.9100036621094,365.0,2121200
2021-05-27,327.89361572265625,371.3699951171875,373.5499877929688,367.2999877929688,371.3299865722656,3897000
2021-05-28,329.5768737792969,372.0199890136719,373.0700073242188,368.260009765625,372.0,2169700
2021-06-01,338.8080749511719,382.4400024414063,383.3599853515625,376.30999755859375,377.7000122070313,3644000
2021-06-02,339.6940612792969,383.4400024414063,384.6700134277344,379.3699951171875,383.3299865722656,2809700
2021-06-03,344.3716125488281,388.7200012207031,391.25,380.1300048828125,382.25,3003900
2021-06-04,346.7901306152344,391.4500122070313,392.0499877929688,386.3200073242188,389.6799926757813,2514100
2021-06-07,343.87548828125,388.1600036621094,393.260009765625,387.5499877929688,393.0,2188700
2021-06-08,340.8102722167969,384.7000122070313,386.4800109863281,382.2200012207031,385.7900085449219,2452600
2021-06-09,339.1093444824219,382.7799987792969,384.2699890136719,378.8800048828125,383.1600036621094,2025900
2021-06-10,331.2778015136719,373.9400024414063,389.6400146484375,372.3500061035156,389.6400146484375,3900800
2021-06-11,334.9188842773437,378.0499877929688,378.75,375.1099853515625,375.7000122070313,2117300
2021-06-14,330.3742370605469,372.9200134277344,378.75,370.7000122070313,377.4299926757813,2560500
2021-06-15,328.9390563964844,371.2999877929688,374.8399963378906,367.1600036621094,373.5,2302900
2021-06-16,328.6732788085937,371.0,374.0799865722656,365.25,370.989990234375,3264200
2021-06-17,320.2570495605469,361.5,373.5199890136719,356.54998779296875,373.5199890136719,4146300
2021-06-18,309.0325622558594,348.8299865722656,358.3800048828125,348.1300048828125,356.5199890136719,6290100
2021-06-21,316.7489318847656,357.5400085449219,357.9700012207031,351.0400085449219,352.8900146484375,2717300
2021-06-22,316.739990234375,357.5299987792969,359.8800048828125,352.6400146484375,357.0,1870800
2021-06-23,319.8583984375,361.0499877929688,362.4800109863281,357.6600036621094,358.7900085449219,1713100
2021-06-24,326.6799621582031,368.75,370.8800048828125,362.7799987792969,363.0,2716600
2021-06-25,326.6976623535156,368.7699890136719,371.1499938964844,364.5400085449219,368.8200073242188,2782400
2021-06-28,326.64453125,368.7099914550781,368.8699951171875,363.8599853515625,367.7999877929688,1833400
2021-06-29,330.1083679199219,372.6199951171875,378.0899963378906,370.75,374.8599853515625,2365900
2021-06-30,336.2301025390625,379.5299987792969,380.1099853515625,370.8999938964844,370.8999938964844,2238400
2021-07-01,332.2080383300781,374.989990234375,381.6400146484375,374.1499938964844,380.7000122070313,2571000
2021-07-02,331.4727478027344,374.1600036621094,376.6000061035156,372.4200134277344,376.30999755859375,1598900
2021-07-06,327.663330078125,369.8599853515625,373.6300048828125,365.4100036621094,373.2300109863281,2162900
2021-07-07,325.7231750488281,367.6700134277344,370.0899963378906,362.1799926757813,367.5,2012800
2021-07-08,317.9892578125,358.94000244140625,362.8900146484375,355.5899963378906,359.69000244140625,2940500
2021-07-09,329.3465270996094,371.760009765625,372.1499938964844,364.9500122070313,366.0,2641800
2021-07-12,337.08941650390625,380.5,384.0,367.3299865722656,370.30999755859375,4135900
2021-07-13,333.0850830078125,375.9800109863281,385.3299865722656,372.010009765625,381.05999755859375,6466800
2021-07-14,331.685302734375,374.3999938964844,381.7699890136719,371.3900146484375,378.75,3295700
2021-07-15,330.7551574707031,373.3500061035156,378.75,370.5700073242188,371.239990234375,2183900
2021-07-16,323.1806030273437,364.7999877929688,374.9299926757813,363.8299865722656,374.9299926757813,2583300
2021-07-19,314.2506408691406,354.7200012207031,355.19000244140625,349.0,354.0,4394600
2021-07-20,323.14520263671875,364.760009765625,367.30999755859375,351.5400085449219,352.2699890136719,2937900
2021-07-21,330.8880920410156,373.5,374.8999938964844,367.9299926757813,368.0400085449219,2398800
2021-07-22,330.18817138671875,372.7099914550781,373.6900024414063,368.4500122070313,372.2999877929688,1887100
2021-07-23,331.3753356933594,374.0499877929688,378.0,371.3800048828125,374.5899963378906,1706900
2021-07-26,333.01416015625,375.8999938964844,376.6799926757813,373.1099853515625,373.1799926757813,1559100
2021-07-27,332.0751342773437,374.8399963378906,375.1400146484375,369.2200012207031,372.5,1791800
2021-07-28,331.5348205566406,374.2300109863281,377.4400024414063,372.3399963378906,375.80999755859375,1668900
2021-07-29,334.4759521484375,377.5499877929688,379.510009765625,374.80999755859375,377.0299987792969,1296600
2021-07-30,332.110595703125,374.8800048828125,379.9500122070313,373.05999755859375,376.5700073242188,1474900
2021-08-02,335.04296875,378.1900024414063,386.9299926757813,375.75,376.1700134277344,2383200
2021-08-03,336.9654235839844,380.3599853515625,381.30999755859375,371.7699890136719,380.25,1494600
2021-08-04,334.7505798339844,377.8599853515625,382.6499938964844,375.760009765625,378.4800109863281,1460500
2021-08-05,340.4558410644531,384.2999877929688,384.30999755859375,379.9500122070313,380.1499938964844,1583800
2021-08-06,352.4954528808594,397.8900146484375,398.8599853515625,388.6400146484375,388.8800048828125,3655800
2021-08-09,354.2583923339844,399.8800048828125,404.6000061035156,393.5799865722656,396.5899963378906,3319100
2021-08-10,361.4254150390625,407.9700012207031,410.6300048828125,399.5,400.1199951171875,3152300
2021-08-11,366.66998291015625,413.8900146484375,414.6799926757813,407.05999755859375,408.7999877929688,3000500
2021-08-12,367.65338134765625,415.0,418.6199951171875,410.55999755859375,414.3800048828125,2312800
2021-08-13,363.9148559570313,410.7799987792969,416.8900146484375,408.1799926757813,416.0,1980000
2021-08-16,361.7620849609375,408.3500061035156,408.989990234375,402.1499938964844,408.989990234375,1590700
2021-08-17,358.7677001953125,404.9700012207031,408.3500061035156,400.2000122070313,403.8399963378906,2077400
2021-08-18,353.3016052246094,398.7999877929688,406.1099853515625,398.5899963378906,402.6000061035156,2187800
2021-08-19,348.6683044433594,393.5700073242188,397.7300109863281,390.9100036621094,394.6000061035156,2241500
2021-08-20,350.70587158203125,395.8699951171875,396.4500122070313,391.0,391.489990234375,1612100
2021-08-23,355.6492919921875,401.4500122070313,404.1000061035156,399.0,401.8900146484375,1857600
2021-08-24,361.9480895996094,408.55999755859375,409.6600036621094,402.7000122070313,403.5899963378906,1958400
2021-08-25,365.9878540039063,413.1199951171875,416.6799926757813,408.9400024414063,409.8999938964844,1845300
2021-08-26,365.3588562011719,412.4100036621094,420.7300109863281,411.1600036621094,415.8800048828125,2076500
2021-08-27,371.8083190917969,419.6900024414063,419.8500061035156,412.5,412.7799987792969,2174500
2021-08-30,366.4130859375,413.6000061035156,420.760009765625,412.7200012207031,419.9500122070313,2089400
2021-08-31,368.1134033203125,413.510009765625,414.8599853515625,408.760009765625,412.1099853515625,1958100
2021-09-01,368.2469787597656,413.6600036621094,416.1099853515625,410.30999755859375,413.1600036621094,1680400
2021-09-02,368.9947814941406,414.5,417.5799865722656,412.6400146484375,415.1099853515625,1830400
2021-09-03,366.1549682617188,411.30999755859375,415.1199951171875,410.6000061035156,414.0,1373600
2021-09-07,365.2736511230469,410.3200073242188,414.7300109863281,409.6400146484375,411.0,1557000
2021-09-08,360.5376586914063,405.0,410.9800109863281,404.7000122070313,409.2200012207031,1646200
2021-09-09,360.163818359375,404.5799865722656,408.8800048828125,403.510009765625,404.6700134277344,2424600
2021-09-10,359.1845703125,403.4800109863281,409.7900085449219,403.1600036621094,408.0,1956000
2021-09-13,364.3300476074219,409.260009765625,409.3699951171875,403.7999877929688,407.4100036621094,1802800
2021-09-14,359.3714904785156,403.6900024414063,417.010009765625,402.7799987792969,410.2999877929688,3263200
2021-09-15,357.8225402832031,401.9500122070313,403.6099853515625,396.2099914550781,398.0,3199800
2021-09-16,353.1310729980469,396.6799926757813,405.9800109863281,394.8900146484375,404.5199890136719,2882900
2021-09-17,348.484130859375,391.4599914550781,399.1600036621094,388.8299865722656,396.3200073242188,3843700
2021-09-20,336.6175231933594,378.1300048828125,380.8599853515625,372.5,377.8200073242188,3834500
2021-09-21,334.5790100097656,375.8399963378906,381.5,374.0799865722656,380.8500061035156,2377300
2021-09-22,343.1517639160156,385.4700012207031,389.2900085449219,379.7099914550781,380.7999877929688,2991300
2021-09-23,348.8402709960937,391.8599853515625,393.739990234375,388.1799926757813,390.3900146484375,2518000
2021-09-24,347.94110107421875,390.8500061035156,392.489990234375,388.6000061035156,390.4700012207031,1789700
2021-09-27,355.9174194335937,399.80999755859375,401.0,395.1799926757813,396.5799865722656,2788500
2021-09-28,346.7393493652344,389.5,404.2099914550781,388.3900146484375,400.4500122070313,2609000
2021-09-29,342.63543701171875,384.8900146484375,392.3900146484375,384.2999877929688,390.6799926757813,1955000
2021-09-30,336.528564453125,378.0299987792969,388.0199890136719,376.6199951171875,388.0,2665700
2021-10-01,338.2822265625,380.0,382.7200012207031,375.8500061035156,379.4400024414063,2382300
2021-10-04,333.074462890625,374.1499938964844,386.8699951171875,372.8200073242188,380.2099914550781,2895600
2021-10-05,343.45440673828125,385.80999755859375,388.2200012207031,375.5,378.1000061035156,2508100
2021-10-06,345.448486328125,388.0499877929688,389.5499877929688,378.6600036621094,382.3800048828125,2111800
2021-10-07,347.736328125,390.6199951171875,397.8500061035156,389.760009765625,392.9100036621094,2348000
2021-10-08,349.6859436035156,392.80999755859375,394.30999755859375,388.1799926757813,390.8299865722656,1446700
2021-10-11,342.94696044921875,385.239990234375,396.9500122070313,385.0199890136719,392.8999938964844,1787400
2021-10-12,344.09539794921875,386.5299987792969,388.5899963378906,381.0199890136719,386.2200012207031,2088200
2021-10-13,343.8995666503906,386.30999755859375,388.3800048828125,378.6300048828125,388.0,2391600
2021-10-14,348.252685546875,391.2000122070313,393.6600036621094,382.2000122070313,392.0,3380900
2021-10-15,361.490234375,406.0700073242188,407.2699890136719,396.3399963378906,402.30999755859375,6451400
2021-10-18,368.2737121582031,413.6900024414063,415.9400024414063,407.6000061035156,408.010009765625,3832300
2021-10-19,366.9116516113281,412.1600036621094,415.8500061035156,409.6900024414063,415.1799926757813,2568300
2021-10-20,363.11041259765625,407.8900146484375,414.3299865722656,406.2000122070313,411.0,2453400
2021-10-21,362.8433227539063,407.5899963378906,412.6600036621094,404.6199951171875,406.7999877929688,2162100
2021-10-22,368.8345031738281,414.3200073242188,415.3599853515625,409.1000061035156,409.989990234375,2411000
2021-10-25,369.21728515625,414.75,419.489990234375,413.2699890136719,416.2099914550781,1824700
2021-10-26,371.7632446289063,417.6099853515625,419.80999755859375,413.760009765625,416.3699951171875,1843300
2021-10-27,365.87005615234375,410.989990234375,418.05999755859375,410.5499877929688,416.5499877929688,2067200
2021-10-28,369.2796020507813,414.8200073242188,414.9200134277344,409.05999755859375,412.0,1444700
2021-10-29,367.9709777832031,413.3500061035156,415.9599914550781,411.1799926757813,414.0199890136719,2061700
2021-11-01,370.9531555175781,416.7000122070313,418.7300109863281,413.25,417.0700073242188,1820800
2021-11-02,377.31829833984375,423.8500061035156,426.1600036621094,412.7900085449219,415.1000061035156,3000800
2021-11-03,372.0214538574219,417.8999938964844,424.0,412.55999755859375,423.1199951171875,3542400
2021-11-04,363.2705993652344,408.0700073242188,415.989990234375,403.0299987792969,414.6499938964844,3802300
2021-11-05,362.3893737792969,407.0799865722656,414.4500122070313,406.1000061035156,411.3999938964844,2105600
2021-11-08,363.5109558105469,408.3399963378906,413.6499938964844,407.9599914550781,409.8900146484375,1728400
2021-11-09,360.8492431640625,405.3500061035156,407.5799865722656,400.05999755859375,406.1099853515625,2246900
2021-11-10,355.3031921386719,399.1199951171875,405.5499877929688,397.25,402.3299865722656,2243900
2021-11-11,358.1696472167969,402.3399963378906,403.760009765625,398.510009765625,400.1400146484375,1252400
2021-11-12,360.45751953125,404.9100036621094,405.1000061035156,399.2000122070313,403.0,1360100
2021-11-15,360.3685302734375,404.80999755859375,407.3399963378906,403.9100036621094,406.0,1436500
2021-11-16,358.8373107910156,403.0899963378906,405.8399963378906,399.0,403.9100036621094,1311000
2021-11-17,348.5642395019531,391.5499877929688,402.6499938964844,391.4700012207031,401.8500061035156,2927000
2021-11-18,348.40399169921875,391.3699951171875,393.9200134277344,385.6799926757813,392.2999877929688,1847400
2021-11-19,344.8609924316406,387.3900146484375,390.239990234375,381.0400085449219,382.3800048828125,2610400
2021-11-22,352.66815185546875,396.1600036621094,402.489990234375,390.1799926757813,393.1600036621094,3058700
2021-11-23,361.7305908203125,406.3399963378906,406.9599914550781,397.510009765625,400.25,2402300
2021-11-24,355.36553955078125,399.1900024414063,407.4800109863281,398.2999877929688,405.0,2186300
2021-11-26,346.6413269042969,389.3900146484375,391.7099914550781,382.7200012207031,384.4800109863281,2687900
2021-11-29,344.1042785644531,386.5400085449219,396.3699951171875,382.4500122070313,394.0,2883400
2021-11-30,339.1636047363281,380.989990234375,386.8299865722656,377.260009765625,383.5299987792969,4570400
2021-12-01,336.9173583984375,376.4800109863281,390.1600036621094,376.2099914550781,383.8200073242188,2476000
2021-12-02,346.81512451171875,387.5400085449219,389.0899963378906,376.0299987792969,378.0,3343700
2021-12-03,342.5105285644531,382.7300109863281,389.8800048828125,379.0299987792969,389.8800048828125,2807500
2021-12-06,348.39013671875,389.2999877929688,393.6000061035156,383.489990234375,388.6700134277344,1990200
2021-12-07,358.0640869140625,400.1099853515625,401.75,393.05999755859375,393.5799865722656,2441000
2021-12-08,355.5673828125,397.3200073242188,401.7099914550781,395.1400146484375,401.2300109863281,1635200
2021-12-09,354.8246459960937,396.489990234375,400.1900024414063,393.0,395.7000122070313,2111500
2021-12-10,349.9652099609375,391.05999755859375,398.8599853515625,388.6600036621094,398.0,1893800
2021-12-13,344.2199401855469,384.6400146484375,391.1900024414063,382.6600036621094,391.1900024414063,2313300
2021-12-14,347.9606018066406,388.8200073242188,392.5,383.260009765625,383.55999755859375,2788500
2021-12-15,348.93603515625,389.9100036621094,391.3999938964844,380.6000061035156,389.5,2802300
2021-12-16,355.6121520996094,397.3699951171875,399.8399963378906,391.7999877929688,395.1300048828125,3578200
2021-12-17,341.6782531738281,381.7999877929688,393.6700134277344,380.6300048828125,389.2099914550781,7058600
2021-12-20,332.5590515136719,371.6099853515625,375.6300048828125,366.6499938964844,375.5199890136719,3735600
2021-12-21,340.35382080078125,380.3200073242188,382.0899963378906,374.760009765625,376.4299926757813,2942800
2021-12-22,342.1526184082031,382.3299865722656,384.010009765625,379.2699890136719,380.4200134277344,1487900
2021-12-23,344.5777587890625,385.0400085449219,387.6099853515625,383.5700073242188,383.7900085449219,1624000
2021-12-27,347.2625427246094,388.0400085449219,389.1099853515625,385.0,386.989990234375,1430400
2021-12-28,346.87774658203125,387.6099853515625,391.3299865722656,386.239990234375,388.9299926757813,1528200
2021-12-29,345.6158752441406,386.2000122070313,389.4599914550781,384.4200134277344,387.9700012207031,1327800
2021-12-30,345.00738525390625,385.5199890136719,389.7799987792969,385.2000122070313,387.75,1160100
2021-12-31,342.3494567871094,382.5499877929688,387.0,380.8399963378906,385.0,1601300
2022-01-03,353.78643798828125,395.3299865722656,399.2999877929688,387.3399963378906,389.0,3334300
2022-01-04,364.6596374511719,407.4800109863281,410.2799987792969,401.1799926757813,402.2300109863281,3916400
2022-01-05,356.7396850585937,398.6300048828125,412.6600036621094,397.8900146484375,409.7999877929688,3469600
2022-01-06,355.21832275390625,396.9299926757813,401.2000122070313,386.4299926757813,401.0,2960900
2022-01-07,355.7373962402344,397.510009765625,400.5499877929688,394.5299987792969,397.6700134277344,2360700
2022-01-10,357.2229919433594,399.1700134277344,404.3699951171875,394.2200012207031,401.3200073242188,3009400
2022-01-11,360.6952209472656,403.0499877929688,403.3399963378906,396.30999755859375,400.25,1748800
2022-01-12,349.29400634765625,390.30999755859375,404.1199951171875,388.55999755859375,403.239990234375,4158000
2022-01-13,349.73248291015625,390.7999877929688,396.8699951171875,389.75,394.0499877929688,2497800
2022-01-14,340.90869140625,380.9400024414063,384.3900146484375,375.0,382.1300048828125,4685300
2022-01-18,317.1576232910156,354.3999938964844,361.5700073242188,347.2300109863281,360.0400085449219,13123500
2022-01-19,310.8216247558594,347.32000732421875,359.7099914550781,346.3900146484375,358.3399963378906,7426100
2022-01-20,311.5196838378906,348.1000061035156,357.17999267578125,346.1400146484375,348.8999938964844,4599900
2022-01-21,307.7699279785156,343.9100036621094,348.989990234375,340.7200012207031,345.5400085449219,4904100
2022-01-24,307.3046569824219,343.3900146484375,344.07000732421875,326.2300109863281,337.32000732421875,6569800
2022-01-25,305.65802001953125,341.54998779296875,342.92999267578125,330.9100036621094,337.8599853515625,3959300
2022-01-26,306.66925048828125,342.67999267578125,350.4800109863281,338.4100036621094,346.6000061035156,3745900
2022-01-27,305.192626953125,341.0299987792969,348.7699890136719,337.7200012207031,345.6700134277344,2573400
2022-01-28,310.5442199707031,347.010009765625,347.1499938964844,333.45001220703125,337.7300109863281,3714600
2022-01-31,317.4081726074219,354.67999267578125,355.2099914550781,343.44000244140625,344.6000061035156,3312400
2022-02-01,325.802490234375,364.05999755859375,364.5400085449219,354.04998779296875,356.1300048828125,3303700
2022-02-02,324.9076232910156,363.05999755859375,368.5299987792969,357.8299865722656,363.5,2742400
2022-02-03,321.1669006347656,358.8800048828125,365.760009765625,358.1600036621094,362.8200073242188,2372900
2022-02-04,328.9705505371094,367.6000061035156,370.9500122070313,361.0199890136719,362.1700134277344,3762300
2022-02-07,329.46270751953125,368.1499938964844,371.4700012207031,363.3500061035156,365.489990234375,2635600
2022-02-08,331.2077941894531,370.1000061035156,372.6499938964844,366.25,371.0799865722656,3422300
2022-02-09,335.1722412109375,374.5299987792969,376.2799987792969,370.8999938964844,373.0,2250400
2022-02-10,331.6283874511719,370.5700073242188,377.3999938964844,368.8299865722656,371.7099914550781,2406200
2022-02-11,324.9076232910156,363.05999755859375,374.8999938964844,360.7699890136719,368.5499877929688,3142100
2022-02-14,322.3839111328125,360.239990234375,364.2900085449219,357.17999267578125,363.05999755859375,2585600
2022-02-15,325.6951599121094,363.9400024414063,365.8900146484375,361.3599853515625,364.0899963378906,1846400
2022-02-16,322.2138671875,360.04998779296875,363.0199890136719,356.5299987792969,361.3500061035156,2165300
2022-02-17,312.3787841796875,349.0599975585937,360.9599914550781,347.8399963378906,358.7799987792969,3102400
2022-02-18,309.6761474609375,346.0400085449219,350.0,343.3699951171875,345.57000732421875,2910900
2022-02-22,308.09210205078125,344.2699890136719,349.0,341.20001220703125,342.4599914550781,2590800
2022-02-23,305.3358459472656,341.19000244140625,349.260009765625,339.82000732421875,347.57000732421875,2217300
2022-02-24,304.4408264160156,340.19000244140625,341.0,326.95001220703125,328.57000732421875,4564000
2022-02-25,313.3273620605469,350.1199951171875,350.70001220703125,340.19000244140625,340.19000244140625,2980500
2022-02-28,305.42529296875,341.2900085449219,343.8399963378906,337.54998779296875,340.25,4245700
2022-03-01,295.44219970703125,328.20001220703125,338.1600036621094,327.0199890136719,337.3999938964844,5631500
2022-03-02,302.8058166503906,336.3800048828125,338.0,327.3999938964844,331.6000061035156,3469900
2022-03-03,300.1412658691406,333.4200134277344,341.5,330.1300048828125,338.8699951171875,2393700
2022-03-04,296.7654724121094,329.6700134277344,330.6600036621094,324.0,327.0,3293100
2022-03-07,289.7619323730469,321.8900146484375,327.7900085449219,320.8500061035156,326.82000732421875,3689900
2022-03-08,289.2939453125,321.3699951171875,330.5599975585937,318.54998779296875,322.5,3596400
2022-03-09,300.2942199707031,333.5899963378906,337.4700012207031,330.0299987792969,331.67999267578125,3202100
2022-03-10,296.97247314453125,329.8999938964844,331.8399963378906,324.760009765625,327.6300048828125,2232600
2022-03-11,294.3619384765625,327.0,336.6099853515625,326.7099914550781,334.3699951171875,2613500
2022-03-14,292.5435791015625,324.9800109863281,331.6199951171875,322.8999938964844,329.2099914550781,2342200
2022-03-15,296.306396484375,329.1600036621094,331.8999938964844,324.8399963378906,327.07000732421875,2140700
2022-03-16,306.74859619140625,340.760009765625,341.3299865722656,334.260009765625,335.07000732421875,3468500
2022-03-17,309.008056640625,343.2699890136719,343.6000061035156,334.8999938964844,337.3699951171875,2403500
2022-03-18,310.9074401855469,345.3800048828125,346.7699890136719,337.29998779296875,338.8699951171875,5861900
2022-03-21,305.16424560546875,339.0,346.29998779296875,337.1499938964844,345.260009765625,3401200
2022-03-22,308.7740173339844,343.010009765625,346.239990234375,340.1199951171875,342.20001220703125,2840200
2022-03-23,302.112548828125,335.6099853515625,340.8299865722656,335.1300048828125,340.0,2196800
2022-03-24,302.67071533203125,336.2300109863281,337.5,334.29998779296875,336.44000244140625,1944100
2022-03-25,303.804931640625,337.489990234375,341.8299865722656,335.4800109863281,337.42999267578125,1580800
2022-03-28,301.83349609375,335.29998779296875,338.5,331.510009765625,338.1499938964844,2182600
2022-03-29,305.75836181640625,339.6600036621094,344.0,336.7300109863281,342.4700012207031,2378700
2022-03-30,302.0946350097656,335.5899963378906,339.8599853515625,333.6300048828125,339.0,2650200
2022-03-31,297.152587890625,330.1000061035156,336.5,330.1000061035156,336.1300048828125,2632000
2022-04-01,297.2606201171875,330.2200012207031,334.1600036621094,327.57000732421875,333.92999267578125,2444800
2022-04-04,295.451171875,328.2099914550781,331.8699951171875,325.8599853515625,330.0,2569400
2022-04-05,291.6253662109375,323.9599914550781,329.739990234375,323.4800109863281,327.3599853515625,2573900
2022-04-06,284.6939697265625,316.260009765625,320.6199951171875,315.75,320.0,3151300
2022-04-07,282.7945861816406,314.1499938964844,315.8299865722656,308.20001220703125,315.0,3562600
2022-04-08,289.3119506835937,321.3900146484375,323.67999267578125,313.0,313.5799865722656,3294200
2022-04-11,288.74481201171875,320.760009765625,328.8999938964844,319.0299987792969,320.6099853515625,2747700
2022-04-12,287.86260986328125,319.7799987792969,327.1199951171875,318.010009765625,321.67999267578125,2365200
2022-04-13,289.833984375,321.9700012207031,322.6300048828125,314.7200012207031,315.79998779296875,3022900
2022-04-14,289.5369567871094,321.6400146484375,333.0299987792969,319.0299987792969,328.4700012207031,5460900
2022-04-18,296.9545593261719,329.8800048828125,332.6600036621094,320.6499938964844,320.6499938964844,3653400
2022-04-19,302.4186706542969,335.95001220703125,337.20001220703125,330.4700012207031,330.4700012207031,2774800
2022-04-20,307.0186462402344,341.0599975585937,344.8999938964844,337.5,338.1000061035156,3040100
2022-04-21,300.9333801269531,334.29998779296875,347.3500061035156,333.3599853515625,344.3299865722656,3097800
2022-04-22,287.8536071777344,319.7699890136719,332.5,319.4700012207031,332.3099975585937,3125200
2022-04-25,289.3389587402344,321.4200134277344,322.1600036621094,312.739990234375,316.3800048828125,3093600
2022-04-26,281.8673400878906,313.1199951171875,321.6000061035156,312.79998779296875,317.95001220703125,2791700
2022-04-27,281.9664001464844,313.2300109863281,319.239990234375,312.1400146484375,312.1400146484375,2469300
2022-04-28,286.6293334960937,318.4100036621094,319.3599853515625,312.1499938964844,317.1199951171875,2176000
2022-04-29,274.9988708496094,305.489990234375,319.0799865722656,304.7099914550781,317.25,3129600
2022-05-02,279.4368591308594,310.4200134277344,311.3699951171875,302.2099914550781,305.8099975585937,2968100
2022-05-03,283.25360107421875,314.6600036621094,319.5199890136719,311.32000732421875,311.5199890136719,2606200
2022-05-04,291.7603454589844,324.1099853515625,324.79998779296875,312.1700134277344,315.8299865722656,2629400
2022-05-05,281.82232666015625,313.07000732421875,320.67999267578125,308.69000244140625,320.5,2622100
2022-05-06,281.7232360839844,312.9599914550781,313.7099914550781,306.0599975585937,312.2799987792969,2375600
2022-05-09,278.0595092773437,308.8900146484375,313.7699890136719,304.9800109863281,308.9200134277344,3234000
2022-05-10,274.6117858886719,305.0599975585937,315.1499938964844,300.6499938964844,311.7200012207031,2798400
2022-05-11,271.4521179199219,301.54998779296875,310.9100036621094,301.0,305.0599975585937,2320600
2022-05-12,269.5257568359375,299.4100036621094,302.8900146484375,293.8999938964844,300.0,3408300
2022-05-13,276.3492126464844,306.989990234375,309.6300048828125,303.57000732421875,303.6300048828125,2152500
2022-05-16,273.15350341796875,303.44000244140625,306.4700012207031,300.54998779296875,305.95001220703125,1568800
2022-05-17,281.7323303222656,312.9700012207031,314.32000732421875,308.1300048828125,309.8699951171875,2096200
2022-05-18,276.1151123046875,306.7300109863281,312.8599853515625,304.8800048828125,309.0,2033200
2022-05-19,277.4384460449219,308.20001220703125,309.989990234375,303.3900146484375,303.82000732421875,2108800
2022-05-20,276.1781005859375,306.79998779296875,312.5899963378906,299.4100036621094,311.260009765625,2201100
2022-05-23,285.00897216796875,316.6099853515625,321.8299865722656,311.07000732421875,312.7200012207031,2653000
2022-05-24,282.61456298828125,313.95001220703125,315.79998779296875,306.42999267578125,315.3500061035156,1870900
2022-05-25,283.4697265625,314.8999938964844,317.6000061035156,309.9800109863281,311.25,1929500
2022-05-26,291.328369140625,323.6300048828125,325.5,317.9800109863281,318.29998779296875,2440400
2022-05-27,295.78424072265625,328.5799865722656,328.6700134277344,323.19000244140625,326.75,2106700
2022-05-31,296.0287475585937,326.8500061035156,329.7200012207031,322.6600036621094,324.010009765625,2722900
2022-06-01,291.50030517578125,321.8500061035156,329.2699890136719,315.8299865722656,327.0,2330200
2022-06-02,293.6739807128906,324.25,325.20001220703125,319.2300109863281,320.5899963378906,1957500
2022-06-03,288.62921142578125,318.67999267578125,322.5,317.5,320.8800048828125,1238900
2022-06-06,290.28668212890625,320.510009765625,325.2099914550781,319.7900085449219,323.0,1099700
2022-06-07,291.1923522949219,321.510009765625,321.8399963378906,316.6600036621094,318.2799987792969,2516800
2022-06-08,285.0064392089844,314.67999267578125,319.54998779296875,312.79998779296875,318.3399963378906,1438100
2022-06-09,275.53271484375,304.2200012207031,314.1400146484375,304.0199890136719,313.5599975585937,2896500
2022-06-10,259.9546813964844,287.0199890136719,298.6499938964844,286.8500061035156,296.989990234375,3866900
2022-06-13,256.6036071777344,283.32000732421875,286.4200134277344,278.32000732421875,279.0,4218100
2022-06-14,255.8971099853516,282.5400085449219,289.17999267578125,281.29998779296875,284.3299865722656,2487700
2022-06-15,262.717041015625,290.07000732421875,294.4800109863281,284.1700134277344,287.1600036621094,2725800
2022-06-16,258.1070556640625,284.9800109863281,286.1300048828125,279.1499938964844,282.67999267578125,2777300
2022-06-17,253.40646362304688,279.7900085449219,286.260009765625,278.1499938964844,282.1300048828125,5234400
2022-06-21,257.9530334472656,284.8099975585937,288.07000732421875,282.9800109863281,287.7699890136719,2506300
2022-06-22,257.70855712890625,284.5400085449219,286.010009765625,281.0400085449219,282.2900085449219,2463100
2022-06-23,259.184814453125,286.1700134277344,286.5899963378906,278.92999267578125,283.760009765625,2547000
2022-06-24,274.2013854980469,302.75,303.1300048828125,290.0,291.0,3984300
2022-06-27,272.41717529296875,300.7799987792969,304.32000732421875,298.8800048828125,303.0599975585937,2091700
2022-06-28,271.248779296875,299.489990234375,308.9700012207031,299.17999267578125,305.8999938964844,2276600
2022-06-29,274.6814270019531,303.2799987792969,307.44000244140625,299.9100036621094,303.3699951171875,2475900
2022-06-30,269.01171875,297.0199890136719,300.3299865722656,292.2300109863281,296.5799865722656,2669500
2022-07-01,271.0133361816406,299.2300109863281,300.3299865722656,291.7200012207031,295.2699890136719,1749400
2022-07-05,269.1747436523437,297.20001220703125,297.3500061035156,288.3599853515625,293.0,2480900
2022-07-06,266.0591125488281,293.760009765625,297.3399963378906,290.6000061035156,296.2699890136719,1774500
2022-07-07,270.4427185058594,298.6000061035156,299.07000732421875,293.6000061035156,297.6600036621094,2046500
2022-07-08,268.5135498046875,296.4700012207031,300.8900146484375,295.07000732421875,300.5,1438900
2022-07-11,265.5338439941406,293.17999267578125,296.5400085449219,291.8800048828125,293.20001220703125,1519400
2022-07-12,264.9450988769531,292.5299987792969,299.0799865722656,289.510009765625,289.7099914550781,1772600
2022-07-13,262.7895202636719,290.1499938964844,291.19000244140625,285.8099975585937,290.510009765625,1884100
2022-07-14,255.03680419921875,281.5899963378906,284.239990234375,277.8399963378906,284.239990234375,3171900
2022-07-15,266.1587829589844,293.8699951171875,296.42999267578125,285.1499938964844,286.5,3457600
2022-07-18,272.8519592285156,301.260009765625,311.25,298.7099914550781,305.760009765625,6767900
2022-07-19,288.05865478515625,318.04998779296875,319.1400146484375,303.5,303.5899963378906,5641100
2022-07-20,291.13800048828125,321.45001220703125,322.1700134277344,316.3099975585937,317.2799987792969,3489800
2022-07-21,295.74810791015625,326.5400085449219,327.1600036621094,319.8500061035156,320.510009765625,2518800
2022-07-22,293.3841857910156,323.92999267578125,329.04998779296875,322.19000244140625,327.1099853515625,1830300
2022-07-25,293.55621337890625,324.1199951171875,327.2900085449219,322.6000061035156,325.9700012207031,4024500
2022-07-26,288.5114440917969,318.54998779296875,324.2900085449219,317.760009765625,321.7699890136719,2054700
2022-07-27,293.9366760253906,324.5400085449219,326.3900146484375,318.3800048828125,320.2900085449219,2081900
2022-07-28,298.0756225585937,329.1099853515625,329.9800109863281,321.8900146484375,325.29998779296875,1820700
2022-07-29,301.9521179199219,333.3900146484375,335.17999267578125,329.5,329.5,2112200
2022-08-01,300.765625,332.0799865722656,334.79998779296875,329.010009765625,331.7300109863281,1476500
2022-08-02,296.96173095703125,327.8800048828125,331.8299865722656,327.2200012207031,329.5,1862900
2022-08-03,301.7528686523437,333.1700134277344,335.510009765625,329.6199951171875,332.07000732421875,1770600
2022-08-04,300.57537841796875,331.8699951171875,334.29998779296875,330.6199951171875,333.2799987792969,1533400
2022-08-05,303.1114501953125,334.6700134277344,336.9100036621094,329.6700134277344,330.8999938964844,1876400
2022-08-08,303.12042236328125,334.67999267578125,338.8399963378906,334.3399963378906,337.1099853515625,1460000
2022-08-09,304.8775939941406,336.6199951171875,338.1700134277344,334.57000732421875,336.1499938964844,1587900
2022-08-10,315.10284423828125,347.9100036621094,349.70001220703125,341.3500061035156,341.3599853515625,2459500
2022-08-11,318.5174255371094,351.67999267578125,356.04998779296875,349.7799987792969,350.0,2360800
2022-08-12,320.4556579589844,353.82000732421875,354.5599975585937,350.1499938964844,353.44000244140625,2369000
2022-08-15,322.2941589355469,355.8500061035156,358.6199951171875,349.04998779296875,351.0,2045700
2022-08-16,321.4972229003906,354.9700012207031,356.4700012207031,352.0199890136719,352.989990234375,1740900
2022-08-17,320.3831481933594,353.739990234375,355.5899963378906,350.7699890136719,351.8999938964844,1576300
2022-08-18,321.0895080566406,354.5199890136719,355.1000061035156,350.8599853515625,352.6600036621094,1102200
2022-08-19,316.3346862792969,349.2699890136719,351.8599853515625,347.5,351.0,1812300
2022-08-22,310.1305847167969,342.4200134277344,344.5299987792969,340.760009765625,342.44000244140625,1723900
2022-08-23,308.101806640625,340.17999267578125,344.07000732421875,339.0299987792969,341.95001220703125,1538000
2022-08-24,309.69586181640625,341.94000244140625,344.32000732421875,338.489990234375,339.0199890136719,1530800
2022-08-25,313.8168029785156,346.489990234375,346.8599853515625,342.1099853515625,344.45001220703125,1763900
2022-08-26,304.67828369140625,336.3999938964844,348.739990234375,336.0,348.3399963378906,1703900
2022-08-29,302.4321594238281,333.9200134277344,336.3999938964844,332.010009765625,333.9200134277344,1835600
2022-08-30,302.16949462890625,333.6300048828125,336.010009765625,331.17999267578125,335.0,1830300
2022-08-31,303.5748291015625,332.6700134277344,335.1400146484375,329.67999267578125,331.54998779296875,2488000
2022-09-01,304.3321838378906,333.5,333.69000244140625,324.6199951171875,329.8699951171875,1575100
2022-09-02,302.4889221191406,331.4800109863281,340.32000732421875,329.9700012207031,334.67999267578125,2215400
2022-09-06,297.9352722167969,326.489990234375,333.25,323.4599914550781,332.32000732421875,1578100
2022-09-07,301.6493530273437,330.5599975585937,332.1600036621094,323.25,324.25,1496600
2022-09-08,306.0477600097656,335.3800048828125,335.8099975585937,327.3599853515625,330.2900085449219,1755600
2022-09-09,310.35498046875,340.1000061035156,341.0299987792969,337.0299987792969,337.9800109863281,1445600
2022-09-12,312.6180419921875,342.5799865722656,344.3699951171875,340.0899963378906,341.6600036621094,1563200
2022-09-13,299.66912841796875,328.3900146484375,336.5199890136719,326.8299865722656,336.0799865722656,2242100
2022-09-14,298.63800048828125,327.260009765625,330.92999267578125,323.5,328.45001220703125,1953300
2022-09-15,302.6166381835937,331.6199951171875,335.2799987792969,327.5899963378906,328.7300109863281,1489400
2022-09-16,297.6797790527344,326.2099914550781,329.0,319.7900085449219,326.3800048828125,2946800
2022-09-19,299.9154968261719,328.6600036621094,329.2900085449219,320.5400085449219,320.57000732421875,1652700
2022-09-20,294.98779296875,323.260009765625,326.79998779296875,320.010009765625,325.70001220703125,1569900
2022-09-21,292.66070556640625,320.7099914550781,329.7900085449219,320.6300048828125,324.9200134277344,1796700
2022-09-22,285.55206298828125,312.9200134277344,323.3900146484375,311.20001220703125,322.32000732421875,2239900
2022-09-23,275.5597839355469,301.9700012207031,309.7900085449219,297.4599914550781,307.54998779296875,2918500
2022-09-26,268.8526306152344,294.6199951171875,302.1000061035156,292.3099975585937,299.0,2308800
2022-09-27,265.89599609375,291.3800048828125,299.1499938964844,288.6199951171875,297.5,2007400
2022-09-28,274.4830017089844,300.7900085449219,302.4100036621094,292.4599914550781,294.0,2289700
2022-09-29,270.2123413085937,296.1099853515625,299.3500061035156,291.54998779296875,297.07000732421875,1930800
2022-09-30,267.419921875,293.04998779296875,301.0899963378906,292.70001220703125,296.0,1970800
2022-10-03,272.9864196777344,299.1499938964844,301.2300109863281,291.1000061035156,297.1700134277344,1938800
2022-10-04,287.33160400390625,314.8699951171875,315.1600036621094,305.8800048828125,306.79998779296875,2399500
2022-10-05,281.9749450683594,309.0,310.2099914550781,303.6000061035156,306.5799865722656,1992800
2022-10-06,278.0236511230469,304.6700134277344,309.0799865722656,303.4200134277344,307.3900146484375,1367400
2022-10-07,274.74755859375,301.0799865722656,305.1499938964844,299.1499938964844,304.0,1790100
2022-10-10,274.2548522949219,300.5400085449219,304.7200012207031,298.42999267578125,303.6300048828125,1309600
2022-10-11,268.4784545898437,294.2099914550781,302.5199890136719,293.9200134277344,298.010009765625,2392800
2022-10-12,269.4822692871094,295.3099975585937,299.7799987792969,291.7099914550781,293.989990234375,1763800
2022-10-13,280.2137756347656,307.07000732421875,308.760009765625,287.75,290.4200134277344,2724900
2022-10-14,273.7529602050781,299.989990234375,311.6199951171875,299.07000732421875,307.4599914550781,2397600
2022-10-17,279.8851623535156,306.7099914550781,311.6199951171875,304.1400146484375,304.4100036621094,3118600
2022-10-18,286.4008178710937,313.8500061035156,324.4800109863281,312.0,321.6700134277344,6428600
2022-10-19,284.4934997558594,311.760009765625,314.7900085449219,308.0599975585937,312.6099853515625,2363800
2022-10-20,283.62664794921875,310.8099975585937,316.04998779296875,309.0,312.1000061035156,2382300
2022-10-21,296.6668701171875,325.1000061035156,325.7699890136719,309.489990234375,311.0,3545700
2022-10-24,299.95196533203125,328.70001220703125,331.239990234375,325.8500061035156,328.5,2232600
2022-10-25,303.32843017578125,332.3999938964844,333.6000061035156,325.9200134277344,327.8599853515625,1837700
2022-10-26,306.3306579589844,335.69000244140625,338.6700134277344,334.1400146484375,334.5199890136719,2176700
2022-10-27,307.69024658203125,337.17999267578125,341.92999267578125,336.5299987792969,339.3099975585937,1998800
2022-10-28,311.9245300292969,341.82000732421875,342.5799865722656,336.0,338.5199890136719,1677100
2022-10-31,314.3792419433594,344.510009765625,346.17999267578125,340.57000732421875,341.07000732421875,2224000
2022-11-01,318.09326171875,348.5799865722656,348.69000244140625,343.7699890136719,345.1300048828125,2316600
2022-11-02,319.1974182128906,349.7900085449219,357.44000244140625,346.739990234375,347.6199951171875,3221200
2022-11-03,318.3579406738281,348.8699951171875,350.6700134277344,342.5899963378906,347.5,2515600
2022-11-04,326.6072998046875,357.9100036621094,358.3800048828125,351.2300109863281,354.0,3172700
2022-11-07,330.8506774902344,362.55999755859375,362.9599914550781,358.5199890136719,360.010009765625,2526900
2022-11-08,332.1828918457031,364.0199890136719,367.1900024414063,361.4599914550781,362.2999877929688,3501300
2022-11-09,330.339599609375,362.0,367.1499938964844,360.8800048828125,362.9500122070313,3047200
2022-11-10,345.2230834960937,378.30999755859375,380.4299926757813,369.739990234375,370.0,3790400
2022-11-11,351.483154296875,385.1700134277344,387.0,378.75,380.0,3409100
2022-11-14,348.9189147949219,382.3599853515625,387.2999877929688,380.5,384.0,2609100
2022-11-15,349.3934020996094,382.8800048828125,389.5799865722656,380.6499938964844,385.9800109863281,3192400
2022-11-16,348.8916015625,382.3299865722656,385.3999938964844,380.010009765625,383.2099914550781,2303700
2022-11-17,346.5644836425781,379.7799987792969,381.7200012207031,375.010009765625,377.1499938964844,2297600
2022-11-18,346.03533935546875,379.2000122070313,382.8299865722656,377.3900146484375,381.2799987792969,2384500
2022-11-21,346.9569091796875,380.2099914550781,380.7699890136719,375.4200134277344,378.8999938964844,1877500
2022-11-22,350.2968444824219,383.8699951171875,385.8299865722656,381.3999938964844,381.3999938964844,2019400
2022-11-23,352.4686889648437,386.25,388.2000122070313,383.4100036621094,383.8999938964844,1865400
2022-11-25,354.8503723144531,388.8599853515625,389.4400024414063,385.1799926757813,385.760009765625,1129300
2022-11-28,348.9189147949219,382.3599853515625,388.3900146484375,380.8900146484375,385.4299926757813,2232200
2022-11-29,350.1507568359375,383.7099914550781,384.9299926757813,379.260009765625,381.1300048828125,1746900
2022-11-30,354.6883850097656,386.1499938964844,386.1499938964844,375.1000061035156,382.5,2964100
2022-12-01,352.5390014648437,383.80999755859375,386.5,380.4500122070313,386.5,1706300
2022-12-02,349.5721435546875,380.5799865722656,382.5199890136719,378.3999938964844,381.5199890136719,1932300
2022-12-05,341.2686767578125,371.5400085449219,378.8699951171875,369.30999755859375,378.5499877929688,2329600
2022-12-06,333.34185791015625,362.9100036621094,370.3699951171875,360.3299865722656,369.4800109863281,3081900
2022-12-07,330.5954284667969,359.9200134277344,365.2999877929688,358.1499938964844,362.489990234375,2128200
2022-12-08,328.90533447265625,358.0799865722656,362.5899963378906,356.0599975585937,362.0299987792969,1967800
2022-12-09,329.8789367675781,359.1400146484375,361.6400146484375,356.2099914550781,356.7099914550781,1588800
2022-12-12,333.5898132324219,363.1799926757813,364.010009765625,356.3399963378906,358.57000732421875,1750400
2022-12-13,338.65093994140625,368.6900024414063,378.55999755859375,365.510009765625,374.6300048828125,3062600
2022-12-14,331.0179138183594,360.3800048828125,368.8299865722656,359.45001220703125,367.010009765625,2519700
2022-12-15,321.3275756835937,349.8299865722656,356.1099853515625,347.94000244140625,354.4800109863281,3163700
2022-12-16,318.1311340332031,346.3500061035156,347.7799987792969,343.4100036621094,345.0799865722656,5008800
2022-12-19,316.5328063964844,344.6099853515625,348.3999938964844,342.6300048828125,346.2699890136719,1646700
2022-12-20,316.4225769042969,344.489990234375,347.4200134277344,343.489990234375,345.989990234375,1623000
2022-12-21,321.630615234375,350.1600036621094,350.8800048828125,346.8900146484375,348.260009765625,1923100
2022-12-22,317.423828125,345.5799865722656,348.04998779296875,339.8800048828125,347.1600036621094,1528900
2022-12-23,317.3595275878906,345.510009765625,347.760009765625,343.1099853515625,344.8399963378906,1062000
2022-12-27,314.1079406738281,341.9700012207031,347.75,341.7900085449219,346.510009765625,1035000
2022-12-28,313.0975646972656,340.8699951171875,342.8500061035156,339.29998779296875,340.5,1117200
2022-12-29,315.448974609375,343.42999267578125,344.6400146484375,341.239990234375,342.44000244140625,1273600
2022-12-30,315.403076171875,343.3800048828125,343.69000244140625,339.3999938964844,341.739990234375,1031400
2023-01-03,318.0116271972656,346.2200012207031,348.6000061035156,342.8099975585937,345.5,1589700
2023-01-04,319.37109375,347.70001220703125,350.3099975585937,345.0799865722656,348.0299987792969,1881000
2023-01-05,315.7520446777344,343.760009765625,345.1400146484375,340.1400146484375,344.25,1397800
2023-01-06,319.7200927734375,348.0799865722656,349.0,340.95001220703125,347.29998779296875,3097800
2023-01-09,324.2392272949219,353.0,356.5,349.5,351.8800048828125,1989000
2023-01-10,328.2440490722656,357.3599853515625,357.5,350.5,352.6400146484375,1610100
2023-01-11,334.78387451171875,364.4800109863281,365.5,356.2099914550781,358.8699951171875,2127000
2023-01-12,339.79913330078125,369.9400024414063,370.1000061035156,362.5700073242188,366.239990234375,2103100
2023-01-13,343.5283508300781,374.0,374.3500061035156,362.3599853515625,363.489990234375,3310200
2023-01-17,321.41015625,349.9200134277344,366.7900085449219,344.0,364.7999877929688,14448300
2023-01-18,320.6478576660156,349.0899963378906,354.7900085449219,347.79998779296875,348.32000732421875,5585200
2023-01-19,322.1726379394531,350.75,352.1600036621094,345.5199890136719,346.0299987792969,3100400
2023-01-20,313.98846435546875,341.8399963378906,352.25,338.2099914550781,349.8699951171875,11247200
2023-01-23,320.6937561035156,349.1400146484375,349.5599975585937,336.1600036621094,341.6700134277344,4915700
2023-01-24,319.9496459960937,348.3299865722656,350.29998779296875,340.0,340.0,2372000
2023-01-25,321.1437683105469,349.6300048828125,349.9599914550781,343.8999938964844,344.75,1985200
2023-01-26,326.0487060546875,354.9700012207031,355.0,349.5199890136719,351.7300109863281,1919200
2023-01-27,324.8822631835937,353.70001220703125,355.989990234375,351.8299865722656,351.95001220703125,2427400
2023-01-30,328.3359375,357.4599914550781,362.3299865722656,352.3999938964844,353.2900085449219,3184500
2023-01-31,336.0054931640625,365.80999755859375,365.9200134277344,356.8599853515625,359.1600036621094,2311500
2023-02-01,335.9136657714844,365.7099914550781,368.9400024414063,358.760009765625,359.1000061035156,2889400
2023-02-02,339.3674011230469,369.4700012207031,372.8900146484375,364.5499877929688,368.0,2619600
2023-02-03,339.8081970214844,369.9500122070313,374.5700073242188,365.4400024414063,365.6199951171875,2243100
2023-02-06,340.5889892578125,370.7999877929688,371.260009765625,365.7799987792969,369.0,1816200
2023-02-07,343.89569091796875,374.3999938964844,376.30999755859375,367.3399963378906,368.1700134277344,2205500
2023-02-08,344.5386657714844,375.1000061035156,378.3500061035156,371.9800109863281,372.9200134277344,1893200
2023-02-09,338.0080261230469,367.989990234375,379.6799926757813,367.7999877929688,377.0400085449219,2052500
2023-02-10,341.0298767089844,371.2799987792969,372.2300109863281,364.55999755859375,367.0,1933400
2023-02-13,343.546630859375,374.0199890136719,375.05999755859375,368.0,369.0899963378906,1570600
2023-02-14,341.4891357421875,371.7799987792969,377.0499877929688,369.3800048828125,373.9400024414063,2155500
2023-02-15,343.8405456542969,374.3399963378906,374.3699951171875,368.25,368.739990234375,1687200
2023-02-16,340.0379333496094,370.2000122070313,374.25,368.7999877929688,370.75,1947800
2023-02-17,338.47637939453125,368.5,371.05999755859375,366.8599853515625,368.0499877929688,1857300
2023-02-21,331.6976928710937,361.1199951171875,366.7200012207031,360.0899963378906,366.7200012207031,2403000
2023-02-22,331.48638916015625,360.8900146484375,363.0,358.0400085449219,361.6300048828125,2203800
2023-02-23,333.9205322265625,363.5400085449219,367.8800048828125,359.6099853515625,363.2000122070313,1931400
2023-02-24,334.2052001953125,363.8500061035156,365.1799926757813,359.5299987792969,360.1700134277344,2428600
2023-02-27,335.7483825683594,365.5299987792969,370.2999877929688,364.510009765625,368.2200012207031,2842400
2023-02-28,322.99920654296875,351.6499938964844,366.010009765625,351.3299865722656,366.0,4945600
2023-03-01,320.2979431152344,346.2300109863281,352.5400085449219,345.9599914550781,349.3900146484375,2717400
2023-03-02,322.9530029296875,349.1000061035156,349.7799987792969,340.489990234375,343.989990234375,3259800
2023-03-03,330.3445129394531,357.0899963378906,357.7699890136719,349.5599975585937,350.6400146484375,2396200
2023-03-06,330.3075256347656,357.04998779296875,358.8599853515625,353.7300109863281,358.0599975585937,1614200
2023-03-07,320.1591491699219,346.0799865722656,356.20001220703125,345.6300048828125,355.54998779296875,2048500
2023-03-08,323.1287536621094,349.2900085449219,349.69000244140625,345.1700134277344,346.19000244140625,1584600
2023-03-09,316.46807861328125,342.0899963378906,354.2900085449219,341.04998779296875,349.20001220703125,3177800
2023-03-10,303.1280822753906,327.6700134277344,339.92999267578125,326.0299987792969,338.8699951171875,4559700
2023-03-13,291.8788146972656,315.510009765625,326.1099853515625,314.5400085449219,319.6700134277344,5660700
2023-03-14,298.021484375,322.1499938964844,326.3800048828125,318.95001220703125,324.7699890136719,3785900
2023-03-15,288.8074645996094,312.19000244140625,312.510009765625,304.4100036621094,310.7699890136719,6596700
2023-03-16,291.490234375,315.0899963378906,318.32000732421875,304.9200134277344,309.0,4399100
2023-03-17,280.80535888671875,303.5400085449219,310.3999938964844,301.8699951171875,310.0899963378906,6369800
2023-03-20,286.3467102050781,309.5299987792969,312.20001220703125,306.260009765625,306.7799987792969,3963700
2023-03-21,293.5162048339844,317.2799987792969,320.32000732421875,315.3500061035156,317.6199951171875,3242400
2023-03-22,290.1766662597656,313.6700134277344,322.2200012207031,313.489990234375,317.2799987792969,2505900
2023-03-23,291.2682800292969,314.8500061035156,321.3599853515625,312.6400146484375,315.2099914550781,2585900
2023-03-24,289.1590270996094,312.57000732421875,312.75,305.3599853515625,310.1499938964844,2456700
2023-03-27,294.6726379394531,318.5299987792969,320.8999938964844,317.1700134277344,318.6199951171875,2300600
2023-03-28,294.5893859863281,318.44000244140625,320.6099853515625,316.1199951171875,319.0899963378906,1224300
2023-03-29,296.6985778808594,320.7200012207031,322.7099914550781,318.67999267578125,322.5,1475900
2023-03-30,297.087158203125,321.1400146484375,324.8699951171875,319.8800048828125,324.5599975585937,1456300
2023-03-31,302.6099853515625,327.1099853515625,327.3299865722656,322.4200134277344,323.4700012207031,2281100
2023-04-03,302.06414794921875,326.5199890136719,328.9800109863281,323.1499938964844,326.1400146484375,1808800
2023-04-04,298.4840393066406,322.6499938964844,326.8699951171875,320.1199951171875,326.82000732421875,1536800
2023-04-05,297.4479675292969,321.5299987792969,322.20001220703125,319.3699951171875,319.6199951171875,1329300
2023-04-06,298.2527770996094,322.3999938964844,323.2300109863281,319.9800109863281,320.3800048828125,1311000
2023-04-10,300.6210632324219,324.9599914550781,324.989990234375,321.3099975585937,322.3999938964844,1114400
2023-04-11,302.8504638671875,327.3699951171875,329.20001220703125,323.6700134277344,326.04998779296875,1559600
2023-04-12,305.50555419921875,330.239990234375,332.07000732421875,327.17999267578125,331.7200012207031,1862400
2023-04-13,307.2539978027344,332.1300048828125,332.94000244140625,327.0,330.0799865722656,1765500
2023-04-14,311.685302734375,336.9200134277344,339.6300048828125,334.32000732421875,336.5299987792969,2275700
2023-04-17,314.2385559082031,339.67999267578125,340.45001220703125,333.67999267578125,336.0,3012100
2023-04-18,308.90069580078125,333.9100036621094,336.54998779296875,326.1300048828125,328.0,7549500
2023-04-19,311.65753173828125,336.8900146484375,336.989990234375,331.6700134277344,332.9800109863281,2625400
2023-04-20,313.3411865234375,338.7099914550781,339.3099975585937,334.32000732421875,334.95001220703125,2217900
2023-04-21,316.0701904296875,341.6600036621094,342.3599853515625,336.0,339.0,2278900
2023-04-24,318.1979064941406,343.9599914550781,345.0599975585937,341.5299987792969,341.989990234375,1966300
2023-04-25,314.05352783203125,339.4800109863281,343.4700012207031,338.3299865722656,341.0,2138200
2023-04-26,311.3522033691406,336.5599975585937,340.6000061035156,334.6400146484375,337.5799865722656,2041900
2023-04-27,316.0147399902344,341.6000061035156,343.3599853515625,338.760009765625,340.1400146484375,1768200
2023-04-28,317.7168884277344,343.44000244140625,344.1000061035156,339.70001220703125,340.04998779296875,1714100
2023-05-01,315.0619201660156,340.57000732421875,347.4599914550781,340.3699951171875,344.04998779296875,1375000
2023-05-02,308.4011535644531,333.3699951171875,339.8900146484375,330.0,339.010009765625,2397600
2023-05-03,304.03466796875,328.6499938964844,334.8299865722656,328.25,332.3599853515625,1825400
2023-05-04,297.1981506347656,321.260009765625,326.9800109863281,318.5599975585937,325.95001220703125,2965100
2023-05-05,302.5267028808594,327.0199890136719,327.8699951171875,322.4200134277344,325.0599975585937,2413400
2023-05-08,302.05499267578125,326.510009765625,330.29998779296875,325.6700134277344,329.6400146484375,1607300
2023-05-09,300.4452209472656,324.7699890136719,327.17999267578125,323.29998779296875,325.0400085449219,1253300
2023-05-10,298.3915405273437,322.54998779296875,329.9200134277344,319.0799865722656,329.9200134277344,1752200
2023-05-11,296.6985778808594,320.7200012207031,321.94000244140625,318.17999267578125,319.6600036621094,1515200
2023-05-12,295.5699462890625,319.5,323.2200012207031,317.32000732421875,322.0400085449219,1099100
2023-05-15,297.947509765625,322.07000732421875,323.25,318.0599975585937,320.4200134277344,1178200
2023-05-16,296.7818908691406,320.8099975585937,323.07000732421875,320.5,322.5,1618900
2023-05-17,305.4500427246094,330.17999267578125,330.3900146484375,322.6600036621094,322.6600036621094,2098100
2023-05-18,304.8949584960937,329.5799865722656,330.6000061035156,325.6600036621094,330.0,1645400
2023-05-19,301.7219543457031,326.1499938964844,331.95001220703125,324.7900085449219,330.0,1546100
2023-05-22,300.58404541015625,324.9200134277344,327.3399963378906,322.42999267578125,326.1499938964844,1498900
2023-05-23,299.3351135253906,323.57000732421875,327.1400146484375,322.8099975585937,323.6000061035156,1550900
2023-05-24,295.85675048828125,319.8099975585937,321.8999938964844,318.79998779296875,320.3900146484375,1439100
2023-05-25,299.6219787597656,323.8800048828125,325.17999267578125,318.79998779296875,318.9200134277344,1618500
2023-05-26,307.1430358886719,332.010009765625,332.8699951171875,324.0,324.7200012207031,2718700
2023-05-30,306.0514221191406,330.8299865722656,332.5299987792969,327.7300109863281,332.0799865722656,1998600
2023-05-31,301.9219665527344,323.8999938964844,327.25,321.82000732421875,326.07000732421875,2938000
2023-06-01,294.93084716796875,316.3999938964844,324.67999267578125,314.0199890136719,324.510009765625,3339700
2023-06-02,301.6889343261719,323.6499938964844,325.2699890136719,317.04998779296875,318.239990234375,3987700
2023-06-05,299.9737548828125,321.8099975585937,323.489990234375,320.32000732421875,322.92999267578125,1462900
2023-06-06,304.6252136230469,326.79998779296875,328.07000732421875,321.3999938964844,322.42999267578125,1495600
2023-06-07,312.96795654296875,335.75,337.8399963378906,326.32000732421875,327.6400146484375,3382700
2023-06-08,312.7069396972656,335.4700012207031,336.3299865722656,331.3399963378906,335.3599853515625,2009500
2023-06-09,313.21954345703125,336.0199890136719,336.20001220703125,332.5400085449219,335.2099914550781,1702100
2023-06-12,316.4541015625,339.489990234375,340.0899963378906,336.3500061035156,338.44000244140625,2290800
2023-06-13,319.2599182128906,342.5,345.2799987792969,339.45001220703125,340.20001220703125,1772400
2023-06-14,315.4567565917969,338.4200134277344,347.7300109863281,337.2300109863281,344.7799987792969,1819400
2023-06-15,316.6871032714844,339.739990234375,344.0,335.70001220703125,337.32000732421875,3322700
2023-06-16,315.35418701171875,338.3099975585937,341.3999938964844,337.1099853515625,341.3800048828125,4544900
2023-06-20,308.2791748046875,330.7200012207031,335.3800048828125,329.2300109863281,335.32000732421875,3208100
2023-06-21,303.0125732421875,325.07000732421875,330.0,324.9200134277344,328.45001220703125,2158700
2023-06-22,297.8951110839844,319.5799865722656,324.260009765625,319.010009765625,323.69000244140625,2409100
2023-06-23,293.3555908203125,314.7099914550781,317.7099914550781,314.07000732421875,316.5599975585937,2612000
2023-06-26,291.1650085449219,312.3599853515625,316.6400146484375,312.1700134277344,315.1300048828125,2481000
2023-06-27,292.1810913085937,313.45001220703125,315.67999267578125,310.5599975585937,312.4100036621094,2156800
2023-06-28,292.37677001953125,313.6600036621094,314.8999938964844,310.69000244140625,311.7200012207031,2423500
2023-06-29,301.1669006347656,323.0899963378906,325.5,316.25,317.8500061035156,3553600
2023-06-30,300.6542053222656,322.5400085449219,326.0299987792969,322.45001220703125,325.82000732421875,2361800
2023-07-03,304.44805908203125,326.6099853515625,329.3999938964844,322.4100036621094,322.4100036621094,1106800
2023-07-05,298.333251953125,320.04998779296875,324.6099853515625,319.6300048828125,323.95001220703125,2561000
2023-07-06,291.7615661621094,313.0,318.6400146484375,312.8399963378906,318.0,2896900
2023-07-07,293.7843322753906,315.1700134277344,317.3699951171875,312.70001220703125,313.20001220703125,2903100
2023-07-10,294.99615478515625,316.4700012207031,320.0799865722656,316.0,316.6700134277344,1775800
2023-07-11,299.1068115234375,320.8800048828125,321.0400085449219,314.5799865722656,318.8299865722656,2041700
2023-07-12,304.2522888183594,326.3999938964844,333.3500061035156,324.25,324.5799865722656,2741300
2023-07-13,306.3776550292969,328.67999267578125,329.2799987792969,325.69000244140625,327.3500061035156,2787800
2023-07-14,304.0566101074219,326.19000244140625,332.4800109863281,325.0199890136719,331.989990234375,1815200
2023-07-17,304.99810791015625,327.20001220703125,327.489990234375,324.3599853515625,325.8900146484375,1777400
2023-07-18,314.384765625,337.2699890136719,338.25,327.29998779296875,327.29998779296875,3887400
2023-07-19,317.44219970703125,340.54998779296875,345.8800048828125,331.29998779296875,338.0,6037400
2023-07-20,327.0525817871094,350.8599853515625,351.67999267578125,339.1600036621094,339.1600036621094,3915000
2023-07-21,328.0779724121094,351.9599914550781,355.0799865722656,346.7799987792969,351.7799987792969,3217400
2023-07-24,334.57501220703125,358.92999267578125,361.6199951171875,352.0,352.8299865722656,3517500
2023-07-25,330.63214111328125,354.70001220703125,360.8200073242188,353.9800109863281,357.4200134277344,2893000
2023-07-26,333.2979736328125,357.5599975585937,360.260009765625,354.2799987792969,354.489990234375,2281600
2023-07-27,330.4549255371094,354.510009765625,360.5400085449219,354.1700134277344,358.1300048828125,2010800
2023-07-28,329.2618103027344,353.2300109863281,356.5,351.6099853515625,356.1099853515625,1827400
2023-07-31,331.72265625,355.8699951171875,357.20001220703125,354.0199890136719,354.8800048828125,1385500
2023-08-01,333.4471435546875,357.7200012207031,357.8699951171875,353.3900146484375,354.0,2024300
2023-08-02,327.2763366699219,351.1000061035156,354.989990234375,348.8699951171875,354.989990234375,2106600
2023-08-03,329.1965637207031,353.1600036621094,355.2099914550781,348.6199951171875,349.989990234375,1840400
2023-08-04,329.2525634765625,353.2200012207031,358.7300109863281,352.510009765625,353.3399963378906,1725300
2023-08-07,331.4336853027344,355.5599975585937,357.6700134277344,353.9200134277344,355.3999938964844,1260300
2023-08-08,324.62908935546875,348.260009765625,352.0,342.0299987792969,351.70001220703125,1917300
2023-08-09,319.4370422363281,342.69000244140625,348.4599914550781,342.489990234375,346.82000732421875,1326000
2023-08-10,317.3023986816406,340.3999938964844,347.260009765625,339.79998779296875,344.07000732421875,1345900
2023-08-11,317.6100158691406,340.7300109863281,341.7900085449219,337.54998779296875,339.92999267578125,1256800
2023-08-14,314.8228454589844,337.739990234375,338.45001220703125,334.8599853515625,337.4100036621094,1347000
2023-08-15,309.6681213378906,332.2099914550781,334.0299987792969,330.4800109863281,333.29998779296875,1657800
2023-08-16,306.7784118652344,329.1099853515625,332.9200134277344,328.9700012207031,330.5400085449219,3340300
2023-08-17,305.2962951660156,327.5199890136719,333.989990234375,324.0,330.0,3135200
2023-08-18,302.8821105957031,324.92999267578125,327.6199951171875,323.20001220703125,324.32000732421875,1730500
2023-08-21,300.206787109375,322.0599975585937,326.3900146484375,319.3900146484375,325.3900146484375,1983500
2023-08-22,297.1587219238281,318.7900085449219,322.6400146484375,318.3099975585937,322.4800109863281,1810300
2023-08-23,300.45849609375,322.3299865722656,322.45001220703125,318.0,320.6199951171875,1429000
2023-08-24,298.24932861328125,319.9599914550781,327.489990234375,319.510009765625,322.1499938964844,1185600
2023-08-25,298.4263610839844,320.1499938964844,322.7200012207031,318.19000244140625,320.79998779296875,1159600
2023-08-28,303.8514709472656,325.9700012207031,326.6000061035156,321.3399963378906,321.3399963378906,1440100
2023-08-29,309.9850769042969,332.54998779296875,332.70001220703125,324.67999267578125,325.5599975585937,1831700
2023-08-30,308.8383483886719,328.5799865722656,331.9100036621094,327.6499938964844,330.0,1131500
2023-08-31,308.02056884765625,327.7099914550781,330.489990234375,325.9599914550781,329.4100036621094,1271100
2023-09-01,307.729248046875,327.3999938964844,331.6199951171875,326.2099914550781,329.6700134277344,1201400
2023-09-05,304.2985534667969,323.75,328.4800109863281,322.6300048828125,327.3399963378906,1846000
2023-09-06,301.8359375,321.1300048828125,324.1400146484375,319.3099975585937,322.3099975585937,2120800
2023-09-07,302.6160888671875,321.9599914550781,324.2200012207031,320.1300048828125,320.6199951171875,1471100
2023-09-08,305.962158203125,325.5199890136719,325.9700012207031,321.6600036621094,321.9200134277344,2026400
2023-09-11,305.1444702148437,324.6499938964844,330.1499938964844,324.2900085449219,328.260009765625,1283100
2023-09-12,311.0189208984375,330.8999938964844,335.2799987792969,324.0,324.010009765625,2054700
2023-09-13,314.853759765625,334.9800109863281,337.010009765625,330.82000732421875,333.5,2165000
2023-09-14,323.8676452636719,344.57000732421875,345.1199951171875,336.8500061035156,339.0,2822700
2023-09-15,321.9595947265625,342.5400085449219,346.19000244140625,341.8599853515625,345.1499938964844,3063900
2023-09-18,322.69268798828125,343.32000732421875,344.260009765625,339.2699890136719,342.5400085449219,1356600
2023-09-19,321.3486633300781,341.8900146484375,344.9700012207031,337.9700012207031,343.4599914550781,1660200
2023-09-20,316.470458984375,336.70001220703125,343.79998779296875,336.2900085449219,342.6099853515625,1224400
2023-09-21,310.3985900878906,330.239990234375,334.69000244140625,330.0799865722656,334.5,1685100
2023-09-22,308.18975830078125,327.8900146484375,331.5400085449219,326.8299865722656,330.1000061035156,1669100
2023-09-25,309.08270263671875,328.8399963378906,329.2900085449219,325.2799987792969,327.07000732421875,833300
2023-09-26,304.36431884765625,323.82000732421875,327.42999267578125,322.4200134277344,325.6099853515625,1481800
2023-09-27,302.6067199707031,321.95001220703125,325.0,318.9800109863281,324.9800109863281,1493000
2023-09-28,305.66143798828125,325.20001220703125,326.8399963378906,320.2099914550781,320.2099914550781,1389600
2023-09-29,304.1293029785156,323.57000732421875,327.9599914550781,322.2699890136719,327.20001220703125,1403900
2023-10-02,299.3639221191406,318.5,323.5799865722656,317.1000061035156,322.0299987792969,1303800
2023-10-03,287.727783203125,306.1199951171875,315.67999267578125,304.3900146484375,315.2699890136719,3118600
2023-10-04,290.0588073730469,308.6000061035156,309.0599975585937,303.4800109863281,304.8500061035156,1872000
2023-10-05,291.8446044921875,310.5,310.54998779296875,304.2099914550781,307.3599853515625,1584600
2023-10-06,293.7056884765625,312.4800109863281,315.32000732421875,307.1700134277344,308.1099853515625,1595100
2023-10-09,293.8278503417969,312.6099853515625,313.4800109863281,308.3699951171875,308.8999938964844,1094400
2023-10-10,295.8580627441406,314.7699890136719,316.8500061035156,312.2900085449219,314.4700012207031,1193800
2023-10-11,294.21319580078125,313.0199890136719,316.6300048828125,311.6000061035156,315.42999267578125,1672500
2023-10-12,291.2337341308594,309.8500061035156,314.25,308.0199890136719,314.1499938964844,1727700
2023-10-13,290.7167358398437,309.29998779296875,316.17999267578125,308.1700134277344,312.0,1785200
2023-10-16,295.5008850097656,314.3900146484375,315.8999938964844,310.25,313.17999267578125,2273900
2023-10-17,290.7730712890625,309.3599853515625,316.17999267578125,305.9100036621094,313.3800048828125,4123000
2023-10-18,283.8177185058594,301.9599914550781,307.2200012207031,301.4800109863281,307.0,3460300
2023-10-19,281.214111328125,299.19000244140625,305.3399963378906,298.6300048828125,301.9599914550781,3211800
2023-10-20,282.0224914550781,300.04998779296875,303.25,298.1000061035156,298.5,2329000
2023-10-23,281.2423095703125,299.2200012207031,303.54998779296875,298.19000244140625,298.2900085449219,2959800
2023-10-24,281.20477294921875,299.17999267578125,303.1000061035156,299.0799865722656,300.0,1697100
2023-10-25,278.9301452636719,296.760009765625,300.0,295.0299987792969,298.6000061035156,1809300
2023-10-26,279.1463317871094,296.989990234375,300.1400146484375,294.7799987792969,296.9599914550781,2011200
2023-10-27,272.49169921875,289.9100036621094,298.2699890136719,289.3599853515625,297.54998779296875,2601700
2023-10-30,282.7556457519531,300.8299865722656,301.8099975585937,293.2900085449219,293.45001220703125,3065200
2023-10-31,285.3685913085937,303.6099853515625,304.2900085449219,300.70001220703125,301.67999267578125,2611000
2023-11-01,288.7052917480469,307.1600036621094,308.25,302.8399963378906,303.3299865722656,2345400
2023-11-02,294.9087219238281,313.760009765625,314.5400085449219,308.0,309.69000244140625,2597000
2023-11-03,307.9359436035156,327.6199951171875,329.3299865722656,317.92999267578125,318.4599914550781,3742000
2023-11-06,304.44891357421875,323.9100036621094,328.8999938964844,322.1000061035156,326.6600036621094,2087600
2023-11-07,304.486572265625,323.95001220703125,326.3900146484375,321.2900085449219,322.1300048828125,1505000
2023-11-08,305.05987548828125,324.5599975585937,326.6600036621094,323.6700134277344,323.95001220703125,1484400
2023-11-09,301.5069885253906,320.7799987792969,326.6499938964844,319.6600036621094,326.0,1787900
2023-11-10,305.9527587890625,325.510009765625,326.0599975585937,321.6499938964844,323.32000732421875,1781400
2023-11-13,307.2686767578125,326.9100036621094,328.7200012207031,323.5299987792969,324.1600036621094,1403300
2023-11-14,318.369140625,338.7200012207031,341.7799987792969,332.4700012207031,333.5299987792969,3592700
2023-11-15,317.31640625,337.6000061035156,341.0799865722656,335.3399963378906,339.8999938964844,2534500
2023-11-16,316.4423217773437,336.6700134277344,339.75,335.010009765625,337.760009765625,1620400
2023-11-17,318.81085205078125,339.19000244140625,340.45001220703125,338.1199951171875,339.5,1465200
2023-11-20,319.0552978515625,339.45001220703125,341.32000732421875,337.5,340.0,3146000
2023-11-21,314.8444519042969,334.9700012207031,339.0899963378906,334.54998779296875,338.3599853515625,1900900
2023-11-22,318.2939453125,338.6400146484375,338.9100036621094,335.3699951171875,336.94000244140625,1235200
2023-11-24,318.7732238769531,339.1499938964844,340.2699890136719,337.6400146484375,338.79998779296875,460100
2023-11-27,317.4197692871094,337.7099914550781,340.0199890136719,335.739990234375,339.19000244140625,1250500
2023-11-28,317.3634033203125,337.6499938964844,338.3999938964844,334.8699951171875,337.3800048828125,1419000
2023-11-29,322.4426574707031,340.260009765625,343.5299987792969,336.510009765625,337.0,2038100
2023-11-30,323.6556701660156,341.5400085449219,344.760009765625,340.0899963378906,341.67999267578125,1903600
2023-12-01,330.18487548828125,348.42999267578125,348.8900146484375,340.4200134277344,341.4599914550781,3623300
2023-12-04,331.0946655273437,349.3900146484375,350.489990234375,345.2900085449219,346.29998779296875,2178100
2023-12-05,323.8547058105469,341.75,346.8299865722656,340.5400085449219,346.6000061035156,2429700
2023-12-06,324.063232421875,341.9700012207031,347.0,341.6000061035156,343.510009765625,1869300
2023-12-07,326.5744323730469,344.6199951171875,344.69000244140625,342.0,343.7099914550781,2162400
2023-12-08,332.4591979980469,350.8299865722656,352.2900085449219,343.7799987792969,344.3099975585937,2238800
2023-12-11,333.340576171875,351.760009765625,353.0299987792969,349.04998779296875,351.44000244140625,1636000
2023-12-12,334.14599609375,352.6099853515625,354.0,349.5799865722656,351.4100036621094,1597600
2023-12-13,343.7361145019531,362.7300109863281,362.8500061035156,351.6000061035156,352.94000244140625,2876500
2023-12-14,363.39007568359375,383.4700012207031,386.2000122070313,365.0,366.5,5376300
2023-12-15,360.5851135253906,380.510009765625,385.8999938964844,379.3200073242188,380.1900024414063,4522300
2023-12-18,356.6903076171875,376.3999938964844,382.760009765625,375.9100036621094,381.260009765625,2740900
2023-12-19,362.4234924316406,382.4500122070313,383.7699890136719,374.5499877929688,376.010009765625,2091800
2023-12-20,357.7515869140625,377.5199890136719,385.1300048828125,377.25,380.7300109863281,1836500
2023-12-21,360.6419372558594,380.5700073242188,381.489990234375,377.010009765625,380.0499877929688,1301600
2023-12-22,360.7177734375,380.6499938964844,383.489990234375,379.4100036621094,382.0,1538200
2023-12-26,361.6275024414063,381.6099853515625,382.6099853515625,380.0499877929688,380.6499938964844,837300
2023-12-27,364.3472290039063,384.4800109863281,385.75,380.30999755859375,381.2000122070313,1367200
2023-12-28,366.1761169433594,386.4100036621094,387.760009765625,383.6300048828125,384.5199890136719,1024700
2023-12-29,365.5696411132813,385.7699890136719,386.6400146484375,383.5700073242188,385.5700073242188,881300
2024-01-02,367.9671936035156,388.2999877929688,389.1400146484375,382.1900024414063,383.0,2263100
2024-01-03,361.7981262207031,381.7900085449219,385.3999938964844,376.760009765625,383.8800048828125,2265300
2024-01-04,362.8973083496094,382.9500122070313,387.0899963378906,381.9500122070313,383.5499877929688,1618300
2024-01-05,366.2045593261719,386.4400024414063,389.4700012207031,381.0799865722656,381.9200134277344,2913900
2024-01-08,368.497802734375,388.8599853515625,389.0799865722656,382.0299987792969,385.9700012207031,1902600
2024-01-09,363.6459655761719,383.739990234375,385.9500122070313,381.7699890136719,384.6000061035156,1708800
2024-01-10,361.9591674804688,381.9599914550781,383.0499877929688,378.5299987792969,381.3500061035156,1547300
2024-01-11,359.8648681640625,379.75,380.9800109863281,374.6799926757813,380.8900146484375,2209900
2024-01-12,357.9696044921875,377.75,385.8500061035156,376.5799865722656,383.3399963378906,2223800
2024-01-16,360.5282287597656,380.4500122070313,385.010009765625,374.3200073242188,378.3599853515625,3926600
2024-01-17,357.4294738769531,377.1799926757813,380.2000122070313,374.1300048828125,375.2000122070313,2415100
2024-01-18,357.1736145019531,376.9100036621094,381.6400146484375,374.55999755859375,380.3299865722656,1771200
2024-01-19,362.1866149902344,382.2000122070313,383.2999877929688,372.0700073242188,376.7300109863281,2603300
2024-01-22,365.7496643066406,385.9599914550781,392.7300109863281,384.55999755859375,386.3599853515625,2922700
2024-01-23,360.8314514160156,380.7699890136719,383.3599853515625,378.6300048828125,379.9800109863281,3313300
2024-01-24,359.533203125,379.3999938964844,384.6099853515625,379.1799926757813,381.80999755859375,2235800
2024-01-25,362.660400390625,382.7000122070313,386.7099914550781,382.010009765625,382.6900024414063,2376300
2024-01-26,358.00750732421875,377.7900085449219,380.8999938964844,376.75,378.6499938964844,3464700
2024-01-29,360.6324768066406,380.55999755859375,380.8399963378906,374.239990234375,375.8900146484375,1632300
2024-01-30,366.612060546875,386.8699951171875,387.9200134277344,381.5899963378906,384.0,3897900
2024-01-31,363.90185546875,384.010009765625,393.9100036621094,383.7000122070313,386.0,3421100
2024-02-01,363.7501525878906,383.8500061035156,389.5400085449219,378.7999877929688,384.4299926757813,2138500
2024-02-02,367.55023193359375,387.8599853515625,388.739990234375,380.6000061035156,381.7999877929688,2180900
2024-02-05,362.9635925292969,383.0199890136719,385.3299865722656,381.0,384.6000061035156,2231100
2024-02-06,364.83050537109375,384.989990234375,386.8200073242188,383.0,383.0199890136719,1487800
2024-02-07,366.41302490234375,386.6600036621094,387.0700073242188,382.5,385.30999755859375,1963200
2024-02-08,364.87786865234375,385.0400085449219,388.1099853515625,381.3399963378906,386.0,1913700
2024-02-09,364.1387634277344,384.260009765625,386.1300048828125,382.5899963378906,384.7699890136719,2028200
2024-02-12,372.0799560546875,392.6400146484375,396.3500061035156,384.3200073242188,385.0,2797200
2024-02-13,358.9172668457031,378.75,389.1600036621094,375.2000122070313,387.5899963378906,3030800
2024-02-14,358.244384765625,378.0400085449219,381.4800109863281,375.7799987792969,380.8800048828125,2041300
2024-02-15,365.2380065917969,385.4200134277344,387.2099914550781,379.1400146484375,379.4200134277344,2218900
2024-02-16,364.3092651367188,384.4400024414063,387.5799865722656,380.9500122070313,383.239990234375,2376800
2024-02-20,364.3851013183594,384.5199890136719,385.5799865722656,380.8500061035156,380.9500122070313,2358900
2024-02-21,367.9386901855469,388.2699890136719,388.6600036621094,381.260009765625,381.8399963378906,1772500
2024-02-22,370.02349853515625,390.4700012207031,395.6000061035156,389.0,389.2300109863281,2326800
2024-02-23,370.5731201171875,391.0499877929688,396.7900085449219,389.2099914550781,390.0,2247400
2024-02-26,369.7866516113281,390.2200012207031,396.05999755859375,388.8200073242188,391.0499877929688,1797800
2024-02-27,370.34576416015625,390.80999755859375,395.8999938964844,389.3299865722656,392.260009765625,1724900
2024-02-28,375.2320556640625,393.1799926757813,393.260009765625,387.0,387.1900024414063,2572900
2024-02-29,371.2905578613281,389.0499877929688,395.9800109863281,385.6700134277344,395.2200012207031,3139100
2024-03-01,370.3839721679688,388.1000061035156,391.0400085449219,385.25,389.6300048828125,1697700
2024-03-04,374.344482421875,392.25,396.5700073242188,386.2000122070313,388.80999755859375,1955100
2024-03-05,373.0656433105469,390.9100036621094,397.489990234375,390.30999755859375,390.7200012207031,2697800
2024-03-06,371.7868347167969,389.5700073242188,395.2900085449219,384.5199890136719,395.0,2692400
2024-03-07,370.6988525390625,388.4299926757813,394.510009765625,387.05999755859375,391.8999938964844,2033100
2024-03-08,369.3245544433594,386.989990234375,395.6199951171875,386.7099914550781,388.7300109863281,1657200
2024-03-11,368.5325012207031,386.1600036621094,386.4100036621094,381.4200134277344,385.6700134277344,1654200
2024-03-12,370.4602661132813,388.1799926757813,389.1300048828125,383.7799987792969,387.6199951171875,1703900
2024-03-13,374.4017333984375,392.30999755859375,395.25,388.1799926757813,388.9100036621094,2370600
2024-03-14,370.8706665039063,388.6099853515625,396.3800048828125,385.4500122070313,394.4299926757813,3029500
2024-03-15,369.5345458984375,387.2099914550781,391.1300048828125,386.3999938964844,388.8699951171875,3763900
2024-03-18,366.82421875,384.3699951171875,389.0299987792969,383.4100036621094,388.6499938964844,2069000
2024-03-19,370.91839599609375,388.6600036621094,390.7799987792969,383.7099914550781,384.0700073242188,1858200
2024-03-20,378.3718566894531,396.4700012207031,396.5,386.0,386.3599853515625,2157400
2024-03-21,394.8248596191406,413.7099914550781,414.0199890136719,399.0899963378906,399.7699890136719,4613800
2024-03-22,388.2493896484375,406.8200073242188,416.760009765625,405.7799987792969,414.3999938964844,2190300
2024-03-25,386.4552001953125,404.9400024414063,410.4599914550781,403.8599853515625,406.8699951171875,1683900
2024-03-26,387.63861083984375,406.1799926757813,409.3299865722656,404.5199890136719,406.0899963378906,1407000
2024-03-27,396.2945556640625,415.25,415.489990234375,408.3699951171875,409.6199951171875,2353600
2024-03-28,398.6231994628906,417.6900024414063,419.2000122070313,414.9800109863281,416.2099914550781,2409700
2024-04-01,394.6339721679688,413.510009765625,417.9500122070313,412.0,416.6799926757813,1863900
2024-04-02,391.4273376464844,410.1499938964844,413.1700134277344,407.6199951171875,410.739990234375,1976000
2024-04-03,395.10162353515625,414.0,416.6300048828125,411.0,411.0,1549200
2024-04-04,387.7054443359375,406.25,419.0,405.7000122070313,418.0,1704700
2024-04-05,389.4423522949219,408.0700073242188,409.1400146484375,401.4700012207031,406.55999755859375,1694900
2024-04-08,391.799560546875,410.5400085449219,412.5299987792969,407.5499877929688,409.1000061035156,1181900
2024-04-09,391.9617919921875,410.7099914550781,413.2200012207031,407.0499877929688,411.510009765625,1247200
2024-04-10,382.4660339355469,400.760009765625,405.4500122070313,397.2900085449219,404.010009765625,1903300
2024-04-11,379.3357543945313,397.4800109863281,401.4700012207031,394.8399963378906,400.4800109863281,2176200
2024-04-12,371.7104797363281,389.489990234375,394.0899963378906,387.1199951171875,392.8399963378906,2815800
2024-04-15,382.5805969238281,400.8800048828125,412.8699951171875,398.6900024414063,407.0,6177000
2024-04-16,378.74407958984375,396.8599853515625,404.9700012207031,395.1799926757813,404.4500122070313,3459700
2024-04-17,385.4721984863281,403.9100036621094,407.1199951171875,401.1799926757813,402.3999938964844,4373800
2024-04-18,384.7087097167969,403.1099853515625,407.8599853515625,402.4100036621094,405.489990234375,2776300
2024-04-19,385.5581359863281,404.0,408.0,403.010009765625,404.05999755859375,2805500
2024-04-22,398.2987365722656,417.3500061035156,417.9800109863281,404.5700073242188,406.9400024414063,4165600
2024-04-23,404.6451110839844,424.0,425.3500061035156,416.2000122070313,417.7099914550781,2662300
2024-04-24,403.7290344238281,423.0400085449219,424.5799865722656,419.6099853515625,421.5,1575900
2024-04-25,400.87548828125,420.0499877929688,423.6099853515625,414.8500061035156,420.989990234375,1970100
2024-04-26,408.05218505859375,427.5700073242188,428.5299987792969,419.6400146484375,420.2300109863281,2322700
2024-04-29,411.144287109375,430.80999755859375,433.3299865722656,427.2000122070313,427.5700073242188,2453000
2024-04-30,407.2314758300781,426.7099914550781,431.3900146484375,426.0,428.5,1829900
2024-05-01,407.4605102539063,426.9500122070313,433.4299926757813,425.1900024414063,426.6900024414063,2310100
2024-05-02,412.8239135742188,432.5700073242188,433.6499938964844,428.1700134277344,431.2000122070313,2087500
2024-05-03,418.1778259277344,438.1799926757813,442.2999877929688,434.9200134277344,435.0,2406300
2024-05-06,423.417236328125,443.6700134277344,444.3800048828125,439.6799926757813,441.75,1914300
2024-05-07,423.541259765625,443.7999877929688,447.4200134277344,442.8699951171875,445.1700134277344,2058200
2024-05-08,426.5475158691406,446.9500122070313,448.0199890136719,442.0499877929688,442.7999877929688,2006700
2024-05-09,434.7644958496094,455.55999755859375,456.4299926757813,446.3399963378906,446.3399963378906,2710200
2024-05-10,433.9723815917969,454.7300109863281,458.75,454.3200073242188,456.5199890136719,1823900
2024-05-13,432.8558044433594,453.55999755859375,457.2000122070313,453.3200073242188,456.2699890136719,1579600
2024-05-14,437.5416564941406,458.4700012207031,461.7699890136719,454.010009765625,454.8399963378906,2412900
2024-05-15,444.8137512207031,466.0899963378906,466.1900024414063,460.9500122070313,461.5899963378906,2217700
2024-05-16,443.31549072265625,464.5199890136719,468.25,462.2799987792969,464.3699951171875,2070300
2024-05-17,446.3694152832031,467.7200012207031,468.6600036621094,464.25,466.3800048828125,1655900
2024-05-20,441.8076171875,462.9400024414063,471.4800109863281,462.6000061035156,468.2000122070313,2591500
2024-05-21,448.9366455078125,470.4100036621094,471.30999755859375,462.2000122070313,462.2300109863281,2762600
2024-05-22,441.2732238769531,462.3800048828125,470.3299865722656,459.75,467.3599853515625,2729500
2024-05-23,437.2362976074219,458.1499938964844,464.30999755859375,457.4100036621094,464.2300109863281,2254500
2024-05-24,440.1279296875,461.1799926757813,465.25,459.1000061035156,459.8399963378906,1932200
2024-05-28,438.8204650878906,459.80999755859375,463.6900024414063,458.9100036621094,459.9400024414063,1930800
2024-05-29,436.301025390625,457.1700134277344,458.739990234375,451.6499938964844,454.8399963378906,2315700
2024-05-30,432.278076171875,450.2300109863281,455.8599853515625,447.6000061035156,453.0,2135000
2024-05-31,438.3172607421875,456.5199890136719,456.7699890136719,448.1199951171875,449.760009765625,2638300
2024-06-03,436.8386535644531,454.9800109863281,458.8699951171875,450.2000122070313,458.8699951171875,1930700
2024-06-04,437.1459045410156,455.2999877929688,457.7099914550781,449.2099914550781,450.5,1835000
2024-06-05,443.2715148925781,461.6799926757813,463.0199890136719,457.5,457.5499877929688,1678900
2024-06-06,439.8342590332031,458.1000061035156,464.5199890136719,457.010009765625,461.8200073242188,1598000
2024-06-07,436.77142333984375,454.9100036621094,461.1600036621094,454.5,455.4400024414063,1736100
2024-06-10,435.4656372070313,453.5499877929688,455.3599853515625,450.2999877929688,452.3299865722656,1698600
2024-06-11,426.5556945800781,444.2699890136719,451.8599853515625,443.3800048828125,451.0400085449219,1938200
2024-06-12,430.80908203125,448.7000122070313,457.6400146484375,446.1900024414063,455.6000061035156,1733000
2024-06-13,428.55279541015625,446.3500061035156,448.3200073242188,442.1499938964844,446.7300109863281,1849100
2024-06-14,428.6583557128906,446.4599914550781,448.2300109863281,439.1499938964844,441.989990234375,1559100
2024-06-17,432.2300415039063,450.1799926757813,450.7799987792969,443.3900146484375,445.1000061035156,1531600
2024-06-18,439.1909484863281,457.4299926757813,457.6900024414063,448.510009765625,449.5700073242188,1798400
2024-06-20,439.7862243652344,458.0499877929688,460.4100036621094,455.239990234375,458.0,2080600
2024-06-21,432.2300415039063,450.1799926757813,458.7999877929688,449.8999938964844,458.6799926757813,3780800
2024-06-24,443.6651611328125,462.0899963378906,463.5199890136719,450.0,451.25,1882200
2024-06-25,439.1429443359375,457.3800048828125,464.0799865722656,456.75,459.4599914550781,1555900
2024-06-26,437.6835632324219,455.8599853515625,457.9299926757813,452.4500122070313,455.4100036621094,2131700
2024-06-27,428.1783142089844,445.9599914550781,449.7799987792969,442.7999877929688,449.7799987792969,2835200
2024-06-28,434.2847290039063,452.3200073242188,457.3399963378906,449.5299987792969,450.1000061035156,3839700
2024-07-01,445.1725463867188,463.6600036621094,464.0199890136719,454.010009765625,454.510009765625,1850500
2024-07-02,447.0447387695313,465.6099853515625,466.2699890136719,459.6000061035156,461.510009765625,1491800
2024-07-03,449.2627258300781,467.9200134277344,469.8900146484375,465.8200073242188,469.0400085449219,993900
2024-07-05,446.2190856933594,464.75,467.5799865722656,460.1300048828125,467.4700012207031,1593800
2024-07-08,446.2863464355469,464.8200073242188,474.8599853515625,464.0400085449219,467.6499938964844,2214300
2024-07-09,453.9769592285156,472.8299865722656,479.2999877929688,461.5799865722656,465.6000061035156,4525100
2024-07-10,459.7953186035156,478.8900146484375,479.8599853515625,469.8500061035156,472.510009765625,1946000
2024-07-11,460.1217651367188,479.2300109863281,483.1600036621094,476.2699890136719,480.0,2251400
2024-07-12,460.7458190917969,479.8800048828125,483.4400024414063,478.1000061035156,480.9299926757813,2727800
2024-07-15,472.6033630371094,492.2300109863281,493.0,476.30999755859375,480.25,3568200
2024-07-16,482.963134765625,503.0199890136719,506.5899963378906,491.989990234375,494.0,3981700
2024-07-17,482.1566467285156,502.1799926757813,509.4800109863281,499.4299926757813,503.0,3908900
2024-07-18,466.8234558105469,486.2099914550781,503.6900024414063,484.2200012207031,499.5199890136719,3320200
2024-07-19,465.5944519042969,484.9299926757813,492.6000061035156,483.1900024414063,489.1199951171875,2032700
2024-07-22,467.6203918457031,487.0400085449219,489.4700012207031,482.3800048828125,484.55999755859375,1792500
2024-07-23,472.526611328125,492.1499938964844,495.80999755859375,486.2799987792969,487.0799865722656,2020500
2024-07-24,467.2939147949219,486.7000122070313,495.989990234375,485.8200073242188,489.260009765625,1598600
2024-07-25,472.1041259765625,491.7099914550781,496.1099853515625,483.2300109863281,486.0499877929688,1489700
2024-07-26,479.13226318359375,499.0299987792969,504.0,495.6499938964844,495.7200012207031,2249700
2024-07-29,473.0738525390625,492.7200012207031,502.0,491.05999755859375,500.4200134277344,1599500
2024-07-30,485.5075378417969,505.6700134277344,509.4700012207031,498.2999877929688,498.30999755859375,2642500
2024-07-31,488.7335815429688,509.0299987792969,517.260009765625,504.8599853515625,504.8599853515625,2658900
2024-08-01,480.1788024902344,500.1199951171875,514.02001953125,494.6799926757813,510.0,4006800
2024-08-02,451.874267578125,470.6400146484375,494.4599914550781,467.2099914550781,491.1000061035156,6115500
2024-08-05,440.7175598144531,459.0199890136719,463.1799926757813,437.3699951171875,447.5899963378906,4177200
2024-08-06,451.4709777832031,470.2200012207031,475.25,457.4299926757813,461.010009765625,2209300
2024-08-07,454.1497802734375,473.010009765625,488.5499877929688,472.5700073242188,479.3900146484375,2587600
2024-08-08,466.4010009765625,485.7699890136719,487.7300109863281,477.1600036621094,477.8699951171875,1936400
2024-08-09,470.71197509765625,490.260009765625,492.0,482.2000122070313,485.0199890136719,1622700
2024-08-12,466.1417541503906,485.5,492.8699951171875,483.75,490.260009765625,1839300
2024-08-13,472.3249206542969,491.9400024414063,493.2699890136719,486.4700012207031,490.2900085449219,1243700
2024-08-14,478.8154602050781,498.7000122070313,499.3500061035156,488.3999938964844,492.8999938964844,1545600
2024-08-15,479.1226501464844,499.0199890136719,506.9100036621094,498.260009765625,505.0,1732300
2024-08-16,484.15374755859375,504.260009765625,504.9100036621094,497.0,497.0499877929688,1587000
2024-08-19,484.5569763183594,504.6799926757813,507.7799987792969,501.8599853515625,505.0,1027900
2024-08-20,477.5096435546875,497.3399963378906,504.1600036621094,496.5,503.8699951171875,2122700
2024-08-21,476.6647338867188,496.4599914550781,500.7799987792969,494.0299987792969,499.5,917100
2024-08-22,477.9032897949219,497.75,499.7000122070313,494.7900085449219,497.0,943800
2024-08-23,489.1080322265625,509.4200134277344,512.4400024414062,499.8500061035156,502.75,1751800
2024-08-26,487.6197204589844,507.8699951171875,513.5,505.3200073242188,512.3400268554688,1084200
2024-08-27,487.0341491699219,507.260009765625,511.4800109863281,506.5899963378906,507.8399963378906,977900
2024-08-28,483.2607727050781,503.3299865722656,508.3699951171875,498.4700012207031,506.6000061035156,1568100
2024-08-29,489.7608642578125,510.1000061035156,513.239990234375,501.1400146484375,506.0,1566300
2024-08-30,492.8031311035156,510.25,511.1900024414063,505.1700134277344,507.8299865722656,1838900
2024-09-03,470.7924499511719,487.4599914550781,509.7000122070313,485.3999938964844,507.4700012207031,2373600
2024-09-04,473.8636779785156,490.6400146484375,496.2000122070313,486.7000122070313,486.7000122070313,1509400
2024-09-05,471.1980895996094,487.8800048828125,495.7699890136719,483.0700073242188,493.5799865722656,1828300
2024-09-06,463.2107849121094,479.6099853515625,495.4100036621094,477.05999755859375,486.6000061035156,1995600
2024-09-09,471.8644714355469,488.5700073242188,494.2799987792969,483.3900146484375,485.5299987792969,1714200
2024-09-10,451.1575317382813,467.1300048828125,489.2000122070313,461.5700073242188,489.1300048828125,3583100
2024-09-11,455.0594177246094,471.1700134277344,471.8900146484375,457.4800109863281,463.9800109863281,2426500
2024-09-12,457.8505859375,474.05999755859375,474.3399963378906,465.3999938964844,471.2999877929688,1480500
2024-09-13,462.6119995117188,478.989990234375,482.1000061035156,475.5,475.989990234375,1794500
2024-09-16,468.571044921875,485.1600036621094,487.3800048828125,479.489990234375,481.4299926757813,1500300
2024-09-17,468.7931823730469,485.3900146484375,489.7300109863281,481.7999877929688,488.0,1444900
2024-09-18,468.0108337402344,484.5799865722656,492.989990234375,481.7699890136719,485.3999938964844,1699500
2024-09-19,486.6026611328125,503.8299865722656,506.4100036621094,493.4599914550781,494.739990234375,3060700
2024-09-20,481.3872985839844,498.4299926757813,502.0499877929688,495.4800109863281,500.1900024414063,4452600
2024-09-23,480.4021911621094,497.4100036621094,501.3999938964844,495.2200012207031,498.2099914550781,953200
2024-09-24,480.9913330078125,498.0199890136719,499.55999755859375,494.1000061035156,497.5899963378906,1035400
2024-09-25,474.3465881347656,491.1400146484375,502.0,490.3999938964844,498.5,1763900
2024-09-26,479.928955078125,496.9200134277344,498.3999938964844,492.4800109863281,494.0,1378100
2024-09-27,481.4645690917969,498.510009765625,505.3999938964844,495.8599853515625,498.9700012207031,1420100
2024-09-30,478.1808471679688,495.1099853515625,496.5199890136719,488.8999938964844,494.8900146484375,1602500
2024-10-01,473.4097595214844,490.1700134277344,494.5799865722656,484.6099853515625,494.5799865722656,1528600
2024-10-02,475.16748046875,491.989990234375,494.8599853515625,487.9500122070313,491.1700134277344,1445100
2024-10-03,469.4789123535156,486.1000061035156,490.510009765625,484.2000122070313,489.9299926757813,1290600
2024-10-04,478.2291870117188,495.1600036621094,496.30999755859375,486.0,495.6400146484375,1721600
2024-10-07,477.7076110839844,494.6199951171875,499.010009765625,490.7900085449219,494.6300048828125,1173300
2024-10-08,479.5909118652344,496.5700073242188,498.3399963378906,492.7799987792969,497.0,1296700
2024-10-09,487.906494140625,505.1799926757813,506.2699890136719,495.25,498.2000122070313,1695900
2024-10-10,486.4964294433594,503.7200012207031,506.7999877929688,499.5899963378906,506.30999755859375,1309000
2024-10-11,498.6463012695313,516.2999877929688,517.969970703125,507.7999877929688,508.0,2409700
2024-10-14,504.875732421875,522.75,523.0700073242188,515.510009765625,517.6500244140625,2174900
2024-10-15,504.5184326171875,522.3800048828125,540.510009765625,515.510009765625,538.7999877929688,4525400
2024-10-16,511.7426452636719,529.8599853515625,536.219970703125,525.97998046875,530.0,2649000
2024-10-17,510.9120788574219,529.0,535.2899780273438,528.22998046875,531.239990234375,2123500
2024-10-18,510.42913818359375,528.5,530.77001953125,526.8699951171875,529.3900146484375,1779200
2024-10-21,500.0950317382813,517.7999877929688,529.8499755859375,517.0,528.0,1752100
2024-10-22,500.577880859375,518.2999877929688,519.6300048828125,512.9400024414062,515.6099853515625,1588000
2024-10-23,499.51556396484375,517.2000122070312,520.0,513.4000244140625,515.7999877929688,1263200
2024-10-24,506.56591796875,524.5,525.0,518.2000122070312,519.0,2058200
2024-10-25,495.07275390625,512.5999755859375,528.7999877929688,510.739990234375,528.0499877929688,1633200
2024-10-28,505.6773681640625,523.5800170898438,524.5900268554688,514.97998046875,515.4000244140625,1687100
2024-10-29,506.35345458984375,524.280029296875,527.239990234375,521.0,521.1799926757812,1281600
2024-10-30,506.4693298339844,524.4000244140625,530.7899780273438,523.0700073242188,523.4000244140625,1441600
2024-10-31,500.0852966308594,517.7899780273438,525.0,514.530029296875,522.4400024414062,2061700
2024-11-01,501.592041015625,519.3499755859375,526.6400146484375,517.0399780273438,520.0,1625000
2024-11-04,493.9814758300781,511.4700012207031,518.0499877929688,510.510009765625,518.0,1797800
2024-11-05,508.9418029785156,526.9600219726562,527.4600219726562,512.5999755859375,513.0,2169900
2024-11-06,575.601806640625,595.97998046875,598.6099853515625,566.0999755859375,567.2999877929688,8042800
2024-11-07,562.2640380859375,582.1699829101562,595.0,581.52001953125,590.0,4475600
2024-11-08,569.111572265625,589.260009765625,595.1500244140625,581.2999877929688,586.4199829101562,2714000
2024-11-11,581.7444458007812,602.3400268554688,607.1500244140625,596.1699829101562,598.9000244140625,2510800
2024-11-12,572.3277587890625,592.5900268554688,602.0900268554688,591.469970703125,598.0499877929688,2392900
2024-11-13,573.9019775390625,594.219970703125,603.5499877929688,592.6500244140625,594.6300048828125,1763100
2024-11-14,568.4838256835938,588.6099853515625,601.530029296875,586.239990234375,600.0,1670500
2024-11-15,573.2451782226562,593.5399780273438,595.1400146484375,587.0900268554688,593.3599853515625,2007700
2024-11-18,567.8849487304688,587.989990234375,595.0700073242188,584.719970703125,594.7100219726562,1848900
2024-11-19,561.5009155273438,581.3800048828125,584.760009765625,575.510009765625,579.6599731445312,2217400
2024-11-20,562.0321655273438,581.9299926757812,587.7999877929688,576.6199951171875,583.8300170898438,1528600
2024-11-21,575.7274169921875,596.1099853515625,600.7000122070312,584.510009765625,586.510009765625,2281900
2024-11-22,582.1693115234375,602.780029296875,603.9400024414062,594.4400024414062,596.219970703125,1733700
2024-11-25,582.410888671875,603.030029296875,611.2999877929688,598.8300170898438,608.7899780273438,2940800
2024-11-26,584.7963256835938,605.5,607.1900024414062,593.0,600.1300048828125,2846500
2024-11-27,584.7286987304688,605.4299926757812,612.25,603.280029296875,607.6799926757812,1424500
2024-11-29,587.7613525390625,608.5700073242188,612.72998046875,607.0599975585938,609.3099975585938,1170200
2024-12-02,584.0148315429688,601.7100219726562,611.9099731445312,601.2999877929688,608.0,1804100
2024-12-03,584.3740234375,602.0800170898438,611.4199829101562,600.7999877929688,608.9600219726562,1718100
2024-12-04,581.1030883789062,598.7100219726562,604.280029296875,596.760009765625,603.0,1617300
2024-12-05,579.2492065429688,596.7999877929688,606.5599975585938,596.3499755859375,600.530029296875,1672800
2024-12-06,582.0446166992188,599.6799926757812,600.0,594.3699951171875,597.1599731445312,1405700
2024-12-09,576.6480712890625,594.1199951171875,603.0,593.719970703125,598.989990234375,1633200
2024-12-10,567.825439453125,585.030029296875,596.27001953125,583.760009765625,590.0,2600800
2024-12-11,575.1339721679688,592.5599975585938,593.7100219726562,586.9000244140625,590.1199951171875,2195300
2024-12-12,574.2119140625,591.6099853515625,596.3200073242188,588.6099853515625,592.5900268554688,1218400
2024-12-13,568.2620849609375,585.47998046875,595.0,585.0800170898438,594.0,1215000
2024-12-16,569.0872192382812,586.3300170898438,588.27001953125,578.7000122070312,588.0,1713300
2024-12-17,557.77978515625,574.6799926757812,581.6099853515625,572.2899780273438,580.8400268554688,2314100
2024-12-18,534.068115234375,550.25,579.469970703125,544.489990234375,577.489990234375,3271600
2024-12-19,537.6982421875,553.989990234375,567.0,553.5999755859375,561.4400024414062,2753300
2024-12-20,549.4520263671875,566.0999755859375,572.9000244140625,553.3800048828125,554.9400024414062,4515900
2024-12-23,553.994384765625,570.780029296875,571.6400146484375,561.7999877929688,565.0,1519500
2024-12-24,565.6511840820312,582.7899780273438,582.7899780273438,571.3599853515625,574.2000122070312,913400
2024-12-26,564.1370849609375,581.22998046875,582.5900268554688,577.5,578.1500244140625,1092000
2024-12-27,559.235595703125,576.1799926757812,581.9600219726562,571.3499755859375,577.0,1486000
2024-12-30,556.6829833984375,573.5499877929688,576.02001953125,565.0999755859375,567.27001953125,1265900
2024-12-31,555.7803955078125,572.6199951171875,576.9199829101562,570.4000244140625,575.0700073242188,1055800
2025-01-02,558.0612182617188,574.969970703125,584.3099975585938,569.739990234375,579.3099975585938,2219000
2025-01-03,563.0695190429688,580.1300048828125,582.1400146484375,571.72998046875,581.0,1422600
2025-01-06,566.233642578125,583.3900146484375,593.6500244140625,579.8200073242188,584.97998046875,2257000
2025-01-07,563.0597534179688,580.1199951171875,588.280029296875,568.4000244140625,587.1099853515625,2021900
2025-01-08,562.9627685546875,580.02001953125,581.2000122070312,572.6699829101562,581.0399780273438,1513400
2025-01-10,543.5314331054688,560.0,576.25,558.010009765625,576.25,2817900
2025-01-13,546.3947143554688,562.9500122070312,566.1900024414062,556.760009765625,557.8800048828125,1871200
2025-01-14,554.7223510742188,571.530029296875,573.5900268554688,565.2000122070312,569.6599731445312,2221900
2025-01-15,588.10107421875,605.9199829101562,609.4099731445312,593.0,598.0,5119800
2025-01-16,594.963134765625,612.989990234375,616.8400268554688,606.0,609.989990234375,3224500
2025-01-17,607.5322875976562,625.9400024414062,627.0,613.0,617.7999877929688,3425200
2025-01-21,616.073486328125,634.739990234375,635.4299926757812,609.0,616.8099975585938,5076700
2025-01-22,614.1226196289062,632.72998046875,635.5999755859375,629.7100219726562,633.4400024414062,2835700
2025-01-23,620.6934814453125,639.5,645.5399780273438,634.489990234375,634.9199829101562,2582700
2025-01-24,618.1700439453125,636.9000244140625,640.5999755859375,628.9600219726562,630.0,3183500
2025-01-27,614.656494140625,633.280029296875,635.7100219726562,624.4600219726562,625.0,3351700
2025-01-28,619.04345703125,637.7999877929688,639.0800170898438,631.8099975585938,632.2000122070312,2338000
2025-01-29,618.6358642578125,637.3800048828125,649.0,636.4099731445312,637.0,1918900
2025-01-30,626.711181640625,645.7000122070312,649.52001953125,641.0,644.489990234375,1812800
2025-01-31,621.5670166015625,640.4000244140625,650.0,637.4400024414062,650.0,1995100
2025-02-03,613.773193359375,632.3699951171875,638.47998046875,622.47998046875,626.0,2102600
2025-02-04,615.5299072265625,634.1799926757812,637.6699829101562,629.0900268554688,632.0,1743400
2025-02-05,626.4685668945312,645.4500122070312,646.4099731445312,635.530029296875,638.0,1908200
2025-02-06,638.8629150390625,658.219970703125,658.8499755859375,648.9400024414062,650.0,2439200
2025-02-07,636.6112060546875,655.9000244140625,663.8699951171875,653.1599731445312,659.4000244140625,2616700
2025-02-10,631.3992309570312,650.530029296875,662.489990234375,644.25,659.02001953125,2351600
2025-02-11,628.2058715820312,647.239990234375,649.0399780273438,643.5999755859375,646.780029296875,2711400
2025-02-12,629.9141235351562,649.0,650.469970703125,639.1099853515625,643.760009765625,2295800
2025-02-13,629.8655395507812,648.9500122070312,652.0,640.510009765625,651.8300170898438,2031800
2025-02-14,641.12451171875,660.5499877929688,663.260009765625,650.3200073242188,650.3200073242188,2246000
2025-02-18,652.4221801757812,672.1900024414062,672.1900024414062,661.02001953125,662.5900268554688,2350100
2025-02-19,648.5010375976562,668.1500244140625,671.0399780273438,663.280029296875,669.0800170898438,1953600
2025-02-20,623.3723754882812,642.260009765625,670.280029296875,631.6599731445312,668.030029296875,3929000
2025-02-21,607.2022705078125,625.5999755859375,647.5,623.4299926757812,644.75,3000800
2025-02-24,607.7264404296875,626.1400146484375,637.2999877929688,614.7999877929688,633.510009765625,3274100
2025-02-25,596.82666015625,614.9099731445312,631.3200073242188,606.0,628.530029296875,2885900
2025-02-26,599.6025390625,617.77001953125,623.1300048828125,615.2000122070312,616.6699829101562,2001200
2025-02-27,590.119873046875,608.0,625.22998046875,607.3099975585938,617.5399780273438,2396300
2025-02-28,606.984619140625,622.2899780273438,623.6500244140625,604.010009765625,607.7899780273438,3337200
2025-03-03,590.3734741210938,605.260009765625,628.780029296875,598.3200073242188,622.4000244140625,3152300
2025-03-04,566.8467407226562,581.1400146484375,600.0,567.5700073242188,595.97998046875,4061000
2025-03-05,578.4833374023438,593.0700073242188,597.1199951171875,576.780029296875,582.0900268554688,2600600
2025-03-06,553.7079467773438,567.6699829101562,586.7100219726562,564.6199951171875,580.5900268554688,4332300
2025-03-07,545.90478515625,559.6699829101562,568.1699829101562,544.9099731445312,568.1699829101562,4069600
2025-03-10,518.5836181640625,531.6599731445312,546.469970703125,523.1300048828125,542.2999877929688,5272100
2025-03-11,518.359375,531.4299926757812,539.989990234375,524.2000122070312,532.469970703125,4190500
2025-03-12,522.5340576171875,535.7100219726562,545.0,528.5900268554688,544.0,3078100
2025-03-13,511.9021606445313,524.8099975585938,538.1400146484375,520.0599975585938,535.6699829101562,2529100
2025-03-14,528.0938720703125,541.4099731445312,543.5700073242188,526.7000122070312,533.989990234375,2808100
2025-03-17,537.7796020507812,551.3400268554688,557.1599731445312,540.0,541.22998046875,2695600
2025-03-18,538.2088623046875,551.780029296875,553.75,546.6500244140625,550.2899780273438,2641000
2025-03-19,543.6321411132812,557.3400268554688,563.0,544.5999755859375,549.0,2769800
2025-03-20,548.8407592773438,562.6799926757812,568.4400024414062,552.0,553.0999755859375,2531300
2025-03-21,551.240234375,565.1400146484375,567.0,551.2100219726562,555.3300170898438,3565600
2025-03-24,565.832275390625,580.0999755859375,582.719970703125,573.0499877929688,575.0,1877700
2025-03-25,571.5286254882812,585.9400024414062,586.8900146484375,578.2100219726562,584.6900024414062,1875500
2025-03-26,559.8042602539062,573.9199829101562,592.6400146484375,571.0,588.3900146484375,1944200
2025-03-27,545.1731567382812,558.9199829101562,566.0,552.5499877929688,565.0,2100900
2025-03-28,529.7618408203125,543.1199951171875,560.5,537.7100219726562,555.9500122070312,2773100
2025-03-31,532.8538208007812,546.2899780273438,547.3900146484375,528.5900268554688,533.8200073242188,2455100
2025-04-01,534.9607543945312,548.4500122070312,551.9600219726562,533.239990234375,543.25,1869600
2025-04-02,549.2504272460938,563.0999755859375,567.3200073242188,539.0800170898438,539.7999877929688,2560700
2025-04-03,498.65618896484375,511.2300109863281,529.989990234375,509.55999755859375,525.4299926757812,5193900
2025-04-04,459.2302856445313,470.80999755859375,492.0,460.0,487.0,8105200
2025-04-07,454.0606689453125,465.510009765625,489.9800109863281,439.3800048828125,446.8999938964844,6353800
2025-04-08,450.8515625,462.2200012207031,491.9200134277344,452.8299865722656,488.25,4240900
2025-04-09,504.1574096679688,516.8699951171875,522.0,447.1099853515625,451.3599853515625,7024100
2025-04-10,477.7532348632813,489.7999877929688,503.1000061035156,474.0,503.1000061035156,5374500
2025-04-11,482.2791137695313,494.4400024414063,498.5199890136719,478.5799865722656,487.0,3770200
2025-04-14,491.5845031738281,503.9800109863281,512.0,497.1499938964844,510.0,4392600
2025-04-15,495.3983154296875,507.8900146484375,518.6500244140625,507.0,507.4100036621094,2501200
2025-04-16,486.7757263183594,499.0499877929688,509.4500122070313,492.6900024414063,501.7200012207031,2765600
2025-04-17,496.9589538574219,509.489990234375,514.8300170898438,499.1199951171875,503.239990234375,2593500
2025-04-21,489.0289001464844,501.3599853515625,509.2699890136719,494.6799926757813,505.3999938964844,2859300
2025-04-22,507.2007446289063,519.989990234375,521.0,508.9299926757813,510.2300109863281,2514600
2025-04-23,516.2913818359375,529.3099975585938,551.7899780273438,528.260009765625,533.6300048828125,3048100
2025-04-24,531.9564819335938,545.3699951171875,546.8400268554688,523.4199829101562,527.0999755859375,2223600
2025-04-25,531.458984375,544.8599853515625,549.0900268554688,541.219970703125,544.5999755859375,1612700
2025-04-28,532.961181640625,546.4000244140625,554.5,542.469970703125,544.8599853515625,1459700
2025-04-29,535.419189453125,548.9199829101562,550.8800048828125,541.2999877929688,543.7899780273438,1695600
2025-04-30,534.0828247070312,547.5499877929688,549.52001953125,531.4500122070312,535.760009765625,2438300
2025-05-01,540.20849609375,553.8300170898438,558.3499755859375,545.5,548.0999755859375,2583000
2025-05-02,552.1765747070312,566.0999755859375,569.780029296875,559.7000122070312,561.5800170898438,2883000
2025-05-05,545.7974243164062,559.5599975585938,566.5599975585938,557.5,558.3599853515625,2197200
2025-05-06,535.8483276367188,549.3599853515625,557.4400024414062,547.0599975585938,549.5999755859375,2902500
2025-05-07,538.3453979492188,551.9199829101562,555.3800048828125,547.739990234375,550.2100219726562,1954900
2025-05-08,551.7864990234375,565.7000122070312,572.1599731445312,558.2100219726562,558.8200073242188,1994600
2025-05-09,553.1519165039062,567.0999755859375,572.0999755859375,565.780029296875,570.25,1522500
2025-05-12,576.7958374023438,591.3400268554688,603.3699951171875,588.0800170898438,596.260009765625,3527700
2025-05-13,588.9591064453125,603.8099975585938,607.7100219726562,593.0599975585938,593.2999877929688,2765800
2025-05-14,596.5574951171875,611.5999755859375,615.0,602.5,603.7999877929688,2874400
2025-05-15,600.7517700195312,615.9000244140625,619.2100219726562,609.72998046875,609.72998046875,2428100
2025-05-16,603.8048706054688,619.030029296875,620.7899780273438,613.5599975585938,616.9500122070312,2021800
2025-05-19,597.240234375,612.2999877929688,619.3800048828125,598.3400268554688,609.1900024414062,2842100
2025-05-20,591.6025390625,606.52001953125,611.5499877929688,603.010009765625,607.75,1601600
2025-05-21,578.8636474609375,593.4600219726562,609.8699951171875,592.0,601.7999877929688,2635900
2025-05-22,583.516357421875,598.22998046875,602.2000122070312,592.510009765625,592.5499877929688,1939600
2025-05-23,583.8187866210938,598.5399780273438,601.9600219726562,582.5,585.0,1530600
2025-05-27,600.5859985351562,615.72998046875,617.6699829101562,604.9500122070312,605.9000244140625,2364700
2025-05-28,593.4752807617188,608.4400024414062,618.6300048828125,607.3099975585938,617.280029296875,2001900
2025-05-29,589.9832763671875,604.8599853515625,610.0,598.2999877929688,608.52001953125,1736100
2025-05-30,588.6011352539062,600.4500122070312,603.5999755859375,593.8300170898438,600.0,2129500
2025-06-02,586.9052734375,598.719970703125,599.1699829101562,592.1699829101562,598.5999755859375,1221200
2025-06-03,591.9144287109375,603.8300170898438,606.3200073242188,593.72998046875,600.0,1730300
2025-06-04,587.3856201171875,599.2100219726562,606.3300170898438,598.719970703125,605.47998046875,1294900
2025-06-05,593.9240112304688,605.8800048828125,609.719970703125,592.9000244140625,600.0,2086700
2025-06-06,601.8837280273438,614.0,621.3800048828125,610.0,613.0,1675900
2025-06-09,601.4132080078125,613.52001953125,619.0999755859375,611.010009765625,614.75,1610700
2025-06-10,602.7365112304688,614.8699951171875,616.5499877929688,609.3099975585938,613.0,1376400
2025-06-11,611.8530883789062,624.1699829101562,629.8400268554688,614.5900268554688,617.1799926757812,2063600
2025-06-12,612.7744750976562,625.1099853515625,626.010009765625,615.7999877929688,621.0,1634700
2025-06-13,601.4328002929688,613.5399780273438,620.1199951171875,609.5900268554688,616.0499877929688,1674800
2025-06-16,615.4603881835938,627.8499755859375,632.27001953125,618.0,619.0,1870400
2025-06-17,612.3137817382812,624.6400146484375,631.6699829101562,623.0,624.7000122070312,1479300
2025-06-18,622.70458984375,635.239990234375,639.8800048828125,623.6500244140625,624.510009765625,2423100
2025-06-20,628.1549072265625,640.7999877929688,642.6400146484375,636.6900024414062,638.8300170898438,4115400
2025-06-23,634.1149291992188,646.8800048828125,647.4199829101562,630.010009765625,639.260009765625,2020800
2025-06-24,649.0443725585938,662.1099853515625,663.77001953125,653.239990234375,654.4500122070312,2307800
2025-06-25,656.6512451171875,669.8699951171875,670.1199951171875,660.7899780273438,664.5999755859375,1566400
2025-06-26,673.6000366210938,687.1599731445312,689.3300170898438,670.510009765625,670.6199951171875,2849500
2025-06-27,677.1780395507812,690.8099975585938,694.2000122070312,685.3900146484375,691.0,3650500
2025-06-30,693.7838134765625,707.75,714.2999877929688,702.9500122070312,714.27001953125,3976400
2025-07-01,692.5192260742188,706.4600219726562,713.010009765625,700.6099853515625,708.0,3301000
2025-07-02,701.7631225585938,715.8900146484375,718.72998046875,705.0800170898438,708.7999877929688,2906500
2025-07-03,709.3993530273438,723.6799926757812,726.0,713.4000244140625,715.9099731445312,1502000
2025-07-07,696.9010009765625,710.9299926757812,723.969970703125,706.3400268554688,721.7000122070312,2863700
2025-07-08,683.5204467773438,697.280029296875,711.1900024414062,693.77001953125,710.719970703125,3100700
2025-07-09,682.8145751953125,696.5599975585938,704.3400268554688,694.7100219726562,704.3400268554688,1763400
2025-07-10,695.126708984375,709.1199951171875,710.3800048828125,696.4500122070312,696.739990234375,1733500
2025-07-11,691.0390014648438,704.9500122070312,706.0,700.22998046875,703.5900268554688,1681800
2025-07-14,699.2242431640625,713.2999877929688,713.4299926757812,702.1300048828125,704.739990234375,1909300
2025-07-15,688.6471557617188,702.510009765625,714.6900024414062,700.0399780273438,713.2999877929688,1981200
2025-07-16,694.8326416015625,708.8200073242188,709.780029296875,691.2999877929688,708.5,3323200
2025-07-17,691.9114990234375,705.8400268554688,717.4500122070312,704.280029296875,706.280029296875,2046100
2025-07-18,694.2837524414062,708.260009765625,710.2899780273438,698.3900146484375,707.0599975585938,1925200
2025-07-21,692.068359375,706.0,712.760009765625,704.3499755859375,709.1400146484375,2006500
2025-07-22,686.5885009765625,700.4099731445312,706.489990234375,691.8800048828125,703.6599731445312,1978900
2025-07-23,703.3609619140625,717.52001953125,719.010009765625,701.5,702.0,2395700
2025-07-24,704.9882202148438,719.1799926757812,725.77001953125,714.72998046875,718.9299926757812,1974700
2025-07-25,714.5947875976562,728.97998046875,729.8900146484375,718.3499755859375,720.760009765625,1851400
2025-07-28,709.3699951171875,723.6500244140625,732.52001953125,722.1699829101562,728.0,1464800
2025-07-29,717.53564453125,731.97998046875,734.1300048828125,722.4199829101562,726.8499755859375,2136000
2025-07-30,716.3298950195312,730.75,737.8800048828125,723.1799926757812,731.1400146484375,1816200
2025-07-31,709.3111572265625,723.5900268554688,734.0399780273438,720.4400024414062,726.5900268554688,2358100
2025-08-01,695.5678100585938,709.5700073242188,714.52001953125,694.0499877929688,710.510009765625,2999100
2025-08-04,711.7030639648438,726.030029296875,726.7899780273438,715.2000122070312,715.2000122070312,1753700
2025-08-05,706.6840209960938,720.9099731445312,729.4000244140625,714.5499877929688,728.0,1977300
2025-08-06,710.4384765625,724.739990234375,728.2999877929688,722.0,724.5,1477100
2025-08-07,705.537109375,719.739990234375,732.9400024414062,717.6099853515625,730.6199951171875,1400400
2025-08-08,707.0369873046875,721.27001953125,728.0,718.6500244140625,725.8599853515625,1275400
2025-08-11,705.0469360351562,719.239990234375,723.8400268554688,715.739990234375,722.2000122070312,1273500
2025-08-12,728.710693359375,743.3800048828125,748.1400146484375,724.3499755859375,725.280029296875,2418100
2025-08-13,729.9948120117188,744.6900024414062,748.9099731445312,732.6199951171875,745.780029296875,1862600
2025-08-14,732.4552612304688,747.2000122070312,748.1599731445312,737.0,742.719970703125,1371200
2025-08-15,716.3004760742188,730.719970703125,749.0499877929688,729.1799926757812,749.0,1645900
2025-08-18,716.5357666015625,730.9600219726562,731.6099853515625,723.8699951171875,729.5,1157800
2025-08-19,707.1448364257812,721.3800048828125,730.0,717.72998046875,729.1599731445312,1856400
2025-08-20,706.4585571289062,720.6799926757812,722.25,705.5499877929688,721.2000122070312,1872700
2025-08-21,701.822021484375,715.9500122070312,719.219970703125,712.969970703125,716.5399780273438,1162000
2025-08-22,727.2501220703125,741.8900146484375,744.8400268554688,718.5800170898438,720.1400146484375,1948600
2025-08-25,724.211181640625,738.7899780273438,746.5,738.3300170898438,741.8900146484375,1381200
2025-08-26,734.1707153320312,748.9500122070312,749.1599731445312,733.8599853515625,737.7100219726562,1511600
2025-08-27,734.87646484375,749.6699829101562,753.0,745.02001953125,745.969970703125,1534800
2025-08-28,736.3959350585938,751.219970703125,753.3300170898438,746.989990234375,750.989990234375,1411200
2025-08-29,734.4544677734375,745.25,748.9199829101562,738.9000244140625,746.7100219726562,1467000
2025-09-02,720.2630615234375,730.8499755859375,736.3900146484375,721.1599731445312,736.3900146484375,2296400
2025-09-03,719.9772338867188,730.5599975585938,732.02001953125,722.2999877929688,728.5599975585938,1485600
2025-09-04,738.0515747070312,748.9000244140625,748.9099731445312,731.1699829101562,733.75,1778200
2025-09-05,727.5164794921875,738.2100219726562,757.3499755859375,727.1500244140625,752.1900024414062,1822800
2025-09-08,731.1036987304688,741.8499755859375,743.5399780273438,733.5700073242188,739.4199829101562,1400100
2025-09-09,752.85400390625,763.9199829101562,765.6199951171875,738.5399780273438,740.1300048828125,2611300
2025-09-10,758.4320678710938,769.5800170898438,774.469970703125,761.6300048828125,761.8599853515625,1996200
2025-09-11,773.362548828125,784.72998046875,793.1699829101562,771.3499755859375,772.0,2075700
2025-09-12,768.76025390625,780.0599975585938,787.030029296875,776.260009765625,783.5,1099400
2025-09-15,775.3631591796875,786.760009765625,792.3800048828125,781.4400024414062,782.9500122070312,1292000
2025-09-16,774.1510009765625,785.530029296875,790.010009765625,779.6900024414062,789.530029296875,1529500
2025-09-17,782.715087890625,794.219970703125,798.5700073242188,785.22998046875,788.8599853515625,1945300
2025-09-18,792.658935546875,804.3099975585938,807.280029296875,792.4000244140625,795.5700073242188,1501600
2025-09-19,793.3389282226562,805.0,809.6599731445312,797.3699951171875,804.0900268554688,3789800
2025-09-22,793.8908081054688,805.5599975585938,806.030029296875,797.5399780273438,801.1400146484375,1151000
2025-09-23,794.6398315429688,806.3200073242188,825.25,802.0,807.0999755859375,1758800
2025-09-24,780.9511108398438,792.4299926757812,812.8400268554688,792.3400268554688,809.5499877929688,1402500
2025-09-25,783.247314453125,794.760009765625,798.1799926757812,782.010009765625,786.0,1413100
2025-09-26,790.885009765625,802.510009765625,809.5,795.1300048828125,797.1599731445312,1376200
2025-09-29,792.4717407226562,804.1199951171875,808.8400268554688,797.989990234375,807.7999877929688,1059000
2025-09-30,784.814208984375,796.3499755859375,809.6199951171875,786.4500122070312,805.5,2463900
2025-10-01,774.1312866210938,785.510009765625,796.280029296875,783.22998046875,793.6199951171875,1788900
2025-10-02,768.090087890625,779.3800048828125,791.0,772.4400024414062,788.8800048828125,1553700
2025-10-03,778.5365600585938,789.97998046875,794.9199829101562,777.8599853515625,783.0,1470500
2025-10-06,785.238037109375,796.780029296875,802.5,780.0499877929688,795.0,1632600
2025-10-07,778.2113037109375,789.6500244140625,805.3200073242188,781.3900146484375,798.0,1547200
2025-10-08,765.2616577148438,776.510009765625,795.0,774.3400268554688,791.75,1939300
2025-10-09,768.6616821289062,779.9600219726562,782.9099731445312,771.3499755859375,778.8499755859375,1575000
2025-10-10,753.28759765625,764.3599853515625,791.6599731445312,764.0,783.1199951171875,2457900
2025-10-13,775.3829345703125,786.780029296875,791.0499877929688,777.8800048828125,777.8800048828125,2766000
2025-10-14,759.594970703125,770.760009765625,786.5700073242188,742.4600219726562,764.4500122070312,4710800
2025-10-15,756.805908203125,767.9299926757812,782.489990234375,762.6599731445312,778.6199951171875,3217400
2025-10-16,747.1084594726562,758.0900268554688,781.4400024414062,752.4099731445312,770.6599731445312,3160900
2025-10-17,739.89453125,750.77001953125,758.9400024414062,740.010009765625,758.1500244140625,2884700
2025-10-20,752.2626953125,763.3200073242188,766.4199829101562,752.8800048828125,757.0,1925400
2025-10-21,747.985595703125,758.97998046875,765.2999877929688,758.27001953125,759.0,1782200
2025-10-22,733.8138427734375,744.5999755859375,760.6099853515625,743.1099853515625,760.6099853515625,2141400
2025-10-23,739.9043579101562,750.780029296875,755.0,744.6599731445312,749.3400268554688,1615400
2025-10-24,772.52490234375,783.8800048828125,784.6099853515625,756.0,759.8499755859375,2505600
2025-10-27,778.54638671875,789.989990234375,796.7100219726562,787.010009765625,789.0,1645300
2025-10-28,780.6160278320312,792.0900268554688,798.3599853515625,787.3499755859375,792.0499877929688,1242000
2025-10-29,771.7167358398438,783.0599975585938,800.489990234375,778.8200073242188,788.0,2251500
2025-10-30,778.7138671875,790.1599731445312,807.1400146484375,780.5999755859375,783.5599975585938,1829500
2025-10-31,777.9353637695312,789.3699951171875,791.719970703125,783.0,784.97998046875,1328100
2025-11-03,774.14111328125,785.52001953125,796.0,781.4400024414062,789.5700073242188,1569100
2025-11-04,779.3742065429688,790.8300170898438,806.0,773.0,777.0,2046000
2025-11-05,781.6015014648438,793.0900268554688,797.3599853515625,775.5800170898438,790.4400024414062,1832700
2025-11-06,776.1713256835938,787.5800170898438,798.2000122070312,777.0,794.0,1572500
2025-11-07,774.9492797851562,786.3400268554688,787.0599975585938,762.7999877929688,783.0,2098400
2025-11-10,785.6519165039062,797.2000122070312,806.3599853515625,788.7999877929688,796.0800170898438,1698200
2025-11-11,798.572021484375,810.3099975585938,812.0,795.6099853515625,798.47998046875,1521500
2025-11-12,826.81689453125,838.969970703125,840.0,814.1300048828125,814.1300048828125,2954100
2025-11-13,793.8316650390625,805.5,841.280029296875,805.02001953125,833.0599975585938,2557400
2025-11-14,779.4530639648438,790.9099731445312,800.6099853515625,778.0,795.5499877929688,2552000
2025-11-17,764.325439453125,775.5599975585938,796.72998046875,770.5,790.0,1850600
2025-11-18,765.0546264648438,776.2999877929688,787.7000122070312,766.5399780273438,772.0599975585938,1673500
2025-11-19,774.6043090820312,785.989990234375,787.8699951171875,775.0,776.2999877929688,1521100
2025-11-20,762.4923095703125,773.7000122070312,816.0,772.1900024414062,795.25,2599000
2025-11-21,762.817626953125,774.030029296875,780.3699951171875,754.0,776.8300170898438,2284700
2025-11-24,779.2559814453125,790.7100219726562,793.989990234375,775.3599853515625,778.6400146484375,2319500
2025-11-25,790.69775390625,802.3200073242188,805.260009765625,777.989990234375,797.0,2252900
2025-11-26,804.1895141601562,816.010009765625,819.5800170898438,805.0,805.8400268554688,1862500
2025-11-28,814.0741577148438,826.0399780273438,830.5700073242188,818.9500122070312,820.0,868300
2025-12-01,799.1140747070312,810.8599853515625,824.72998046875,809.6099853515625,818.5900268554688,2133200
2025-12-02,807.3839721679688,815.2100219726562,819.7000122070312,808.2999877929688,811.1199951171875,2254200
2025-12-03,828.5388793945312,836.5700073242188,837.9099731445312,812.9500122070312,812.9500122070312,2347900
2025-12-04,829.7867431640625,837.8300170898438,843.989990234375,834.5,835.5399780273438,1670800
2025-12-05,846.3561401367188,854.5599975585938,856.2000122070312,836.52001953125,837.260009765625,2277500
2025-12-08,858.3696899414062,866.6900024414062,870.5599975585938,856.2999877929688,861.0999755859375,2238100
2025-12-09,868.164794921875,876.5800170898438,883.719970703125,864.3099975585938,866.0,2274800
2025-12-10,880.7032470703125,889.239990234375,897.2000122070312,869.27001953125,871.3499755859375,2394300
2025-12-11,902.2840576171876,911.030029296875,919.0999755859376,888.0,889.97998046875,2683000
2025-12-12,879.435546875,887.9600219726562,914.989990234375,886.989990234375,913.75,2715200
2025-12-15,881.0499267578125,889.5900268554688,904.469970703125,889.5900268554688,892.0,1976600
2025-12-16,870.7100830078125,879.1500244140625,896.239990234375,874.3200073242188,890.22998046875,2161600
2025-12-17,863.95556640625,872.3300170898438,895.969970703125,868.4400024414062,886.3300170898438,2213300
2025-12-18,867.887451171875,876.2999877929688,892.7899780273438,874.7000122070312,880.5,2066300
2025-12-19,884.9024658203125,893.47998046875,899.75,881.9500122070312,883.1699829101562,4808300
2025-12-22,890.3695678710938,899.0,905.47998046875,894.8400268554688,896.52001953125,1442300
2025-12-23,893.0535278320312,901.7100219726562,905.9199829101562,893.7000122070312,900.3499755859375,1210200
2025-12-24,902.0364379882812,910.780029296875,911.8800048828124,898.7000122070312,901.1599731445312,771800
2025-12-26,898.3323364257812,907.0399780273438,913.3200073242188,905.3099975585938,911.0,995300
2025-12-29,883.614990234375,892.1799926757812,906.47998046875,891.5599975585938,906.4500122070312,1578000
2025-12-30,875.929443359375,884.4199829101562,895.02001953125,881.1799926757812,894.739990234375,1833300
2025-12-31,870.5615234375,879.0,886.0,876.7899780273438,884.0999755859375,1221500
2026-01-02,905.5623168945312,914.3400268554688,914.4400024414062,880.75,884.0,2817600
2026-01-05,939.3348999023438,948.4400024414062,961.6900024414062,912.5999755859376,914.4000244140624,3742000
2026-01-06,946.29736328125,955.469970703125,958.5700073242188,943.25,949.4099731445312,1966000
2026-01-07,931.9861450195312,941.02001953125,958.25,934.0,956.8800048828124,2683300
2026-01-08,925.8555297851562,934.8300170898438,945.1900024414062,932.0,935.47998046875,1960800
2026-01-09,929.9656982421876,938.97998046875,946.1400146484376,932.7000122070312,938.77001953125,1334100
2026-01-12,940.4342651367188,949.5499877929688,950.5599975585938,929.1099853515624,934.0,2179600
2026-01-13,929.1437377929688,938.1500244140624,949.9400024414062,931.0,947.3200073242188,1969600
2026-01-14,923.71630859375,932.6699829101562,938.1500244140624,917.9000244140624,932.2999877929688,2513000
2026-01-15,966.4916381835938,975.8599853515624,981.260009765625,924.6699829101562,924.9000244140624,3773700
2026-01-16,952.7647094726562,962.0,984.7000122070312,957.0,973.0,3071600
2026-01-20,934.3135986328124,943.3699951171876,962.5999755859376,939.0999755859376,946.3800048828124,2629100
2026-01-21,943.8610229492188,953.010009765625,968.9199829101562,943.4500122070312,944.0,2251300
2026-01-22,945.4852905273438,954.6500244140624,970.9500122070312,950.8099975585938,960.0599975585938,2468300
2026-01-23,910.0587158203124,918.8800048828124,937.1900024414062,917.0499877929688,934.0800170898438,3872600
2026-01-26,922.9140625,931.8599853515624,933.739990234375,917.97998046875,918.4099731445312,2655900
2026-01-27,920.7946166992188,929.719970703125,933.4000244140624,920.3900146484376,924.0,2012500
2026-01-28,927.8165893554688,936.8099975585938,937.1699829101562,922.760009765625,932.510009765625,1674100
2026-01-29,931.0947875976562,940.1199951171876,955.3800048828124,925.1300048828124,937.2999877929688,2335400
2026-01-30,926.4299926757812,935.4099731445312,947.0,923.1699829101562,933.9500122070312,1893700
2026-02-02,937.2451782226562,946.3300170898438,949.4400024414062,912.0800170898438,932.1300048828124,1802000
2026-02-03,929.9756469726562,938.989990234375,964.5,919.0599975585938,949.5,2321900
2026-02-04,904.5322265625,913.2999877929688,944.1599731445312,893.7999877929688,937.1199951171876,3561900
2026-02-05,881.8619384765625,890.4099731445312,910.8300170898438,876.719970703125,901.6699829101562,3214300
2026-02-06,919.8339233398438,928.75,931.77001953125,907.22998046875,907.8699951171876,2473200
2026-02-09,934.5611572265624,943.6199951171876,949.0,927.1099853515624,929.0,2322600
2026-02-10,939.879638671875,948.989990234375,961.8300170898438,929.9299926757812,945.7000122070312,3324900
2026-02-11,935.5218505859376,944.5900268554688,968.1300048828124,931.280029296875,950.6400146484376,2654300
2026-02-12,895.8662719726562,904.5499877929688,968.3900146484376,903.97998046875,956.1699829101562,3188700
2026-02-13,896.4506225585938,905.1400146484376,905.989990234375,869.0,894.4099731445312,2623000
2026-02-17,907.2459106445312,916.0399780273438,921.5499877929688,905.6799926757812,907.72998046875,2008500
2026-02-18,924.76611328125,933.72998046875,947.7000122070312,919.97998046875,921.5800170898438,1864900
2026-02-19,907.85009765625,916.6500244140624,929.6599731445312,906.489990234375,925.0,1974200
2026-02-20,913.3864135742188,922.239990234375,922.3699951171876,900.5700073242188,912.5499877929688,2009100
2026-02-23,883.7437744140625,892.3099975585938,932.0,883.75,918.5,2535900
2026-02-24,893.608154296875,902.27001953125,911.77001953125,881.6500244140625,885.4400024414062,1971500
2026-02-25,912.53466796875,921.3800048828124,922.510009765625,907.52001953125,914.719970703125,1763600
2026-02-26,920.0814819335938,929.0,938.3900146484376,921.5399780273438,927.760009765625,2220300
2026-02-27,851.3180541992188,859.5700073242188,916.25,854.1500244140625,912.0,5552300
2026-03-02,857.9190063476562,861.7000122070312,873.6300048828125,836.0,840.0,2873200
2026-03-03,858.795166015625,862.5800170898438,868.3400268554688,824.6400146484375,836.0,3782100
2026-03-04,863.4446411132812,867.25,878.7999877929688,860.0,869.8400268554688,2081700
2026-03-05,831.7941284179688,835.4600219726562,866.52001953125,822.2000122070312,862.010009765625,3093700
2026-03-06,817.8157348632812,821.4199829101562,827.1599731445312,801.3300170898438,816.0,2473000
2026-03-09,828.3792114257812,832.030029296875,836.6799926757812,795.0,810.0,3258200
2026-03-10,830.1513671875,833.8099975585938,846.0900268554688,826.3499755859375,834.6799926757812,1871900
2026-03-11,820.1454467773438,823.760009765625,832.7999877929688,810.5399780273438,829.9500122070312,2227000
2026-03-12,784.0645141601562,787.52001953125,807.2100219726562,784.0999755859375,805.3200073242188,3533000
2026-03-13,778.7777709960938,782.2100219726562,798.0,780.5,789.3599853515625,2567400
2026-03-16,791.2826538085938,794.77001953125,805.4600219726562,790.0,792.0,2082700
2026-03-17,803.498779296875,807.0399780273438,820.4400024414062,803.469970703125,806.2999877929688,1955600
2026-03-18,801.9456787109375,805.47998046875,816.1900024414062,801.0,801.0,1541300
2026-03-19,805.9480590820312,809.5,816.1799926757812,790.5900268554688,792.9299926757812,1765900
2026-03-20,809.9603881835938,813.530029296875,827.22998046875,804.9299926757812,807.0,3918400
2026-03-23,827.6224975585938,831.27001953125,849.530029296875,829.0,833.0,2190300
2026-03-24,832.052978515625,835.719970703125,844.5,818.0,824.9299926757812,1656100
2026-03-25,838.1461791992188,841.8400268554688,854.75,833.9000244140625,845.010009765625,1628900
2026-03-26,819.0303955078125,822.6400146484375,844.7999877929688,816.1099853515625,833.7899780273438,2052200
2026-03-27,799.3670654296875,802.8900146484375,817.0999755859375,797.780029296875,813.6699829101562,2106800
2026-03-30,804.0563354492188,807.5999755859375,818.6300048828125,801.8800048828125,811.1199951171875,1621400
2026-03-31,842.2778930664062,845.989990234375,848.5,810.0,823.9000244140625,2689800
2026-04-01,856.435546875,860.2100219726562,870.2000122070312,850.1500244140625,859.9500122070312,1803600
2026-04-02,859.2531127929688,863.0399780273438,867.2999877929688,831.0,838.3900146484375,1717700
2026-04-06,862.2498779296875,866.0499877929688,873.2100219726562,859.77001953125,863.0,1444500
2026-04-07,860.3582763671875,864.1500244140625,867.969970703125,850.0,858.0,1498400
2026-04-08,901.7756958007812,905.75,918.1199951171876,893.5999755859375,903.010009765625,2439000
2026-04-09,899.7545776367188,903.719970703125,909.4000244140624,895.2899780273438,902.0,1797800
2026-04-10,903.8167114257812,907.7999877929688,908.9600219726562,895.0,903.3699951171876,1642700
2026-04-13,886.88134765625,890.7899780273438,896.9400024414062,865.3400268554688,875.5499877929688,4236200
2026-04-14,905.638671875,909.6300048828124,914.1900024414062,890.0999755859375,894.4199829101562,2822600
2026-04-15,895.5431518554688,899.489990234375,927.7899780273438,897.0999755859375,915.0,2403900
2026-04-16,896.0509033203125,900.0,907.9600219726562,895.8499755859375,897.989990234375,1742100
2026-04-17,921.8870849609376,925.9500122070312,929.1900024414062,912.219970703125,915.5,2805100
2026-04-20,937.6077880859376,941.739990234375,941.7999877929688,922.989990234375,923.6799926757812,2374300
2026-04-21,922.4844360351562,926.5499877929688,952.010009765625,922.5399780273438,944.5,1765400
2026-04-22,930.7380981445312,934.8400268554688,940.97998046875,931.1500244140624,939.0,1382600
2026-04-23,927.2135620117188,931.2999877929688,944.3900146484376,920.6900024414062,935.0,1655000
2026-04-24,922.8428344726562,926.9099731445312,932.9199829101562,919.219970703125,930.489990234375,1263300
2026-04-27,933.6950073242188,937.8099975585938,941.72998046875,926.0,926.0399780273438,1223000
2026-04-28,922.4844360351562,926.5499877929688,945.2999877929688,924.239990234375,941.239990234375,1501600
2026-04-29,901.6263427734376,905.5999755859376,930.0,899.1599731445312,927.5,1725900
2026-04-30,919.7166748046876,923.77001953125,928.0,905.0,910.4099731445312,1880300
2026-05-01,919.6569213867188,923.7100219726562,935.780029296875,912.1400146484376,916.4000244140624,1359800
2026-05-04,899.3065795898438,903.27001953125,925.0,899.0,922.27001953125,1660100
2026-05-05,914.8580322265624,918.8900146484376,921.75,908.219970703125,909.72998046875,1507200
2026-05-06,933.2369995117188,937.3499755859376,944.0599975585938,931.3300170898438,935.9299926757812,2318200
2026-05-07,921.8074340820312,925.8699951171876,945.2899780273438,921.97998046875,937.9299926757812,1715300
2026-05-08,932.370849609375,936.47998046875,939.780029296875,927.4600219726562,936.0,1665000
2026-05-11,940.7140502929688,944.8599853515624,949.780029296875,926.6300048828124,932.6500244140624,2411400
2026-05-12,941.7495727539062,945.9000244140624,948.5,920.7999877929688,942.1599731445312,2236500
2026-05-13,951.2277221679688,955.4199829101562,959.5499877929688,933.0800170898438,941.8400268554688,2355200
2026-05-14,964.7083740234376,968.9600219726562,975.6599731445312,960.5,966.9000244140624,1898000
2026-05-15,944.3082275390624,948.469970703125,959.5,941.6099853515624,953.6500244140624,1862700
2026-05-18,942.20751953125,946.3599853515624,961.6900024414062,938.5499877929688,947.739990234375,1508000
2026-05-19,924.664794921875,928.739990234375,939.6400146484376,923.8099975585938,933.219970703125,1767300
2026-05-20,977.8106079101562,982.1199951171876,982.72998046875,940.5,945.0,3104400
2026-05-21,983.8340454101562,988.1699829101562,999.5,970.2999877929688,982.2100219726562,2452300
2026-05-22,992.3564453125,996.72998046875,1005.3599853515624,990.9000244140624,994.6300048828124,1923500
2026-05-26,990.1561889648438,994.52001953125,1016.5399780273438,987.030029296875,1006.530029296875,2080600
2026-05-27,992.0975952148438,996.469970703125,1003.6500244140624,974.4199829101562,995.9099731445312,2195000
2026-05-28,1003.9454345703124,1008.3699951171876,1009.969970703125,982.4500122070312,986.4199829101562,2273000
2026-05-29,1021.06005859375,1025.56005859375,1027.219970703125,1004.0,1009.27001953125,2158000
2026-06-01,1048.5799560546875,1048.5799560546875,1051.199951171875,1011.5999755859376,1015.3300170898438,2666700
2026-06-02,1064.5799560546875,1064.5799560546875,1073.969970703125,1047.8900146484375,1049.739990234375,2125600
2026-06-03,1041.02001953125,1041.02001953125,1055.969970703125,1031.010009765625,1055.280029296875,2562200
2026-06-04,1092.6099853515625,1092.6099853515625,1095.9000244140625,1050.0,1052.8699951171875,2608800
2026-06-05,1038.6800537109375,1038.6800537109375,1098.3599853515625,1035.5999755859375,1092.8199462890625,2643800
2026-06-08,1045.0,1045.0,1063.1800537109375,1042.3299560546875,1052.780029296875,2326700
2026-06-09,1032.010009765625,1032.010009765625,1064.3499755859375,1006.2999877929688,1061.7900390625,2868500
2026-06-10,1001.2899780273438,1001.2899780273438,1036.31005859375,1000.0399780273438,1028.3499755859375,2287200
2026-06-11,1035.6400146484375,1035.6400146484375,1036.9200439453125,1000.4500122070312,1013.5,2561900
2026-06-12,1062.75,1062.75,1073.739990234375,1048.06005859375,1053.0,2206000
2026-06-15,1076.1700439453125,1076.1700439453125,1094.1800537109375,1075.0,1089.52001953125,2364000
2026-06-16,1090.6700439453125,1090.6700439453125,1097.25,1085.530029296875,1086.0,1965500
2026-06-17,1099.1400146484375,1099.1400146484375,1121.949951171875,1094.2900390625,1098.4599609375,2180000
2026-06-18,1096.56005859375,1096.56005859375,1125.0,1093.3299560546875,1120.0,4499200
2026-06-22,1106.3699951171875,1106.3699951171875,1115.97998046875,1091.6300048828125,1109.699951171875,1894400
2026-06-23,1094.43994140625,1094.43994140625,1103.550048828125,1069.0,1077.3399658203125,2066900
2026-06-24,1076.9100341796875,1076.9100341796875,1090.0999755859375,1068.510009765625,1090.0,1933100
2026-06-25,1065.0899658203125,1065.0899658203125,1105.25,1062.0999755859375,1095.6199951171875,1950000
2026-06-26,1019.6099853515624,1019.6099853515624,1057.0,1013.3800048828124,1054.739990234375,4008500
2026-06-29,1020.2100219726562,1020.2100219726562,1035.9300537109375,1016.1699829101562,1029.18994140625,1887200
2026-06-30,1011.3699951171876,1011.3699951171876,1026.3199462890625,1006.1099853515624,1019.2899780273438,3162800
2026-07-01,1019.6099853515624,1019.6099853515624,1033.530029296875,1003.0,1010.0,1735000
2026-07-02,1021.0,1021.0,1039.280029296875,1009.72998046875,1038.989990234375,1543500
2026-07-06,1055.2900390625,1055.2900390625,1055.2900390625,1029.0,1029.8800048828125,1754400
2026-07-07,1042.97998046875,1042.97998046875,1053.8599853515625,1035.1300048828125,1052.0,1353500
2026-07-08,1029.6400146484375,1029.6400146484375,1040.1800537109375,1011.9199829101562,1030.0,1699000
2026-07-09,1055.969970703125,1055.969970703125,1064.010009765625,1042.6099853515625,1055.0,1241800
2026-07-10,1055.1800537109375,1055.1800537109375,1067.1700439453125,1048.0,1063.2099609375,1110600
2026-07-13,1045.9100341796875,1045.9100341796875,1057.8199462890625,1036.8399658203125,1056.3399658203125,1799500
2026-07-14,1140.0,1140.0,1143.8399658203125,1082.0,1085.0,3792600
2026-07-15,1152.0699462890625,1152.0699462890625,1153.989990234375,1117.4000244140625,1148.4200439453125,2736800
2026-07-16,1095.4599609375,1095.4599609375,1152.449951171875,1089.010009765625,1147.6500244140625,2529400
2026-07-17,1065.219970703125,1065.219970703125,1085.9300537109375,1047.1500244140625,1071.6400146484375,2162700
2026-07-20,1055.030029296875,1055.030029296875,1087.9000244140625,1053.6600341796875,1074.6500244140625,1718300
2026-07-21,1085.56005859375,1085.56005859375,1088.47998046875,1063.0,1070.0699462890625,1718600
2026-07-22,1098.199951171875,1098.199951171875,1106.6600341796875,1078.0,1078.52001953125,1538700
2026-07-23,1074.719970703125,1074.719970703125,1084.72998046875,1062.47998046875,1072.52001953125,1852700
2026-07-24,1061.22998046875,1061.22998046875,1077.3800048828125,1051.8199462890625,1075.0,1381400
2026-07-27,1048.22998046875,1048.22998046875,1088.5,1029.0,1080.1800537109375,2538900
2026-07-28,1033.3399658203125,1033.3399658203125,1047.7099609375,1011.8699951171876,1041.9300537109375,2173100
2026-07-29,980.75,980.75,1028.1199951171875,977.7000122070312,1025.0,3198400
2026-07-30,1024.8599853515625,1024.8599853515625,1029.7900390625,998.510009765625,1007.3599853515624,2330800
2026-07-31,1018.3800048828124,1018.3800048828124,1042.97998046875,1008.5999755859376,1034.719970703125,1553700
2026-08-03,1027.06005859375,1027.06005859375,1027.9599609375,1005.1599731445312,1025.0,1706500
2026-08-04,1052.97998046875,1052.97998046875,1066.1600341796875,1043.27001953125,1050.0,2653600
2026-08-05,1060.3800048828125,1060.3800048828125,1077.2099609375,1060.02001953125,1063.7099609375,1648000
2026-08-06,1032.5799560546875,1032.5799560546875,1068.0400390625,1030.780029296875,1062.0400390625,1726500
2026-08-07,1039.6099853515625,1039.6099853515625,1047.0,1032.030029296875,1038.3399658203125,1429400
2026-08-10,1034.510009765625,1034.510009765625,1045.4300537109375,1030.0699462890625,1039.6099853515625,1819100
2026-08-11,1034.4100341796875,1034.4100341796875,1043.4300537109375,1027.18994140625,1036.3900146484375,1829300
2026-08-12,1037.2099609375,1037.2099609375,1056.050048828125,1031.739990234375,1055.0,1737800
2026-08-13,1042.6300048828125,1042.6300048828125,1059.0699462890625,1038.469970703125,1040.6099853515625,1421700
2026-08-14,1039.4200439453125,1039.4200439453125,1043.739990234375,1029.5799560546875,1040.9100341796875,1592900
2026-08-17,1051.31005859375,1051.31005859375,1054.6300048828125,1038.1400146484375,1040.7900390625,1450400
2026-08-18,1040.469970703125,1040.469970703125,1043.5,1026.0799560546875,1040.0,1909200
2026-08-19,1021.6500244140624,1021.6500244140624,1044.8199462890625,1014.5,1044.8199462890625,2744200
2026-08-20,1001.9500122070312,1001.9500122070312,1026.4200439453125,1001.6799926757812,1016.989990234375,1756200
2026-08-21,1039.280029296875,1039.280029296875,1043.6600341796875,1008.8499755859376,1015.989990234375,2744000
2026-08-24,1036.280029296875,1036.280029296875,1047.3699951171875,1030.1800537109375,1039.0,1987500
