Date,Adj Close,Close,High,Low,Open,Volume
2021-07-21,321.1099853515625,321.1099853515625,325.8800048828125,293.6199951171875,298.510009765625,30859300
2021-07-22,323.4800109863281,323.4800109863281,329.6000061035156,316.2900085449219,319.0,16491300
2021-07-23,348.8299865722656,348.8299865722656,349.45001220703125,325.1700134277344,330.8999938964844,23431400
2021-07-26,335.8699951171875,335.8699951171875,362.0,329.1499938964844,352.0,23387800
2021-07-27,328.5,328.5,344.8890075683594,318.2900085449219,335.3089904785156,17196700
2021-07-28,349.32000732421875,349.32000732421875,350.989990234375,327.5,333.010009765625,13091600
2021-07-29,345.6400146484375,345.6400146484375,351.2200012207031,336.0,350.6400146484375,10100700
2021-07-30,353.6000061035156,353.6000061035156,359.8999938964844,342.2799987792969,346.8999938964844,11345700
2021-08-02,346.6099853515625,346.6099853515625,365.6000061035156,343.20001220703125,360.0,13685900
2021-08-03,386.510009765625,386.510009765625,386.9800109863281,344.5,348.5,20424100
2021-08-04,419.0499877929688,419.0499877929688,433.0,377.1099853515625,385.0,32251600
2021-08-05,416.260009765625,416.260009765625,443.989990234375,403.0,409.7200012207031,25571500
2021-08-06,413.7200012207031,413.7200012207031,419.260009765625,393.6099853515625,410.2999877929688,18924600
2021-08-09,484.4700012207031,484.4700012207031,493.7569885253906,409.6600036621094,411.3009948730469,42269900
2021-08-10,456.760009765625,456.760009765625,497.489990234375,454.0,485.5,36503700
2021-08-11,385.3299865722656,385.3299865722656,453.7300109863281,372.0,443.5700073242188,53882200
2021-08-12,391.4200134277344,391.4200134277344,406.3500061035156,377.0899963378906,400.0,34310000
2021-08-13,389.7799987792969,389.7799987792969,406.3200073242188,387.1000061035156,405.239990234375,16533700
2021-08-16,373.8599853515625,373.8599853515625,379.5700073242188,349.0,379.2699890136719,23403400
2021-08-17,401.8599853515625,401.8599853515625,402.489990234375,358.54998779296875,361.0,25982100
2021-08-18,398.7999877929688,398.7999877929688,413.2999877929688,386.2099914550781,406.5,19121800
2021-08-19,375.5299987792969,375.5299987792969,394.9200134277344,375.0,385.0,14254700
2021-08-20,382.9800109863281,382.9800109863281,387.489990234375,369.260009765625,374.5480041503906,13216700
2021-08-23,411.8900146484375,411.8900146484375,411.9700012207031,385.7720031738281,390.3399963378906,15796500
2021-08-24,394.9400024414063,394.9400024414063,407.5799865722656,387.55999755859375,405.6900024414063,13957500
2021-08-25,397.8699951171875,397.8699951171875,413.7999877929688,387.9700012207031,391.7000122070313,14427600
2021-08-26,400.2999877929688,400.2999877929688,404.6700134277344,392.1530151367188,395.4500122070313,8904400
2021-08-27,382.2200012207031,382.2200012207031,398.9800109863281,378.7200012207031,398.8250122070313,13188500
2021-08-30,370.6900024414063,370.6900024414063,389.0400085449219,362.7999877929688,369.0,15529800
2021-08-31,376.6900024414063,376.6900024414063,384.6799926757813,370.5,375.9100036621094,10922500
2021-09-01,389.9400024414063,389.9400024414063,394.9800109863281,375.2000122070313,382.8370056152344,11617300
2021-09-02,397.6600036621094,397.6600036621094,402.7999877929688,390.5150146484375,393.1300048828125,8902900
2021-09-03,416.7000122070313,416.7000122070313,416.80999755859375,388.6799926757813,392.7099914550781,13835300
2021-09-07,436.3900146484375,436.3900146484375,438.5499877929688,408.9599914550781,409.5,15995100
2021-09-08,422.8999938964844,422.8999938964844,437.1700134277344,418.2000122070313,433.7200012207031,11477800
2021-09-09,455.9200134277344,455.9200134277344,459.4200134277344,427.0899963378906,429.9299926757813,22189600
2021-09-10,449.3800048828125,449.3800048828125,464.8500061035156,448.1099853515625,463.1570129394531,12604800
2021-09-13,419.7200012207031,419.7200012207031,448.80999755859375,415.0,448.0,15664700
2021-09-14,427.7099914550781,427.7099914550781,443.760009765625,418.6329956054688,419.2699890136719,14736500
2021-09-15,434.4599914550781,434.4599914550781,437.7999877929688,422.1600036621094,427.4549865722656,12893600
2021-09-16,440.6499938964844,440.6499938964844,446.6400146484375,429.0,431.2099914550781,10107400
2021-09-17,430.0499877929688,430.0499877929688,442.0,406.8699951171875,438.5299987792969,30536400
2021-09-20,423.3299865722656,423.3299865722656,435.4500122070313,416.510986328125,417.5069885253906,12929400
2021-09-21,434.0400085449219,434.0400085449219,439.5899963378906,420.2999877929688,424.2999877929688,9355300
2021-09-22,440.7200012207031,440.7200012207031,443.7300109863281,428.6000061035156,433.0899963378906,9003500
2021-09-23,454.6000061035156,454.6000061035156,458.5,438.7900085449219,439.7850036621094,9620300
2021-09-24,430.1400146484375,430.1400146484375,453.6099853515625,426.6099853515625,448.0799865722656,12984600
2021-09-27,408.8399963378906,408.8399963378906,434.0,407.2550048828125,430.60101318359375,13348200
2021-09-28,384.2099914550781,384.2099914550781,403.2959899902344,376.0299987792969,398.55999755859375,15936000
2021-09-29,378.8999938964844,378.8999938964844,397.9800109863281,375.5539855957031,393.2099914550781,11416700
2021-09-30,384.8599853515625,384.8599853515625,390.6000061035156,377.1000061035156,381.8200073242188,9611500
2021-10-01,341.0899963378906,341.0899963378906,359.114990234375,323.4100036621094,358.3299865722656,34351300
2021-10-04,325.8399963378906,325.8399963378906,330.55499267578125,305.0,308.8800048828125,23331500
2021-10-05,332.1099853515625,332.1099853515625,338.0329895019531,327.20001220703125,331.0,11637500
2021-10-06,302.4200134277344,302.4200134277344,325.67999267578125,300.6199951171875,318.7099914550781,17457400
2021-10-07,309.3599853515625,309.3599853515625,317.3500061035156,293.5799865722656,295.4599914550781,15791000
2021-10-08,304.9100036621094,304.9100036621094,314.04998779296875,297.5400085449219,310.79998779296875,10631800
2021-10-11,305.1000061035156,305.1000061035156,314.1099853515625,298.1000061035156,299.32000732421875,7625800
2021-10-12,311.1300048828125,311.1300048828125,315.94000244140625,301.9100036621094,313.0350036621094,10193200
2021-10-13,321.5,321.5,327.739990234375,313.29998779296875,314.8999938964844,12770600
2021-10-14,331.8800048828125,331.8800048828125,337.3599853515625,322.1000061035156,329.0,12851300
2021-10-15,324.2099914550781,324.2099914550781,341.54901123046875,318.5,341.010009765625,17239800
2021-10-18,334.8399963378906,334.8399963378906,338.5400085449219,320.5369873046875,322.260009765625,8753700
2021-10-19,333.6099853515625,333.6099853515625,347.8699951171875,331.010009765625,339.1050109863281,8561100
2021-10-20,333.010009765625,333.010009765625,338.6000061035156,329.3599853515625,334.010009765625,4983200
2021-10-21,339.57000732421875,339.57000732421875,341.5199890136719,333.3999938964844,337.2099914550781,5597600
2021-10-22,326.5400085449219,326.5400085449219,335.75,317.17999267578125,332.5390014648437,7780200
2021-10-25,349.5599975585937,349.5599975585937,350.0599975585937,323.2699890136719,327.3599853515625,9772200
2021-10-26,345.739990234375,345.739990234375,356.7699890136719,341.3699951171875,352.0,6673500
2021-10-27,340.8800048828125,340.8800048828125,350.6400146484375,338.3399963378906,344.25,4716000
2021-10-28,347.9200134277344,347.9200134277344,353.2799987792969,341.5400085449219,343.1000061035156,4738900
2021-10-29,345.2099914550781,345.2099914550781,347.70001220703125,337.25,344.4700012207031,4459000
2021-11-01,337.1700134277344,337.1700134277344,338.07000732421875,320.54998779296875,334.989990234375,8662800
2021-11-02,348.6400146484375,348.6400146484375,349.45001220703125,337.0400085449219,338.739990234375,5259400
2021-11-03,345.9200134277344,345.9200134277344,350.1000061035156,336.20001220703125,350.0,6447800
2021-11-04,284.0199890136719,284.0199890136719,297.7300109863281,278.0,295.8099975585937,30967700
2021-11-05,236.9900054931641,236.9900054931641,246.1000061035156,210.9600067138672,241.57000732421875,59630300
2021-11-08,244.67999267578125,244.67999267578125,245.9199981689453,233.05999755859372,233.05999755859372,14606800
2021-11-09,236.8500061035156,236.8500061035156,250.57000732421875,232.2100067138672,246.07000732421875,10960300
2021-11-10,228.9600067138672,228.9600067138672,239.10499572753903,225.57000732421875,230.1000061035156,9118500
2021-11-11,225.82000732421875,225.82000732421875,232.2700042724609,221.6000061035156,227.6699981689453,8359400
2021-11-12,231.19000244140625,231.19000244140625,232.55999755859372,224.41900634765625,225.8600006103516,6831800
2021-11-15,235.07000732421875,235.07000732421875,236.6000061035156,225.6300048828125,230.8249969482422,5665200
2021-11-16,234.27999877929688,234.27999877929688,239.9900054931641,230.28599548339844,234.00999450683597,5332000
2021-11-17,242.22999572753903,242.22999572753903,249.13999938964844,234.57000732421875,234.7899932861328,8015800
2021-11-18,251.41000366210935,251.41000366210935,253.19000244140625,243.7899932861328,246.1199951171875,7395600
2021-11-19,263.7799987792969,263.7799987792969,274.8399963378906,258.0899963378906,265.4150085449219,15624000
2021-11-22,282.69000244140625,282.69000244140625,289.0,264.20001220703125,268.07000732421875,13852800
2021-11-23,276.3800048828125,276.3800048828125,281.9800109863281,269.17999267578125,277.739990234375,6900200
2021-11-24,273.3900146484375,273.3900146484375,275.2799987792969,266.3099975585937,273.010009765625,4760200
2021-11-26,329.6300048828125,329.6300048828125,350.1499938964844,313.0,319.3399963378906,35901200
2021-11-29,368.510009765625,368.510009765625,376.6499938964844,350.2699890136719,370.3299865722656,33950600
2021-11-30,352.42999267578125,352.42999267578125,357.6400146484375,337.2900085449219,351.5799865722656,25159300
2021-12-01,310.6099853515625,310.6099853515625,336.3599853515625,310.57000732421875,330.0,21549200
2021-12-02,301.489990234375,301.489990234375,318.4700012207031,291.0299987792969,301.2900085449219,15409500
2021-12-03,306.7200012207031,306.7200012207031,318.7850036621094,293.6000061035156,318.0899963378906,12700100
2021-12-06,265.3299865722656,265.3299865722656,287.4800109863281,256.5599975585937,280.8500061035156,19845000
2021-12-07,282.3500061035156,282.3500061035156,287.7699890136719,263.07000732421875,268.1400146484375,10767100
2021-12-08,283.3999938964844,283.3999938964844,288.2799987792969,272.9100036621094,282.3800048828125,7107700
2021-12-09,272.2099914550781,272.2099914550781,285.7099914550781,271.3299865722656,285.19000244140625,5231800
2021-12-10,257.0599975585937,257.0599975585937,261.96600341796875,233.50999450683597,235.40499877929688,17506600
2021-12-13,271.989990234375,271.989990234375,275.7799987792969,256.97100830078125,257.3999938964844,10588700
2021-12-14,277.1600036621094,277.1600036621094,278.3299865722656,257.20001220703125,264.2950134277344,6444900
2021-12-15,283.2799987792969,283.2799987792969,290.3500061035156,271.54998779296875,271.79901123046875,9269500
2021-12-16,282.0199890136719,282.0199890136719,287.1340026855469,277.07000732421875,284.20001220703125,5974300
2021-12-17,294.79998779296875,294.79998779296875,296.3900146484375,269.0,275.57000732421875,10627500
2021-12-20,276.3800048828125,276.3800048828125,321.30499267578125,275.1199951171875,321.30499267578125,16985300
2021-12-21,268.1400146484375,268.1400146484375,281.29998779296875,257.20001220703125,275.5,12537400
2021-12-22,251.3600006103516,251.3600006103516,267.0,245.5,264.0599975585937,13957300
2021-12-23,249.9900054931641,249.9900054931641,253.6499938964844,238.5,250.41000366210935,9839200
2021-12-27,246.8800048828125,246.8800048828125,252.72000122070312,240.5800018310547,243.0,8252300
2021-12-28,241.44000244140625,241.44000244140625,254.57000732421875,237.5800018310547,245.3650054931641,9288000
2021-12-29,247.8800048828125,247.8800048828125,249.48899841308597,233.1999969482422,239.3300018310547,9144600
2021-12-30,251.6000061035156,251.6000061035156,254.32000732421875,242.13499450683597,243.8300018310547,6581800
2021-12-31,253.97999572753903,253.97999572753903,259.1990051269531,246.6999969482422,249.8800048828125,6822000
2022-01-03,235.0500030517578,235.0500030517578,249.4199981689453,231.0800018310547,247.1199951171875,11860900
2022-01-04,233.05999755859372,233.05999755859372,239.42999267578125,225.2400054931641,232.1999969482422,10455000
2022-01-05,215.22999572753903,215.22999572753903,237.8800048828125,214.6000061035156,232.1000061035156,9042200
2022-01-06,216.05999755859372,216.05999755859372,222.22000122070312,205.22999572753903,216.03500366210935,8173000
2022-01-07,213.8600006103516,213.8600006103516,221.9669952392578,211.9499969482422,216.41400146484372,5283100
2022-01-10,233.6999969482422,233.6999969482422,241.9900054931641,207.5,211.3699951171875,17191500
2022-01-11,221.38999938964844,221.38999938964844,228.0,220.27999877929688,226.0,7331200
2022-01-12,222.88999938964844,222.88999938964844,228.5,218.75999450683597,220.47999572753903,5846600
2022-01-13,210.1699981689453,210.1699981689453,221.5,209.5800018310547,219.55999755859372,7405700
2022-01-14,204.72999572753903,204.72999572753903,212.75999450683597,200.0800018310547,204.00999450683597,10167500
2022-01-18,186.6100006103516,186.6100006103516,198.82000732421875,185.38999938964844,196.91400146484372,11030800
2022-01-19,174.07000732421875,174.07000732421875,191.33999633789065,173.41000366210938,188.83999633789065,10597600
2022-01-20,167.52000427246094,167.52000427246094,177.47000122070312,166.21499633789062,174.99000549316406,11489600
2022-01-21,160.07000732421875,160.07000732421875,171.25399780273438,157.2899932861328,166.22999572753906,11801300
2022-01-24,157.3000030517578,157.3000030517578,158.0,138.1699981689453,153.47000122070312,16626800
2022-01-25,152.5399932861328,152.5399932861328,168.25999450683594,150.0,156.00999450683594,11475000
2022-01-26,154.9600067138672,154.9600067138672,165.85000610351562,152.8000030517578,157.99000549316406,9295900
2022-01-27,148.6199951171875,148.6199951171875,158.27999877929688,146.5399932861328,157.42999267578125,8661700
2022-01-28,159.47000122070312,159.47000122070312,159.8699951171875,146.75999450683594,149.9499969482422,6756200
2022-01-31,169.3300018310547,169.3300018310547,170.3300018310547,154.55999755859375,160.0500030517578,9292600
2022-02-01,172.74000549316406,172.74000549316406,177.57000732421875,167.2899932861328,175.1999969482422,7329800
2022-02-02,169.61000061035156,169.61000061035156,177.1999969482422,163.5800018310547,170.8070068359375,5395000
2022-02-03,163.9499969482422,163.9499969482422,170.10000610351562,163.1999969482422,165.07000732421875,4490400
2022-02-04,163.00999450683594,163.00999450683594,167.5,160.25,165.63999938964844,4375700
2022-02-07,160.27000427246094,160.27000427246094,165.5399932861328,156.27000427246094,162.2030029296875,4429300
2022-02-08,153.30999755859375,153.30999755859375,157.1699981689453,147.57000732421875,155.1999969482422,7616400
2022-02-09,164.02999877929688,164.02999877929688,164.22999572753906,154.17300415039062,154.3699951171875,5621600
2022-02-10,160.4199981689453,160.4199981689453,168.6699981689453,157.5399932861328,158.0,5965400
2022-02-11,161.32000732421875,161.32000732421875,168.7899932861328,160.0800018310547,161.25,5249700
2022-02-14,142.47000122070312,142.47000122070312,159.5,138.13999938964844,157.5260009765625,16669500
2022-02-15,151.1199951171875,151.1199951171875,152.92999267578125,139.21099853515625,142.49000549316406,10899700
2022-02-16,151.80999755859375,151.80999755859375,152.38999938964844,144.5,147.6199951171875,5536000
2022-02-17,146.36000061035156,146.36000061035156,154.66000366210938,145.27999877929688,150.1999969482422,6182300
2022-02-18,145.74000549316406,145.74000549316406,151.45599365234375,141.30999755859375,147.5500030517578,5457100
2022-02-22,144.97000122070312,144.97000122070312,151.1999969482422,141.86000061035156,142.25999450683594,6637700
2022-02-23,135.72999572753906,135.72999572753906,145.718994140625,134.0,145.1699981689453,7822300
2022-02-24,156.22999572753906,156.22999572753906,156.4199981689453,138.1199951171875,139.86500549316406,17396000
2022-02-25,151.3300018310547,151.3300018310547,156.19000244140625,147.00999450683594,156.02000427246094,7818000
2022-02-28,153.60000610351562,153.60000610351562,155.47000122070312,147.44000244140625,150.97999572753906,6601700
2022-03-01,149.52000427246094,149.52000427246094,156.37899780273438,147.9199981689453,152.47999572753906,4842200
2022-03-02,147.86000061035156,147.86000061035156,150.57000732421875,140.44000244140625,149.44000244140625,5393600
2022-03-03,141.52000427246094,141.52000427246094,149.23199462890625,139.52999877929688,147.89999389648438,4623200
2022-03-04,136.4600067138672,136.4600067138672,143.91000366210938,135.91000366210938,140.82000732421875,5503000
2022-03-07,126.45999908447266,126.45999908447266,138.39999389648438,126.27999877929688,135.1199951171875,6177200
2022-03-08,129.27999877929688,129.27999877929688,136.9600067138672,122.01000213623048,125.0,6675700
2022-03-09,142.49000549316406,142.49000549316406,145.27999877929688,132.0500030517578,132.0749969482422,9533900
2022-03-10,139.52000427246094,139.52000427246094,140.8300018310547,135.85000610351562,139.50999450683594,5557100
2022-03-11,138.1999969482422,138.1999969482422,145.8000030517578,138.0,140.75,5356400
2022-03-14,150.07000732421875,150.07000732421875,166.75,139.72999572753906,140.1999969482422,22841100
2022-03-15,148.1199951171875,148.1199951171875,158.0,141.75,156.27000427246094,13191500
2022-03-16,169.36000061035156,169.36000061035156,169.8000030517578,149.6699981689453,150.0,14087400
2022-03-17,168.25999450683594,168.25999450683594,172.13699340820312,160.66000366210938,167.75,7786200
2022-03-18,178.92999267578125,178.92999267578125,180.8000030517578,170.10000610351562,171.5800018310547,12529400
2022-03-21,175.3800048828125,175.3800048828125,182.6000061035156,172.44000244140625,179.91000366210938,6015600
2022-03-22,186.72000122070312,186.72000122070312,188.0,168.17999267578125,175.3800048828125,8568000
2022-03-23,178.72999572753906,178.72999572753906,185.75,176.8000030517578,184.66000366210935,7317200
2022-03-24,179.67999267578125,179.67999267578125,181.8600006103516,172.35000610351562,175.83999633789062,6317300
2022-03-25,165.9199981689453,165.9199981689453,179.19000244140625,163.031005859375,178.25,8292800
2022-03-28,173.0800018310547,173.0800018310547,174.4499969482422,165.8000030517578,167.3699951171875,6437400
2022-03-29,180.63999938964844,180.63999938964844,182.1000061035156,171.02999877929688,174.07000732421875,7226300
2022-03-30,174.9199981689453,174.9199981689453,187.7100067138672,172.77000427246094,182.57000732421875,7029000
2022-03-31,172.25999450683594,172.25999450683594,178.43699645996094,171.11000061035156,175.22000122070312,5683500
2022-04-01,176.58999633789062,176.58999633789062,179.02999877929688,170.60000610351562,173.35000610351562,4913700
2022-04-04,172.5399932861328,172.5399932861328,180.8699951171875,171.07000732421875,177.24000549316406,5908600
2022-04-05,162.0500030517578,162.0500030517578,172.39500427246094,160.42999267578125,169.25,6653000
2022-04-06,154.6199951171875,154.6199951171875,161.63999938964844,150.7050018310547,157.47999572753906,7409800
2022-04-07,159.0,159.0,159.7740020751953,151.38999938964844,153.1300048828125,5726300
2022-04-08,160.83999633789062,160.83999633789062,165.17999267578125,156.60000610351562,156.7899932861328,5456500
2022-04-11,160.0,160.0,163.35000610351562,152.10000610351562,156.0,5226700
2022-04-12,159.5,159.5,164.7779998779297,157.0,158.99000549316406,5040800
2022-04-13,169.66000366210938,169.66000366210938,172.4600067138672,155.69000244140625,158.3699951171875,6735300
2022-04-14,165.49000549316406,165.49000549316406,170.75,164.85000610351562,168.58999633789062,4348300
2022-04-18,154.75,154.75,165.88999938964844,154.27000427246094,165.0,4826000
2022-04-19,152.72000122070312,152.72000122070312,153.6699981689453,147.22999572753906,151.77000427246094,6561400
2022-04-20,150.1199951171875,150.1199951171875,153.6699981689453,146.55999755859375,152.97000122070312,3925600
2022-04-21,144.5,144.5,154.7100067138672,144.02999877929688,149.42999267578125,3911700
2022-04-22,140.33999633789062,140.33999633789062,148.80999755859375,139.86500549316406,143.22999572753906,4114100
2022-04-25,150.41000366210938,150.41000366210938,151.3699951171875,139.39999389648438,139.89999389648438,6101000
2022-04-26,145.7899932861328,145.7899932861328,151.74000549316406,143.99000549316406,148.47999572753906,5155100
2022-04-27,142.42999267578125,142.42999267578125,149.85000610351562,139.30999755859375,146.08999633789062,4716700
2022-04-28,142.52000427246094,142.52000427246094,148.4499969482422,136.0850067138672,143.72999572753906,5678900
2022-04-29,134.41000366210938,134.41000366210938,150.35000610351562,134.19000244140625,144.47000122070312,7103100
2022-05-02,142.0800018310547,142.0800018310547,146.4499969482422,134.82000732421875,134.8699951171875,7773200
2022-05-03,146.5399932861328,146.5399932861328,149.27999877929688,137.52999877929688,141.92999267578125,6326000
2022-05-04,155.0500030517578,155.0500030517578,155.4600067138672,142.22799682617188,153.47999572753906,11093100
2022-05-05,142.02000427246094,142.02000427246094,152.0,138.64999389648438,151.8699951171875,8060900
2022-05-06,134.39999389648438,134.39999389648438,140.60000610351562,131.0,139.6999969482422,7013000
2022-05-09,135.8000030517578,135.8000030517578,141.6529998779297,131.77999877929688,132.7899932861328,9625800
2022-05-10,132.32000732421875,132.32000732421875,139.05499267578125,127.61000061035156,137.39999389648438,8180200
2022-05-11,123.43000030517578,123.43000030517578,134.91000366210938,122.72000122070312,130.74000549316406,7409300
2022-05-12,130.1699981689453,130.1699981689453,132.93699645996094,119.01000213623048,120.5999984741211,7106700
2022-05-13,137.91000366210938,137.91000366210938,141.64999389648438,132.30999755859375,132.30999755859375,6494700
2022-05-16,136.25999450683594,136.25999450683594,141.60000610351562,133.82000732421875,135.8699951171875,4535600
2022-05-17,142.27999877929688,142.27999877929688,143.88999938964844,136.08999633789062,137.52000427246094,5960700
2022-05-18,137.7100067138672,137.7100067138672,144.1300048828125,136.2899932861328,138.41000366210938,4977800
2022-05-19,143.3800048828125,143.3800048828125,148.5,140.4600067138672,140.8699951171875,7708100
2022-05-20,136.25,136.25,144.77000427246094,131.35000610351562,143.07000732421875,5882500
2022-05-23,137.6199951171875,137.6199951171875,141.30999755859375,136.23500061035156,137.60000610351562,4284400
2022-05-24,132.05999755859375,132.05999755859375,136.60000610351562,126.7699966430664,136.23500061035156,6154300
2022-05-25,130.85000610351562,130.85000610351562,133.0,126.27999877929688,130.97999572753906,5343300
2022-05-26,135.8000030517578,135.8000030517578,136.13999938964844,126.52999877929688,130.85000610351562,5155600
2022-05-27,147.66000366210938,147.66000366210938,148.5399932861328,136.58999633789062,137.3800048828125,7590700
2022-05-31,145.3300018310547,145.3300018310547,149.44000244140625,142.74000549316406,145.05499267578125,8343900
2022-06-01,143.39999389648438,143.39999389648438,149.0800018310547,140.8699951171875,146.08999633789062,3646600
2022-06-02,140.17999267578125,140.17999267578125,142.5,130.9199981689453,140.1999969482422,7148000
2022-06-03,137.14999389648438,137.14999389648438,143.3800048828125,135.07000732421875,139.5800018310547,4059300
2022-06-06,140.0,140.0,143.0,136.7100067138672,137.99000549316406,3140000
2022-06-07,145.33999633789062,145.33999633789062,146.35499572753906,137.9600067138672,139.3699951171875,4072500
2022-06-08,148.52999877929688,148.52999877929688,152.72999572753906,146.75,147.47000122070312,4711300
2022-06-09,134.0399932861328,134.0399932861328,148.74000549316406,134.0,148.4600067138672,7534000
2022-06-10,127.12000274658205,127.12000274658205,134.69000244140625,124.52999877929688,132.88999938964844,6259000
2022-06-13,117.12999725341795,117.12999725341795,124.77999877929688,115.61000061035156,122.70999908447266,6700700
2022-06-14,121.55999755859376,121.55999755859376,123.1500015258789,115.88999938964844,117.26000213623048,5499100
2022-06-15,128.52999877929688,128.52999877929688,131.3800048828125,122.44000244140624,122.44000244140624,6965000
2022-06-16,121.08000183105467,121.08000183105467,125.25499725341795,118.05999755859376,124.37999725341795,5720000
2022-06-17,128.02999877929688,128.02999877929688,128.77000427246094,120.1999969482422,120.7300033569336,8356000
2022-06-21,129.99000549316406,129.99000549316406,134.5749969482422,129.6699981689453,130.4949951171875,4321400
2022-06-22,136.07000732421875,136.07000732421875,139.89999389648438,126.58999633789062,127.5,6044000
2022-06-23,143.25999450683594,143.25999450683594,143.66000366210938,132.8000030517578,136.0399932861328,4721200
2022-06-24,144.27000427246094,144.27000427246094,144.88999938964844,138.22000122070312,143.99000549316406,8480500
2022-06-27,145.36000061035156,145.36000061035156,146.39999389648438,138.49000549316406,143.0,4392800
2022-06-28,142.19000244140625,142.19000244140625,149.7899932861328,140.9499969482422,143.39999389648438,3984900
2022-06-29,142.80999755859375,142.80999755859375,144.36000061035156,138.6179962158203,140.4250030517578,2908100
2022-06-30,142.85000610351562,142.85000610351562,147.35000610351562,135.52000427246094,143.39999389648438,5631700
2022-07-01,149.9499969482422,149.9499969482422,151.10000610351562,139.5399932861328,141.92999267578125,4838200
2022-07-05,155.5399932861328,155.5399932861328,158.7899932861328,146.83999633789062,148.66000366210938,6013700
2022-07-06,159.55999755859375,159.55999755859375,161.00999450683594,150.39999389648438,154.50999450683594,4955600
2022-07-07,172.39999389648438,172.39999389648438,173.66000366210938,159.3800048828125,159.5,7626000
2022-07-08,176.22999572753906,176.22999572753906,180.72999572753903,170.36000061035156,170.72000122070312,7547200
2022-07-11,175.25999450683594,175.25999450683594,180.47999572753903,171.2899932861328,173.50999450683594,6587200
2022-07-12,173.25,173.25,176.89999389648438,170.16000366210938,174.72999572753906,5141500
2022-07-13,171.24000549316406,171.24000549316406,176.64999389648438,167.14999389648438,168.8800048828125,4075800
2022-07-14,159.9199981689453,159.9199981689453,170.86199951171875,155.92999267578125,169.24000549316406,6759000
2022-07-15,166.91000366210938,166.91000366210938,167.0,155.92999267578125,161.0,4272900
2022-07-18,163.39999389648438,163.39999389648438,172.72999572753906,162.55999755859375,169.11000061035156,3515400
2022-07-19,167.13999938964844,167.13999938964844,167.97999572753906,161.27000427246094,166.75999450683594,3006500
2022-07-20,166.88999938964844,166.88999938964844,172.50999450683594,163.9199981689453,167.0,2888900
2022-07-21,168.88999938964844,168.88999938964844,171.88999938964844,165.25,165.36000061035156,2518400
2022-07-22,163.52000427246094,163.52000427246094,171.10499572753906,161.43499755859375,170.0,2925000
2022-07-25,165.69000244140625,165.69000244140625,167.26800537109375,159.1300048828125,162.75,2488500
2022-07-26,160.89999389648438,160.89999389648438,166.3000030517578,159.90499877929688,166.3000030517578,2884700
2022-07-27,158.02000427246094,158.02000427246094,161.28199768066406,154.10000610351562,161.0,4285000
2022-07-28,158.07000732421875,158.07000732421875,158.80999755859375,151.72999572753906,157.0,3494600
2022-07-29,164.08999633789062,164.08999633789062,164.60000610351562,159.44000244140625,161.44000244140625,3859000
2022-08-01,161.50999450683594,161.50999450683594,166.1790008544922,160.05999755859375,163.85000610351562,3794000
2022-08-02,160.80999755859375,160.80999755859375,165.2899932861328,160.75999450683594,161.02999877929688,3522800
2022-08-03,186.4900054931641,186.4900054931641,189.3300018310547,167.74000549316406,167.74000549316406,13750900
2022-08-04,194.17999267578125,194.17999267578125,197.44000244140625,185.47000122070312,185.75,6877000
2022-08-05,186.83999633789065,186.83999633789065,192.3999938964844,182.25999450683597,189.27099609375,5426000
2022-08-08,182.94000244140625,182.94000244140625,190.27999877929688,180.08999633789062,185.1999969482422,4078600
2022-08-09,171.13999938964844,171.13999938964844,180.7100067138672,169.20199584960938,176.00999450683594,5082500
2022-08-10,174.27000427246094,174.27000427246094,176.67999267578125,169.82000732421875,174.08999633789062,3550300
2022-08-11,171.80999755859375,171.80999755859375,179.85000610351562,171.05999755859375,174.43499755859375,3340500
2022-08-12,171.17999267578125,171.17999267578125,173.9499969482422,168.63999938964844,172.67999267578125,2818000
2022-08-15,176.77999877929688,176.77999877929688,179.3300018310547,171.85000610351562,172.85000610351562,4884000
2022-08-16,167.9600067138672,167.9600067138672,180.1300048828125,166.60499572753906,176.0,5053600
2022-08-17,158.0,158.0,167.6199951171875,157.67999267578125,165.0449981689453,5518200
2022-08-18,150.0,150.0,158.50999450683594,148.25999450683594,157.0,7043400
2022-08-19,146.10000610351562,146.10000610351562,150.75,144.99000549316406,147.63999938964844,4688300
2022-08-22,142.47000122070312,142.47000122070312,148.8800048828125,141.57000732421875,145.25,4488900
2022-08-23,143.77999877929688,143.77999877929688,144.80799865722656,139.2100067138672,141.6999969482422,3677600
2022-08-24,141.42999267578125,141.42999267578125,144.22000122070312,140.6300048828125,142.66000366210938,3486400
2022-08-25,142.0500030517578,142.0500030517578,142.27999877929688,137.77999877929688,142.25,3422800
2022-08-26,136.6999969482422,136.6999969482422,145.5,136.66000366210938,142.8000030517578,3997200
2022-08-29,137.25999450683594,137.25999450683594,139.3699951171875,135.0,135.08999633789062,3239000
2022-08-30,135.92999267578125,135.92999267578125,138.0,132.8179931640625,137.89999389648438,3607100
2022-08-31,132.27000427246094,132.27000427246094,139.8800048828125,131.7100067138672,136.9499969482422,4396500
2022-09-01,138.9499969482422,138.9499969482422,139.0,130.11000061035156,131.1300048828125,6664800
2022-09-02,138.57000732421875,138.57000732421875,140.92999267578125,137.468994140625,140.36000061035156,5267700
2022-09-06,130.0800018310547,130.0800018310547,138.39999389648438,129.82000732421875,138.0,5871400
2022-09-07,134.89999389648438,134.89999389648438,135.10000610351562,129.5800018310547,129.67999267578125,3967600
2022-09-08,141.27999877929688,141.27999877929688,142.25999450683594,136.10000610351562,136.6999969482422,5053500
2022-09-09,142.27999877929688,142.27999877929688,142.64999389648438,138.05999755859375,142.0399932861328,3499100
2022-09-12,140.32000732421875,140.32000732421875,144.78799438476562,139.75999450683594,142.0,3442200
2022-09-13,131.3000030517578,131.3000030517578,138.22999572753906,131.0500030517578,136.05999755859375,4907200
2022-09-14,139.39999389648438,139.39999389648438,141.82000732421875,133.58999633789062,134.00999450683594,7904900
2022-09-15,135.86000061035156,135.86000061035156,139.83999633789062,135.5800018310547,138.61000061035156,4359800
2022-09-16,137.74000549316406,137.74000549316406,139.8800048828125,133.75999450683594,134.3699951171875,7562400
2022-09-19,127.9000015258789,127.9000015258789,135.99000549316406,123.68499755859376,135.6999969482422,11469100
2022-09-20,129.7050018310547,129.7050018310547,134.35000610351562,125.79000091552734,125.8000030517578,8551100
2022-09-21,125.76000213623048,125.76000213623048,131.7899932861328,125.68000030517578,130.3699951171875,3852900
2022-09-22,124.31999969482422,124.31999969482422,126.08000183105467,122.9000015258789,124.31600189208984,3466300
2022-09-23,123.63999938964844,123.63999938964844,125.01000213623048,121.25,122.80999755859376,3942600
2022-09-26,119.69000244140624,119.69000244140624,125.87999725341795,119.55999755859376,123.33999633789062,3824700
2022-09-27,122.2300033569336,122.2300033569336,125.16000366210938,120.25,120.58000183105467,3798000
2022-09-28,122.1500015258789,122.1500015258789,126.29000091552734,121.81999969482422,123.58000183105467,4245900
2022-09-29,118.06999969482422,118.06999969482422,120.58000183105467,115.02999877929688,119.9000015258789,4755200
2022-09-30,118.25,118.25,122.58000183105467,118.08000183105467,118.44000244140624,3856000
2022-10-03,120.98999786376952,120.98999786376952,122.39800262451172,115.41000366210938,119.31999969482422,3812200
2022-10-04,125.66999816894533,125.66999816894533,126.41000366210938,123.5,123.66999816894533,3464300
2022-10-05,125.62000274658205,125.62000274658205,126.73999786376952,121.61000061035156,122.4000015258789,2277600
2022-10-06,125.1500015258789,125.1500015258789,127.63999938964844,122.93000030517578,124.77999877929688,2363400
2022-10-07,119.31999969482422,119.31999969482422,123.36000061035156,118.45999908447266,121.5,3158400
2022-10-10,123.41999816894533,123.41999816894533,125.25,118.47000122070312,119.31999969482422,3824100
2022-10-11,120.72000122070312,120.72000122070312,124.77999877929688,118.94000244140624,123.29000091552734,2963700
2022-10-12,130.72000122070312,130.72000122070312,141.47000122070312,129.61000061035156,135.55499267578125,17676000
2022-10-13,134.72000122070312,134.72000122070312,136.1199951171875,126.19000244140624,126.36000061035156,5068100
2022-10-14,134.0,134.0,136.16000366210938,131.31500244140625,135.67999267578125,4579800
2022-10-17,139.25,139.25,140.32000732421875,133.0,135.52000427246094,4638400
2022-10-18,134.08999633789062,134.08999633789062,141.0,132.38999938964844,140.74000549316406,5096200
2022-10-19,123.5199966430664,123.5199966430664,133.2899932861328,122.91999816894533,132.5,6024500
2022-10-20,118.37999725341795,118.37999725341795,124.69000244140624,118.30999755859376,122.94000244140624,5497700
2022-10-21,128.32000732421875,128.32000732421875,130.3000030517578,122.02999877929688,123.7699966430664,8129300
2022-10-24,133.02000427246094,133.02000427246094,133.9600067138672,126.72000122070312,127.48999786376952,4102700
2022-10-25,136.57000732421875,136.57000732421875,138.35000610351562,133.00100708007812,134.0,4345300
2022-10-26,142.0,142.0,147.67999267578125,137.02000427246094,137.25,5733700
2022-10-27,144.11000061035156,144.11000061035156,146.25,140.8000030517578,143.3800048828125,3672400
2022-10-28,150.97000122070312,150.97000122070312,151.19000244140625,142.83999633789062,142.83999633789062,4567900
2022-10-31,150.3300018310547,150.3300018310547,154.33999633789062,148.57000732421875,149.42999267578125,3675200
2022-11-01,154.6199951171875,154.6199951171875,158.8800048828125,152.41000366210938,154.77000427246094,4344300
2022-11-02,148.6199951171875,148.6199951171875,156.17999267578125,148.3000030517578,154.1999969482422,5048400
2022-11-03,147.5,147.5,150.74600219726562,135.08999633789062,138.75999450683594,9194400
2022-11-04,158.41000366210938,158.41000366210938,160.74000549316406,143.64500427246094,149.6199951171875,8108500
2022-11-07,164.0399932861328,164.0399932861328,165.49000549316406,155.80999755859375,158.4600067138672,4858500
2022-11-08,164.61000061035156,164.61000061035156,167.49000549316406,159.05999755859375,162.4600067138672,3389200
2022-11-09,163.2100067138672,163.2100067138672,169.8300018310547,162.35000610351562,162.5,3813800
2022-11-10,168.55999755859375,168.55999755859375,169.27999877929688,161.7100067138672,164.52499389648438,4886100
2022-11-11,171.1999969482422,171.1999969482422,172.13499450683594,162.74000549316406,168.30999755859375,3611600
2022-11-14,179.02999877929688,179.02999877929688,184.2400054931641,169.27000427246094,169.27000427246094,6662500
2022-11-15,185.47000122070312,185.47000122070312,187.8699951171875,178.35000610351562,180.66000366210935,5159000
2022-11-16,185.25,185.25,188.6499938964844,182.8800048828125,184.44000244140625,4030000
2022-11-17,183.8999938964844,183.8999938964844,184.44000244140625,178.97999572753906,181.3300018310547,3372400
2022-11-18,181.58999633789065,181.58999633789065,188.4499969482422,181.22000122070312,184.0,3549500
2022-11-21,176.75,176.75,180.7899932861328,175.1699981689453,179.7100067138672,3100100
2022-11-22,179.58999633789062,179.58999633789062,179.8300018310547,170.27000427246094,176.0800018310547,3307100
2022-11-23,176.80999755859375,176.80999755859375,179.36000061035156,174.5800018310547,178.00999450683594,2311800
2022-11-25,176.39999389648438,176.39999389648438,179.13999938964844,173.41000366210938,175.00999450683594,1221100
2022-11-28,175.3800048828125,175.3800048828125,184.22000122070312,174.6699981689453,177.08999633789062,3748500
2022-11-29,173.14999389648438,173.14999389648438,179.0,171.52999877929688,176.14999389648438,2840900
2022-11-30,175.91000366210938,175.91000366210938,176.75,169.05999755859375,173.52000427246094,3720200
2022-12-01,181.47999572753903,181.47999572753903,185.8999938964844,172.3800048828125,173.41000366210938,4872000
2022-12-02,182.3500061035156,182.3500061035156,182.8000030517578,177.0,178.5,2765400
2022-12-05,175.92999267578125,175.92999267578125,183.68499755859372,173.58999633789062,180.9900054931641,3525400
2022-12-06,173.5399932861328,173.5399932861328,175.77999877929688,169.6999969482422,175.02000427246094,3392300
2022-12-07,179.0,179.0,180.38499450683597,171.85000610351562,172.30999755859375,3579300
2022-12-08,184.6999969482422,184.6999969482422,185.2100067138672,177.52000427246094,179.1199951171875,3414000
2022-12-09,177.35000610351562,177.35000610351562,185.40899658203125,177.10000610351562,185.0,3497800
2022-12-12,165.1300048828125,165.1300048828125,175.7729949951172,162.77999877929688,175.52999877929688,5202200
2022-12-13,197.5399932861328,197.5399932861328,208.5200042724609,184.0200042724609,187.3300018310547,26239600
2022-12-14,208.9499969482422,208.9499969482422,217.25,192.5410003662109,195.0800018310547,21435200
2022-12-15,207.25,207.25,212.44000244140625,202.08999633789065,207.6100006103516,9641000
2022-12-16,193.2899932861328,193.2899932861328,209.8500061035156,190.6199951171875,206.3699951171875,11819400
2022-12-19,189.88999938964844,189.88999938964844,204.0,187.8600006103516,200.0,6953300
2022-12-20,201.16000366210935,201.16000366210935,204.22000122070312,187.5399932861328,189.0,9561800
2022-12-21,210.0399932861328,210.0399932861328,210.22000122070312,199.75,201.8500061035156,7584000
2022-12-22,208.33999633789065,208.33999633789065,212.47000122070312,201.6100006103516,209.82000732421875,5374600
2022-12-23,199.0800018310547,199.0800018310547,208.9900054931641,197.55999755859372,206.69000244140625,6166000
2022-12-27,180.1699981689453,180.1699981689453,201.42999267578125,179.8300018310547,199.8999938964844,6736000
2022-12-28,176.5,176.5,183.75,174.50999450683594,180.0,5525600
2022-12-29,178.86000061035156,178.86000061035156,182.5,175.39999389648438,178.19000244140625,3746800
2022-12-30,179.6199951171875,179.6199951171875,179.69000244140625,172.30999755859375,176.22000122070312,3436000
2023-01-03,178.99000549316406,178.99000549316406,184.38999938964844,178.22999572753906,180.8500061035156,4027900
2023-01-04,177.36000061035156,177.36000061035156,183.6100006103516,175.6300048828125,182.4199981689453,2840900
2023-01-05,173.50999450683594,173.50999450683594,175.51400756835938,171.60000610351562,174.8000030517578,3050600
2023-01-06,180.3500061035156,180.3500061035156,181.7400054931641,171.39999389648438,174.9600067138672,3575000
2023-01-09,183.9499969482422,183.9499969482422,188.3600006103516,177.27000427246094,181.8000030517578,4344000
2023-01-10,189.6499938964844,189.6499938964844,189.80999755859372,181.5030059814453,182.6999969482422,2457900
2023-01-11,186.63999938964844,186.63999938964844,189.6499938964844,182.66799926757807,188.57000732421875,3152700
2023-01-12,188.05999755859372,188.05999755859372,189.2899932861328,179.14999389648438,186.5399932861328,3881600
2023-01-13,192.0,192.0,192.1199951171875,185.0500030517578,185.0800018310547,3230200
2023-01-17,190.69000244140625,190.69000244140625,194.6300048828125,187.63999938964844,187.8950042724609,3722100
2023-01-18,197.0200042724609,197.0200042724609,207.50999450683597,195.0200042724609,200.32200622558597,11058900
2023-01-19,190.3800048828125,190.3800048828125,197.30999755859372,190.32000732421875,196.2100067138672,4273900
2023-01-20,193.97999572753903,193.97999572753903,194.5850067138672,188.5200042724609,190.6000061035156,4047200
2023-01-23,196.94000244140625,196.94000244140625,198.8600006103516,192.2100067138672,192.6100006103516,2907300
2023-01-24,196.75999450683597,196.75999450683597,197.05999755859372,193.21499633789065,195.8300018310547,1851300
2023-01-25,193.07000732421875,193.07000732421875,194.9600067138672,189.75,194.3300018310547,2288200
2023-01-26,193.2400054931641,193.2400054931641,195.0,187.5500030517578,194.42999267578125,2392300
2023-01-27,189.3500061035156,189.3500061035156,193.5200042724609,188.27999877929688,191.91000366210935,3346500
2023-01-30,180.8699951171875,180.8699951171875,187.58999633789065,180.63999938964844,187.22999572753903,3198200
2023-01-31,176.05999755859375,176.05999755859375,180.2100067138672,173.77999877929688,176.5,6212700
2023-02-01,174.3000030517578,174.3000030517578,176.3000030517578,167.27999877929688,174.6999969482422,5607500
2023-02-02,176.35000610351562,176.35000610351562,176.72999572753906,170.50999450683594,173.39999389648438,4061500
2023-02-03,173.25,173.25,178.74000549316406,172.39999389648438,172.74000549316406,2821400
2023-02-06,170.27000427246094,170.27000427246094,174.41000366210938,169.6699981689453,171.97999572753906,2858000
2023-02-07,171.05999755859375,171.05999755859375,171.8699951171875,167.02999877929688,170.25999450683594,2574100
2023-02-08,164.33999633789062,164.33999633789062,170.38999938964844,164.14999389648438,169.3300018310547,2960500
2023-02-09,164.47999572753906,164.47999572753906,170.10000610351562,163.19000244140625,167.02999877929688,2853800
2023-02-10,169.27999877929688,169.27999877929688,169.50999450683594,162.64999389648438,164.0,2945200
2023-02-13,171.47999572753906,171.47999572753906,171.77000427246094,166.00999450683594,168.72999572753906,2702300
2023-02-14,175.6199951171875,175.6199951171875,176.0399932861328,169.2899932861328,170.88999938964844,2906400
2023-02-15,177.27999877929688,177.27999877929688,177.3699951171875,172.4499969482422,173.1699981689453,1962200
2023-02-16,172.30999755859375,172.30999755859375,176.1999969482422,171.58999633789062,173.07000732421875,2466600
2023-02-17,166.60000610351562,166.60000610351562,166.72000122070312,160.66000366210938,163.0,5057000
2023-02-21,160.08999633789062,160.08999633789062,166.86000061035156,159.49000549316406,165.25,3295700
2023-02-22,158.1699981689453,158.1699981689453,161.49000549316406,157.0,160.35000610351562,3082500
2023-02-23,147.57000732421875,147.57000732421875,157.5,143.718994140625,153.72999572753906,9378900
2023-02-24,139.25999450683594,139.25999450683594,144.27000427246094,138.2100067138672,140.52999877929688,5998700
2023-02-27,138.27000427246094,138.27000427246094,140.91000366210938,136.72000122070312,139.52000427246094,4966000
2023-02-28,138.80999755859375,138.80999755859375,140.9600067138672,137.3699951171875,138.27000427246094,3995000
2023-03-01,135.66000366210938,135.66000366210938,140.27999877929688,133.66000366210938,138.38999938964844,4588100
2023-03-02,137.86000061035156,137.86000061035156,139.02999877929688,135.33999633789062,135.36000061035156,3305400
2023-03-03,143.1999969482422,143.1999969482422,144.85499572753906,138.14999389648438,138.67999267578125,3964800
2023-03-06,144.02999877929688,144.02999877929688,145.05999755859375,142.6300048828125,143.3000030517578,2871100
2023-03-07,141.0500030517578,141.0500030517578,145.74000549316406,139.67999267578125,143.77999877929688,2777700
2023-03-08,142.0800018310547,142.0800018310547,142.52999877929688,140.32000732421875,140.32000732421875,2193800
2023-03-09,137.36000061035156,137.36000061035156,144.02999877929688,136.51600646972656,142.0399932861328,3092600
2023-03-10,138.2899932861328,138.2899932861328,141.5500030517578,135.5919952392578,137.05999755859375,3886300
2023-03-13,147.89999389648438,147.89999389648438,148.94000244140625,138.05999755859375,138.49000549316406,5681300
2023-03-14,151.27999877929688,151.27999877929688,154.8800048828125,148.0500030517578,148.97999572753906,3952600
2023-03-15,149.60000610351562,149.60000610351562,151.19000244140625,147.61000061035156,148.8800048828125,2740000
2023-03-16,151.77999877929688,151.77999877929688,152.8520050048828,147.97000122070312,149.6699981689453,2654300
2023-03-17,150.02000427246094,150.02000427246094,154.47999572753906,149.10000610351562,151.9199981689453,5997400
2023-03-20,154.52000427246094,154.52000427246094,156.57000732421875,148.66000366210938,150.00999450683594,3263800
2023-03-21,152.10000610351562,152.10000610351562,155.6999969482422,151.82000732421875,154.5399932861328,3010600
2023-03-22,148.17999267578125,148.17999267578125,153.67999267578125,148.07000732421875,153.30999755859375,2820600
2023-03-23,149.4199981689453,149.4199981689453,153.75999450683594,146.89999389648438,149.9199981689453,2708700
2023-03-24,150.8800048828125,150.8800048828125,152.57000732421875,148.97000122070312,149.74000549316406,1988400
2023-03-27,148.35000610351562,148.35000610351562,150.3800048828125,145.36000061035156,149.8000030517578,2641400
2023-03-28,146.9199981689453,146.9199981689453,149.66000366210938,146.17999267578125,147.97999572753906,1992800
2023-03-29,148.8000030517578,148.8000030517578,150.08999633789062,147.55499267578125,149.0,1902400
2023-03-30,147.44000244140625,147.44000244140625,151.25,146.59500122070312,150.1999969482422,2209600
2023-03-31,153.5800018310547,153.5800018310547,154.97999572753906,147.88999938964844,148.52000427246094,3784600
2023-04-03,159.47999572753906,159.47999572753906,159.99000549316406,153.5,153.5,3972400
2023-04-04,156.52000427246094,156.52000427246094,159.67999267578125,156.02999877929688,159.2100067138672,2308700
2023-04-05,154.61000061035156,154.61000061035156,156.8699951171875,152.24899291992188,155.7899932861328,2278800
2023-04-06,158.27000427246094,158.27000427246094,159.07000732421875,153.49000549316406,155.0,2618700
2023-04-10,160.14999389648438,160.14999389648438,161.19000244140625,154.44500732421875,160.0,2726100
2023-04-11,155.25,155.25,156.77999877929688,149.32000732421875,152.42999267578125,6591100
2023-04-12,155.55999755859375,155.55999755859375,159.0500030517578,154.6199951171875,156.35000610351562,2964900
2023-04-13,160.52999877929688,160.52999877929688,162.10000610351562,155.32000732421875,156.61000061035156,2911500
2023-04-14,157.10000610351562,157.10000610351562,163.24000549316406,155.35000610351562,159.9499969482422,2661700
2023-04-17,143.97000122070312,143.97000122070312,156.75,143.20599365234375,156.60000610351562,11560400
2023-04-18,142.6300048828125,142.6300048828125,144.92999267578125,141.00999450683594,144.0,4405500
2023-04-19,142.82000732421875,142.82000732421875,144.05999755859375,141.25,141.57000732421875,2820200
2023-04-20,141.13999938964844,141.13999938964844,144.42999267578125,140.44000244140625,141.39999389648438,3144000
2023-04-21,140.85000610351562,140.85000610351562,142.82000732421875,138.5500030517578,141.00999450683594,3128200
2023-04-24,138.13999938964844,138.13999938964844,141.1999969482422,136.0500030517578,140.8699951171875,3502900
2023-04-25,134.89999389648438,134.89999389648438,139.6199951171875,134.6999969482422,138.1300048828125,3276400
2023-04-26,130.72000122070312,130.72000122070312,135.97000122070312,129.8800048828125,134.80999755859375,3575100
2023-04-27,130.07000732421875,130.07000732421875,132.27000427246094,129.64999389648438,130.88999938964844,3097600
2023-04-28,132.88999938964844,132.88999938964844,133.25999450683594,129.02000427246094,130.0399932861328,3023400
2023-05-01,133.39999389648438,133.39999389648438,134.52999877929688,130.7100067138672,132.0,2748500
2023-05-02,131.39999389648438,131.39999389648438,135.55999755859375,130.5399932861328,133.50999450683594,3247600
2023-05-03,130.13999938964844,130.13999938964844,132.8800048828125,129.85000610351562,130.52000427246094,3322100
2023-05-04,134.3300018310547,134.3300018310547,138.22000122070312,129.75,133.92999267578125,5504800
2023-05-05,137.0399932861328,137.0399932861328,138.17999267578125,132.13999938964844,134.64999389648438,3378100
2023-05-08,131.75,131.75,137.1300048828125,131.1999969482422,136.24000549316406,3990700
2023-05-09,133.77000427246094,133.77000427246094,133.8800048828125,130.91000366210938,131.47999572753906,2560400
2023-05-10,130.8300018310547,130.8300018310547,135.3300018310547,130.3699951171875,134.55999755859375,2842800
2023-05-11,128.41000366210938,128.41000366210938,131.39999389648438,126.5500030517578,130.97000122070312,2868700
2023-05-12,129.3000030517578,129.3000030517578,131.05999755859375,128.0500030517578,128.5,1895300
2023-05-15,130.25999450683594,130.25999450683594,130.75,126.4980010986328,128.6999969482422,2279300
2023-05-16,125.11000061035156,125.11000061035156,129.5,124.25,129.3699951171875,3686600
2023-05-17,125.56999969482422,125.56999969482422,126.98999786376952,122.55999755859376,124.25,2574400
2023-05-18,125.33000183105467,125.33000183105467,126.01000213623048,122.98999786376952,125.91999816894533,3008900
2023-05-19,126.23999786376952,126.23999786376952,126.87999725341795,124.58000183105467,126.18000030517578,2603600
2023-05-22,126.73999786376952,126.73999786376952,127.83000183105467,125.69000244140624,126.25,1682900
2023-05-23,137.75,137.75,139.91000366210938,125.5999984741211,126.48999786376952,7730500
2023-05-24,131.58999633789062,131.58999633789062,142.7899932861328,130.33999633789062,141.19000244140625,5320900
2023-05-25,126.47000122070312,126.47000122070312,130.16000366210938,125.8000030517578,130.0,4234900
2023-05-26,126.23999786376952,126.23999786376952,128.49000549316406,124.25,128.49000549316406,3640800
2023-05-30,128.88999938964844,128.88999938964844,129.24000549316406,124.2300033569336,126.47000122070312,2618500
2023-05-31,127.70999908447266,127.70999908447266,130.4499969482422,125.16000366210938,128.8800048828125,3929500
2023-06-01,128.52000427246094,128.52000427246094,129.08999633789062,125.5,128.44000244140625,1942200
2023-06-02,130.50999450683594,130.50999450683594,131.64999389648438,128.82000732421875,129.75,2357500
2023-06-05,128.89999389648438,128.89999389648438,134.5850067138672,128.83999633789062,131.0,3206100
2023-06-06,126.9000015258789,126.9000015258789,129.14999389648438,124.75,129.0,2491400
2023-06-07,125.61000061035156,125.61000061035156,127.08999633789062,125.3000030517578,126.58999633789062,3161400
2023-06-08,124.94000244140624,124.94000244140624,125.41000366210938,122.27999877929688,125.41000366210938,2496600
2023-06-09,123.26000213623048,123.26000213623048,125.6259994506836,122.8000030517578,124.6999969482422,2201900
2023-06-12,123.5199966430664,123.5199966430664,123.87999725341795,121.5530014038086,123.36000061035156,2979100
2023-06-13,127.9800033569336,127.9800033569336,128.83999633789062,122.9000015258789,123.25,3328100
2023-06-14,126.0500030517578,126.0500030517578,128.6199951171875,124.61000061035156,128.0800018310547,2980200
2023-06-15,129.97999572753906,129.97999572753906,130.19000244140625,125.08000183105467,126.0,3027800
2023-06-16,128.72999572753906,128.72999572753906,133.1649932861328,126.9800033569336,130.9499969482422,5499600
2023-06-20,124.2300033569336,124.2300033569336,128.1999969482422,124.05999755859376,127.8000030517578,2989700
2023-06-21,121.06999969482422,121.06999969482422,124.16000366210938,121.0,123.5,2908100
2023-06-22,120.4800033569336,120.4800033569336,121.31999969482422,118.44000244140624,121.0,3264800
2023-06-23,118.5,118.5,120.12000274658205,117.22699737548828,119.6999969482422,3284400
2023-06-26,120.41000366210938,120.41000366210938,122.9499969482422,119.20800018310548,121.1999969482422,3466100
2023-06-27,120.66999816894533,120.66999816894533,120.88999938964844,118.51000213623048,120.4499969482422,2375300
2023-06-28,123.0,123.0,123.2249984741211,119.16000366210938,121.19000244140624,2534300
2023-06-29,122.11000061035156,122.11000061035156,122.97799682617188,121.3000030517578,122.5,1886100
2023-06-30,121.5,121.5,123.61000061035156,121.5,123.1500015258789,2405300
2023-07-03,121.7300033569336,121.7300033569336,122.94000244140624,120.12000274658205,121.75,1782000
2023-07-05,123.54000091552734,123.54000091552734,128.97999572753906,122.51000213623048,122.88999938964844,5001200
2023-07-06,118.29000091552734,118.29000091552734,123.2699966430664,117.11000061035156,122.51000213623048,4849400
2023-07-07,118.87000274658205,118.87000274658205,120.13999938964844,117.81500244140624,118.01000213623048,2436900
2023-07-10,123.08999633789062,123.08999633789062,123.5999984741211,118.63999938964844,118.87000274658205,3401800
2023-07-11,122.12999725341795,122.12999725341795,124.5,121.20500183105467,123.44000244140624,2127300
2023-07-12,125.91999816894533,125.91999816894533,127.37999725341795,123.5500030517578,124.45999908447266,2968600
2023-07-13,126.61000061035156,126.61000061035156,128.05999755859375,126.05999755859376,126.5199966430664,2521400
2023-07-14,121.3499984741211,121.3499984741211,124.88200378417967,120.58000183105467,124.5199966430664,4104600
2023-07-17,122.5999984741211,122.5999984741211,122.83999633789062,120.06999969482422,120.5999984741211,2681800
2023-07-18,122.61000061035156,122.61000061035156,125.48999786376952,121.75,122.5999984741211,2835300
2023-07-19,125.16999816894533,125.16999816894533,126.77999877929688,123.22000122070312,123.48999786376952,3029000
2023-07-20,124.7699966430664,124.7699966430664,127.4800033569336,124.58000183105467,124.58000183105467,2622400
2023-07-21,126.43000030517578,126.43000030517578,127.22000122070312,121.61000061035156,125.7300033569336,7268900
2023-07-24,123.01000213623048,123.01000213623048,126.45999908447266,121.27999877929688,126.43000030517578,4149600
2023-07-25,121.87000274658205,121.87000274658205,125.36000061035156,121.77999877929688,123.18000030517578,2852300
2023-07-26,120.6500015258789,120.6500015258789,121.9499969482422,118.9000015258789,121.87000274658205,2583600
2023-07-27,118.51000213623048,118.51000213623048,122.13999938964844,118.25,121.5,2545200
2023-07-28,118.66000366210938,118.66000366210938,120.2300033569336,118.4800033569336,119.2300033569336,2388000
2023-07-31,117.66000366210938,117.66000366210938,119.03500366210938,117.0500030517578,118.72000122070312,3161500
2023-08-01,113.94000244140624,113.94000244140624,117.0459976196289,113.7699966430664,117.0,4860200
2023-08-02,110.22000122070312,110.22000122070312,114.12000274658205,110.04000091552734,112.5999984741211,4541000
2023-08-03,109.9499969482422,109.9499969482422,114.7699966430664,108.26000213623048,108.62999725341795,6017100
2023-08-04,108.19000244140624,108.19000244140624,111.68000030517578,107.5999984741211,108.88999938964844,4035000
2023-08-07,101.1999969482422,101.1999969482422,106.52999877929688,98.43000030517578,106.52999877929688,10238900
2023-08-08,99.73999786376952,99.73999786376952,101.8249969482422,98.86000061035156,101.36000061035156,4704100
2023-08-09,101.81999969482422,101.81999969482422,102.8499984741211,98.63800048828124,99.56999969482422,3758500
2023-08-10,100.27999877929688,100.27999877929688,104.16999816894533,99.69000244140624,102.87999725341795,3109600
2023-08-11,101.48999786376952,101.48999786376952,102.0199966430664,98.9499969482422,99.08000183105467,2857300
2023-08-14,100.0,100.0,100.87000274658205,97.8000030517578,100.87000274658205,3037900
2023-08-15,96.41000366210938,96.41000366210938,98.93000030517578,96.10399627685548,98.7300033569336,3226500
2023-08-16,98.91999816894533,98.91999816894533,99.73999786376952,95.0199966430664,95.45999908447266,5198600
2023-08-17,106.23999786376952,106.23999786376952,106.58000183105467,98.91999816894533,98.98999786376952,7535400
2023-08-18,101.62000274658205,101.62000274658205,107.26000213623048,101.4000015258789,105.9000015258789,4137400
2023-08-21,111.08000183105467,111.08000183105467,112.31999969482422,101.81999969482422,101.98999786376952,7747300
2023-08-22,116.23999786376952,116.23999786376952,116.87999725341795,112.45999908447266,112.5,7095600
2023-08-23,115.45999908447266,115.45999908447266,117.68000030517578,111.8499984741211,117.33999633789062,3768000
2023-08-24,112.6500015258789,112.6500015258789,115.37000274658205,112.58000183105467,114.93000030517578,2719200
2023-08-25,111.93000030517578,111.93000030517578,114.6999969482422,109.80999755859376,113.6500015258789,2708000
2023-08-28,113.83000183105467,113.83000183105467,116.9499969482422,113.0,114.7300033569336,2698800
2023-08-29,115.98999786376952,115.98999786376952,116.44000244140624,113.72000122070312,113.75,2851400
2023-08-30,116.62000274658205,116.62000274658205,118.06999969482422,114.0,116.19000244140624,3328500
2023-08-31,113.06999969482422,113.06999969482422,116.5999984741211,112.86000061035156,116.44000244140624,3305400
2023-09-01,112.55999755859376,112.55999755859376,114.72000122070312,111.5749969482422,114.20999908447266,2236800
2023-09-05,109.36000061035156,109.36000061035156,112.77899932861328,108.98500061035156,112.72000122070312,2866700
2023-09-06,108.23999786376952,108.23999786376952,109.75,106.5999984741211,109.75,2924800
2023-09-07,108.3499984741211,108.3499984741211,110.12000274658205,106.6999969482422,107.61000061035156,2664100
2023-09-08,107.63999938964844,107.63999938964844,109.47000122070312,106.87000274658205,107.62000274658205,2160000
2023-09-11,105.8000030517578,105.8000030517578,107.25,104.5,106.8000030517578,3055400
2023-09-12,105.23999786376952,105.23999786376952,106.1750030517578,103.53299713134766,105.37000274658205,2734300
2023-09-13,108.58999633789062,108.58999633789062,114.87999725341795,107.23999786376952,113.8000030517578,9816700
2023-09-14,112.80999755859376,112.80999755859376,114.33000183105467,106.38999938964844,108.58999633789062,5512600
2023-09-15,114.58999633789062,114.58999633789062,115.25,111.9000015258789,112.98999786376952,6327800
2023-09-18,104.13999938964844,104.13999938964844,114.3000030517578,103.80999755859376,114.20500183105467,7528900
2023-09-19,106.73999786376952,106.73999786376952,107.79000091552734,101.8499984741211,102.30999755859376,4119300
2023-09-20,103.52999877929688,103.52999877929688,106.66000366210938,103.26799774169922,106.6500015258789,2869100
2023-09-21,100.2300033569336,100.2300033569336,103.59300231933594,100.06999969482422,101.77999877929688,3218100
2023-09-22,99.98999786376952,99.98999786376952,100.9800033569336,98.51000213623048,100.7699966430664,2277200
2023-09-25,98.16999816894533,98.16999816894533,99.8000030517578,97.11000061035156,99.5199966430664,2909000
2023-09-26,98.12000274658205,98.12000274658205,99.62100219726562,97.88999938964844,98.56999969482422,2888400
2023-09-27,99.44000244140624,99.44000244140624,100.33000183105467,97.9000015258789,98.76000213623048,2367400
2023-09-28,100.2699966430664,100.2699966430664,101.02999877929688,97.31999969482422,98.94000244140624,2034500
2023-09-29,103.29000091552734,103.29000091552734,104.73999786376952,100.97000122070312,100.97000122070312,4202900
2023-10-02,103.30999755859376,103.30999755859376,104.05999755859376,101.4800033569336,103.12000274658205,2413400
2023-10-03,103.08000183105467,103.08000183105467,103.68000030517578,100.91999816894533,101.93000030517578,2417800
2023-10-04,104.26000213623048,104.26000213623048,104.81600189208984,99.33000183105467,104.61000061035156,3296600
2023-10-05,102.97000122070312,102.97000122070312,104.35800170898438,99.61000061035156,103.6999969482422,2824100
2023-10-06,103.87999725341795,103.87999725341795,104.97000122070312,101.11000061035156,101.62999725341795,2463000
2023-10-09,101.83999633789062,101.83999633789062,102.7699966430664,98.01000213623048,102.7300033569336,3170700
2023-10-10,104.43000030517578,104.43000030517578,104.84200286865234,101.5,101.9499969482422,2245300
2023-10-11,102.76000213623048,102.76000213623048,105.94100189208984,102.43000030517578,104.95999908447266,2095400
2023-10-12,100.77999877929688,100.77999877929688,102.80999755859376,100.30999755859376,102.0,2749200
2023-10-13,98.3000030517578,98.3000030517578,100.58999633789062,97.55999755859376,100.0,3370900
2023-10-16,91.94000244140624,91.94000244140624,96.6500015258789,90.18000030517578,95.3000030517578,9062600
2023-10-17,86.33000183105469,86.33000183105469,91.69000244140624,86.23999786376953,90.37999725341795,8604500
2023-10-18,86.01000213623047,86.01000213623047,87.55000305175781,85.0999984741211,85.55000305175781,4690800
2023-10-19,82.37000274658203,82.37000274658203,86.88999938964844,80.4800033569336,85.80999755859375,6495600
2023-10-20,80.4000015258789,80.4000015258789,82.44999694824219,79.70999908447266,82.12999725341797,5462600
2023-10-23,78.63999938964844,78.63999938964844,80.81500244140625,78.27999877929688,79.1500015258789,4584200
2023-10-24,79.76000213623047,79.76000213623047,81.6240005493164,78.80999755859375,78.80999755859375,3194800
2023-10-25,76.76000213623047,76.76000213623047,78.81999969482422,75.88999938964844,78.55000305175781,3607800
2023-10-26,75.9800033569336,75.9800033569336,77.22000122070312,75.44000244140625,76.7300033569336,3429800
2023-10-27,71.91000366210938,71.91000366210938,76.55999755859375,71.55000305175781,75.9000015258789,5440800
2023-10-30,74.06999969482422,74.06999969482422,74.4000015258789,71.80000305175781,71.87999725341797,4228400
2023-10-31,75.95999908447266,75.95999908447266,76.1500015258789,72.6500015258789,72.91000366210938,3777300
2023-11-01,76.19999694824219,76.19999694824219,77.0,74.62000274658203,75.22000122070312,4139000
2023-11-02,71.2300033569336,71.2300033569336,73.30000305175781,62.54999923706055,64.3499984741211,16648600
2023-11-03,77.52999877929688,77.52999877929688,79.25,73.04299926757812,73.08999633789062,8881100
2023-11-06,72.06999969482422,72.06999969482422,79.05699920654297,71.69999694824219,78.04000091552734,6003000
2023-11-07,73.66000366210938,73.66000366210938,73.72000122070312,71.33999633789062,72.22000122070312,4003500
2023-11-08,71.33999633789062,71.33999633789062,73.66999816894531,70.11199951171875,73.6500015258789,4526100
2023-11-09,69.51000213623047,69.51000213623047,71.80000305175781,68.94999694824219,71.73999786376953,3651300
2023-11-10,70.05000305175781,70.05000305175781,70.27999877929688,67.8499984741211,69.5999984741211,3971900
2023-11-13,70.20999908447266,70.20999908447266,70.26000213623047,67.62000274658203,69.58999633789062,3170100
2023-11-14,74.0999984741211,74.0999984741211,74.75,72.98999786376953,73.62000274658203,4445500
2023-11-15,76.3499984741211,76.3499984741211,78.30000305175781,74.20999908447266,74.45999908447266,3954900
2023-11-16,76.55000305175781,76.55000305175781,76.62000274658203,74.18000030517578,76.1500015258789,3108900
2023-11-17,76.44000244140625,76.44000244140625,77.41999816894531,74.77999877929688,77.1500015258789,3157500
2023-11-20,78.95999908447266,78.95999908447266,79.80000305175781,76.01000213623047,76.80000305175781,3543800
2023-11-21,77.13999938964844,77.13999938964844,77.66999816894531,75.9000015258789,77.08000183105469,2714000
2023-11-22,78.16999816894531,78.16999816894531,78.66999816894531,76.83499908447266,78.05999755859375,2203500
2023-11-24,78.5199966430664,78.5199966430664,81.12000274658203,77.7699966430664,78.66000366210938,2153000
2023-11-27,77.72000122070312,77.72000122070312,78.36000061035156,75.66000366210938,78.36000061035156,2960100
2023-11-28,78.18000030517578,78.18000030517578,78.25,75.83999633789062,77.31999969482422,2240000
2023-11-29,79.01000213623047,79.01000213623047,80.88999938964844,78.8499984741211,78.94999694824219,2569800
2023-11-30,77.69999694824219,77.69999694824219,80.19999694824219,77.5199966430664,79.62999725341797,3315000
2023-12-01,79.83000183105469,79.83000183105469,80.26000213623047,74.5,76.58000183105469,3958300
2023-12-04,79.87000274658203,79.87000274658203,80.7300033569336,77.66000366210938,79.55999755859375,3172000
2023-12-05,78.27999877929688,78.27999877929688,79.71900177001953,77.69999694824219,78.30000305175781,2160100
2023-12-06,80.5999984741211,80.5999984741211,84.12000274658203,77.63999938964844,78.97000122070312,4404700
2023-12-07,79.94999694824219,79.94999694824219,80.52999877929688,77.4000015258789,80.48999786376953,3477600
2023-12-08,80.31999969482422,80.31999969482422,81.81999969482422,78.76000213623047,79.16000366210938,2931600
2023-12-11,82.0,82.0,82.55999755859375,79.7699966430664,79.94000244140625,3858600
2023-12-12,78.04000091552734,78.04000091552734,81.38999938964844,76.41000366210938,81.23999786376953,5207900
2023-12-13,78.5999984741211,78.5999984741211,78.72000122070312,73.25,76.0,7960500
2023-12-14,85.87000274658203,85.87000274658203,94.93000030517578,83.7300033569336,88.47000122070312,22300200
2023-12-15,86.01000213623047,86.01000213623047,89.52999877929688,85.4000015258789,87.02999877929688,12822400
2023-12-18,85.41999816894531,85.41999816894531,86.80000305175781,83.5999984741211,85.87000274658203,5815300
2023-12-19,89.08999633789062,89.08999633789062,89.29499816894531,84.80000305175781,86.41000366210938,5932000
2023-12-20,86.19000244140625,86.19000244140625,90.18000030517578,86.12000274658203,88.93000030517578,4503400
2023-12-21,91.16000366210938,91.16000366210938,92.38500213623048,86.68000030517578,87.5,5337100
2023-12-22,94.88999938964844,94.88999938964844,96.48999786376952,91.9499969482422,92.0,6174800
2023-12-26,97.33000183105467,97.33000183105467,97.7699966430664,94.34200286865234,96.38999938964844,3852800
2023-12-27,100.7300033569336,100.7300033569336,100.9800033569336,97.36299896240234,98.47000122070312,5413100
2023-12-28,98.79000091552734,98.79000091552734,102.9499969482422,97.91000366210938,101.5999984741211,4561900
2023-12-29,99.4499969482422,99.4499969482422,100.8000030517578,98.0199966430664,98.61000061035156,5204600
2024-01-02,112.5,112.5,115.68000030517578,99.4000015258789,99.87999725341795,14530200
2024-01-03,108.58000183105467,108.58000183105467,112.66999816894533,107.58000183105467,112.51000213623048,8351000
2024-01-04,108.66000366210938,108.66000366210938,109.41000366210938,105.51000213623048,109.01000213623048,6284600
2024-01-05,111.12000274658205,111.12000274658205,115.80999755859376,106.5,107.7699966430664,9216700
2024-01-08,115.44000244140624,115.44000244140624,115.97000122070312,108.62000274658205,111.47000122070312,6011800
2024-01-09,110.18000030517578,110.18000030517578,114.25,108.875,113.87999725341795,5099100
2024-01-10,109.45999908447266,109.45999908447266,110.01000213623048,106.6500015258789,110.0,4082700
2024-01-11,106.79499816894533,106.79499816894533,108.61000061035156,105.52999877929688,108.61000061035156,4015900
2024-01-12,105.9499969482422,105.9499969482422,110.8000030517578,105.87999725341795,107.0,3872900
2024-01-16,102.16000366210938,102.16000366210938,104.30999755859376,97.5199966430664,104.30999755859376,5930200
2024-01-17,100.3499984741211,100.3499984741211,101.48999786376952,97.61000061035156,98.3000030517578,4584900
2024-01-18,99.06999969482422,99.06999969482422,100.01000213623048,96.6500015258789,100.01000213623048,3781800
2024-01-19,99.6999969482422,99.6999969482422,100.44000244140624,97.08000183105467,98.43000030517578,3733500
2024-01-22,99.6999969482422,99.6999969482422,102.97000122070312,98.5999984741211,100.25,3403300
2024-01-23,101.91999816894533,101.91999816894533,102.94000244140624,99.54000091552734,100.5,2818600
2024-01-24,101.11000061035156,101.11000061035156,104.2699966430664,101.01000213623048,103.1999969482422,2595600
2024-01-25,102.80999755859376,102.80999755859376,103.81500244140624,101.06999969482422,101.76000213623048,2689000
2024-01-26,101.80999755859376,101.80999755859376,103.9000015258789,101.01000213623048,103.5500030517578,2346300
2024-01-29,104.83999633789062,104.83999633789062,105.80999755859376,100.01000213623048,101.79000091552734,3458100
2024-01-30,102.47000122070312,102.47000122070312,104.0,101.9000015258789,103.51000213623048,2180100
2024-01-31,101.0500030517578,101.0500030517578,104.08999633789062,100.5,102.47000122070312,2543600
2024-02-01,99.0199966430664,99.0199966430664,101.0,97.16999816894533,100.9000015258789,3770400
2024-02-02,97.5,97.5,98.20999908447266,95.3000030517578,97.38999938964844,3352300
2024-02-05,95.48999786376952,95.48999786376952,96.9499969482422,94.17400360107422,96.6999969482422,2799200
2024-02-06,100.02999877929688,100.02999877929688,100.10299682617188,95.13999938964844,95.6500015258789,3046900
2024-02-07,99.3000030517578,99.3000030517578,100.23999786376952,97.86000061035156,100.1500015258789,2271500
2024-02-08,93.66000366210938,93.66000366210938,99.0,92.9499969482422,99.0,4916400
2024-02-09,87.41000366210938,87.41000366210938,93.36000061035156,86.41000366210938,93.36000061035156,7216500
2024-02-12,89.0,89.0,89.06999969482422,85.75,87.41000366210938,3991700
2024-02-13,85.37000274658203,85.37000274658203,88.30000305175781,84.05999755859375,86.80999755859375,4035100
2024-02-14,85.94999694824219,85.94999694824219,86.8499984741211,84.2300033569336,86.04000091552734,3572100
2024-02-15,91.13999938964844,91.13999938964844,92.08000183105467,84.80000305175781,86.12999725341797,4972800
2024-02-16,88.37000274658203,88.37000274658203,90.8499984741211,87.37000274658203,90.41000366210938,3708100
2024-02-20,86.98999786376953,86.98999786376953,89.54000091552734,86.4800033569336,87.36000061035156,3140300
2024-02-21,87.58999633789062,87.58999633789062,88.56999969482422,85.52999877929688,86.1500015258789,3752700
2024-02-22,99.44000244140624,99.44000244140624,101.7300033569336,91.05999755859376,91.86499786376952,11354500
2024-02-23,96.45999908447266,96.45999908447266,100.97000122070312,95.31999969482422,99.5999984741211,4531100
2024-02-26,94.0199966430664,94.0199966430664,94.79000091552734,91.45999908447266,93.68000030517578,4581000
2024-02-27,96.1999969482422,96.1999969482422,97.47000122070312,92.5,94.30999755859376,3086100
2024-02-28,97.4800033569336,97.4800033569336,99.2699966430664,94.33999633789062,95.0,2971900
2024-02-29,92.23999786376952,92.23999786376952,97.23999786376952,92.22000122070312,96.79000091552734,5324000
2024-03-01,95.05999755859376,95.05999755859376,96.87999725341795,92.11000061035156,92.5199966430664,3789200
2024-03-04,96.0,96.0,96.13500213623048,92.5999984741211,94.6500015258789,3474000
2024-03-05,95.55999755859376,95.55999755859376,96.16999816894533,93.3499984741211,94.6500015258789,2864800
2024-03-06,98.0999984741211,98.0999984741211,98.51000213623048,95.58000183105467,96.37999725341795,3327300
2024-03-07,99.4800033569336,99.4800033569336,99.91999816894533,96.51499938964844,99.0999984741211,3204700
2024-03-08,103.02999877929688,103.02999877929688,103.9499969482422,98.6500015258789,99.20999908447266,4328300
2024-03-11,111.9800033569336,111.9800033569336,114.25,102.75,103.44000244140624,9874400
2024-03-12,110.43000030517578,110.43000030517578,113.6999969482422,109.9219970703125,112.0,4180400
2024-03-13,106.51000213623048,106.51000213623048,112.6500015258789,105.98999786376952,110.43000030517578,5122000
2024-03-14,103.45999908447266,103.45999908447266,106.98999786376952,101.87999725341795,106.13999938964844,4635900
2024-03-15,103.8499984741211,103.8499984741211,104.7249984741211,100.94000244140624,103.16999816894533,5464800
2024-03-18,104.26000213623048,104.26000213623048,107.58999633789062,103.6500015258789,104.9800033569336,4034500
2024-03-19,105.11000061035156,105.11000061035156,105.5500030517578,102.63999938964844,103.9000015258789,3045300
2024-03-20,103.08000183105467,103.08000183105467,103.59700012207033,100.3000030517578,103.41000366210938,3424200
2024-03-21,104.08999633789062,104.08999633789062,106.37999725341795,102.5500030517578,104.5,2254600
2024-03-22,105.43000030517578,105.43000030517578,105.97000122070312,103.51000213623048,104.11000061035156,2037300
2024-03-25,110.37999725341795,110.37999725341795,110.75,105.9000015258789,106.0,3569400
2024-03-26,107.41000366210938,107.41000366210938,111.8000030517578,106.93000030517578,111.8000030517578,4151800
2024-03-27,110.58999633789062,110.58999633789062,111.125,105.04000091552734,109.58000183105467,4575200
2024-03-28,106.55999755859376,106.55999755859376,112.0,105.9499969482422,111.0999984741211,3960700
2024-04-01,105.5999984741211,105.5999984741211,106.6500015258789,103.5500030517578,106.29000091552734,2918200
2024-04-02,103.61000061035156,103.61000061035156,105.947998046875,103.06999969482422,104.70999908447266,2603100
2024-04-03,101.20999908447266,101.20999908447266,105.1500015258789,97.0,103.0,5167800
2024-04-04,102.2699966430664,102.2699966430664,105.9800033569336,101.72000122070312,102.69000244140624,3088000
2024-04-05,102.87999725341795,102.87999725341795,103.81999969482422,101.0500030517578,101.76000213623048,2132200
2024-04-08,105.08999633789062,105.08999633789062,105.2249984741211,101.05999755859376,102.2699966430664,2060100
2024-04-09,111.5999984741211,111.5999984741211,115.88999938964844,105.77999877929688,105.9000015258789,8939200
2024-04-10,107.13999938964844,107.13999938964844,110.28500366210938,105.9000015258789,107.6500015258789,3537400
2024-04-11,107.01000213623048,107.01000213623048,108.5999984741211,103.68000030517578,107.55999755859376,3208700
2024-04-12,105.13999938964844,105.13999938964844,107.87999725341795,104.6500015258789,106.0,2416800
2024-04-15,103.86000061035156,103.86000061035156,106.1999969482422,102.3000030517578,105.0199966430664,2273800
2024-04-16,103.79000091552734,103.79000091552734,106.41999816894533,101.2969970703125,102.08000183105467,2163900
2024-04-17,103.44000244140624,103.44000244140624,105.13999938964844,102.2699966430664,105.13999938964844,2000300
2024-04-18,102.0,102.0,103.50499725341795,99.9000015258789,102.52999877929688,1798500
2024-04-19,101.41000366210938,101.41000366210938,103.79499816894533,100.4499969482422,102.37000274658205,2670400
2024-04-22,104.45999908447266,104.45999908447266,105.43000030517578,99.3000030517578,102.79000091552734,3176400
2024-04-23,107.88999938964844,107.88999938964844,108.20999908447266,103.4800033569336,104.45999908447266,2435300
2024-04-24,108.8499984741211,108.8499984741211,111.29000091552734,106.63999938964844,111.0500030517578,3410200
2024-04-25,106.18000030517578,106.18000030517578,108.2300033569336,103.5199966430664,107.43000030517578,2798500
2024-04-26,107.97000122070312,107.97000122070312,108.19000244140624,105.25,106.18000030517578,2247100
2024-04-29,111.62000274658205,111.62000274658205,112.33000183105467,108.72000122070312,108.77999877929688,2610700
2024-04-30,110.30999755859376,110.30999755859376,113.20999908447266,109.5500030517578,110.5,3212000
2024-05-01,111.45999908447266,111.45999908447266,113.7300033569336,109.0,111.11000061035156,3843000
2024-05-02,125.58999633789062,125.58999633789062,128.80999755859375,114.05999755859376,114.86000061035156,11973100
2024-05-03,125.0,125.0,126.4000015258789,122.01000213623048,125.0,4513100
2024-05-06,122.12999725341795,122.12999725341795,125.1500015258789,118.75,125.0,3953200
2024-05-07,121.06999969482422,121.06999969482422,123.5,118.68000030517578,122.86000061035156,2894000
2024-05-08,121.88999938964844,121.88999938964844,122.8249969482422,119.5,120.0,2507500
2024-05-09,122.69000244140624,122.69000244140624,125.5,121.68000030517578,123.1500015258789,3367400
2024-05-10,117.30999755859376,117.30999755859376,124.9000015258789,116.73200225830078,120.75,4238500
2024-05-13,125.66999816894533,125.66999816894533,126.87999725341795,119.02999877929688,119.47000122070312,4095200
2024-05-14,128.32000732421875,128.32000732421875,129.94000244140625,126.33899688720705,127.0,3625400
2024-05-15,129.05999755859375,129.05999755859375,129.1999969482422,124.9800033569336,127.48999786376952,2964700
2024-05-16,132.67999267578125,132.67999267578125,133.0399932861328,127.83000183105467,129.75999450683594,3008000
2024-05-17,132.89999389648438,132.89999389648438,134.60000610351562,129.6699981689453,132.52000427246094,2718200
2024-05-20,141.00999450683594,141.00999450683594,142.7899932861328,131.72000122070312,132.97999572753906,4711300
2024-05-21,143.69000244140625,143.69000244140625,143.8699951171875,138.10400390625,139.47000122070312,3375900
2024-05-22,163.3300018310547,163.3300018310547,164.8800048828125,142.80999755859375,142.89999389648438,13592700
2024-05-23,164.00999450683594,164.00999450683594,165.13999938964844,157.4600067138672,160.0,7120700
2024-05-24,166.61000061035156,166.61000061035156,170.47000122070312,162.0,163.6750030517578,5052600
2024-05-28,153.1999969482422,153.1999969482422,164.72500610351562,148.5,161.63999938964844,6636500
2024-05-29,147.9199981689453,147.9199981689453,150.0,140.22999572753906,150.0,5505900
2024-05-30,151.49000549316406,151.49000549316406,152.7899932861328,143.52000427246094,150.35000610351562,4664300
2024-05-31,142.5500030517578,142.5500030517578,158.12899780273438,140.74000549316406,152.10000610351562,7181000
2024-06-03,147.82000732421875,147.82000732421875,150.8000030517578,137.52000427246094,139.75,4941500
2024-06-04,145.33999633789062,145.33999633789062,147.66000366210938,141.3000030517578,147.66000366210938,3045600
2024-06-05,154.83999633789062,154.83999633789062,155.38999938964844,145.03500366210938,146.75,4046300
2024-06-06,154.69000244140625,154.69000244140625,158.82000732421875,152.38999938964844,157.9499969482422,3373500
2024-06-07,151.00999450683594,151.00999450683594,153.55999755859375,149.1300048828125,152.7899932861328,2521600
2024-06-10,148.58999633789062,148.58999633789062,152.27999877929688,143.77000427246094,151.5,5968600
2024-06-11,148.38999938964844,148.38999938964844,150.64999389648438,146.9499969482422,148.3000030517578,1925000
2024-06-12,147.72000122070312,147.72000122070312,150.74000549316406,142.27000427246094,150.0,3486000
2024-06-13,145.22999572753906,145.22999572753906,148.83999633789062,144.8699951171875,147.0,1815200
2024-06-14,140.02999877929688,140.02999877929688,145.73500061035156,138.1699981689453,142.6699981689453,3601300
2024-06-17,137.89999389648438,137.89999389648438,139.9199981689453,135.27000427246094,138.16000366210938,3384200
2024-06-18,133.27000427246094,133.27000427246094,137.27000427246094,131.52000427246094,136.5800018310547,3970200
2024-06-20,134.39999389648438,134.39999389648438,136.6999969482422,130.5,132.5399932861328,3547100
2024-06-21,133.39999389648438,133.39999389648438,136.36000061035156,132.15499877929688,136.0,5189800
2024-06-24,137.0,137.0,137.57000732421875,133.1699981689453,134.57000732421875,3443000
2024-06-25,137.60000610351562,137.60000610351562,138.07000732421875,134.72999572753906,136.0,3339500
2024-06-26,122.4499969482422,122.4499969482422,135.3699951171875,122.12000274658205,135.1699981689453,7721600
2024-06-27,121.18000030517578,121.18000030517578,122.27999877929688,118.5199966430664,121.9000015258789,4804200
2024-06-28,118.75,118.75,123.25,118.02999877929688,122.58999633789062,3976300
2024-07-01,115.9499969482422,115.9499969482422,123.73999786376952,115.13999938964844,117.0500030517578,3724200
2024-07-02,117.06999969482422,117.06999969482422,119.13999938964844,114.0199966430664,117.33999633789062,3425800
2024-07-03,115.9499969482422,115.9499969482422,119.38999938964844,115.3000030517578,118.73999786376952,1853400
2024-07-05,118.31999969482422,118.31999969482422,118.87999725341795,115.6999969482422,117.3000030517578,3067200
2024-07-08,116.4499969482422,116.4499969482422,119.3000030517578,115.55999755859376,118.41000366210938,2195500
2024-07-09,116.06999969482422,116.06999969482422,118.83999633789062,115.4000015258789,116.70999908447266,2510800
2024-07-10,117.44000244140624,117.44000244140624,120.37799835205078,115.29000091552734,116.0999984741211,2820100
2024-07-11,122.81999969482422,122.81999969482422,124.19000244140624,119.38999938964844,120.02999877929688,4164800
2024-07-12,121.45999908447266,121.45999908447266,129.38999938964844,121.01000213623048,123.68000030517578,4526200
2024-07-15,121.4800033569336,121.4800033569336,121.94000244140624,116.0,121.0999984741211,2682200
2024-07-16,125.13999938964844,125.13999938964844,127.1999969482422,120.79000091552734,122.76000213623048,3008600
2024-07-17,124.05500030517578,124.05500030517578,125.31999969482422,120.11000061035156,123.12000274658205,2851200
2024-07-18,121.31999969482422,121.31999969482422,126.41999816894533,121.0,124.0999984741211,2018300
2024-07-19,121.13999938964844,121.13999938964844,121.9800033569336,118.8000030517578,121.01000213623048,2206300
2024-07-22,122.5,122.5,124.05500030517578,120.44000244140624,122.5199966430664,1810800
2024-07-23,121.25,121.25,123.5,120.22000122070312,121.83999633789062,1753000
2024-07-24,118.19000244140624,118.19000244140624,120.04000091552734,115.47000122070312,119.80999755859376,3304100
2024-07-25,120.4000015258789,120.4000015258789,122.4000015258789,116.58000183105467,117.77999877929688,2638700
2024-07-26,122.11000061035156,122.11000061035156,122.33999633789062,119.43000030517578,121.83000183105467,1887500
2024-07-29,122.16999816894533,122.16999816894533,122.8499984741211,119.76000213623048,122.5500030517578,2092200
2024-07-30,118.83999633789062,118.83999633789062,125.68000030517578,118.5,123.56999969482422,2673700
2024-07-31,119.22000122070312,119.22000122070312,122.4499969482422,118.0999984741211,120.52999877929688,3118400
2024-08-01,94.16999816894533,94.16999816894533,102.9000015258789,93.5999984741211,99.58000183105467,18591900
2024-08-02,86.58000183105469,86.58000183105469,91.68000030517578,84.43000030517578,91.16999816894533,10332900
2024-08-05,83.75,83.75,85.86000061035156,78.06999969482422,80.37000274658203,8063300
2024-08-06,82.30000305175781,82.30000305175781,85.56999969482422,80.16999816894531,84.91999816894531,5194400
2024-08-07,81.55000305175781,81.55000305175781,85.75,80.33999633789062,84.08000183105469,4319800
2024-08-08,84.31999969482422,84.31999969482422,85.4000015258789,82.06999969482422,82.5,3539800
2024-08-09,84.93000030517578,84.93000030517578,85.19999694824219,82.58999633789062,84.38999938964844,2388100
2024-08-12,81.29000091552734,81.29000091552734,85.0,80.78099822998047,85.0,3065300
2024-08-13,82.9000015258789,82.9000015258789,83.04000091552734,80.58000183105469,81.43000030517578,2932500
2024-08-14,82.25,82.25,83.5199966430664,81.3499984741211,82.75,2638100
2024-08-15,86.62000274658203,86.62000274658203,87.87999725341797,83.55999755859375,83.6500015258789,3971500
2024-08-16,86.83999633789062,86.83999633789062,88.77999877929688,86.23999786376953,88.0,3399300
2024-08-19,89.95999908447266,89.95999908447266,91.98999786376952,86.62000274658203,87.0199966430664,4136200
2024-08-20,86.94000244140625,86.94000244140625,89.80000305175781,86.91000366210938,89.23999786376953,2706100
2024-08-21,86.6500015258789,86.6500015258789,88.58999633789062,85.87999725341797,87.7300033569336,3150500
2024-08-22,81.04000091552734,81.04000091552734,86.80000305175781,80.76000213623047,86.16000366210938,5345400
2024-08-23,82.44000244140625,82.44000244140625,84.27999877929688,81.25,82.3499984741211,4225200
2024-08-26,81.66000366210938,81.66000366210938,83.67400360107422,81.25,82.62999725341797,2303500
2024-08-27,78.9800033569336,78.9800033569336,81.61000061035156,78.4000015258789,81.58999633789062,3640200
2024-08-28,78.36000061035156,78.36000061035156,80.55999755859375,78.19999694824219,79.94999694824219,3024000
2024-08-29,77.58999633789062,77.58999633789062,79.5999984741211,77.45999908447266,78.77999877929688,3307800
2024-08-30,77.4000015258789,77.4000015258789,78.5199966430664,76.05999755859375,78.4800033569336,3591700
2024-09-03,72.94000244140625,72.94000244140625,77.75,72.54000091552734,77.55000305175781,5185000
2024-09-04,72.48999786376953,72.48999786376953,74.43000030517578,71.62000274658203,72.4000015258789,4233100
2024-09-05,73.44000244140625,73.44000244140625,73.5999984741211,71.51000213623047,72.77999877929688,2541800
2024-09-06,72.88999938964844,72.88999938964844,73.5999984741211,71.6500015258789,73.44000244140625,3425400
2024-09-09,76.61000061035156,76.61000061035156,78.80000305175781,73.26000213623047,73.4800033569336,5321200
2024-09-10,79.27999877929688,79.27999877929688,79.95899963378906,75.94999694824219,76.12000274658203,3661700
2024-09-11,79.51000213623047,79.51000213623047,79.87999725341797,77.44000244140625,79.05000305175781,3370700
2024-09-12,69.68000030517578,69.68000030517578,70.8499984741211,64.11000061035156,67.88999938964844,23976300
2024-09-13,68.27999877929688,68.27999877929688,68.58000183105469,65.55000305175781,66.16999816894531,11969000
2024-09-16,69.16999816894531,69.16999816894531,70.5999984741211,67.80999755859375,68.12000274658203,4875000
2024-09-17,71.98999786376953,71.98999786376953,75.37100219726562,69.79000091552734,70.11000061035156,7183200
2024-09-18,69.86000061035156,69.86000061035156,73.3499984741211,69.81999969482422,72.19000244140625,4278400
2024-09-19,68.0199966430664,68.0199966430664,71.97000122070312,67.91000366210938,71.8499984741211,5065400
2024-09-20,65.69000244140625,65.69000244140625,67.91000366210938,64.69999694824219,67.5999984741211,12421500
2024-09-23,64.13999938964844,64.13999938964844,66.05000305175781,64.0999984741211,66.05000305175781,5917900
2024-09-24,63.93999862670898,63.93999862670898,65.25,63.880001068115234,64.80000305175781,5167000
2024-09-25,63.63999938964844,63.63999938964844,64.86000061035156,63.5099983215332,63.95000076293945,4524400
2024-09-26,63.93000030517578,63.93000030517578,65.06999969482422,63.369998931884766,64.80000305175781,4467700
2024-09-27,65.75,65.75,66.87999725341797,64.25,64.8499984741211,4738600
2024-09-30,66.83000183105469,66.83000183105469,67.95999908447266,65.30999755859375,65.69000244140625,4809900
2024-10-01,63.93000030517578,63.93000030517578,67.55000305175781,63.40999984741211,67.12999725341797,4643600
2024-10-02,63.15999984741211,63.15999984741211,63.68999862670898,62.58000183105469,63.52000045776367,4107400
2024-10-03,61.06999969482422,61.06999969482422,62.970001220703125,61.02999877929688,62.52999877929688,4711900
2024-10-04,60.20000076293945,60.20000076293945,62.11000061035156,59.619998931884766,61.5099983215332,6209600
2024-10-07,58.720001220703125,58.720001220703125,60.650001525878906,58.33000183105469,60.20000076293945,5021400
2024-10-08,58.38999938964844,58.38999938964844,58.66999816894531,57.75,58.52999877929688,3828000
2024-10-09,58.86000061035156,58.86000061035156,59.52000045776367,57.9010009765625,58.33000183105469,2974700
2024-10-10,56.83000183105469,56.83000183105469,58.70000076293945,56.63999938964844,58.40999984741211,4415000
2024-10-11,58.290000915527344,58.290000915527344,59.73400115966797,55.70000076293945,56.709999084472656,6261000
2024-10-14,57.72999954223633,57.72999954223633,58.959999084472656,57.04999923706055,57.900001525878906,3361300
2024-10-15,57.310001373291016,57.310001373291016,58.619998931884766,57.119998931884766,57.63999938964844,4087300
2024-10-16,57.459999084472656,57.459999084472656,58.45000076293945,57.119998931884766,57.81999969482422,3258200
2024-10-17,54.81999969482422,54.81999969482422,57.14500045776367,54.81999969482422,57.08000183105469,5423700
2024-10-18,54.09999847412109,54.09999847412109,55.09999847412109,53.54999923706055,54.53499984741211,6754700
2024-10-21,53.79999923706055,53.79999923706055,54.7599983215332,53.04999923706055,53.81999969482422,4092100
2024-10-22,53.400001525878906,53.400001525878906,54.78900146484375,52.810001373291016,53.66999816894531,3559700
2024-10-23,53.38999938964844,53.38999938964844,54.7400016784668,52.77000045776367,53.220001220703125,4288900
2024-10-24,52.79999923706055,52.79999923706055,53.83599853515625,52.2599983215332,53.38999938964844,3767100
2024-10-25,53.09000015258789,53.09000015258789,54.5099983215332,52.79999923706055,53.0099983215332,3704400
2024-10-28,54.79999923706055,54.79999923706055,55.77000045776367,53.09999847412109,53.310001373291016,5011900
2024-10-29,55.220001220703125,55.220001220703125,57.68999862670898,54.880001068115234,55.209999084472656,5592500
2024-10-30,54.720001220703125,54.720001220703125,55.03499984741211,53.5,54.369998931884766,4280600
2024-10-31,54.36000061035156,54.36000061035156,54.57500076293945,52.91999816894531,54.34999847412109,4511400
2024-11-01,54.630001068115234,54.630001068115234,55.34999847412109,53.88999938964844,54.4900016784668,4787100
2024-11-04,53.540000915527344,53.540000915527344,55.650001525878906,53.40999984741211,54.59999847412109,4037200
2024-11-05,53.290000915527344,53.290000915527344,54.31999969482422,52.08000183105469,53.52999877929688,5765900
2024-11-06,51.810001373291016,51.810001373291016,52.85499954223633,49.59999847412109,52.61000061035156,10681500
2024-11-07,50.27999877929688,50.27999877929688,56.69499969482422,49.93999862670898,56.59999847412109,18211700
2024-11-08,46.83000183105469,46.83000183105469,50.900001525878906,46.56999969482422,50.41999816894531,13561500
2024-11-11,42.75,42.75,46.880001068115234,42.25,46.83000183105469,15915900
2024-11-12,43.470001220703125,43.470001220703125,44.11000061035156,41.540000915527344,42.18999862670898,10714200
2024-11-13,42.13999938964844,42.13999938964844,43.27999877929688,41.709999084472656,43.25,7725400
2024-11-14,39.77000045776367,39.77000045776367,42.060001373291016,38.7599983215332,42.04999923706055,12890100
2024-11-15,36.84999847412109,36.84999847412109,38.70000076293945,35.79999923706055,38.54999923706055,24355500
2024-11-18,39.5099983215332,39.5099983215332,39.76499938964844,37.09999847412109,38.310001373291016,13864800
2024-11-19,37.290000915527344,37.290000915527344,39.27999877929688,37.0099983215332,38.89500045776367,9148800
2024-11-20,36.93999862670898,36.93999862670898,38.220001220703125,36.40499877929688,37.290000915527344,7340800
2024-11-21,38.25,38.25,38.81999969482422,35.959999084472656,36.54999923706055,8964100
2024-11-22,41.11000061035156,41.11000061035156,42.400001525878906,37.7599983215332,38.43999862670898,13410800
2024-11-25,43.65999984741211,43.65999984741211,46.29999923706055,42.83000183105469,43.0,15821700
2024-11-26,42.04999923706055,42.04999923706055,43.29999923706055,41.470001220703125,43.130001068115234,7248900
2024-11-27,43.38999938964844,43.38999938964844,43.459999084472656,42.08000183105469,42.4900016784668,5083500
2024-11-29,43.060001373291016,43.060001373291016,43.84999847412109,42.29999923706055,43.25,3591500
2024-12-02,44.2599983215332,44.2599983215332,44.65900039672852,42.06999969482422,43.33000183105469,6832800
2024-12-03,42.58000183105469,42.58000183105469,44.25,42.36000061035156,43.97999954223633,7192600
2024-12-04,41.630001068115234,41.630001068115234,42.79999923706055,41.47600173950195,42.7599983215332,5010900
2024-12-05,42.93999862670898,42.93999862670898,44.45000076293945,41.744998931884766,41.900001525878906,8084200
2024-12-06,44.43999862670898,44.43999862670898,46.619998931884766,43.15999984741211,43.52000045776367,8742700
2024-12-09,45.650001525878906,45.650001525878906,47.41299819946289,44.09999847412109,44.77000045776367,7292500
2024-12-10,41.5099983215332,41.5099983215332,45.4900016784668,41.05500030517578,45.36000061035156,10482700
2024-12-11,42.86000061035156,42.86000061035156,43.25,41.060001373291016,41.900001525878906,5619300
2024-12-12,42.81999969482422,42.81999969482422,43.79999923706055,41.70000076293945,42.54999923706055,5236600
2024-12-13,41.83000183105469,41.83000183105469,42.68999862670898,41.380001068115234,42.23500061035156,4862100
2024-12-16,41.84000015258789,41.84000015258789,44.380001068115234,41.27999877929688,42.15999984741211,8038300
2024-12-17,40.7599983215332,40.7599983215332,43.16999816894531,40.630001068115234,41.84999847412109,6266800
2024-12-18,38.36000061035156,38.36000061035156,41.72499847412109,38.20000076293945,40.04999923706055,8573000
2024-12-19,39.560001373291016,39.560001373291016,39.869998931884766,37.43999862670898,38.560001373291016,7497500
2024-12-20,39.38999938964844,39.38999938964844,40.83000183105469,39.119998931884766,39.20000076293945,35482900
2024-12-23,39.59000015258789,39.59000015258789,40.34000015258789,38.52000045776367,39.18999862670898,5112300
2024-12-24,40.27000045776367,40.27000045776367,40.35499954223633,38.75,39.59000015258789,2521900
2024-12-26,40.43000030517578,40.43000030517578,40.54999923706055,39.2400016784668,39.560001373291016,4234500
2024-12-27,40.130001068115234,40.130001068115234,41.4900016784668,39.79399871826172,40.35499954223633,4825100
2024-12-30,39.380001068115234,39.380001068115234,40.5,38.880001068115234,39.73500061035156,5515000
2024-12-31,41.58000183105469,41.58000183105469,41.790000915527344,39.38999938964844,39.709999084472656,7573700
2025-01-02,42.0,42.0,43.29999923706055,41.40999984741211,42.20000076293945,5313500
2025-01-03,42.18000030517578,42.18000030517578,42.619998931884766,41.08000183105469,42.25,5555600
2025-01-06,42.56999969482422,42.56999969482422,44.52000045776367,41.630001068115234,44.0,8577600
2025-01-07,47.52999877929688,47.52999877929688,48.91999816894531,42.86000061035156,43.900001525878906,22592300
2025-01-08,43.16999816894531,43.16999816894531,47.70000076293945,43.0099983215332,47.59999847412109,13347600
2025-01-10,42.25,42.25,43.70000076293945,41.78499984741211,42.76499938964844,6411900
2025-01-13,35.150001525878906,35.150001525878906,35.380001068115234,31.940000534057617,33.29999923706055,33488000
2025-01-14,34.459999084472656,34.459999084472656,35.68000030517578,33.18000030517578,35.150001525878906,14427300
2025-01-15,34.77000045776367,34.77000045776367,35.540000915527344,34.459999084472656,35.18000030517578,7459700
2025-01-16,33.7599983215332,33.7599983215332,34.95000076293945,33.34000015258789,34.75,7340900
2025-01-17,34.060001373291016,34.060001373291016,34.790000915527344,33.599998474121094,33.84000015258789,8130500
2025-01-21,35.88999938964844,35.88999938964844,37.900001525878906,35.29999923706055,35.7599983215332,12834900
2025-01-22,38.5,38.5,41.09000015258789,36.0,36.34999847412109,16694500
2025-01-23,42.38999938964844,42.38999938964844,42.540000915527344,36.9900016784668,38.400001525878906,13684200
2025-01-24,41.40999984741211,41.40999984741211,45.400001525878906,40.78499984741211,43.18000030517578,17245600
2025-01-27,41.650001525878906,41.650001525878906,44.08000183105469,40.709999084472656,40.869998931884766,12162900
2025-01-28,44.93999862670898,44.93999862670898,45.150001525878906,40.75,41.9900016784668,13285800
2025-01-29,40.720001220703125,40.720001220703125,44.7400016784668,40.67499923706055,43.27999877929688,14598100
2025-01-30,41.040000915527344,41.040000915527344,42.540000915527344,39.880001068115234,41.400001525878906,12259600
2025-01-31,39.41999816894531,39.41999816894531,41.459999084472656,39.310001373291016,41.185001373291016,6529800
2025-02-03,36.54999923706055,36.54999923706055,38.650001525878906,35.93000030517578,38.209999084472656,13511800
2025-02-04,34.16999816894531,34.16999816894531,37.91999816894531,33.84000015258789,36.650001525878906,22904900
2025-02-05,34.97999954223633,34.97999954223633,35.56999969482422,33.90399932861328,34.31999969482422,9353700
2025-02-06,33.61000061035156,33.61000061035156,35.2400016784668,33.61000061035156,35.20000076293945,8978800
2025-02-07,32.599998474121094,32.599998474121094,33.77000045776367,32.459999084472656,33.5099983215332,9646800
2025-02-10,31.8700008392334,31.8700008392334,33.39400100708008,31.65999984741211,33.0,10918300
2025-02-11,30.93000030517578,30.93000030517578,32.41999816894531,30.700000762939453,31.520000457763672,10088600
2025-02-12,30.53499984741211,30.53499984741211,31.07999992370605,30.239999771118164,30.96999931335449,8356600
2025-02-13,31.920000076293945,31.920000076293945,31.959999084472656,30.270000457763672,31.0,14719600
2025-02-14,32.9900016784668,32.9900016784668,33.90999984741211,29.25,30.530000686645508,25327300
2025-02-18,35.75,35.75,36.97999954223633,32.04199981689453,33.04999923706055,18965100
2025-02-19,35.900001525878906,35.900001525878906,36.75,35.04999923706055,35.11000061035156,10040800
2025-02-20,33.72999954223633,33.72999954223633,36.29999923706055,32.779998779296875,36.22999954223633,11421600
2025-02-21,35.529998779296875,35.529998779296875,35.970001220703125,33.18000030517578,33.88999938964844,21449000
2025-02-24,33.900001525878906,33.900001525878906,34.560001373291016,33.279998779296875,33.880001068115234,8887500
2025-02-25,33.279998779296875,33.279998779296875,35.47999954223633,32.93299865722656,33.97999954223633,11400200
2025-02-26,33.58000183105469,33.58000183105469,34.16999816894531,32.709999084472656,33.2599983215332,6557000
2025-02-27,31.09000015258789,31.09000015258789,33.0,31.0,32.564998626708984,9865300
2025-02-28,30.959999084472656,30.959999084472656,31.30500030517578,30.201000213623047,30.774999618530277,8748000
2025-03-03,30.270000457763672,30.270000457763672,32.0,30.15999984741211,31.18000030517578,6736600
2025-03-04,30.3700008392334,30.3700008392334,31.14299964904785,29.350000381469727,29.770000457763672,8064700
2025-03-05,35.209999084472656,35.209999084472656,35.38999938964844,30.90999984741211,32.5,21835300
2025-03-06,34.29999923706055,34.29999923706055,35.250999450683594,33.209999084472656,34.09000015258789,11327000
2025-03-07,35.61000061035156,35.61000061035156,37.90999984741211,33.93000030517578,34.470001220703125,17337700
2025-03-10,35.959999084472656,35.959999084472656,37.54999923706055,35.150001525878906,35.20000076293945,12537700
2025-03-11,33.7599983215332,33.7599983215332,36.02000045776367,32.619998931884766,36.0,12411400
2025-03-12,35.0099983215332,35.0099983215332,35.29399871826172,33.790000915527344,34.415000915527344,6609800
2025-03-13,34.29999923706055,34.29999923706055,38.119998931884766,34.20000076293945,35.150001525878906,9430600
2025-03-14,34.619998931884766,34.619998931884766,35.84000015258789,34.20000076293945,34.84000015258789,7703000
2025-03-17,34.709999084472656,34.709999084472656,35.20000076293945,33.900001525878906,34.790000915527344,5630800
2025-03-18,33.810001373291016,33.810001373291016,35.0,33.540000915527344,34.54999923706055,7070300
2025-03-19,33.31999969482422,33.31999969482422,33.849998474121094,33.119998931884766,33.779998779296875,6328100
2025-03-20,32.45000076293945,32.45000076293945,33.81999969482422,32.439998626708984,33.119998931884766,5628300
2025-03-21,32.65999984741211,32.65999984741211,32.79499816894531,31.520000457763672,32.04999923706055,9325700
2025-03-24,34.16999816894531,34.16999816894531,34.869998931884766,32.79999923706055,32.79999923706055,10502500
2025-03-25,33.849998474121094,33.849998474121094,34.86000061035156,33.505001068115234,34.310001373291016,6940500
2025-03-26,31.479999542236328,31.479999542236328,34.08000183105469,31.290000915527344,33.845001220703125,7943900
2025-03-27,32.119998931884766,32.119998931884766,32.56999969482422,31.25,31.540000915527344,6198400
2025-03-28,31.1200008392334,31.1200008392334,32.5,31.020000457763672,32.040000915527344,5696200
2025-03-31,28.350000381469727,28.350000381469727,28.950000762939453,26.802000045776367,28.88999938964844,20455800
2025-04-01,27.15999984741211,27.15999984741211,28.850000381469727,27.06999969482422,28.700000762939453,11640100
2025-04-02,27.71999931335449,27.71999931335449,28.780000686645508,26.26000022888184,26.790000915527344,11865200
2025-04-03,25.729999542236328,25.729999542236328,27.200000762939453,25.69499969482422,26.65999984741211,12768800
2025-04-04,25.11000061035156,25.11000061035156,25.770000457763672,23.76099967956543,25.19499969482422,16053000
2025-04-07,25.63999938964844,25.63999938964844,26.51499938964844,23.149999618530277,24.045000076293945,13253900
2025-04-08,24.63999938964844,24.63999938964844,26.88999938964844,24.149999618530277,26.399999618530277,8951000
2025-04-09,26.670000076293945,26.670000076293945,27.68000030517578,23.674999237060547,24.01499938964844,13094100
2025-04-10,24.5,24.5,25.899999618530277,23.700000762939453,25.81999969482422,12664800
2025-04-11,26.200000762939453,26.200000762939453,26.239999771118164,24.26000022888184,24.690000534057617,11006100
2025-04-14,26.799999237060547,26.799999237060547,27.09499931335449,26.239999771118164,26.940000534057617,6465700
2025-04-15,26.239999771118164,26.239999771118164,27.209999084472656,25.520000457763672,26.81999969482422,7035900
2025-04-16,25.190000534057617,25.190000534057617,26.065000534057617,24.8129997253418,25.850000381469727,5476400
2025-04-17,24.71500015258789,24.71500015258789,25.280000686645508,24.43000030517578,25.280000686645508,6685000
2025-04-21,25.1299991607666,25.1299991607666,25.34000015258789,23.299999237060547,24.030000686645508,6862800
2025-04-22,25.739999771118164,25.739999771118164,25.84000015258789,24.8700008392334,25.270000457763672,5497500
2025-04-23,26.540000915527344,26.540000915527344,27.8799991607666,26.450000762939453,26.5,8002100
2025-04-24,27.38999938964844,27.38999938964844,27.40999984741211,26.32999992370605,26.65999984741211,4794900
2025-04-25,27.21999931335449,27.21999931335449,27.8799991607666,26.61000061035156,26.81999969482422,7719100
2025-04-28,27.459999084472656,27.459999084472656,28.402000427246094,27.0,27.0,5754900
2025-04-29,27.81999969482422,27.81999969482422,28.01000022888184,27.170000076293945,27.46500015258789,5242100
2025-04-30,28.540000915527344,28.540000915527344,28.649999618530277,27.239999771118164,27.46500015258789,7729900
2025-05-01,27.030000686645508,27.030000686645508,27.850000381469727,26.059999465942383,27.68000030517578,14893600
2025-05-02,27.61000061035156,27.61000061035156,28.100000381469727,27.149999618530277,27.739999771118164,7545200
2025-05-05,27.84000015258789,27.84000015258789,28.520000457763672,27.18000030517578,27.799999237060547,7804300
2025-05-06,24.43000030517578,24.43000030517578,27.3700008392334,24.15999984741211,27.3700008392334,23279600
2025-05-07,24.059999465942383,24.059999465942383,24.920000076293945,23.700000762939453,24.600000381469727,10791300
2025-05-08,24.3799991607666,24.3799991607666,24.979999542236328,23.950000762939453,24.32999992370605,9680300
2025-05-09,24.25,24.25,25.31999969482422,24.21999931335449,24.68000030517578,7129200
2025-05-12,25.700000762939453,25.700000762939453,26.18000030517578,24.86000061035156,24.86000061035156,12541200
2025-05-13,25.489999771118164,25.489999771118164,25.8799991607666,25.07999992370605,25.600000381469727,8381400
2025-05-14,24.020000457763672,24.020000457763672,25.57999992370605,23.950000762939453,25.540000915527344,12814900
2025-05-15,23.649999618530277,23.649999618530277,24.309999465942383,23.155000686645508,24.299999237060547,14890100
2025-05-16,24.86000061035156,24.86000061035156,25.440000534057617,23.670000076293945,23.8700008392334,14874000
2025-05-19,26.38999938964844,26.38999938964844,26.923999786376957,25.10099983215332,25.270000457763672,16136400
2025-05-20,27.989999771118164,27.989999771118164,30.299999237060547,26.46999931335449,26.81999969482422,37154700
2025-05-21,25.799999237060547,25.799999237060547,28.066999435424805,25.63999938964844,27.899999618530277,17822600
2025-05-22,26.71999931335449,26.71999931335449,26.88999938964844,25.21999931335449,25.5,11296900
2025-05-23,26.26000022888184,26.26000022888184,26.489999771118164,25.549999237060547,26.149999618530277,8258800
2025-05-27,26.76000022888184,26.76000022888184,27.850000381469727,26.200000762939453,26.790000915527344,14604900
2025-05-28,26.049999237060547,26.049999237060547,26.770000457763672,25.86000061035156,26.770000457763672,8114200
2025-05-29,26.93000030517578,26.93000030517578,27.149999618530277,25.76000022888184,26.28499984741211,10097200
2025-05-30,26.559999465942383,26.559999465942383,26.809999465942383,25.600000381469727,26.34499931335449,30676200
2025-06-02,27.049999237060547,27.049999237060547,27.43000030517578,26.420000076293945,26.920000076293945,12909100
2025-06-03,27.809999465942383,27.809999465942383,28.56999969482422,26.280000686645508,26.90999984741211,13439900
2025-06-04,27.270000457763672,27.270000457763672,28.239999771118164,27.040000915527344,28.170000076293945,7741700
2025-06-05,26.1200008392334,26.1200008392334,27.15999984741211,25.81999969482422,27.13999938964844,9846100
2025-06-06,27.459999084472656,27.459999084472656,27.549999237060547,26.1200008392334,26.209999084472656,8525800
2025-06-09,28.13999938964844,28.13999938964844,29.190000534057617,27.652999877929688,27.770000457763672,9387600
2025-06-10,27.68000030517578,27.68000030517578,28.229999542236328,27.31999969482422,27.86000061035156,7888900
2025-06-11,27.75,27.75,28.71999931335449,27.6200008392334,28.0,9232400
2025-06-12,27.350000381469727,27.350000381469727,27.924999237060547,26.809999465942383,27.290000915527344,8326400
2025-06-13,26.670000076293945,26.670000076293945,27.350000381469727,26.309999465942383,26.56999969482422,7180300
2025-06-16,26.0,26.0,26.7549991607666,25.46500015258789,26.614999771118164,10666100
2025-06-17,25.549999237060547,25.549999237060547,26.34000015258789,25.440000534057617,25.799999237060547,8329500
2025-06-18,25.399999618530277,25.399999618530277,25.850000381469727,25.059999465942383,25.489999771118164,7527000
2025-06-20,25.899999618530277,25.899999618530277,26.01499938964844,25.420000076293945,25.709999084472656,13772200
2025-06-23,25.670000076293945,25.670000076293945,25.96500015258789,25.15999984741211,25.565000534057617,6523400
2025-06-24,26.799999237060547,26.799999237060547,27.1299991607666,26.024999618530277,26.024999618530277,8023500
2025-06-25,26.86000061035156,26.86000061035156,26.959999084472656,26.13500022888184,26.850000381469727,6149800
2025-06-26,27.540000915527344,27.540000915527344,28.239999771118164,26.799999237060547,27.049999237060547,9289100
2025-06-27,27.15999984741211,27.15999984741211,27.989999771118164,26.875,27.68000030517578,11547600
2025-06-30,27.59000015258789,27.59000015258789,28.739999771118164,27.399999618530277,28.065000534057617,10175400
2025-07-01,28.690000534057617,28.690000534057617,29.84499931335449,26.809999465942383,27.309999465942383,14553900
2025-07-02,30.280000686645508,30.280000686645508,30.649999618530277,28.6200008392334,28.82999992370605,14708900
2025-07-03,30.489999771118164,30.489999771118164,30.940000534057617,30.200000762939453,30.540000915527344,6972600
2025-07-07,29.899999618530277,29.899999618530277,30.849000930786133,29.71999931335449,30.350000381469727,8221900
2025-07-08,32.540000915527344,32.540000915527344,33.650001525878906,30.040000915527344,30.07999992370605,19295000
2025-07-09,32.790000915527344,32.790000915527344,33.38999938964844,32.09000015258789,32.83000183105469,9819700
2025-07-10,34.279998779296875,34.279998779296875,34.38999938964844,32.97999954223633,33.470001220703125,11693100
2025-07-11,33.63999938964844,33.63999938964844,34.06999969482422,33.220001220703125,34.03499984741211,6922600
2025-07-14,32.869998931884766,32.869998931884766,33.5,32.435001373291016,33.380001068115234,7257700
2025-07-15,31.57999992370605,31.57999992370605,33.310001373291016,31.420000076293945,33.19499969482422,8515500
2025-07-16,32.060001373291016,32.060001373291016,32.16999816894531,31.43000030517578,31.700000762939453,5972300
2025-07-17,32.20000076293945,32.20000076293945,32.720001220703125,31.96999931335449,32.189998626708984,6023700
2025-07-18,31.26000022888184,31.26000022888184,32.58000183105469,30.96999931335449,32.45000076293945,7823600
2025-07-21,30.96999931335449,30.96999931335449,32.06999969482422,30.8799991607666,31.524999618530277,5767700
2025-07-22,32.72999954223633,32.72999954223633,32.84000015258789,30.979999542236328,30.979999542236328,8246700
2025-07-23,34.66999816894531,34.66999816894531,35.59000015258789,33.540000915527344,33.8849983215332,12501200
2025-07-24,34.0099983215332,34.0099983215332,35.09000015258789,33.79999923706055,34.95000076293945,6613800
2025-07-25,34.150001525878906,34.150001525878906,34.435001373291016,33.349998474121094,33.970001220703125,5371800
2025-07-28,33.90999984741211,33.90999984741211,34.70000076293945,33.70199966430664,34.34000015258789,5589500
2025-07-29,32.65999984741211,32.65999984741211,33.70000076293945,31.940000534057617,33.70000076293945,8295500
2025-07-30,32.150001525878906,32.150001525878906,33.400001525878906,31.88999938964844,33.084999084472656,6087500
2025-07-31,29.559999465942383,29.559999465942383,31.84499931335449,29.309999465942383,31.209999084472656,14481900
2025-08-01,27.604999542236328,27.604999542236328,27.8799991607666,26.565000534057617,27.56999969482422,16282200
2025-08-04,27.63999938964844,27.63999938964844,28.600000381469727,27.18000030517578,28.01499938964844,8091100
2025-08-05,27.46999931335449,27.46999931335449,27.96999931335449,27.30500030517578,27.63999938964844,6163000
2025-08-06,26.709999084472656,26.709999084472656,27.48500061035156,26.31999969482422,27.200000762939453,10166600
2025-08-07,26.61000061035156,26.61000061035156,27.040000915527344,26.26000022888184,26.88500022888184,7832300
2025-08-08,26.1200008392334,26.1200008392334,26.8799991607666,25.88999938964844,26.545000076293945,6607300
2025-08-11,25.46999931335449,25.46999931335449,26.71500015258789,25.299999237060547,26.149999618530277,8757900
2025-08-12,25.65999984741211,25.65999984741211,26.26000022888184,25.32200050354004,25.540000915527344,12209400
2025-08-13,26.88999938964844,26.88999938964844,27.07999992370605,25.790000915527344,25.88999938964844,8658100
2025-08-14,26.690000534057617,26.690000534057617,26.88500022888184,25.809999465942383,26.399999618530277,5799000
2025-08-15,28.020000457763672,28.020000457763672,28.59000015258789,26.799999237060547,26.96999931335449,9386100
2025-08-18,28.09000015258789,28.09000015258789,28.51000022888184,27.96500015258789,28.200000762939453,6149300
2025-08-19,27.90999984741211,27.90999984741211,28.299999237060547,27.6200008392334,28.149999618530277,5415300
2025-08-20,26.88999938964844,26.88999938964844,27.88999938964844,26.559999465942383,27.71999931335449,6918900
2025-08-21,26.21999931335449,26.21999931335449,26.600000381469727,26.01000022888184,26.549999237060547,5643700
2025-08-22,27.1200008392334,27.1200008392334,27.799999237060547,26.3799991607666,26.3799991607666,9165500
2025-08-25,25.350000381469727,25.350000381469727,27.21999931335449,25.350000381469727,27.1200008392334,13157800
2025-08-26,24.729999542236328,24.729999542236328,25.51000022888184,24.290000915527344,25.350000381469727,13014900
2025-08-27,25.100000381469727,25.100000381469727,25.63999938964844,24.280000686645508,24.75,18672500
2025-08-28,24.46999931335449,24.46999931335449,25.18000030517578,24.1299991607666,25.040000915527344,10608800
2025-08-29,24.09000015258789,24.09000015258789,24.3799991607666,23.84000015258789,24.25,8288600
2025-09-02,24.190000534057617,24.190000534057617,24.25,23.399999618530277,23.93000030517578,14228500
2025-09-03,24.049999237060547,24.049999237060547,24.65999984741211,23.790000915527344,24.15999984741211,9306500
2025-09-04,24.280000686645508,24.280000686645508,24.34000015258789,23.32999992370605,23.809999465942383,9158300
2025-09-05,25.13999938964844,25.13999938964844,25.479999542236328,24.604999542236328,24.65999984741211,13040600
2025-09-08,24.82999992370605,24.82999992370605,24.924999237060547,23.780000686645508,24.924999237060547,13100500
2025-09-09,24.46999931335449,24.46999931335449,25.46500015258789,24.31999969482422,24.90999984741211,9779900
2025-09-10,24.309999465942383,24.309999465942383,25.350000381469727,24.20800018310547,24.57999992370605,8232800
2025-09-11,25.38999938964844,25.38999938964844,25.899999618530277,24.5,24.57999992370605,11765100
2025-09-12,23.51000022888184,23.51000022888184,25.415000915527344,23.18000030517578,25.225000381469727,31285700
2025-09-15,23.8799991607666,23.8799991607666,23.950000762939453,23.350000381469727,23.70499992370605,11984700
2025-09-16,24.84000015258789,24.84000015258789,25.6299991607666,23.90999984741211,23.940000534057617,15654300
2025-09-17,25.0,25.0,25.780000686645508,23.90999984741211,24.850000381469727,13337100
2025-09-18,25.450000762939453,25.450000762939453,26.01000022888184,25.200000762939453,25.56999969482422,10341300
2025-09-19,25.239999771118164,25.239999771118164,25.489999771118164,24.600000381469727,25.450000762939453,18334000
2025-09-22,26.559999465942383,26.559999465942383,27.100000381469727,24.8799991607666,25.11000061035156,16032600
2025-09-23,25.790000915527344,25.790000915527344,26.96999931335449,25.65999984741211,26.71999931335449,8937300
2025-09-24,25.8799991607666,25.8799991607666,26.229999542236328,25.52199935913086,25.81999969482422,7526400
2025-09-25,24.61000061035156,24.61000061035156,25.68000030517578,24.440000534057617,25.68000030517578,10626900
2025-09-26,24.489999771118164,24.489999771118164,24.780000686645508,23.90999984741211,24.51000022888184,10240200
2025-09-29,25.32999992370605,25.32999992370605,25.4950008392334,24.440000534057617,24.81999969482422,8011000
2025-09-30,25.82999992370605,25.82999992370605,26.01000022888184,24.559999465942383,25.100000381469727,9622600
2025-10-01,27.600000381469727,27.600000381469727,28.350000381469727,26.1200008392334,26.1200008392334,17591400
2025-10-02,28.3700008392334,28.3700008392334,28.40999984741211,26.989999771118164,28.020000457763672,10075900
2025-10-03,28.489999771118164,28.489999771118164,28.989999771118164,27.915000915527344,28.65999984741211,8152900
2025-10-06,27.540000915527344,27.540000915527344,28.670000076293945,27.479999542236328,28.489999771118164,8359900
2025-10-07,27.34000015258789,27.34000015258789,27.75900077819824,26.90999984741211,27.614999771118164,6075700
2025-10-08,27.920000076293945,27.920000076293945,29.450000762939453,27.309999465942383,27.3700008392334,12323600
2025-10-09,27.530000686645508,27.530000686645508,28.299999237060547,27.399999618530277,28.100000381469727,6859100
2025-10-10,26.82999992370605,26.82999992370605,27.979999542236328,26.239999771118164,27.780000686645508,10103400
2025-10-13,26.739999771118164,26.739999771118164,28.059999465942383,26.600000381469727,27.239999771118164,9187300
2025-10-14,26.25,26.25,26.690000534057617,26.01000022888184,26.31999969482422,7042000
2025-10-15,27.71999931335449,27.71999931335449,27.959999084472656,26.3799991607666,26.59000015258789,8529300
2025-10-16,27.13999938964844,27.13999938964844,28.479999542236328,27.11000061035156,27.84499931335449,7884700
2025-10-17,26.01000022888184,26.01000022888184,26.940000534057617,25.684999465942383,26.420000076293945,10115900
2025-10-20,27.239999771118164,27.239999771118164,28.1200008392334,26.38999938964844,26.40999984741211,11497800
2025-10-21,27.489999771118164,27.489999771118164,27.59000015258789,26.649999618530277,27.25,6155100
2025-10-22,26.850000381469727,26.850000381469727,27.350000381469727,26.26499938964844,27.209999084472656,7871700
2025-10-23,26.25,26.25,26.670000076293945,25.56999969482422,25.81999969482422,8723200
2025-10-24,26.739999771118164,26.739999771118164,26.90999984741211,26.11000061035156,26.520000457763672,6494100
2025-10-27,26.65999984741211,26.65999984741211,27.374000549316406,26.549999237060547,27.01000022888184,6710100
2025-10-28,25.350000381469727,25.350000381469727,26.899999618530277,25.200000762939453,26.670000076293945,8832400
2025-10-29,24.700000762939453,24.700000762939453,25.549999237060547,24.40999984741211,25.440000534057617,8752800
2025-10-30,28.13999938964844,28.13999938964844,29.200000762939453,24.25,24.424999237060547,48698700
2025-10-31,27.15999984741211,27.15999984741211,27.8700008392334,26.864999771118164,27.825000762939453,15696500
2025-11-03,24.90999984741211,24.90999984741211,26.61000061035156,24.729999542236328,26.61000061035156,14704000
2025-11-04,23.75,23.75,25.149999618530277,23.709999084472656,24.725000381469727,12491400
2025-11-05,23.559999465942383,23.559999465942383,24.040000915527344,23.479999542236328,23.915000915527344,11158500
2025-11-06,24.32999992370605,24.32999992370605,25.559999465942383,23.66200065612793,25.239999771118164,17644600
2025-11-07,24.540000915527344,24.540000915527344,24.56999969482422,23.040000915527344,23.8700008392334,10383700
2025-11-10,24.76000022888184,24.76000022888184,25.1299991607666,23.739999771118164,24.75,8257900
2025-11-11,26.40999984741211,26.40999984741211,26.6200008392334,24.709999084472656,24.950000762939453,11705800
2025-11-12,26.709999084472656,26.709999084472656,27.100000381469727,25.96999931335449,26.065000534057617,9582300
2025-11-13,24.959999084472656,24.959999084472656,26.200000762939453,24.799999237060547,26.11000061035156,10689800
2025-11-14,24.770000457763672,24.770000457763672,24.8799991607666,24.18000030517578,24.434999465942383,8952400
2025-11-17,24.76000022888184,24.76000022888184,25.333999633789062,24.270000457763672,24.5,8249600
2025-11-18,24.920000076293945,24.920000076293945,24.989999771118164,23.799999237060547,24.489999771118164,8360500
2025-11-19,24.18000030517578,24.18000030517578,25.059999465942383,23.76499938964844,24.950000762939453,9400500
2025-11-20,22.36000061035156,22.36000061035156,24.90999984741211,22.31999969482422,24.450000762939453,18620800
2025-11-21,23.71999931335449,23.71999931335449,23.940000534057617,22.280000686645508,22.38999938964844,13904500
2025-11-24,24.149999618530277,24.149999618530277,24.34000015258789,23.545000076293945,23.76000022888184,9557200
2025-11-25,24.75,24.75,24.795000076293945,23.989999771118164,24.209999084472656,6726600
2025-11-26,25.01000022888184,25.01000022888184,25.31999969482422,24.3799991607666,24.780000686645508,6495400
2025-11-28,25.979999542236328,25.979999542236328,26.045000076293945,24.8700008392334,25.01000022888184,4286500
2025-12-01,24.15999984741211,24.15999984741211,25.250999450683597,24.1299991607666,25.049999237060547,9609000
2025-12-02,24.059999465942383,24.059999465942383,24.63400077819824,23.920000076293945,24.21999931335449,10350500
2025-12-03,25.18000030517578,25.18000030517578,25.200000762939453,23.93000030517578,24.040000915527344,7780000
2025-12-04,25.489999771118164,25.489999771118164,25.895000457763672,24.700000762939453,25.200000762939453,8531800
2025-12-05,27.700000762939453,27.700000762939453,27.75,25.3799991607666,25.57999992370605,16532100
2025-12-08,27.96999931335449,27.96999931335449,28.0,27.049999237060547,27.549999237060547,10973000
2025-12-09,28.239999771118164,28.239999771118164,28.520000457763672,26.895000457763672,27.600000381469727,11701400
2025-12-10,29.030000686645508,29.030000686645508,29.1200008392334,27.975000381469727,28.21999931335449,7686000
2025-12-11,29.6299991607666,29.6299991607666,29.68000030517578,28.8799991607666,28.93000030517578,8179800
2025-12-12,29.459999084472656,29.459999084472656,30.434999465942383,29.399999618530277,29.459999084472656,12305900
2025-12-15,29.920000076293945,29.920000076293945,30.299999237060547,28.65999984741211,29.280000686645508,9271600
2025-12-16,29.88999938964844,29.88999938964844,30.0,29.040000915527344,29.90999984741211,7369500
2025-12-17,30.51000022888184,30.51000022888184,31.700000762939453,29.90999984741211,30.01000022888184,11557300
2025-12-18,30.950000762939453,30.950000762939453,32.209999084472656,30.61000061035156,30.739999771118164,13696900
2025-12-19,33.79999923706055,33.79999923706055,34.25,31.170000076293945,31.280000686645508,23582400
2025-12-22,34.900001525878906,34.900001525878906,35.900001525878906,33.31999969482422,33.59000015258789,13194600
2025-12-23,32.290000915527344,32.290000915527344,34.970001220703125,32.13800048828125,34.86000061035156,11927000
2025-12-24,32.75,32.75,32.790000915527344,32.14400100708008,32.15999984741211,2780200
2025-12-26,31.200000762939453,31.200000762939453,32.65999984741211,31.065000534057617,32.5,6322800
2025-12-29,31.149999618530277,31.149999618530277,31.23500061035156,30.649999618530277,31.0,5924400
2025-12-30,30.40999984741211,30.40999984741211,31.25,30.364999771118164,31.1299991607666,5666800
2025-12-31,29.489999771118164,29.489999771118164,30.38999938964844,29.059999465942383,30.26000022888184,8949300
2026-01-02,30.86000061035156,30.86000061035156,31.34000015258789,29.809999465942383,29.82999992370605,9583000
2026-01-05,32.16999816894531,32.16999816894531,32.53300094604492,31.270000457763672,31.32999992370605,10030300
2026-01-06,35.65999984741211,35.65999984741211,36.2599983215332,32.279998779296875,32.380001068115234,20701900
2026-01-07,35.88999938964844,35.88999938964844,37.09999847412109,34.41999816894531,34.5,13854500
2026-01-08,33.86000061035156,33.86000061035156,35.560001373291016,33.720001220703125,35.439998626708984,9218100
2026-01-09,34.29999923706055,34.29999923706055,35.40999984741211,33.939998626708984,34.29800033569336,7551300
2026-01-12,33.84000015258789,33.84000015258789,34.65999984741211,32.369998931884766,34.400001525878906,9438100
2026-01-13,39.59999847412109,39.59999847412109,39.709999084472656,34.04999923706055,34.380001068115234,24707700
2026-01-14,40.58000183105469,40.58000183105469,41.97999954223633,39.29999923706055,39.72999954223633,19502300
2026-01-15,39.36000061035156,39.36000061035156,40.9900016784668,39.25,40.58000183105469,10213800
2026-01-16,41.83000183105469,41.83000183105469,42.38999938964844,40.54999923706055,41.59999847412109,11891100
2026-01-20,43.0,43.0,43.040000915527344,40.70000076293945,41.125,12604300
2026-01-21,49.810001373291016,49.810001373291016,50.0,43.34000015258789,43.5,22612300
2026-01-22,51.869998931884766,51.869998931884766,55.20000076293945,50.04999923706055,50.2400016784668,34243500
2026-01-23,48.709999084472656,48.709999084472656,50.40999984741211,46.84000015258789,49.8120002746582,19929700
2026-01-26,47.9900016784668,47.9900016784668,49.47999954223633,46.59000015258789,49.47499847412109,11291500
2026-01-27,45.45000076293945,45.45000076293945,51.18000030517578,45.02999877929688,48.09000015258789,15262200
2026-01-28,45.29999923706055,45.29999923706055,45.970001220703125,43.54999923706055,45.47999954223633,10617300
2026-01-29,46.86000061035156,46.86000061035156,47.845001220703125,45.720001220703125,45.880001068115234,10768700
2026-01-30,44.06999969482422,44.06999969482422,46.34000015258789,43.43000030517578,45.97999954223633,10960700
2026-02-02,42.54999923706055,42.54999923706055,46.57500076293945,41.630001068115234,43.45000076293945,16118900
2026-02-03,42.20000076293945,42.20000076293945,44.16999816894531,41.27999877929688,42.650001525878906,9368500
2026-02-04,42.77000045776367,42.77000045776367,43.369998931884766,41.52999877929688,42.59000015258789,8505300
2026-02-05,40.869998931884766,40.869998931884766,43.84999847412109,40.08000183105469,42.02999877929688,11681100
2026-02-06,41.0099983215332,41.0099983215332,41.48799896240234,39.5,41.18000030517578,8338800
2026-02-09,41.95000076293945,41.95000076293945,41.999000549316406,40.16999816894531,41.06999969482422,7378800
2026-02-10,41.994998931884766,41.994998931884766,45.5,41.68000030517578,42.869998931884766,9987800
2026-02-11,40.5099983215332,40.5099983215332,40.80500030517578,36.65499877929688,37.60499954223633,14881700
2026-02-12,40.11000061035156,40.11000061035156,40.90999984741211,38.81999969482422,40.1150016784668,7904700
2026-02-13,42.22999954223633,42.22999954223633,44.79999923706055,41.20000076293945,41.84999847412109,16336600
2026-02-17,43.93000030517578,43.93000030517578,45.073001861572266,41.970001220703125,42.27999877929688,10454400
2026-02-18,46.59999847412109,46.59999847412109,47.68000030517578,45.65499877929688,46.68999862670898,13099100
2026-02-19,49.70000076293945,49.70000076293945,50.459999084472656,45.79999923706055,46.98500061035156,12142000
2026-02-20,49.869998931884766,49.869998931884766,50.47999954223633,48.290000915527344,49.15999984741211,9026000
2026-02-23,50.290000915527344,50.290000915527344,54.02000045776367,48.68000030517578,48.69499969482422,11510900
2026-02-24,50.52000045776367,50.52000045776367,51.970001220703125,49.52999877929688,50.18000030517578,7006600
2026-02-25,51.369998931884766,51.369998931884766,53.84999847412109,50.66999816894531,50.744998931884766,7948000
2026-02-26,51.709999084472656,51.709999084472656,52.810001373291016,50.619998931884766,51.43000030517578,5761900
2026-02-27,53.56999969482422,53.56999969482422,53.619998931884766,50.72999954223633,51.27000045776367,9069700
2026-03-02,52.845001220703125,52.845001220703125,54.935001373291016,50.45000076293945,52.41999816894531,9424700
2026-03-03,49.83000183105469,49.83000183105469,51.85699844360352,48.09000015258789,50.44499969482422,9258800
2026-03-04,57.79999923706055,57.79999923706055,59.54999923706055,51.68999862670898,53.58000183105469,23103600
2026-03-05,53.83000183105469,53.83000183105469,58.7400016784668,52.16999816894531,56.95500183105469,13953500
2026-03-06,52.52000045776367,52.52000045776367,52.77000045776367,49.220001220703125,52.21500015258789,12432600
2026-03-09,55.7400016784668,55.7400016784668,56.619998931884766,51.90999984741211,53.29999923706055,13833900
2026-03-10,54.97999954223633,54.97999954223633,56.1619987487793,52.650001525878906,55.21500015258789,7268700
2026-03-11,55.970001220703125,55.970001220703125,57.880001068115234,54.810001373291016,54.97999954223633,6842900
2026-03-12,53.38999938964844,53.38999938964844,55.02000045776367,53.20500183105469,54.75,6333200
2026-03-13,52.560001373291016,52.560001373291016,55.09000015258789,51.43999862670898,54.310001373291016,6606200
2026-03-16,53.310001373291016,53.310001373291016,53.959999084472656,51.6349983215332,53.400001525878906,6970100
2026-03-17,53.93000030517578,53.93000030517578,56.5099983215332,53.40999984741211,53.5,7701000
2026-03-18,52.400001525878906,52.400001525878906,53.36000061035156,51.01900100708008,53.18000030517578,6572300
2026-03-19,52.369998931884766,52.369998931884766,52.88999938964844,51.0099983215332,51.0099983215332,4881000
2026-03-20,51.380001068115234,51.380001068115234,52.97999954223633,50.619998931884766,51.685001373291016,15477600
2026-03-23,51.27999877929688,51.27999877929688,52.54999923706055,50.18999862670898,51.23400115966797,5977200
2026-03-24,51.34000015258789,51.34000015258789,52.68000030517578,50.34000015258789,50.44200134277344,4808400
2026-03-25,53.540000915527344,53.540000915527344,54.2400016784668,52.52999877929688,52.56999969482422,4467900
2026-03-26,53.56999969482422,53.56999969482422,54.68000030517578,52.29999923706055,52.7599983215332,3862700
2026-03-27,49.560001373291016,49.560001373291016,53.55500030517578,49.47999954223633,53.290000915527344,7101500
2026-03-30,48.22999954223633,48.22999954223633,49.84999847412109,47.13999938964844,49.67499923706055,5229100
2026-03-31,50.79999923706055,50.79999923706055,51.619998931884766,47.959999084472656,49.02000045776367,8182700
2026-04-01,50.02999877929688,50.02999877929688,52.77999877929688,49.58000183105469,51.63999938964844,7548900
2026-04-02,49.20000076293945,49.20000076293945,50.5099983215332,48.11000061035156,48.14500045776367,4631800
2026-04-06,48.77000045776367,48.77000045776367,49.79999923706055,48.20000076293945,49.06999969482422,3488500
2026-04-07,50.11000061035156,50.11000061035156,50.290000915527344,47.39699935913086,48.70000076293945,4301700
2026-04-08,52.09999847412109,52.09999847412109,52.38999938964844,50.540000915527344,51.9900016784668,4859900
2026-04-09,51.27999877929688,51.27999877929688,52.0,50.58000183105469,51.630001068115234,4436100
2026-04-10,50.959999084472656,50.959999084472656,52.88999938964844,50.02000045776367,51.66999816894531,6276500
2026-04-13,50.68000030517578,50.68000030517578,53.0,50.470001220703125,51.0099983215332,6652100
2026-04-14,52.84000015258789,52.84000015258789,53.0,50.04999923706055,50.59000015258789,5415100
2026-04-15,54.2599983215332,54.2599983215332,55.20000076293945,53.2599983215332,53.7599983215332,4806900
2026-04-16,54.68000030517578,54.68000030517578,54.95000076293945,52.7599983215332,54.130001068115234,5092600
2026-04-17,53.720001220703125,53.720001220703125,56.060001373291016,52.95000076293945,55.70000076293945,13585400
2026-04-20,54.59000015258789,54.59000015258789,55.72499847412109,53.01499938964844,53.68999862670898,5609200
2026-04-21,54.22999954223633,54.22999954223633,56.20000076293945,51.68000030517578,53.959999084472656,6195700
2026-04-22,55.59999847412109,55.59999847412109,55.93000030517578,54.34999847412109,55.400001525878906,3506600
2026-04-23,52.84999847412109,52.84999847412109,56.09999847412109,52.61000061035156,55.619998931884766,4062700
2026-04-24,50.72999954223633,50.72999954223633,53.4900016784668,50.571998596191406,53.380001068115234,4552400
2026-04-27,48.70000076293945,48.70000076293945,51.36000061035156,48.25,50.630001068115234,6089500
2026-04-28,47.13999938964844,47.13999938964844,48.93000030517578,46.75,48.790000915527344,3643500
2026-04-29,45.720001220703125,45.720001220703125,47.18999862670898,44.619998931884766,46.75,5478400
2026-04-30,45.93999862670898,45.93999862670898,47.93999862670898,45.75,46.20000076293945,6066100
2026-05-01,45.369998931884766,45.369998931884766,48.400001525878906,43.68000030517578,46.6349983215332,10233100
2026-05-04,47.29999923706055,47.29999923706055,47.96500015258789,45.290000915527344,45.31999969482422,7587700
2026-05-05,46.709999084472656,46.709999084472656,47.72999954223633,45.77999877929688,47.67499923706055,4834200
2026-05-06,48.790000915527344,48.790000915527344,49.04999923706055,46.72999954223633,47.10499954223633,4390300
2026-05-07,48.540000915527344,48.540000915527344,52.0,47.77999877929688,51.68999862670898,8496600
2026-05-08,54.34999847412109,54.34999847412109,57.77899932861328,48.97999954223633,49.0,20925900
2026-05-11,52.880001068115234,52.880001068115234,59.47999954223633,51.38999938964844,58.08000183105469,25402200
2026-05-12,53.27000045776367,53.27000045776367,54.619998931884766,51.25,52.2400016784668,11248200
2026-05-13,50.41999816894531,50.41999816894531,53.05500030517578,49.9900016784668,52.85200119018555,7508300
2026-05-14,50.02999877929688,50.02999877929688,50.79999923706055,48.709999084472656,49.5,7668100
2026-05-15,49.040000915527344,49.040000915527344,49.880001068115234,47.90999984741211,48.43000030517578,7233100
2026-05-18,48.11000061035156,48.11000061035156,50.5,47.63999938964844,49.97999954223633,5028700
2026-05-19,45.720001220703125,45.720001220703125,47.63999938964844,45.625,47.61000061035156,5455600
2026-05-20,48.119998931884766,48.119998931884766,48.77000045776367,45.95000076293945,46.040000915527344,4777800
2026-05-21,47.2599983215332,47.2599983215332,47.93000030517578,46.48400115966797,47.630001068115234,4790700
2026-05-22,46.880001068115234,46.880001068115234,48.34999847412109,46.77000045776367,47.540000915527344,4217900
2026-05-26,47.02999877929688,47.02999877929688,48.672000885009766,46.16999816894531,47.209999084472656,3993700
2026-05-27,47.61000061035156,47.61000061035156,49.07500076293945,46.869998931884766,47.02000045776367,3592400
2026-05-28,47.56999969482422,47.56999969482422,47.58000183105469,45.88999938964844,47.244998931884766,4726400
2026-05-29,47.18999862670898,47.18999862670898,49.2599983215332,46.81999969482422,47.27000045776367,6314900
2026-06-01,46.060001373291016,46.060001373291016,47.06999969482422,44.20000076293945,47.06999969482422,6177800
2026-06-02,45.63999938964844,45.63999938964844,46.16999816894531,43.900001525878906,45.34999847412109,5690100
2026-06-03,49.060001373291016,49.060001373291016,49.54999923706055,45.29999923706055,45.29999923706055,6934400
2026-06-04,51.59000015258789,51.59000015258789,51.900001525878906,48.93999862670898,49.39799880981445,6709700
2026-06-05,47.43999862670898,47.43999862670898,51.52999877929688,46.380001068115234,50.77000045776367,6084100
2026-06-08,47.59999847412109,47.59999847412109,48.9900016784668,46.79999923706055,48.220001220703125,3994600
2026-06-09,47.72999954223633,47.72999954223633,48.41999816894531,45.400001525878906,48.41999816894531,5080500
2026-06-10,45.9900016784668,45.9900016784668,48.52000045776367,45.66999816894531,47.21500015258789,4217000
2026-06-11,49.63999938964844,49.63999938964844,49.93999862670898,46.29999923706055,46.43000030517578,6196200
2026-06-12,49.90999984741211,49.90999984741211,51.75,49.619998931884766,49.97999954223633,5080100
2026-06-15,52.130001068115234,52.130001068115234,52.22999954223633,49.84000015258789,51.369998931884766,6342100
2026-06-16,55.400001525878906,55.400001525878906,57.790000915527344,51.65999984741211,52.2400016784668,13050500
2026-06-17,61.79999923706055,61.79999923706055,62.29999923706055,54.5099983215332,56.209999084472656,12448000
2026-06-18,63.959999084472656,63.959999084472656,67.73999786376953,60.72999954223633,63.959999084472656,24078800
2026-06-22,59.345001220703125,59.345001220703125,65.51000213623047,57.5,64.06999969482422,8363500
2026-06-23,61.0,61.0,63.97999954223633,58.34000015258789,59.04999923706055,6814200
2026-06-24,60.41999816894531,60.41999816894531,62.75,59.84999847412109,61.16999816894531,11704000
2026-06-25,59.75,59.75,61.85699844360352,57.90800094604492,60.33000183105469,6797400
2026-06-26,67.2699966430664,67.2699966430664,69.28500366210938,59.22999954223633,59.46500015258789,14456700
2026-06-29,69.69999694824219,69.69999694824219,69.9000015258789,66.30000305175781,67.94499969482422,8077400
2026-06-30,70.02999877929688,70.02999877929688,73.27999877929688,69.22000122070312,69.83499908447266,11805900
2026-07-01,72.5,72.5,73.91000366210938,68.86599731445312,70.04000091552734,9275300
2026-07-02,79.76000213623047,79.76000213623047,81.4000015258789,73.68000030517578,73.70999908447266,14087700
2026-07-06,81.80000305175781,81.80000305175781,85.5999984741211,77.5,78.55000305175781,17296900
2026-07-07,79.7699966430664,79.7699966430664,82.9000015258789,77.41000366210938,82.0999984741211,8688300
2026-07-08,73.80000305175781,73.80000305175781,78.30000305175781,73.33999633789062,77.33999633789062,6581700
2026-07-09,76.55999755859375,76.55999755859375,76.83999633789062,73.13999938964844,73.80000305175781,4415000
2026-07-10,68.2699966430664,68.2699966430664,76.72200012207031,67.30999755859375,76.72200012207031,9176900
2026-07-13,67.01000213623047,67.01000213623047,69.55000305175781,65.54000091552734,66.33000183105469,8522000
2026-07-14,67.44000244140625,67.44000244140625,67.88999938964844,65.80000305175781,66.66999816894531,5812300
2026-07-15,68.27999877929688,68.27999877929688,68.48999786376953,65.94999694824219,67.79000091552734,3427800
2026-07-16,63.150001525878906,63.150001525878906,67.41999816894531,62.79999923706055,67.06999969482422,5593100
2026-07-17,61.81999969482422,61.81999969482422,63.27999877929688,61.060001373291016,61.68000030517578,4552000
2026-07-20,59.4900016784668,59.4900016784668,62.42499923706055,59.29999923706055,61.459999084472656,4967900
2026-07-21,59.65999984741211,59.65999984741211,60.83000183105469,58.61000061035156,59.5099983215332,4357400
2026-07-22,58.06999969482422,58.06999969482422,59.86000061035156,57.7400016784668,59.52000045776367,3780400
2026-07-23,57.02000045776367,57.02000045776367,58.43000030517578,56.275001525878906,57.20000076293945,4695600
2026-07-24,54.06999969482422,54.06999969482422,57.459999084472656,53.84999847412109,57.255001068115234,4427800
2026-07-27,55.630001068115234,55.630001068115234,57.06999969482422,54.38999938964844,54.75,5038200
2026-07-28,55.80500030517578,55.80500030517578,55.84999847412109,53.345001220703125,54.83100128173828,5553600
2026-07-29,54.4900016784668,54.4900016784668,56.25,54.15999984741211,55.040000915527344,4348300
2026-07-30,57.91999816894531,57.91999816894531,58.08000183105469,54.52000045776367,55.96500015258789,4458300
2026-07-31,54.81999969482422,54.81999969482422,59.4900016784668,54.709999084472656,57.84999847412109,7764500
2026-08-03,55.13999938964844,55.13999938964844,58.0,52.65999984741211,54.92499923706055,5176700
2026-08-04,56.9900016784668,56.9900016784668,58.34000015258789,55.875,56.84000015258789,4000100
2026-08-05,56.255001068115234,56.255001068115234,59.45000076293945,55.58000183105469,58.0,5163300
2026-08-06,53.86000061035156,53.86000061035156,59.0,53.709999084472656,57.540000915527344,5640300
2026-08-07,59.16999816894531,59.16999816894531,59.415000915527344,54.619998931884766,54.790000915527344,6820600
2026-08-10,59.810001373291016,59.810001373291016,60.77000045776367,58.40999984741211,59.75,6224500
2026-08-11,60.56999969482422,60.56999969482422,61.400001525878906,58.59999847412109,60.209999084472656,6556300
2026-08-12,63.66999816894531,63.66999816894531,64.26000213623047,59.290000915527344,60.58000183105469,6582000
2026-08-13,63.650001525878906,63.650001525878906,65.33000183105469,62.33000183105469,63.79999923706055,8159700
2026-08-14,63.31999969482422,63.31999969482422,63.78200149536133,60.81999969482422,62.88999938964844,4700900
2026-08-17,64.45999908447266,64.45999908447266,65.5250015258789,62.90999984741211,64.7750015258789,3979600
2026-08-18,62.959999084472656,62.959999084472656,64.45999908447266,62.12900161743164,63.040000915527344,4305000
2026-08-19,174.3800048828125,174.3800048828125,176.66000366210938,114.45999908447266,116.0199966430664,199252300
2026-08-20,133.32000732421875,133.32000732421875,155.0,128.61000061035156,150.13999938964844,99499900
2026-08-21,145.1300048828125,145.1300048828125,159.47000122070312,132.4199981689453,133.11000061035156,87316100
2026-08-24,138.88999938964844,138.88999938964844,145.5,130.0,142.6999969482422,31587200
