Date,Adj Close,Close,High,Low,Open,Volume
2015-01-02,82.33221435546875,93.98999786376952,95.4499969482422,93.12999725341795,94.6999969482422,1523700
2015-01-05,81.06208801269531,92.54000091552734,93.70999908447266,90.81999969482422,90.81999969482422,1825500
2015-01-06,80.9482192993164,92.41000366210938,93.4499969482422,91.56999969482422,92.72000122070312,1855000
2015-01-07,82.48119354248047,94.16000366210938,94.4800033569336,92.9499969482422,93.06999969482422,1145300
2015-01-08,83.88272094726562,95.76000213623048,96.0,95.02999877929688,95.02999877929688,1368800
2015-01-09,82.86654663085938,94.5999984741211,95.79000091552734,94.44000244140624,95.4499969482422,760700
2015-01-12,82.3585205078125,94.0199966430664,94.9000015258789,93.86000061035156,94.9000015258789,772000
2015-01-13,82.53369903564453,94.22000122070312,95.48999786376952,93.33000183105467,94.66000366210938,1124500
2015-01-14,81.68401336669922,93.25,93.37999725341795,91.68000030517578,93.27999877929688,1986100
2015-01-15,80.15106964111328,91.5,93.55999755859376,91.44000244140624,93.55999755859376,1490600
2015-01-16,80.98321533203125,92.4499969482422,92.5500030517578,90.79000091552734,91.08000183105467,1435500
2015-01-20,80.29998016357422,91.66999816894533,93.22000122070312,90.6999969482422,93.0500030517578,1894300
2015-01-21,80.68541717529297,92.11000061035156,92.43000030517578,91.12999725341795,91.3499984741211,1156600
2015-01-22,81.78913116455078,93.37000274658205,93.37000274658205,91.75,92.4499969482422,1277400
2015-01-23,81.20223236083984,92.6999969482422,93.70999908447266,92.5999984741211,93.23999786376952,960700
2015-01-26,81.07085418701172,92.5500030517578,92.68000030517578,91.77999877929688,92.41999816894533,1082400
2015-01-27,80.87812805175781,92.33000183105467,92.9800033569336,91.33999633789062,91.7300033569336,1510800
2015-01-28,81.24602508544922,92.75,95.0500030517578,92.5,93.12000274658205,1944100
2015-01-29,82.06068420410156,93.68000030517578,93.72000122070312,91.4499969482422,92.58999633789062,1300800
2015-01-30,79.75688171386719,91.0500030517578,93.1500015258789,90.94000244140624,92.61000061035156,1303000
2015-02-02,80.37886047363281,91.76000213623048,91.7699966430664,89.83000183105469,91.3499984741211,1248600
2015-02-03,81.23726654052734,92.73999786376952,92.79000091552734,91.4000015258789,92.1500015258789,1045800
2015-02-04,81.00077819824219,92.47000122070312,93.51000213623048,92.25,93.05999755859376,1557700
2015-02-05,82.05195617675781,93.66999816894533,93.93000030517578,92.91000366210938,93.08999633789062,1259900
2015-02-06,81.21098327636719,92.70999908447266,93.98999786376952,92.41999816894533,93.5999984741211,1182300
2015-02-09,80.50145721435547,91.9000015258789,92.91000366210938,91.45999908447266,92.06999969482422,793800
2015-02-10,81.517578125,93.05999755859376,93.18000030517578,92.13999938964844,92.5,662100
2015-02-11,81.43000030517578,92.95999908447266,93.5199966430664,92.3499984741211,92.91999816894533,838600
2015-02-12,81.78913116455078,93.37000274658205,93.6999969482422,92.88999938964844,93.4499969482422,967100
2015-02-13,82.78772735595703,94.51000213623048,94.5500030517578,93.08000183105467,93.25,1174900
2015-02-17,83.27827453613281,95.06999969482422,95.1999969482422,93.91999816894533,94.8499984741211,1340500
2015-02-18,83.43595123291016,95.25,95.30999755859376,94.4499969482422,95.11000061035156,1008200
2015-02-19,82.83154296875,94.55999755859376,95.38999938964844,94.30999755859376,95.0999984741211,839100
2015-02-20,83.43595123291016,95.25,95.33000183105467,93.75,93.95999908447266,1115700
2015-02-23,83.74254608154297,95.5999984741211,95.8000030517578,95.0500030517578,95.25,875900
2015-02-24,83.11185455322266,94.87999725341795,95.6999969482422,94.66000366210938,95.38999938964844,1093800
2015-02-25,82.84029388427734,94.56999969482422,94.91000366210938,94.27999877929688,94.68000030517578,990400
2015-02-26,82.69137573242188,94.4000015258789,94.86000061035156,94.0199966430664,94.61000061035156,998100
2015-02-27,82.99795532226562,94.75,95.25,94.3499984741211,94.4499969482422,1340000
2015-03-02,84.10166931152344,96.01000213623048,96.18000030517578,94.75,94.75,1081400
2015-03-03,80.9744873046875,92.44000244140624,95.83000183105467,92.23999786376952,95.70999908447266,2993000
2015-03-04,80.91316223144531,92.37000274658205,93.02999877929688,91.5500030517578,92.3499984741211,1587800
2015-03-05,81.4562759399414,92.98999786376952,93.12999725341795,92.33999633789062,92.3499984741211,1543500
2015-03-06,78.89845275878906,90.06999969482422,92.5,89.80999755859375,92.5,2129900
2015-03-09,79.73060607910156,91.0199966430664,91.1500015258789,90.36000061035156,90.37000274658205,1021800
2015-03-10,79.09991455078125,90.3000030517578,90.86000061035156,89.83999633789062,90.12000274658205,1538900
2015-03-11,79.24006652832031,90.45999908447266,90.95999908447266,90.12000274658205,90.36000061035156,1106900
2015-03-12,80.54524230957031,91.9499969482422,92.04000091552734,90.45999908447266,90.5500030517578,892100
2015-03-13,79.96713256835938,91.29000091552734,92.4000015258789,90.70999908447266,91.83000183105467,1254400
2015-03-16,81.2723388671875,92.77999877929688,93.04000091552734,91.83999633789062,91.83999633789062,1177100
2015-03-17,80.49270629882812,91.88999938964844,92.44000244140624,91.69000244140624,92.08999633789062,1036200
2015-03-18,81.56138610839844,93.11000061035156,93.83000183105467,91.3000030517578,91.56999969482422,1382200
2015-03-19,81.9643325805664,93.56999969482422,93.76000213623048,92.83999633789062,93.0199966430664,945500
2015-03-20,82.034423828125,93.6500015258789,94.4000015258789,93.44000244140624,94.04000091552734,2101900
2015-03-23,82.08697509765625,93.70999908447266,94.18000030517578,93.1500015258789,93.48999786376952,918800
2015-03-24,81.83293151855469,93.41999816894533,94.33000183105467,93.36000061035156,93.56999969482422,961100
2015-03-25,80.84308624267578,92.29000091552734,94.23999786376952,92.20999908447266,93.5199966430664,1190200
2015-03-26,80.17733764648438,91.52999877929688,92.2300033569336,91.29000091552734,91.9000015258789,1049700
2015-03-27,81.38636016845703,92.55999755859376,92.7300033569336,91.26000213623048,91.26000213623048,1229700
2015-03-30,82.25688171386719,93.5500030517578,93.86000061035156,92.80999755859376,93.12000274658205,1016600
2015-03-31,81.1137924194336,92.25,93.58000183105467,92.25,92.87000274658205,1199500
2015-04-01,80.17295837402344,91.18000030517578,92.58000183105467,90.62999725341795,92.45999908447266,2005600
2015-04-02,80.12020874023438,91.12000274658205,91.87000274658205,90.19000244140624,90.22000122070312,1042300
2015-04-06,80.68295288085938,91.76000213623048,92.18000030517578,90.36000061035156,90.4499969482422,1152600
2015-04-07,80.43675994873047,91.4800033569336,92.38999938964844,91.45999908447266,91.94000244140624,1038900
2015-04-08,80.91155242919922,92.0199966430664,92.33999633789062,91.41000366210938,91.68000030517578,1093100
2015-04-09,81.8348159790039,93.06999969482422,93.11000061035156,91.61000061035156,91.79000091552734,1379900
2015-04-10,82.42391967773438,93.73999786376952,94.05999755859376,92.91999816894533,92.91999816894533,1101700
2015-04-13,81.8611831665039,93.0999984741211,93.97000122070312,92.9499969482422,93.36000061035156,1334900
2015-04-14,81.36878204345703,92.54000091552734,93.27999877929688,91.9000015258789,92.9000015258789,1478100
2015-04-15,81.14897918701172,92.29000091552734,92.97000122070312,92.0999984741211,92.58000183105467,752100
2015-04-16,81.05221557617188,92.18000030517578,92.38999938964844,91.77999877929688,92.1500015258789,877000
2015-04-17,81.33360290527344,92.5,92.79000091552734,91.16999816894533,91.54000091552734,2041600
2015-04-20,82.08100891113281,93.3499984741211,93.54000091552734,92.7300033569336,93.0,1345300
2015-04-21,83.27684783935547,94.70999908447266,94.80999755859376,93.7300033569336,94.0,1959400
2015-04-22,84.80677795410156,96.4499969482422,97.3000030517578,95.0,95.0,2463600
2015-04-23,85.44865417480469,97.18000030517578,97.41999816894533,96.1999969482422,96.4499969482422,1620100
2015-04-24,85.20246887207031,96.9000015258789,97.16000366210938,96.47000122070312,96.7699966430664,1284500
2015-04-27,83.20648193359375,94.62999725341795,97.44000244140624,94.5,97.44000244140624,1840500
2015-04-28,83.61974334716797,95.0999984741211,95.41000366210938,93.5500030517578,94.62000274658205,1619100
2015-04-29,82.93390655517578,94.31999969482422,94.9499969482422,93.18000030517578,94.9499969482422,1260000
2015-04-30,81.10498809814453,92.23999786376952,93.98999786376952,91.77999877929688,93.5999984741211,1923500
2015-05-01,82.12493133544922,93.4000015258789,93.4499969482422,92.4800033569336,92.80999755859376,1275700
2015-05-04,82.32718658447266,93.62999725341795,94.1500015258789,93.45999908447266,93.6500015258789,1044600
2015-05-05,81.68533325195312,92.9000015258789,93.5500030517578,92.47000122070312,93.20999908447266,1028700
2015-05-06,81.38636016845703,92.55999755859376,93.47000122070312,92.12999725341795,93.37000274658205,984900
2015-05-07,81.43035888671875,92.61000061035156,93.27999877929688,92.37000274658205,92.37000274658205,801500
2015-05-08,83.1449203491211,94.55999755859376,94.8000030517578,93.48999786376952,93.7699966430664,1258400
2015-05-11,82.96907806396484,94.36000061035156,94.87999725341795,94.1999969482422,94.58999633789062,741500
2015-05-12,81.8436050415039,93.08000183105467,94.13999938964844,93.04000091552734,93.9800033569336,1098300
2015-05-13,81.6941146850586,92.91000366210938,93.80999755859376,92.70999908447266,93.1500015258789,821400
2015-05-14,83.76043701171875,95.26000213623048,95.33999633789062,93.33999633789062,93.66000366210938,1319700
2015-05-15,83.98027801513672,95.51000213623048,95.68000030517578,95.0,95.2300033569336,1260900
2015-05-18,84.92987823486328,96.58999633789062,96.88999938964844,95.52999877929688,95.69000244140624,995700
2015-05-19,85.009033203125,96.68000030517578,96.95999908447266,96.16000366210938,96.4800033569336,1025800
2015-05-20,85.0969467163086,96.77999877929688,97.56999969482422,96.66999816894533,96.66999816894533,983800
2015-05-21,84.76280975341797,96.4000015258789,96.83999633789062,96.12999725341795,96.6500015258789,744300
2015-05-22,84.7979736328125,96.44000244140624,96.70999908447266,95.79000091552734,96.19000244140624,1267900
2015-05-26,83.99783325195312,95.52999877929688,96.37000274658205,95.3000030517578,96.37000274658205,1164400
2015-05-27,84.92987823486328,96.58999633789062,96.79000091552734,95.5500030517578,96.0,889500
2015-05-28,84.62211608886719,96.23999786376952,96.94000244140624,95.83000183105467,96.45999908447266,862600
2015-05-29,84.525390625,96.12999725341795,97.12000274658205,95.7300033569336,96.1500015258789,1330000
2015-06-01,84.5166244506836,96.12000274658205,96.83999633789062,95.44000244140624,96.66999816894533,831400
2015-06-02,84.5078125,96.11000061035156,96.63999938964844,95.13999938964844,95.75,776900
2015-06-03,84.44630432128906,96.04000091552734,96.4499969482422,95.61000061035156,96.4499969482422,605000
2015-06-04,83.56697845458984,95.04000091552734,95.97000122070312,94.7300033569336,95.7699966430664,968000
2015-06-05,83.7076644897461,95.1999969482422,95.37999725341795,94.48999786376952,95.04000091552734,783000
2015-06-08,83.19770050048828,94.62000274658205,95.45999908447266,94.5999984741211,94.95999908447266,610600
2015-06-09,82.79322052001953,94.16000366210938,94.73999786376952,93.9499969482422,94.47000122070312,757100
2015-06-10,84.41990661621094,96.01000213623048,96.11000061035156,94.16000366210938,94.5,1194400
2015-06-11,84.88591766357422,96.54000091552734,96.8499984741211,95.87000274658205,96.12000274658205,798500
2015-06-12,84.12092590332031,95.66999816894533,96.48999786376952,95.52999877929688,96.11000061035156,629200
2015-06-15,83.2416763305664,94.66999816894533,95.16999816894533,93.9000015258789,95.0500030517578,1187600
2015-06-16,83.67251586914062,95.16000366210938,95.30999755859376,94.37000274658205,94.56999969482422,719900
2015-06-17,83.61974334716797,95.0999984741211,95.5,94.56999969482422,95.33999633789062,686100
2015-06-18,85.42225646972656,97.1500015258789,97.33000183105467,95.37000274658205,95.41000366210938,1081600
2015-06-19,85.18486022949219,96.87999725341795,97.3000030517578,96.70999908447266,97.05999755859376,1135400
2015-06-22,85.64208221435547,97.4000015258789,97.9000015258789,97.2300033569336,97.5,604700
2015-06-23,84.95625305175781,96.62000274658205,97.66999816894533,96.4800033569336,97.3000030517578,957900
2015-06-24,85.04417419433594,96.72000122070312,97.2699966430664,96.12999725341795,96.41000366210938,1393500
2015-06-25,84.80677795410156,96.4499969482422,97.18000030517578,96.29000091552734,96.88999938964844,860000
2015-06-26,85.89656829833984,97.33999633789062,97.94000244140624,96.30999755859376,96.4800033569336,1492800
2015-06-29,84.14936828613281,95.36000061035156,97.33000183105467,95.27999877929688,96.66000366210938,1153400
2015-06-30,84.33467864990234,95.56999969482422,96.4800033569336,95.3499984741211,96.3000030517578,980800
2015-07-01,84.7759017944336,96.06999969482422,96.43000030517578,95.44000244140624,96.2300033569336,782800
2015-07-02,84.5023422241211,95.76000213623048,96.29000091552734,95.25,96.25,641300
2015-07-06,84.70530700683594,95.98999786376952,96.0500030517578,94.7699966430664,94.91999816894533,852200
2015-07-07,85.50833892822266,96.9000015258789,96.98999786376952,95.0500030517578,96.37999725341795,1012100
2015-07-08,84.20230865478516,95.41999816894533,96.5199966430664,95.4000015258789,96.4499969482422,907000
2015-07-09,84.41412353515625,95.66000366210938,96.87000274658205,95.63999938964844,96.75,949300
2015-07-10,85.04063415527344,96.37000274658205,96.91000366210938,95.80999755859376,96.6999969482422,1193600
2015-07-13,86.15250396728516,97.62999725341795,97.69000244140624,96.91000366210938,97.0,745500
2015-07-14,86.70841217041016,98.26000213623048,98.5,97.4499969482422,97.7699966430664,783900
2015-07-15,86.0466079711914,97.51000213623048,98.3000030517578,97.44000244140624,98.27999877929688,1064700
2015-07-16,86.62899780273438,98.16999816894533,98.33000183105467,97.4000015258789,98.29000091552734,1110000
2015-07-17,86.66429138183594,98.20999908447266,98.23999786376952,97.45999908447266,97.87000274658205,867300
2015-07-20,86.8143539428711,98.37999725341795,98.66000366210938,98.0500030517578,98.2699966430664,625400
2015-07-21,87.41439819335938,99.05999755859376,99.23999786376952,98.22000122070312,98.45999908447266,1220900
2015-07-22,86.95550537109375,98.54000091552734,99.20999908447266,98.06999969482422,98.88999938964844,1348400
2015-07-23,86.69961547851562,98.25,98.95999908447266,98.01000213623048,98.95999908447266,1612100
2015-07-24,89.09984588623047,100.97000122070312,103.98999786376952,99.83000183105467,100.0500030517578,3012400
2015-07-27,88.26152801513672,100.0199966430664,101.19000244140624,99.69000244140624,100.83999633789062,2172900
2015-07-28,89.66458892822266,101.61000061035156,101.75,99.9800033569336,100.56999969482422,1113900
2015-07-29,89.99109649658203,101.9800033569336,102.3000030517578,101.37000274658205,102.05999755859376,1222800
2015-07-30,89.8675537109375,101.83999633789062,102.0199966430664,101.30999755859376,101.81999969482422,673000
2015-07-31,90.24700164794922,102.2699966430664,102.8000030517578,101.58999633789062,101.91999816894533,1242800
2015-08-03,89.57635498046875,101.51000213623048,102.6999969482422,100.93000030517578,102.30999755859376,970900
2015-08-04,89.54989624023438,101.4800033569336,102.41999816894533,101.2699966430664,101.80999755859376,913600
2015-08-05,90.99708557128906,103.12000274658205,103.36000061035156,102.0,102.23999786376952,1440700
2015-08-06,89.40868377685547,101.31999969482422,103.4800033569336,101.02999877929688,102.97000122070312,1159400
2015-08-07,89.0733871459961,100.94000244140624,101.4000015258789,99.87999725341795,101.31999969482422,1092500
2015-08-10,90.17645263671876,102.19000244140624,102.5,101.52999877929688,101.72000122070312,722500
2015-08-11,89.84990692138672,101.81999969482422,101.9499969482422,100.8000030517578,101.3000030517578,1115800
2015-08-12,91.00588989257812,103.12999725341795,103.30999755859376,100.9499969482422,101.87999725341795,1934400
2015-08-13,90.8647232055664,102.97000122070312,103.83999633789062,102.20999908447266,102.9000015258789,1533900
2015-08-14,91.45597839355467,103.63999938964844,103.73999786376952,102.66000366210938,102.81999969482422,831300
2015-08-17,91.8971939086914,104.13999938964844,104.23999786376952,102.5999984741211,103.2699966430664,786700
2015-08-18,92.0471649169922,104.30999755859376,104.4499969482422,103.7300033569336,103.93000030517578,684900
2015-08-19,92.24134063720705,104.52999877929688,105.33999633789062,102.9499969482422,103.87999725341795,1163600
2015-08-20,90.46760559082033,102.5199966430664,103.91999816894533,102.5,103.5500030517578,1027000
2015-08-21,87.68795013427734,99.37000274658205,101.79000091552734,99.33999633789062,101.61000061035156,1783600
2015-08-24,84.36996459960938,95.61000061035156,96.43000030517578,91.80999755859376,95.13999938964844,2560800
2015-08-25,84.26409149169922,95.48999786376952,98.43000030517578,95.38999938964844,98.3499984741211,2489400
2015-08-26,87.19376373291016,98.80999755859376,98.83999633789062,95.66000366210938,97.79000091552734,2182700
2015-08-27,89.19693756103516,101.08000183105467,101.3000030517578,99.45999908447266,100.0999984741211,2286700
2015-08-28,87.9703369140625,99.69000244140624,100.8000030517578,99.08999633789062,100.33000183105467,2478300
2015-08-31,87.05258178710938,98.6500015258789,100.3499984741211,98.4000015258789,99.4800033569336,1812000
2015-09-01,84.23760223388672,95.45999908447266,97.12999725341795,94.83999633789062,96.48999786376952,2028700
2015-09-02,85.50833892822266,96.9000015258789,97.02999877929688,95.61000061035156,96.66000366210938,1430700
2015-09-03,85.31419372558594,96.68000030517578,97.87000274658205,96.38999938964844,97.5,1661000
2015-09-04,84.13170623779297,95.33999633789062,96.26000213623048,94.5199966430664,95.70999908447266,1444000
2015-09-08,86.98199462890625,98.56999969482422,98.62999725341795,96.83999633789062,96.83999633789062,1893100
2015-09-09,85.85248565673828,97.29000091552734,99.5199966430664,97.08000183105467,99.44000244140624,1611900
2015-09-10,86.74374389648438,98.3000030517578,98.88999938964844,96.9499969482422,97.2699966430664,1735700
2015-09-11,87.93502044677734,99.6500015258789,99.76000213623048,97.58000183105467,97.83000183105467,2048900
2015-09-14,87.14964294433594,98.76000213623048,99.9499969482422,98.36000061035156,99.6500015258789,1159000
2015-09-15,88.11148834228516,99.8499984741211,100.12000274658205,98.76000213623048,98.9800033569336,945800
2015-09-16,88.7733383178711,100.5999984741211,100.8499984741211,99.55999755859376,99.66999816894533,1218200
2015-09-17,88.7380599975586,100.55999755859376,102.22000122070312,100.18000030517578,100.58999633789062,1683900
2015-09-18,87.5555648803711,99.22000122070312,100.16000366210938,99.0500030517578,99.52999877929688,4146000
2015-09-21,87.89971923828125,99.61000061035156,100.6999969482422,98.80999755859376,100.0199966430664,1229300
2015-09-22,86.97318267822266,98.55999755859376,98.9000015258789,97.72000122070312,98.41000366210938,1295000
2015-09-23,86.99962615966797,98.58999633789062,98.87999725341795,97.86000061035156,98.25,1332100
2015-09-24,86.67310333251953,98.22000122070312,98.4000015258789,97.4000015258789,97.95999908447266,1714200
2015-09-25,85.50833892822266,96.9000015258789,99.4499969482422,96.3000030517578,98.97000122070312,1564500
2015-09-28,81.82869720458984,92.4000015258789,96.01000213623048,91.7300033569336,95.45999908447266,2584800
2015-09-29,82.56373596191406,93.2300033569336,94.16000366210938,92.44000244140624,92.88999938964844,1653300
2015-09-30,83.33418273925781,94.0999984741211,94.8499984741211,92.87000274658205,94.29000091552734,1693200
2015-10-01,84.05152893066406,94.91000366210938,94.97000122070312,93.6500015258789,94.5,1785600
2015-10-02,85.4241943359375,96.45999908447266,96.45999908447266,93.52999877929688,94.12000274658205,1593000
2015-10-05,85.80499267578125,96.88999938964844,97.41999816894533,95.88999938964844,95.88999938964844,1457100
2015-10-06,84.06036376953125,94.91999816894533,96.77999877929688,94.25,96.62999725341795,1477900
2015-10-07,85.01683044433594,96.0,96.02999877929688,94.5,95.33999633789062,1038100
2015-10-08,86.21237182617188,97.3499984741211,97.36000061035156,95.4499969482422,95.81999969482422,1301600
2015-10-09,86.56660461425781,97.75,98.45999908447266,96.9000015258789,97.18000030517578,1459600
2015-10-12,87.23965454101562,98.51000213623048,98.73999786376952,97.37999725341795,97.51000213623048,792000
2015-10-13,86.40718078613281,97.56999969482422,99.0500030517578,97.44000244140624,98.25,876000
2015-10-14,85.81385803222656,96.9000015258789,98.37999725341795,96.68000030517578,97.5999984741211,1267200
2015-10-15,87.39905548095703,98.69000244140624,98.76000213623048,96.52999877929688,97.4000015258789,1226000
2015-10-16,88.58575439453125,100.02999877929688,100.05999755859376,98.3000030517578,99.30999755859376,1248800
2015-10-19,88.966552734375,100.45999908447266,100.51000213623048,99.31999969482422,99.62000274658205,927900
2015-10-20,87.85953521728516,99.20999908447266,100.43000030517578,98.9000015258789,100.12999725341795,1121400
2015-10-21,88.37321472167969,99.79000091552734,99.97000122070312,98.55999755859376,99.72000122070312,2038700
2015-10-22,87.2573471069336,98.52999877929688,100.19000244140624,98.11000061035156,100.16999816894533,2432000
2015-10-23,83.63529205322266,94.44000244140624,98.36000061035156,94.02999877929688,98.04000091552734,4007200
2015-10-26,83.15705871582031,93.9000015258789,94.76000213623048,93.55999755859376,94.36000061035156,2325000
2015-10-27,83.10395050048828,93.83999633789062,94.77999877929688,92.91999816894533,93.9000015258789,1794300
2015-10-28,84.8131103515625,95.7699966430664,95.8499984741211,93.05999755859376,93.83999633789062,1735100
2015-10-29,84.88397979736328,95.8499984741211,96.69000244140624,95.36000061035156,95.4000015258789,1121100
2015-10-30,84.68028259277344,95.62000274658205,96.4000015258789,95.47000122070312,96.06999969482422,1371500
2015-11-02,85.64556884765625,96.70999908447266,96.91000366210938,95.7300033569336,95.83000183105467,1152500
2015-11-03,85.72528839111328,96.8000030517578,97.11000061035156,95.86000061035156,96.62999725341795,987000
2015-11-04,86.34521484375,97.5,97.83999633789062,96.66999816894533,96.8000030517578,1438900
2015-11-05,86.42491149902344,97.58999633789062,97.77999877929688,96.68000030517578,97.5199966430664,1619000
2015-11-06,86.43378448486328,97.5999984741211,97.61000061035156,96.43000030517578,97.19000244140624,1286100
2015-11-09,85.73414611816406,96.80999755859376,97.58999633789062,96.3000030517578,97.25,1049100
2015-11-10,86.43378448486328,97.5999984741211,97.70999908447266,96.7699966430664,96.7699966430664,866300
2015-11-11,86.46031951904297,97.62999725341795,98.25,97.37000274658205,97.79000091552734,1052800
2015-11-12,84.67141723632812,95.61000061035156,97.05999755859376,95.58000183105467,96.4800033569336,2023400
2015-11-13,84.68914031982422,95.62999725341795,96.41999816894533,95.1500015258789,95.1500015258789,1372300
2015-11-16,85.60131072998047,96.66000366210938,96.6999969482422,95.19000244140624,95.58999633789062,1037000
2015-11-17,85.55704498291016,96.61000061035156,97.23999786376952,96.33999633789062,96.70999908447266,1585800
2015-11-18,85.9112777709961,97.01000213623048,97.22000122070312,96.4499969482422,96.80999755859376,1595500
2015-11-19,84.49433135986328,95.41000366210938,96.98999786376952,95.36000061035156,96.80999755859376,1515200
2015-11-20,85.4419174194336,96.4800033569336,97.16000366210938,95.56999969482422,95.9800033569336,1782200
2015-11-23,85.0876693725586,96.08000183105467,97.16000366210938,95.87999725341795,96.54000091552734,1707300
2015-11-24,85.55704498291016,96.61000061035156,96.69000244140624,95.0999984741211,95.38999938964844,1363100
2015-11-25,86.09722900390625,97.22000122070312,97.63999938964844,96.23999786376952,96.61000061035156,993900
2015-11-27,86.86770629882812,98.08999633789062,98.33000183105467,97.16999816894533,97.55999755859376,775400
2015-11-30,85.4241943359375,96.45999908447266,98.77999877929688,96.45999908447266,98.37999725341795,4376200
2015-12-01,85.71641540527344,96.79000091552734,97.86000061035156,96.45999908447266,97.33999633789062,1476300
2015-12-02,85.2470703125,96.26000213623048,97.16999816894533,96.11000061035156,96.9499969482422,1221900
2015-12-03,81.98811340332031,92.58000183105467,96.55999755859376,92.43000030517578,96.26000213623048,2564300
2015-12-04,83.54671478271484,94.33999633789062,94.37999725341795,92.66999816894533,92.8499984741211,1388100
2015-12-07,83.36961364746094,94.13999938964844,94.79000091552734,93.5500030517578,94.37000274658205,1009000
2015-12-08,82.82056427001953,93.5199966430664,93.94000244140624,93.01000213623048,93.68000030517578,1045000
2015-12-09,81.75785064697266,92.31999969482422,93.93000030517578,92.16000366210938,93.04000091552734,1722500
2015-12-10,82.29806518554688,92.93000030517578,93.62000274658205,92.37000274658205,92.37999725341795,937000
2015-12-11,81.65155029296875,92.1999969482422,92.63999938964844,91.55999755859376,92.01000213623048,1325100
2015-12-14,80.95193481445312,91.41000366210938,92.0,90.3000030517578,90.3000030517578,2001600
2015-12-15,81.86409759521484,92.44000244140624,92.98999786376952,91.66000366210938,92.12999725341795,1707500
2015-12-16,83.18363952636719,93.93000030517578,94.12000274658205,92.5,93.05999755859376,1534700
2015-12-17,82.10320281982422,92.70999908447266,94.26000213623048,92.6999969482422,93.91999816894533,1735500
2015-12-18,80.81912994384766,91.26000213623048,92.29000091552734,91.26000213623048,92.23999786376952,2083900
2015-12-21,80.96083068847656,91.41999816894533,92.29000091552734,90.83999633789062,91.66999816894533,1192900
2015-12-22,82.12094116210938,92.7300033569336,92.87000274658205,91.12000274658205,91.94000244140624,952600
2015-12-23,83.35192108154297,94.12000274658205,94.19000244140624,92.86000061035156,93.2699966430664,956600
2015-12-24,83.564453125,94.36000061035156,94.87999725341795,94.0,94.06999969482422,466400
2015-12-28,83.20133209228516,93.9499969482422,94.22000122070312,93.63999938964844,93.8499984741211,860900
2015-12-29,84.30393981933594,94.80999755859376,95.18000030517578,93.72000122070312,94.3499984741211,926100
2015-12-30,83.80599975585938,94.25,95.11000061035156,94.06999969482422,94.72000122070312,1226100
2015-12-31,82.64117431640625,92.94000244140624,93.94000244140624,92.91999816894533,93.62999725341795,912900
2016-01-04,80.04472351074219,90.0199966430664,91.54000091552734,89.55999755859375,91.47000122070312,2089900
2016-01-05,80.8183364868164,90.88999938964844,91.0199966430664,89.9800033569336,90.12000274658205,1533500
2016-01-06,80.69386291503906,90.75,91.11000061035156,89.69000244140625,89.69000244140625,2083800
2016-01-07,78.63983917236328,88.44000244140625,90.08000183105467,88.01000213623047,89.52999877929688,2030000
2016-01-08,78.1507339477539,87.88999938964844,89.69999694824219,87.68000030517578,89.0,1577100
2016-01-11,77.83065032958984,87.52999877929688,88.47000122070312,86.68000030517578,88.1500015258789,1763100
2016-01-12,78.89769744873047,88.7300033569336,89.0999984741211,87.63999938964844,88.02999877929688,1536400
2016-01-13,79.41340637207031,89.30999755859375,91.75,88.80000305175781,89.56999969482422,3088700
2016-01-14,80.8449935913086,90.91999816894533,91.5199966430664,89.33999633789062,89.48999786376953,1982800
2016-01-15,81.01395416259766,91.11000061035156,91.29000091552734,88.7300033569336,89.1500015258789,2818300
2016-01-19,81.4140853881836,91.55999755859376,92.76000213623048,90.56999969482422,91.95999908447266,2683900
2016-01-20,80.91614532470703,91.0,91.72000122070312,88.56999969482422,90.41000366210938,1968100
2016-01-21,81.70748901367188,91.88999938964844,92.26000213623048,90.3000030517578,91.43000030517578,2072100
2016-01-22,83.50369262695312,93.91000366210938,93.9499969482422,92.43000030517578,92.58999633789062,1731100
2016-01-25,83.94828796386719,94.41000366210938,95.0199966430664,93.41000366210938,93.7699966430664,2693900
2016-01-26,85.37987518310547,96.0199966430664,96.16000366210938,94.01000213623048,94.5,2651400
2016-01-27,87.67393493652344,98.5999984741211,101.18000030517578,97.81999969482422,97.81999969482422,6550000
2016-01-28,86.52694702148438,97.30999755859376,99.12000274658205,96.5199966430664,98.93000030517578,3584700
2016-01-29,88.16300964355469,99.1500015258789,99.9000015258789,97.16000366210938,97.9499969482422,3146600
2016-02-01,88.18079376220703,99.16999816894533,99.5999984741211,96.55999755859376,96.79000091552734,2575500
2016-02-02,88.05632781982422,99.02999877929688,100.0199966430664,97.83999633789062,98.20999908447266,1868600
2016-02-03,88.10962677001953,99.08999633789062,99.98999786376952,97.48999786376952,99.91000366210938,2215000
2016-02-04,88.50977325439453,99.54000091552734,100.04000091552734,98.58000183105467,99.0,1594400
2016-02-05,86.17123413085938,96.91000366210938,99.41999816894533,96.48999786376952,99.04000091552734,2017800
2016-02-08,85.41543579101562,96.05999755859376,96.45999908447266,94.30999755859376,96.08999633789062,2147900
2016-02-09,85.93115997314453,96.63999938964844,97.31999969482422,94.93000030517578,94.93000030517578,1877200
2016-02-10,87.2293930053711,98.0999984741211,99.12000274658205,97.48999786376952,97.48999786376952,1537900
2016-02-11,85.50434112548828,96.16000366210938,97.37999725341795,95.66999816894533,96.4800033569336,1921100
2016-02-12,86.54469299316406,97.33000183105467,97.4499969482422,95.76000213623048,96.94000244140624,1286400
2016-02-16,86.60696411132812,97.4000015258789,98.4499969482422,96.98999786376952,98.4499969482422,1932300
2016-02-17,85.61995697021484,96.29000091552734,98.2300033569336,96.1999969482422,98.08999633789062,2900000
2016-02-18,86.19790649414062,96.94000244140624,97.48999786376952,95.79000091552734,96.04000091552734,1645200
2016-02-19,86.8914794921875,97.72000122070312,97.93000030517578,96.22000122070312,96.8000030517578,1580900
2016-02-22,88.0652084350586,99.04000091552734,99.12000274658205,98.11000061035156,98.5,1437200
2016-02-23,87.91404724121094,98.87000274658205,99.61000061035156,98.33999633789062,98.51000213623048,1327800
2016-02-24,88.53648376464844,99.56999969482422,99.6999969482422,97.77999877929688,98.33999633789062,826100
2016-02-25,90.51934814453124,101.8000030517578,101.9499969482422,99.48999786376952,99.5,1724700
2016-02-26,90.12814331054688,101.36000061035156,102.69000244140624,101.08999633789062,102.08000183105467,1552800
2016-02-29,88.81211853027344,99.87999725341795,101.27999877929688,99.83000183105467,101.04000091552734,1161400
2016-03-01,89.73686981201172,100.91999816894533,101.18000030517578,99.41999816894533,100.4000015258789,1069800
2016-03-02,90.27039337158205,101.5199966430664,101.6500015258789,100.41000366210938,100.98999786376952,1175300
2016-03-03,91.49748229980467,102.9000015258789,103.0,101.13999938964844,102.0,1622300
2016-03-04,91.9865264892578,103.4499969482422,104.0,102.54000091552734,102.54000091552734,1946800
2016-03-07,91.44410705566406,102.83999633789062,103.0,102.33000183105467,102.68000030517578,1443100
2016-03-08,91.39076232910156,102.77999877929688,103.16999816894533,98.0,101.68000030517578,2109400
2016-03-09,91.6930923461914,103.12000274658205,103.5500030517578,102.70999908447266,102.87999725341795,1592700
2016-03-10,92.2532958984375,103.75,104.0999984741211,102.30999755859376,103.48999786376952,1785500
2016-03-11,93.36477661132812,105.0,105.0199966430664,103.9800033569336,104.54000091552734,1797500
2016-03-14,93.53369903564452,105.19000244140624,105.51000213623048,104.18000030517578,104.86000061035156,1090800
2016-03-15,93.23137664794922,104.8499984741211,104.98999786376952,104.12999725341795,104.26000213623048,1244700
2016-03-16,93.5426025390625,105.1999969482422,105.58999633789062,104.01000213623048,104.01000213623048,1193400
2016-03-17,91.8531494140625,103.3000030517578,105.26000213623048,103.16999816894533,105.1999969482422,1822000
2016-03-18,93.32032012939452,104.9499969482422,105.12000274658205,102.87000274658205,103.8499984741211,2047500
2016-03-21,93.24030303955078,104.86000061035156,105.12999725341795,103.9499969482422,104.69000244140624,1094300
2016-03-22,93.31143951416016,104.94000244140624,105.37000274658205,104.37000274658205,104.77999877929688,1366700
2016-03-23,93.88941192626952,105.58999633789062,105.9499969482422,104.6999969482422,104.88999938964844,1610600
2016-03-24,93.5604019165039,105.22000122070312,105.9000015258789,104.33999633789062,105.66999816894533,1176700
2016-03-28,93.41814422607422,105.05999755859376,105.68000030517578,104.80999755859376,105.2699966430664,967100
2016-03-29,95.3725128173828,106.87000274658205,106.91999816894533,104.61000061035156,104.8000030517578,1015000
2016-03-30,95.53314208984376,107.0500030517578,107.83999633789062,106.9000015258789,107.33999633789062,1010900
2016-03-31,95.747314453125,107.29000091552734,107.9499969482422,106.0999984741211,106.79000091552734,1478400
2016-04-01,96.84500885009766,108.5199966430664,109.01000213623048,106.26000213623048,106.72000122070312,1753100
2016-04-04,97.56786346435548,109.33000183105467,109.79000091552734,108.52999877929688,109.0,1235500
2016-04-05,95.52422332763672,107.04000091552734,109.29000091552734,106.6500015258789,108.87000274658205,2635000
2016-04-06,96.5862045288086,108.2300033569336,108.86000061035156,107.0500030517578,107.0500030517578,2075100
2016-04-07,96.33631896972656,107.9499969482422,108.3499984741211,107.30999755859376,107.80999755859376,1340100
2016-04-08,96.86283111572266,108.54000091552734,108.91999816894533,108.0,108.3499984741211,1227600
2016-04-11,96.60405731201172,108.25,108.94000244140624,108.16999816894533,108.48999786376952,1912600
2016-04-12,97.67491912841795,109.4499969482422,109.45999908447266,108.13999938964844,108.13999938964844,1283300
2016-04-13,97.8266830444336,109.62000274658205,109.93000030517578,109.0,109.26000213623048,1469600
2016-04-14,98.25496673583984,110.0999984741211,110.41000366210938,109.55999755859376,109.87999725341795,1047000
2016-04-15,97.9873046875,109.8000030517578,110.08999633789062,108.94000244140624,109.91000366210938,1588400
2016-04-18,98.51380920410156,110.38999938964844,110.5199966430664,109.1999969482422,109.76000213623048,1039400
2016-04-19,97.92479705810548,109.7300033569336,110.9800033569336,109.01000213623048,110.44000244140624,1388400
2016-04-20,98.81725311279295,110.7300033569336,111.25,109.33000183105467,109.55999755859376,1969300
2016-04-21,97.55001831054688,109.30999755859376,113.8499984741211,108.41999816894533,112.5,3236900
2016-04-22,97.63034057617188,109.4000015258789,110.05999755859376,108.11000061035156,109.44000244140624,1837800
2016-04-25,97.71065521240234,109.48999786376952,109.62000274658205,108.8499984741211,109.33000183105467,998400
2016-04-26,97.72850036621094,109.51000213623048,110.11000061035156,108.95999908447266,109.54000091552734,1137300
2016-04-27,98.20147705078124,110.04000091552734,111.0,109.12999725341795,110.31999969482422,1213600
2016-04-28,97.77312469482422,109.55999755859376,110.48999786376952,109.25,109.5500030517578,1526100
2016-04-29,97.28229522705078,109.01000213623048,109.45999908447266,106.70999908447266,106.70999908447266,1486900
2016-05-02,98.11225128173828,109.94000244140624,110.22000122070312,109.0199966430664,109.33000183105467,917300
2016-05-03,97.42506408691406,109.16999816894533,109.7699966430664,108.79000091552734,109.47000122070312,851300
2016-05-04,96.907470703125,108.58999633789062,109.13999938964844,108.01000213623048,108.61000061035156,936700
2016-05-05,98.27288818359376,110.12000274658205,110.1500015258789,108.27999877929688,108.51000213623048,1707300
2016-05-06,99.24561309814452,111.20999908447266,111.20999908447266,109.5199966430664,109.81999969482422,1749300
2016-05-09,99.34375,111.31999969482422,112.2300033569336,111.12000274658205,111.12999725341795,960600
2016-05-10,99.72750854492188,111.75,111.91000366210938,111.11000061035156,111.37999725341795,1669900
2016-05-11,99.48656463623048,111.4800033569336,112.37000274658205,111.37000274658205,111.80999755859376,1439900
2016-05-12,99.78996276855467,111.81999969482422,112.30999755859376,110.8499984741211,111.5199966430664,1048200
2016-05-13,98.97789001464844,110.91000366210938,112.01000213623048,110.41000366210938,111.91000366210938,1050700
2016-05-16,100.26295471191406,112.3499984741211,112.69000244140624,110.83000183105467,110.86000061035156,1032100
2016-05-17,98.29071044921876,110.13999938964844,112.41999816894533,109.76000213623048,112.0500030517578,1168600
2016-05-18,98.04084777832033,109.86000061035156,110.66999816894533,109.13999938964844,109.8499984741211,998600
2016-05-19,97.71065521240234,109.48999786376952,109.61000061035156,108.62000274658205,109.2300033569336,803800
2016-05-20,98.38888549804688,110.25,110.75,109.8000030517578,110.16999816894533,1325800
2016-05-23,98.40674591064452,110.2699966430664,110.5999984741211,109.81999969482422,110.16999816894533,650600
2016-05-24,99.6561050415039,111.66999816894533,111.87000274658205,110.4000015258789,110.5999984741211,979900
2016-05-25,99.83460998535156,111.87000274658205,112.44000244140624,111.68000030517578,111.8499984741211,1086400
2016-05-26,99.5757827758789,111.58000183105467,112.38999938964844,111.47000122070312,111.77999877929688,764000
2016-05-27,99.745361328125,111.7699966430664,112.0999984741211,111.26000213623048,111.58999633789062,696300
2016-05-31,99.20098114013672,111.16000366210938,111.9499969482422,110.58000183105467,111.3499984741211,2785500
2016-06-01,99.6471939086914,111.66000366210938,111.83000183105467,110.45999908447266,111.29000091552734,1002800
2016-06-02,100.53960418701172,112.66000366210938,112.66999816894533,111.29000091552734,111.8000030517578,1145800
2016-06-03,101.3427734375,113.55999755859376,113.62000274658205,111.8499984741211,112.37000274658205,1618500
2016-06-06,101.31602478027344,113.52999877929688,114.11000061035156,113.33999633789062,113.41999816894533,1490600
2016-06-07,100.47713470458984,112.58999633789062,113.5999984741211,112.56999969482422,113.52999877929688,1407400
2016-06-08,101.99424743652344,114.29000091552734,114.30999755859376,112.38999938964844,112.5,1237500
2016-06-09,102.92236328125,115.33000183105467,115.9000015258789,113.86000061035156,114.37999725341795,1474300
2016-06-10,102.23517608642578,114.55999755859376,115.0199966430664,113.88999938964844,114.8499984741211,891800
2016-06-13,102.12812042236328,114.44000244140624,115.54000091552734,114.36000061035156,114.55999755859376,1200200
2016-06-14,103.002685546875,115.41999816894533,115.41999816894533,113.86000061035156,114.12999725341795,1453400
2016-06-15,102.0388641357422,114.33999633789062,115.77999877929688,113.9000015258789,115.41999816894533,1034300
2016-06-16,102.28874206542967,114.62000274658205,114.83999633789062,113.22000122070312,114.02999877929688,864500
2016-06-17,102.0745620727539,114.37999725341795,115.16000366210938,113.3000030517578,114.6999969482422,1345400
2016-06-20,103.60057830810548,116.08999633789062,116.98999786376952,115.5,115.5500030517578,1604100
2016-06-21,103.9307861328125,116.45999908447266,116.91999816894533,115.87000274658205,116.51000213623048,1043800
2016-06-22,104.07357025146484,116.62000274658205,117.2699966430664,116.45999908447266,116.73999786376952,1260700
2016-06-23,105.64422607421876,118.37999725341795,118.6500015258789,117.12000274658205,117.37000274658205,1967300
2016-06-24,104.04679870605467,116.58999633789062,117.91999816894533,114.41000366210938,114.87000274658205,4519300
2016-06-27,102.43150329589844,114.77999877929688,116.48999786376952,114.3000030517578,115.86000061035156,1343300
2016-06-28,103.82833099365234,115.95999908447266,116.16999816894533,114.79000091552734,115.25,1637400
2016-06-29,106.380126953125,118.80999755859376,118.87000274658205,116.88999938964844,117.0199966430664,1545300
2016-06-30,107.29344177246094,119.83000183105467,119.83000183105467,118.41000366210938,118.8499984741211,1814600
2016-07-01,107.81275939941406,120.41000366210938,120.51000213623048,119.56999969482422,120.01000213623048,874700
2016-07-05,108.52906036376952,121.20999908447266,121.5999984741211,119.7300033569336,119.94000244140624,1123400
2016-07-06,108.42161560058594,121.08999633789062,121.41999816894533,120.31999969482422,120.58000183105467,1499500
2016-07-07,108.36790466308594,121.02999877929688,121.5999984741211,120.79000091552734,121.06999969482422,1216700
2016-07-08,109.49607849121094,122.29000091552734,122.4000015258789,121.06999969482422,121.73999786376952,1283100
2016-07-11,109.81842041015624,122.6500015258789,123.0999984741211,122.3000030517578,122.5199966430664,885700
2016-07-12,109.97063446044922,122.81999969482422,123.20999908447266,122.18000030517578,122.93000030517578,1228700
2016-07-13,109.6930694580078,122.51000213623048,123.37000274658205,122.16000366210938,123.1999969482422,1238600
2016-07-14,109.50501251220705,122.3000030517578,123.41000366210938,122.19000244140624,123.27999877929688,1277700
2016-07-15,109.30807495117188,122.08000183105467,123.5500030517578,121.29000091552734,122.97000122070312,2063500
2016-07-18,108.89617156982422,121.62000274658205,123.0,120.9499969482422,122.26000213623048,1727400
2016-07-19,109.02152252197266,121.76000213623048,122.43000030517578,121.41999816894533,121.47000122070312,1271600
2016-07-20,109.55874633789062,122.36000061035156,122.6500015258789,121.7699966430664,122.3000030517578,1297400
2016-07-21,109.73784637451172,122.55999755859376,122.63999938964844,121.66999816894533,122.20999908447266,1359700
2016-07-22,104.78636932373048,117.02999877929688,118.94000244140624,115.77999877929688,118.25,4691900
2016-07-25,103.80144500732422,115.93000030517578,117.4499969482422,114.95999908447266,116.81999969482422,2027500
2016-07-26,104.25809478759766,116.44000244140624,116.68000030517578,115.3000030517578,115.8000030517578,1596200
2016-07-27,102.8165512084961,114.83000183105467,116.36000061035156,114.4499969482422,116.18000030517578,1644200
2016-07-28,102.93292236328124,114.95999908447266,116.16000366210938,114.38999938964844,114.8499984741211,1215900
2016-07-29,104.11483764648438,116.27999877929688,116.62000274658205,114.97000122070312,114.97000122070312,1453700
2016-08-01,104.77742767333984,117.0199966430664,117.6500015258789,116.22000122070312,116.29000091552734,1019400
2016-08-02,103.59551239013672,115.6999969482422,116.87000274658205,115.27999877929688,116.75,1009600
2016-08-03,102.80760192871094,114.81999969482422,115.97000122070312,114.54000091552734,115.87999725341795,1080200
2016-08-04,102.83445739746094,114.8499984741211,115.33000183105467,114.44000244140624,115.12000274658205,942400
2016-08-05,102.87920379638672,114.9000015258789,115.33000183105467,114.30999755859376,115.04000091552734,988000
2016-08-08,102.80760192871094,114.81999969482422,115.06999969482422,114.06999969482422,114.98999786376952,1013400
2016-08-09,103.37168884277344,115.4499969482422,115.91000366210938,114.83999633789062,115.08000183105467,834500
2016-08-10,103.44330596923828,115.52999877929688,115.58999633789062,114.8499984741211,115.48999786376952,615700
2016-08-11,103.44330596923828,115.52999877929688,116.0500030517578,115.06999969482422,115.5199966430664,782300
2016-08-12,103.47911071777344,115.56999969482422,115.56999969482422,114.8000030517578,115.36000061035156,622000
2016-08-15,103.1746826171875,115.2300033569336,115.8000030517578,115.2300033569336,115.5,568600
2016-08-16,101.60778045654295,113.4800033569336,114.91000366210938,113.4800033569336,114.87999725341795,1052100
2016-08-17,101.31230926513672,113.1500015258789,113.63999938964844,112.66000366210938,113.5,1101700
2016-08-18,101.84953308105467,113.75,113.87999725341795,112.5500030517578,113.0199966430664,919400
2016-08-19,101.8674545288086,113.7699966430664,113.8000030517578,112.6999969482422,113.31999969482422,881300
2016-08-22,102.1987075805664,114.13999938964844,114.4000015258789,113.62000274658205,113.8499984741211,726900
2016-08-23,101.7241668701172,113.61000061035156,114.61000061035156,113.4800033569336,114.18000030517578,893700
2016-08-24,100.8377456665039,112.62000274658205,113.8499984741211,112.38999938964844,113.70999908447266,1051300
2016-08-25,101.45553588867188,113.30999755859376,113.72000122070312,112.0199966430664,112.31999969482422,1203700
2016-08-26,102.46733856201172,114.44000244140624,115.08000183105467,113.23999786376952,113.66999816894533,1141900
2016-08-29,104.11483764648438,116.27999877929688,116.38999938964844,114.43000030517578,114.44000244140624,1668600
2016-08-30,103.81040954589844,115.94000244140624,116.69000244140624,115.44000244140624,116.11000061035156,874300
2016-08-31,103.55973052978516,115.66000366210938,116.37999725341795,115.13999938964844,115.91000366210938,814900
2016-09-01,103.1746826171875,115.2300033569336,115.9000015258789,114.41000366210938,115.9000015258789,939400
2016-09-02,103.50599670410156,115.5999984741211,116.3499984741211,115.23999786376952,116.3499984741211,866100
2016-09-06,104.66101837158205,116.88999938964844,116.88999938964844,115.0,115.5999984741211,1144200
2016-09-07,103.1209487915039,115.16999816894533,116.8000030517578,114.8499984741211,116.44000244140624,1202000
2016-09-08,102.85235595703124,114.87000274658205,115.58000183105467,114.63999938964844,114.79000091552734,1372400
2016-09-09,98.97537231445312,110.54000091552734,114.12999725341795,110.43000030517578,114.0999984741211,2486300
2016-09-12,100.90938568115234,112.6999969482422,112.86000061035156,110.22000122070312,110.22000122070312,1740600
2016-09-13,98.95745849609376,110.5199966430664,112.66000366210938,110.31999969482422,112.20999908447266,1064900
2016-09-14,99.39618682861328,111.01000213623048,111.23999786376952,110.12999725341795,110.31999969482422,1361900
2016-09-15,101.6256866455078,113.5,114.12000274658205,110.61000061035156,110.9499969482422,1985700
2016-09-16,102.35990142822266,114.31999969482422,114.41999816894533,113.0,113.70999908447266,2436900
2016-09-19,102.44945526123048,114.41999816894533,115.58000183105467,114.19000244140624,114.3499984741211,1133400
2016-09-20,102.610595703125,114.5999984741211,115.29000091552734,114.54000091552734,115.0999984741211,990300
2016-09-21,104.25809478759766,116.44000244140624,116.55999755859376,114.66999816894533,114.68000030517578,1090800
2016-09-22,106.0488739013672,118.44000244140624,118.9000015258789,116.37999725341795,116.81999969482422,1964900
2016-09-23,105.44003295898438,117.76000213623048,118.1999969482422,116.9800033569336,118.05999755859376,1235100
2016-09-26,104.05216217041016,116.20999908447266,117.4800033569336,115.95999908447266,117.18000030517578,1387000
2016-09-27,105.4758071899414,117.8000030517578,117.8000030517578,116.08999633789062,116.63999938964844,1156200
2016-09-28,105.37699127197266,117.30999755859376,117.5500030517578,116.4800033569336,117.41999816894533,918600
2016-09-29,103.9307861328125,115.6999969482422,117.22000122070312,115.11000061035156,116.88999938964844,662100
2016-09-30,104.56856536865234,116.41000366210938,116.91000366210938,115.97000122070312,116.30999755859376,1196900
2016-10-03,104.6044921875,116.4499969482422,116.54000091552734,115.29000091552734,115.86000061035156,805100
2016-10-04,104.43382263183594,116.26000213623048,116.91999816894533,115.7300033569336,116.4800033569336,1074100
2016-10-05,104.7931137084961,116.66000366210938,116.97000122070312,116.0500030517578,116.33999633789062,1151900
2016-10-06,104.78414916992188,116.6500015258789,117.13999938964844,115.93000030517578,116.58999633789062,781500
2016-10-07,104.4787368774414,116.30999755859376,117.37000274658205,115.58999633789062,117.12999725341795,920100
2016-10-10,105.8620834350586,117.8499984741211,118.08999633789062,116.66999816894533,116.9000015258789,756000
2016-10-11,102.16118621826172,113.7300033569336,117.68000030517578,113.13999938964844,117.58999633789062,1433400
2016-10-12,102.33187103271484,113.91999816894533,114.4800033569336,113.58999633789062,113.9000015258789,829200
2016-10-13,102.02644348144533,113.58000183105467,113.9000015258789,112.5199966430664,113.37000274658205,892500
2016-10-14,102.08930206298828,113.6500015258789,116.18000030517578,113.61000061035156,116.18000030517578,1253600
2016-10-17,102.01744079589844,113.56999969482422,113.8499984741211,113.20999908447266,113.79000091552734,721700
2016-10-18,103.13130950927734,114.80999755859376,115.08999633789062,113.48999786376952,114.5199966430664,677600
2016-10-19,102.70013427734376,114.33000183105467,115.1999969482422,114.25,115.12999725341795,681000
2016-10-20,102.89777374267578,114.5500030517578,114.87000274658205,113.80999755859376,114.43000030517578,613400
2016-10-21,102.14321899414062,113.70999908447266,114.2300033569336,112.93000030517578,114.0,832300
2016-10-24,103.0594482421875,114.7300033569336,115.1999969482422,114.20999908447266,114.4000015258789,674300
2016-10-25,101.67610931396484,113.19000244140624,114.81999969482422,113.08000183105467,114.7699966430664,1023600
2016-10-26,98.71176147460938,109.88999938964844,112.47000122070312,109.83999633789062,112.26000213623048,2098700
2016-10-27,98.55907440185548,109.72000122070312,110.62000274658205,109.30999755859376,110.5,1751600
2016-10-28,102.64623260498048,114.2699966430664,117.95999908447266,110.5999984741211,111.5199966430664,3264800
2016-10-31,103.61637878417967,115.3499984741211,115.58999633789062,111.3499984741211,113.5999984741211,2301300
2016-11-01,103.11336517333984,114.79000091552734,116.62999725341795,114.12999725341795,115.98999786376952,1806700
2016-11-02,103.75112915039062,115.5,116.76000213623048,114.51000213623048,114.93000030517578,1489700
2016-11-03,103.8858642578125,115.6500015258789,116.3499984741211,115.4000015258789,115.83999633789062,1456600
2016-11-04,105.2332992553711,117.1500015258789,117.5,115.77999877929688,116.0,1758800
2016-11-07,107.50592803955078,119.68000030517578,120.4000015258789,118.5199966430664,118.5999984741211,1497200
2016-11-08,108.55692291259766,120.8499984741211,121.83999633789062,119.01000213623048,119.61000061035156,1531600
2016-11-09,104.41587829589844,116.23999786376952,121.62000274658205,113.3000030517578,119.77999877929688,3632400
2016-11-10,102.43067169189452,114.02999877929688,117.27999877929688,112.16999816894533,117.27999877929688,4375000
2016-11-11,99.1339874267578,110.36000061035156,113.9800033569336,110.08000183105467,113.37000274658205,2504200
2016-11-14,95.82831573486328,106.68000030517578,110.79000091552734,106.4800033569336,110.33000183105467,3684200
2016-11-15,98.57704162597656,109.73999786376952,110.6999969482422,107.12999725341795,107.3499984741211,2744100
2016-11-16,98.26264190673828,109.38999938964844,110.05999755859376,108.37999725341795,109.75,1096400
2016-11-17,99.39449310302734,110.6500015258789,111.33000183105467,108.55999755859376,109.31999969482422,1918300
2016-11-18,100.10411071777344,111.44000244140624,111.51000213623048,110.20999908447266,110.56999969482422,1501500
2016-11-21,100.1310577392578,111.47000122070312,112.55999755859376,111.04000091552734,111.43000030517578,1186600
2016-11-22,99.43938446044922,110.6999969482422,111.0500030517578,108.29000091552734,110.0999984741211,2946000
2016-11-23,100.38257598876952,111.75,111.8499984741211,110.0,110.18000030517578,1421400
2016-11-25,101.3617172241211,112.83999633789062,113.0999984741211,111.88999938964844,112.4499969482422,559300
2016-11-28,101.46050262451172,112.9499969482422,113.45999908447266,112.5,112.5,1323900
2016-11-29,103.67028045654295,115.41000366210938,117.91000366210938,113.73999786376952,114.18000030517578,1873900
2016-11-30,102.09831237792967,113.66000366210938,115.5500030517578,113.66000366210938,115.12999725341795,1844300
2016-12-01,100.38257598876952,111.75,114.06999969482422,110.91000366210938,113.36000061035156,1323000
2016-12-02,100.67900848388672,112.08000183105467,113.11000061035156,111.83999633789062,112.1999969482422,1210300
2016-12-05,100.61611938476562,112.01000213623048,112.69000244140624,111.56999969482422,112.56999969482422,1324700
2016-12-06,101.13714599609376,112.58999633789062,113.16999816894533,111.47000122070312,112.62999725341795,1236800
2016-12-07,102.1072769165039,113.66999816894533,113.70999908447266,111.22000122070312,112.19000244140624,1352000
2016-12-08,103.76009368896484,115.51000213623048,115.6999969482422,113.0,113.27999877929688,1405300
2016-12-09,104.64942169189452,116.5,116.83999633789062,115.75,115.75,1040700
2016-12-12,105.61953735351562,117.58000183105467,118.18000030517578,116.41999816894533,116.41999816894533,1181000
2016-12-13,105.66446685791016,117.62999725341795,118.58999633789062,117.0,117.73999786376952,997000
2016-12-14,104.85599517822266,116.7300033569336,118.37999725341795,116.2699966430664,117.97000122070312,1914300
2016-12-15,106.73340606689452,118.81999969482422,119.0199966430664,116.79000091552734,118.0,1657000
2016-12-16,106.67052459716795,118.75,119.36000061035156,118.29000091552734,119.2300033569336,2196800
2016-12-19,106.7244110107422,118.80999755859376,119.16000366210938,118.4000015258789,118.7699966430664,871800
2016-12-20,107.35323333740234,119.51000213623048,119.94000244140624,118.72000122070312,118.98999786376952,1028700
2016-12-21,107.25440979003906,119.4000015258789,119.93000030517578,118.86000061035156,119.41000366210938,877400
2016-12-22,108.22454071044922,120.4800033569336,120.76000213623048,119.11000061035156,119.3499984741211,1190300
2016-12-23,108.47607421875,120.76000213623048,121.0999984741211,120.1999969482422,120.3000030517578,523300
2016-12-27,108.55692291259766,120.8499984741211,121.5,120.66999816894533,121.05999755859376,443600
2016-12-28,108.06562042236328,119.87999725341795,120.98999786376952,119.8499984741211,120.26000213623048,961400
2016-12-29,108.6425552368164,120.5199966430664,121.08999633789062,120.01000213623048,120.30999755859376,674700
2016-12-30,108.00254821777344,119.80999755859376,120.86000061035156,119.3499984741211,120.66000366210938,988100
2017-01-03,107.65998077392578,119.43000030517578,119.86000061035156,117.86000061035156,119.80999755859376,1831500
2017-01-04,108.26393127441406,120.0999984741211,120.6500015258789,119.36000061035156,119.63999938964844,1504800
2017-01-05,107.07403564453124,118.77999877929688,120.4000015258789,118.4000015258789,120.0999984741211,1772200
2017-01-06,106.1455535888672,117.75,118.37999725341795,116.5,117.5,2464200
2017-01-09,107.29036712646484,119.0199966430664,119.6500015258789,117.63999938964844,117.87999725341795,1355700
2017-01-10,109.88655090332033,121.9000015258789,122.72000122070312,119.0500030517578,119.55999755859376,2310300
2017-01-11,111.47311401367188,123.66000366210938,127.2300033569336,121.9000015258789,121.9000015258789,3140900
2017-01-12,111.11253356933594,123.26000213623048,123.37000274658205,121.83999633789062,122.86000061035156,1417300
2017-01-13,110.80601501464844,122.91999816894533,124.0,122.5999984741211,123.22000122070312,1665100
2017-01-17,110.47248840332033,122.5500030517578,122.98999786376952,121.68000030517578,122.12000274658205,1923900
2017-01-18,110.33727264404295,122.4000015258789,123.08999633789062,122.1500015258789,122.93000030517578,1195400
2017-01-19,110.09386444091795,122.12999725341795,122.62000274658205,121.38999938964844,122.0,1016100
2017-01-20,109.7513427734375,121.75,123.08000183105467,121.4499969482422,122.5199966430664,1196600
2017-01-23,109.44481658935548,121.41000366210938,122.29000091552734,120.83999633789062,121.55999755859376,1391700
2017-01-24,109.5259780883789,121.5,122.36000061035156,120.63999938964844,121.51000213623048,1546500
2017-01-25,109.17439270019533,121.11000061035156,124.9499969482422,121.0500030517578,122.18000030517578,2562300
2017-01-26,108.9219970703125,120.83000183105467,121.11000061035156,119.16999816894533,121.11000061035156,1891600
2017-01-27,111.13957214355467,123.29000091552734,123.66999816894533,120.7300033569336,121.02999877929688,1497600
2017-01-30,110.43643188476562,122.51000213623048,123.2699966430664,121.94000244140624,123.2699966430664,1249300
2017-01-31,111.35586547851562,123.52999877929688,123.58999633789062,122.0,122.12999725341795,1148500
2017-02-01,110.986328125,123.12000274658205,123.81999969482422,122.41999816894533,123.43000030517578,1586900
2017-02-02,111.22970581054688,123.38999938964844,123.47000122070312,122.3000030517578,122.87999725341795,1330900
2017-02-03,111.20265197753906,123.36000061035156,124.25,122.77999877929688,123.72000122070312,986000
2017-02-06,110.274169921875,122.33000183105467,123.29000091552734,121.86000061035156,123.08000183105467,1171300
2017-02-07,110.43643188476562,122.51000213623048,122.83999633789062,122.16000366210938,122.36000061035156,1726400
2017-02-08,110.34627532958984,122.41000366210938,122.9499969482422,122.01000213623048,122.33999633789062,689500
2017-02-09,111.16659545898438,123.31999969482422,123.58000183105467,122.27999877929688,122.41000366210938,1492700
2017-02-10,111.15760040283205,123.30999755859376,123.70999908447266,122.77999877929688,123.27999877929688,841600
2017-02-13,112.07705688476562,124.33000183105467,124.76000213623048,123.33999633789062,123.44000244140624,1121200
2017-02-14,112.91541290283205,125.26000213623048,125.51000213623048,123.83999633789062,124.43000030517578,1125200
2017-02-15,113.36610412597656,125.76000213623048,125.9800033569336,124.61000061035156,124.6999969482422,1039000
2017-02-16,113.35713958740234,125.75,125.7699966430664,124.88999938964844,125.58999633789062,887600
2017-02-17,113.88896942138672,126.33999633789062,126.37000274658205,125.12000274658205,125.6500015258789,863100
2017-02-21,114.62821197509766,127.16000366210938,127.79000091552734,126.0,126.01000213623048,1358200
2017-02-22,114.7453384399414,127.29000091552734,127.95999908447266,126.83999633789062,127.0500030517578,806000
2017-02-23,115.98936462402344,128.6699981689453,128.72000122070312,127.01000213623048,127.5,1082800
2017-02-24,116.53023529052734,129.27000427246094,129.3000030517578,128.2899932861328,128.55999755859375,770700
2017-02-27,115.9082489013672,128.5800018310547,129.66000366210938,128.41000366210938,129.0,1005600
2017-02-28,115.89019775390624,128.55999755859375,129.1999969482422,127.19000244140624,128.74000549316406,1196800
2017-03-01,118.13478088378906,131.0500030517578,131.36000061035156,128.77999877929688,129.35000610351562,1272000
2017-03-02,117.90044403076172,130.7899932861328,131.30999755859375,129.85000610351562,130.94000244140625,940400
2017-03-03,117.36858367919922,130.1999969482422,130.85000610351562,129.64999389648438,130.50999450683594,1128100
2017-03-06,116.90882110595705,129.69000244140625,130.16000366210938,129.19000244140625,129.5399932861328,1373300
2017-03-07,116.41304779052734,129.13999938964844,129.80999755859375,128.7899932861328,129.35000610351562,1724900
2017-03-08,116.5933074951172,129.33999633789062,129.8699951171875,128.9499969482422,129.5399932861328,647300
2017-03-09,117.0169906616211,129.80999755859375,130.14999389648438,129.02999877929688,129.1699981689453,1023300
2017-03-10,117.18830871582033,130.0,130.69000244140625,129.2899932861328,130.3000030517578,1642300
2017-03-13,118.43231201171876,131.3800048828125,131.4600067138672,129.58999633789062,130.2100067138672,1334300
2017-03-14,118.06268310546876,130.97000122070312,131.35000610351562,130.47999572753906,130.82000732421875,1487200
2017-03-15,119.7393798828125,132.8300018310547,132.99000549316406,131.0,131.30999755859375,1110700
2017-03-16,118.54042053222656,131.5,132.6199951171875,130.50999450683594,132.6199951171875,1675100
2017-03-17,119.5861358642578,132.66000366210938,133.02000427246094,131.0,131.55999755859375,2050700
2017-03-20,119.5229949951172,132.58999633789062,132.91000366210938,132.13999938964844,132.6199951171875,714900
2017-03-21,119.33373260498048,132.3800048828125,133.58999633789062,131.41000366210938,132.77999877929688,966900
2017-03-22,119.39682006835938,132.4499969482422,133.24000549316406,131.61000061035156,132.7100067138672,789700
2017-03-23,118.62158203125,131.58999633789062,132.77000427246094,131.27999877929688,132.3800048828125,1247900
2017-03-24,119.45094299316406,132.50999450683594,133.16000366210938,131.5399932861328,131.8300018310547,1237000
2017-03-27,119.43289184570312,132.49000549316406,132.6199951171875,131.72999572753906,132.0,698200
2017-03-28,119.62220764160156,132.6999969482422,132.88999938964844,131.44000244140625,132.22000122070312,750900
2017-03-29,119.28304290771484,131.89999389648438,132.24000549316406,131.13999938964844,131.9199981689453,1359000
2017-03-30,119.32830810546876,131.9499969482422,132.50999450683594,131.50999450683594,131.6999969482422,607600
2017-03-31,119.05696105957033,131.64999389648438,132.1999969482422,131.47000122070312,131.5399932861328,753500
2017-04-03,119.31015014648438,131.92999267578125,132.4199981689453,130.58999633789062,131.64999389648438,998400
2017-04-04,118.8398895263672,131.41000366210938,132.1300048828125,130.6300048828125,131.9199981689453,710900
2017-04-05,118.63192749023438,131.17999267578125,132.25999450683594,130.94000244140625,131.2100067138672,669400
2017-04-06,118.32447052001952,130.83999633789062,131.3000030517578,130.25999450683594,131.3000030517578,752300
2017-04-07,118.32447052001952,130.83999633789062,131.3300018310547,130.52999877929688,130.88999938964844,867900
2017-04-10,118.22502136230467,130.72999572753906,131.3300018310547,130.5500030517578,130.6699981689453,761200
2017-04-11,118.09837341308594,130.58999633789062,131.17999267578125,129.94000244140625,130.4499969482422,774500
2017-04-12,117.9355926513672,130.41000366210938,130.85000610351562,129.82000732421875,130.44000244140625,998500
2017-04-13,117.50150299072266,129.92999267578125,130.66000366210938,129.83999633789062,130.17999267578125,758700
2017-04-17,118.4420394897461,130.97000122070312,131.1999969482422,130.19000244140625,130.27000427246094,1606600
2017-04-18,118.38775634765624,130.91000366210938,131.16000366210938,130.05999755859375,130.5500030517578,792800
2017-04-19,119.21073150634766,131.82000732421875,132.27000427246094,130.99000549316406,131.55999755859375,1018500
2017-04-20,120.06082153320312,132.75999450683594,133.02999877929688,131.1999969482422,131.80999755859375,972800
2017-04-21,120.22359466552734,132.94000244140625,133.42999267578125,132.27000427246094,132.60000610351562,943100
2017-04-24,121.58912658691406,134.4499969482422,134.7899932861328,133.72999572753906,133.9600067138672,1300300
2017-04-25,122.6200714111328,135.58999633789062,136.0399932861328,134.4600067138672,134.92999267578125,1481700
2017-04-26,123.16273498535156,136.19000244140625,136.41000366210938,131.6699981689453,134.64999389648438,2316800
2017-04-27,122.42113494873048,135.3699951171875,136.60000610351562,135.25999450683594,136.3699951171875,995300
2017-04-28,123.32550048828124,136.3699951171875,136.47000122070312,135.10000610351562,135.10000610351562,1533400
2017-05-01,122.78290557861328,135.77000427246094,136.7100067138672,135.41000366210938,136.42999267578125,851700
2017-05-02,123.1446304321289,136.1699981689453,136.7899932861328,135.5,136.02000427246094,1271200
2017-05-03,122.72864532470705,135.7100067138672,136.27000427246094,135.02000427246094,136.0,734000
2017-05-04,122.06843566894533,134.97999572753906,135.64999389648438,134.7899932861328,135.63999938964844,1038400
2017-05-05,122.95469665527344,135.9600067138672,136.0,134.77000427246094,135.42999267578125,710600
2017-05-08,121.95086669921876,134.85000610351562,136.0,134.60000610351562,135.7899932861328,747600
2017-05-09,121.96896362304688,134.8699951171875,135.4600067138672,134.5,134.80999755859375,926300
2017-05-10,121.21837615966795,134.0399932861328,134.66000366210938,133.50999450683594,134.58999633789062,1653300
2017-05-11,121.9418487548828,134.83999633789062,135.0800018310547,133.3300018310547,133.88999938964844,822800
2017-05-12,121.92374420166016,134.82000732421875,135.11000061035156,134.3300018310547,134.6300048828125,654800
2017-05-15,123.01802825927734,136.02999877929688,136.16000366210938,134.1699981689453,134.80999755859375,772500
2017-05-16,121.8785400390625,134.77000427246094,136.69000244140625,134.36000061035156,135.82000732421875,1108600
2017-05-17,120.76617431640624,133.5399932861328,134.99000549316406,133.47999572753906,134.77000427246094,937000
2017-05-18,121.9418487548828,134.83999633789062,135.6300048828125,132.44000244140625,133.5399932861328,981400
2017-05-19,123.72340393066406,136.80999755859375,136.8300018310547,134.7899932861328,135.10000610351562,1339700
2017-05-22,125.37834930419922,138.63999938964844,139.2100067138672,136.82000732421875,136.82000732421875,1475000
2017-05-23,126.517822265625,139.89999389648438,140.3000030517578,138.63999938964844,138.6999969482422,1446600
2017-05-24,126.59920501708984,139.99000549316406,140.33999633789062,139.8300018310547,139.9600067138672,1121400
2017-05-25,127.37692260742188,140.85000610351562,141.2100067138672,139.77000427246094,140.25999450683594,1201800
2017-05-26,127.75676727294922,141.27000427246094,141.58999633789062,140.39999389648438,140.97000122070312,827500
2017-05-30,128.39889526367188,141.97999572753906,142.0500030517578,140.85000610351562,140.99000549316406,779100
2017-05-31,129.2850799560547,142.9600067138672,143.1999969482422,141.97000122070312,142.55999755859375,1764900
2017-06-01,130.85865783691406,144.6999969482422,144.6999969482422,142.44000244140625,142.8000030517578,971600
2017-06-02,130.65968322753906,144.47999572753906,145.6199951171875,144.0500030517578,145.25999450683594,1469600
2017-06-05,130.4246063232422,144.22000122070312,144.7899932861328,143.77000427246094,144.6999969482422,1098900
2017-06-06,130.27085876464844,144.0500030517578,144.66000366210938,143.75,143.75,777800
2017-06-07,130.6235809326172,144.44000244140625,145.00999450683594,143.52999877929688,144.60000610351562,685500
2017-06-08,128.80580139160156,142.42999267578125,144.6199951171875,141.52999877929688,144.44000244140625,1683700
2017-06-09,128.2993927001953,141.8699951171875,143.0,141.22000122070312,142.60000610351562,1194600
2017-06-12,127.16896057128906,140.6199951171875,141.75999450683594,139.02000427246094,141.5800018310547,1657200
2017-06-13,127.67538452148438,141.17999267578125,141.80999755859375,139.8800048828125,141.05999755859375,1002200
2017-06-14,128.3174591064453,141.88999938964844,142.66000366210938,141.22000122070312,141.75,1143800
2017-06-15,127.72061157226562,141.22999572753906,141.47000122070312,139.75999450683594,141.0800018310547,1037400
2017-06-16,128.63400268554688,142.24000549316406,142.36000061035156,140.8300018310547,141.5,1583300
2017-06-19,127.85625457763672,141.3800048828125,143.1699981689453,140.8699951171875,142.64999389648438,1307200
2017-06-20,127.49451446533205,140.97999572753906,142.32000732421875,140.82000732421875,141.44000244140625,1053600
2017-06-21,127.33177185058594,140.8000030517578,141.97000122070312,140.41000366210938,141.4499969482422,1458200
2017-06-22,127.71154022216795,141.22000122070312,141.39999389648438,140.33999633789062,140.4499969482422,1252900
2017-06-23,127.62116241455078,141.1199951171875,141.99000549316406,140.67999267578125,141.19000244140625,1161200
2017-06-26,126.52686309814452,139.91000366210938,141.72000122070312,139.8000030517578,141.1699981689453,702500
2017-06-27,126.2374496459961,139.58999633789062,140.5399932861328,139.24000549316406,139.91000366210938,804500
2017-06-28,126.81348419189452,139.8000030517578,140.19000244140625,139.47999572753906,139.9499969482422,700900
2017-06-29,125.91546630859376,138.80999755859375,140.2100067138672,137.77000427246094,140.0,1270600
2017-06-30,125.88822174072266,138.77999877929688,139.7100067138672,138.77999877929688,138.97000122070312,1081900
2017-07-03,125.38028717041016,138.22000122070312,139.42999267578125,138.08999633789062,139.22999572753906,487600
2017-07-05,126.75907135009766,139.74000549316406,139.97999572753906,138.19000244140625,138.55999755859375,1040900
2017-07-06,126.33273315429688,139.27000427246094,139.4600067138672,138.0,139.14999389648438,1182400
2017-07-07,128.0109100341797,141.1199951171875,141.2100067138672,139.36000061035156,139.77999877929688,1239800
2017-07-10,127.50285339355467,140.55999755859375,141.22000122070312,140.42999267578125,140.86000061035156,831100
2017-07-11,127.44847106933594,140.5,141.05999755859375,140.25999450683594,140.61000061035156,1006900
2017-07-12,130.94989013671875,144.36000061035156,145.10000610351562,140.8800048828125,141.02999877929688,1884800
2017-07-13,129.8976287841797,143.1999969482422,144.42999267578125,142.91000366210938,144.36000061035156,1132500
2017-07-14,131.8932647705078,145.39999389648438,145.99000549316406,143.2899932861328,143.2899932861328,901800
2017-07-17,131.3581085205078,144.80999755859375,145.77999877929688,144.44000244140625,145.4499969482422,702800
2017-07-18,131.8660888671875,145.3699951171875,145.57000732421875,144.0,144.60000610351562,922500
2017-07-19,132.63710021972656,146.22000122070312,146.4499969482422,145.3800048828125,145.5399932861328,733300
2017-07-20,133.70751953125,147.39999389648438,147.77999877929688,146.33999633789062,146.36000061035156,1011700
2017-07-21,132.60989379882812,146.19000244140625,148.14999389648438,145.91000366210938,147.42999267578125,1158600
2017-07-24,133.199462890625,146.83999633789062,147.02999877929688,145.3000030517578,146.25,869500
2017-07-25,132.49197387695312,146.05999755859375,147.49000549316406,145.5399932861328,147.49000549316406,963000
2017-07-26,132.21070861816406,145.75,146.24000549316406,144.85000610351562,146.0399932861328,1107800
2017-07-27,130.66873168945312,144.0500030517578,145.99000549316406,142.97000122070312,145.77999877929688,1465700
2017-07-28,134.07034301757812,147.8000030517578,147.91000366210938,144.85000610351562,144.85000610351562,1927100
2017-07-31,133.4353790283203,147.10000610351562,147.91000366210938,146.5800018310547,147.91000366210938,1452500
2017-08-01,134.1338348388672,147.8699951171875,148.83999633789062,146.86000061035156,147.5800018310547,1179900
2017-08-02,131.657470703125,145.13999938964844,147.89999389648438,144.67999267578125,147.69000244140625,1239100
2017-08-03,132.773193359375,146.3699951171875,146.4199981689453,144.2899932861328,144.52000427246094,761100
2017-08-04,132.9183349609375,146.52999877929688,147.08999633789062,145.88999938964844,147.08999633789062,638400
2017-08-07,133.09970092773438,146.72999572753906,146.75999450683594,146.10000610351562,146.58999633789062,674900
2017-08-08,132.56454467773438,146.13999938964844,146.72999572753906,145.86000061035156,146.47999572753906,645100
2017-08-09,131.6937255859375,145.17999267578125,146.25,144.8800048828125,146.25,1081000
2017-08-10,130.54171752929688,143.91000366210938,145.0800018310547,143.80999755859375,144.82000732421875,768200
2017-08-11,130.78662109375,144.17999267578125,144.7899932861328,143.5399932861328,144.52000427246094,846900
2017-08-14,132.43756103515625,146.0,146.27999877929688,144.7100067138672,144.97999572753906,1104500
2017-08-15,133.7437286376953,147.44000244140625,147.8300018310547,146.22000122070312,146.2899932861328,1429500
2017-08-16,133.71653747558594,147.41000366210938,148.0399932861328,147.1699981689453,147.86000061035156,876000
2017-08-17,131.8569793701172,145.36000061035156,147.42999267578125,145.3300018310547,147.35000610351562,733300
2017-08-18,130.88641357421875,144.2899932861328,145.44000244140625,144.0800018310547,144.9199981689453,1673300
2017-08-21,131.64834594726562,145.1300048828125,145.27000427246094,143.8300018310547,144.25,1099700
2017-08-22,131.99307250976562,145.50999450683594,146.69000244140625,144.9600067138672,145.22000122070312,1491800
2017-08-23,125.50728607177734,138.36000061035156,141.42999267578125,137.6999969482422,141.0,4313100
2017-08-24,125.879150390625,138.77000427246094,138.99000549316406,138.13999938964844,138.5,1340000
2017-08-25,126.88607788085938,139.8800048828125,140.33999633789062,139.33999633789062,139.94000244140625,1397200
2017-08-28,126.60487365722656,139.57000732421875,140.60000610351562,139.10000610351562,140.60000610351562,1190700
2017-08-29,126.45975494384766,139.41000366210938,139.57000732421875,138.75,139.0,785300
2017-08-30,126.38711547851562,139.3300018310547,139.75999450683594,138.55999755859375,139.1999969482422,789600
2017-08-31,128.2376251220703,141.3699951171875,141.58999633789062,139.3300018310547,139.3300018310547,1305900
2017-09-01,127.98363494873048,141.08999633789062,141.7899932861328,140.1999969482422,141.5399932861328,932300
2017-09-05,128.45535278320312,141.61000061035156,142.25999450683594,140.4499969482422,140.47000122070312,1643600
2017-09-06,128.0109100341797,141.1199951171875,141.91000366210938,139.50999450683594,141.89999389648438,1108700
2017-09-07,129.00865173339844,142.22000122070312,142.55999755859375,141.0,141.3300018310547,746800
2017-09-08,129.26268005371094,142.5,143.07000732421875,142.22000122070312,142.22999572753906,863000
2017-09-11,130.3420867919922,143.69000244140625,143.69000244140625,142.42999267578125,143.2100067138672,1043700
2017-09-12,130.19692993164062,143.52999877929688,143.82000732421875,142.74000549316406,143.69000244140625,802200
2017-09-13,129.74343872070312,143.02999877929688,144.16000366210938,142.72000122070312,143.5,1423600
2017-09-14,131.06777954101562,144.49000549316406,144.92999267578125,142.75999450683594,142.7899932861328,1570400
2017-09-15,130.51454162597656,143.8800048828125,145.0399932861328,143.30999755859375,144.72000122070312,3154000
2017-09-18,131.10409545898438,144.52999877929688,144.8300018310547,143.77000427246094,144.14999389648438,810700
2017-09-19,129.75253295898438,143.0399932861328,144.9499969482422,142.89999389648438,144.9499969482422,818200
2017-09-20,129.4531707763672,142.7100067138672,143.7100067138672,141.6999969482422,143.4600067138672,655500
2017-09-21,127.60264587402344,140.6699981689453,142.63999938964844,140.63999938964844,142.3000030517578,848000
2017-09-22,127.80223083496094,140.88999938964844,141.19000244140625,140.27000427246094,141.00999450683594,713900
2017-09-25,127.12186431884766,140.13999938964844,141.3300018310547,138.94000244140625,140.88999938964844,917200
2017-09-26,127.9745635986328,141.0800018310547,141.52000427246094,140.27999877929688,140.7899932861328,856600
2017-09-27,127.87480926513672,140.97000122070312,141.5,139.74000549316406,141.3000030517578,757400
2017-09-28,127.57911682128906,140.22000122070312,141.0,139.50999450683594,140.8300018310547,686100
2017-09-29,129.21681213378906,142.02000427246094,142.0800018310547,140.2100067138672,140.41000366210938,1204200
2017-10-02,130.572509765625,143.50999450683594,143.61000061035156,141.67999267578125,142.4199981689453,1056300
2017-10-03,130.6816864013672,143.6300048828125,144.47000122070312,143.42999267578125,143.8000030517578,1105100
2017-10-04,132.81072998046875,145.97000122070312,146.4199981689453,143.86000061035156,143.8800048828125,1177500
2017-10-05,134.93975830078125,148.30999755859375,148.35000610351562,145.5,145.9600067138672,1686200
2017-10-06,135.56753540039062,149.0,149.22999572753906,147.9199981689453,148.16000366210938,1129000
2017-10-09,132.7742919921875,145.92999267578125,149.05999755859375,145.52000427246094,148.66000366210938,1472600
2017-10-10,131.64610290527344,144.69000244140625,146.5500030517578,143.5500030517578,145.72999572753906,1714900
2017-10-11,133.21104431152344,146.41000366210938,146.60000610351562,144.91000366210938,145.49000549316406,1394500
2017-10-12,133.34754943847656,146.55999755859375,146.86000061035156,145.77999877929688,146.14999389648438,823500
2017-10-13,133.46583557128906,146.69000244140625,146.77999877929688,146.10000610351562,146.4600067138672,667200
2017-10-16,134.01170349121094,147.2899932861328,147.5800018310547,146.25999450683594,146.4600067138672,950500
2017-10-17,135.37648010253906,148.7899932861328,148.97000122070312,146.64999389648438,147.0,1249000
2017-10-18,135.24002075195312,148.63999938964844,150.0,148.4600067138672,149.0,866700
2017-10-19,135.85870361328125,149.32000732421875,149.3300018310547,148.0500030517578,148.82000732421875,869000
2017-10-20,136.92323303222656,150.49000549316406,150.50999450683594,148.88999938964844,149.99000549316406,1274400
2017-10-23,136.4046630859375,149.9199981689453,151.8800048828125,149.72000122070312,150.11000061035156,798100
2017-10-24,136.19540405273438,149.69000244140625,149.85000610351562,148.4199981689453,149.6300048828125,738100
2017-10-25,136.64122009277344,150.17999267578125,150.55999755859375,149.02000427246094,149.32000732421875,1100000
2017-10-26,135.40382385253906,148.82000732421875,150.67999267578125,148.77999877929688,150.2100067138672,1226100
2017-10-27,145.3394012451172,159.74000549316406,160.6199951171875,154.5399932861328,155.0,3209900
2017-10-30,141.36329650878906,155.3699951171875,159.6699981689453,153.83999633789062,159.49000549316406,2583500
2017-10-31,140.90835571289062,154.8699951171875,156.5500030517578,154.6300048828125,155.17999267578125,1339400
2017-11-01,140.50807189941406,154.42999267578125,155.24000549316406,153.52999877929688,155.0800018310547,1284600
2017-11-02,141.0448760986328,155.02000427246094,155.67999267578125,154.25,154.42999267578125,1348100
2017-11-03,142.10028076171875,156.17999267578125,156.22000122070312,154.39999389648438,154.77999877929688,1165600
2017-11-06,141.6180419921875,155.64999389648438,156.74000549316406,155.4600067138672,156.27000427246094,787500
2017-11-07,142.13671875,156.22000122070312,156.42999267578125,155.66000366210938,156.27999877929688,1114600
2017-11-08,142.3550567626953,156.4600067138672,156.7899932861328,155.6300048828125,156.02000427246094,710200
2017-11-09,142.50064086914062,156.6199951171875,157.07000732421875,155.6199951171875,156.17999267578125,728400
2017-11-10,140.5535125732422,154.47999572753906,156.0,152.25,156.0,1267300
2017-11-13,141.70909118652344,155.75,156.1199951171875,153.89999389648438,154.0,910500
2017-11-14,141.89102172851562,155.9499969482422,156.5500030517578,154.17999267578125,155.27999877929688,1011800
2017-11-15,140.84471130371094,154.8000030517578,156.83999633789062,154.6699981689453,155.69000244140625,701200
2017-11-16,142.37322998046875,156.47999572753906,157.57000732421875,156.02000427246094,156.6300048828125,1281600
2017-11-17,141.39056396484375,155.39999389648438,156.58999633789062,155.17999267578125,155.69000244140625,937000
2017-11-20,140.7991943359375,154.75,155.5,154.5500030517578,155.4499969482422,889800
2017-11-21,141.69085693359375,155.72999572753906,156.11000061035156,155.22000122070312,155.75999450683594,998000
2017-11-22,140.8356170654297,154.7899932861328,155.8800048828125,154.1300048828125,155.6300048828125,874400
2017-11-24,140.72642517089844,154.6699981689453,155.14999389648438,153.61000061035156,154.85000610351562,581100
2017-11-27,141.1358184814453,155.1199951171875,155.22000122070312,154.35000610351562,154.94000244140625,1076800
2017-11-28,141.73634338378906,155.77999877929688,155.9199981689453,154.3800048828125,155.72999572753906,979500
2017-11-29,140.2078094482422,154.10000610351562,155.8800048828125,153.6199951171875,155.8699951171875,1284800
2017-11-30,141.93655395507812,156.0,156.88999938964844,153.7100067138672,154.4600067138672,3337700
2017-12-01,141.81817626953125,155.8699951171875,156.47000122070312,153.47000122070312,156.0500030517578,1263900
2017-12-04,138.6246337890625,152.36000061035156,156.47000122070312,152.14999389648438,156.16000366210938,1351000
2017-12-05,138.32440185546875,152.02999877929688,153.85000610351562,151.85000610351562,152.44000244140625,982400
2017-12-06,138.07875061035156,151.75999450683594,152.41000366210938,151.1300048828125,152.1199951171875,1090500
2017-12-07,137.52378845214844,151.14999389648438,153.47000122070312,150.24000549316406,152.22000122070312,1145400
2017-12-08,138.2333984375,151.92999267578125,152.4499969482422,151.17999267578125,151.67999267578125,688000
2017-12-11,138.9431610107422,152.7100067138672,152.72999572753906,151.66000366210938,151.80999755859375,826200
2017-12-12,139.81654357910156,153.6699981689453,154.32000732421875,152.49000549316406,153.02999877929688,1078000
2017-12-13,139.48902893066406,153.30999755859375,154.1999969482422,152.9600067138672,153.77000427246094,1358800
2017-12-14,137.6966094970703,151.33999633789062,153.64999389648438,151.22000122070312,153.2100067138672,1406700
2017-12-15,140.34426879882812,154.25,154.5500030517578,152.02000427246094,152.61000061035156,2103800
2017-12-18,141.4725341796875,155.49000549316406,156.0,154.75999450683594,154.94000244140625,1003600
2017-12-19,141.26321411132812,155.25999450683594,156.52999877929688,155.1199951171875,155.8000030517578,853900
2017-12-20,140.8264923095703,154.77999877929688,156.3300018310547,154.32000732421875,155.58999633789062,1208500
2017-12-21,140.2078094482422,154.10000610351562,155.41000366210938,153.6199951171875,155.25999450683594,890100
2017-12-22,140.2441864013672,154.13999938964844,154.4499969482422,153.5,154.1300048828125,581300
2017-12-26,140.30787658691406,154.2100067138672,155.13999938964844,154.14999389648438,154.22999572753906,347500
2017-12-27,141.59072875976562,155.6199951171875,155.86000061035156,154.16000366210938,154.63999938964844,905400
2017-12-28,142.01968383789062,155.6199951171875,156.25,154.97999572753906,155.3300018310547,655700
2017-12-29,141.30783081054688,154.83999633789062,156.25999450683594,154.83999633789062,156.1300048828125,785700
2018-01-02,144.10044860839844,157.89999389648438,158.39999389648438,155.64999389648438,156.64999389648438,1060800
2018-01-03,144.91261291503906,158.7899932861328,160.32000732421875,157.41000366210938,157.8800048828125,1398700
2018-01-04,144.8670196533203,158.74000549316406,159.82000732421875,158.47999572753906,159.22999572753906,861700
2018-01-05,146.9842529296875,161.05999755859375,161.32000732421875,159.00999450683594,159.44000244140625,962700
2018-01-08,148.99200439453125,163.25999450683594,163.74000549316406,160.4499969482422,160.67999267578125,1240300
2018-01-09,146.728759765625,160.77999877929688,164.1999969482422,159.25999450683594,163.5399932861328,1817400
2018-01-10,145.5970916748047,159.5399932861328,160.89999389648438,157.7100067138672,160.39999389648438,1255000
2018-01-11,144.73928833007812,158.60000610351562,160.25999450683594,157.85000610351562,159.57000732421875,1129600
2018-01-12,144.4015655517578,158.22999572753906,161.75,158.02999877929688,159.0,1139000
2018-01-16,145.5332489013672,159.47000122070312,160.89999389648438,158.85000610351562,159.36000061035156,1369600
2018-01-17,146.26332092285156,160.27000427246094,160.4600067138672,159.0500030517578,160.0,1299700
2018-01-18,146.27244567871094,160.27999877929688,160.82000732421875,159.94000244140625,160.08999633789062,1364200
2018-01-19,147.18504333496094,161.27999877929688,161.83999633789062,160.3000030517578,161.02000427246094,1196700
2018-01-22,148.31671142578125,162.52000427246094,162.66000366210938,160.6300048828125,161.3000030517578,1354700
2018-01-23,147.78733825683594,161.94000244140625,163.64999389648438,161.74000549316406,162.5800018310547,1103500
2018-01-24,150.11453247070312,164.49000549316406,164.97999572753906,162.6300048828125,162.83999633789062,1332300
2018-01-25,151.08184814453125,165.5500030517578,165.7100067138672,164.22999572753906,165.16000366210938,1009500
2018-01-26,154.14822387695312,168.91000366210938,169.00999450683594,165.2899932861328,165.64999389648438,1310200
2018-01-29,154.00222778320312,168.75,170.0,168.3000030517578,168.77999877929688,1558100
2018-01-30,153.7284698486328,168.4499969482422,168.63999938964844,166.30999755859375,167.47999572753906,2171800
2018-01-31,150.01412963867188,164.3800048828125,168.11000061035156,163.4499969482422,168.11000061035156,2846500
2018-02-01,150.37916564941406,164.77999877929688,165.27000427246094,163.2899932861328,163.85000610351562,1495500
2018-02-02,148.07029724121094,162.25,164.5399932861328,162.0399932861328,163.80999755859375,1240900
2018-02-05,140.90635681152344,154.39999389648438,162.6699981689453,152.00999450683594,161.4499969482422,2576000
2018-02-06,140.66903686523438,154.13999938964844,155.42999267578125,150.3300018310547,150.7100067138672,2754400
2018-02-07,140.2401123046875,153.6699981689453,156.75999450683594,153.27000427246094,153.60000610351562,1607900
2018-02-08,135.0747528076172,148.00999450683594,154.36000061035156,147.9199981689453,153.6699981689453,1654200
2018-02-09,138.0042724609375,151.22000122070312,152.47999572753906,146.8000030517578,149.27000427246094,1550100
2018-02-12,140.23101806640625,153.66000366210938,154.77000427246094,152.02000427246094,152.5,1568600
2018-02-13,141.0523223876953,154.55999755859375,155.00999450683594,152.3000030517578,152.61000061035156,950000
2018-02-14,142.58554077148438,156.24000549316406,156.77999877929688,153.3300018310547,153.6999969482422,1792200
2018-02-15,144.6844940185547,158.5399932861328,158.58999633789062,156.1300048828125,157.41000366210938,1161000
2018-02-16,145.89825439453125,159.8699951171875,161.30999755859375,158.17999267578125,158.22999572753906,1064600
2018-02-20,144.8670196533203,158.74000549316406,159.9199981689453,157.77000427246094,159.13999938964844,1118900
2018-02-21,144.0822296142578,157.8800048828125,160.7100067138672,157.77000427246094,158.7899932861328,1428600
2018-02-22,145.0677947998047,158.9600067138672,160.52999877929688,158.17999267578125,158.83999633789062,811500
2018-02-23,147.56834411621094,161.6999969482422,161.75,158.88999938964844,159.63999938964844,983100
2018-02-26,151.28268432617188,165.77000427246094,165.97999572753906,162.9499969482422,163.14999389648438,1788900
2018-02-27,149.7769012451172,164.1199951171875,166.75999450683594,164.1199951171875,166.08999633789062,1196700
2018-02-28,147.98814392089844,162.16000366210938,165.8699951171875,162.10000610351562,165.1699981689453,1358000
2018-03-01,145.3689422607422,159.2899932861328,162.08999633789062,158.2100067138672,161.82000732421875,1352400
2018-03-02,146.7469482421875,160.8000030517578,161.22999572753906,158.3000030517578,158.3000030517578,1108100
2018-03-05,148.3349151611328,162.5399932861328,163.2100067138672,159.8800048828125,160.0,903000
2018-03-06,148.50831604003906,162.72999572753906,163.41000366210938,161.74000549316406,163.25,878500
2018-03-07,148.74560546875,162.99000549316406,163.64999389648438,161.11000061035156,161.24000549316406,1096500
2018-03-08,149.0741729736328,163.35000610351562,164.6199951171875,162.66000366210938,163.44000244140625,1250800
2018-03-09,151.86672973632812,166.41000366210938,167.6199951171875,163.83999633789062,164.36000061035156,1684000
2018-03-12,153.2174072265625,167.88999938964844,168.41000366210938,165.82000732421875,166.30999755859375,1580000
2018-03-13,152.5055389404297,167.11000061035156,168.9199981689453,166.66000366210938,168.9199981689453,1295600
2018-03-14,151.8392791748047,166.3800048828125,168.3800048828125,165.83999633789062,167.75,736700
2018-03-15,151.90322875976562,166.4499969482422,167.02999877929688,165.8300018310547,166.83999633789062,898400
2018-03-16,152.87059020996094,167.50999450683594,168.3000030517578,165.9199981689453,166.5399932861328,2045100
2018-03-19,151.5199432373047,166.02999877929688,167.75,164.63999938964844,167.24000549316406,1160600
2018-03-20,151.95797729492188,166.50999450683594,167.3699951171875,165.3699951171875,166.55999755859375,856700
2018-03-21,150.33348083496094,164.72999572753906,166.97000122070312,164.55999755859375,166.82000732421875,907300
2018-03-22,146.75613403320312,160.80999755859375,164.0399932861328,160.52999877929688,163.60000610351562,980200
2018-03-23,143.79930114746094,157.57000732421875,161.25,157.44000244140625,160.49000549316406,1227400
2018-03-26,146.38194274902344,160.39999389648438,160.39999389648438,158.00999450683594,159.74000549316406,1336100
2018-03-27,144.6844940185547,158.5399932861328,161.99000549316406,157.5800018310547,160.9499969482422,961800
2018-03-28,144.59295654296875,157.97000122070312,159.50999450683594,157.32000732421875,158.4499969482422,822100
2018-03-29,147.2931671142578,160.9199981689453,162.36000061035156,158.27999877929688,158.94000244140625,1583900
2018-04-02,143.0186004638672,156.25,161.36000061035156,154.50999450683594,160.9199981689453,1239400
2018-04-03,145.61810302734375,159.08999633789062,159.19000244140625,155.1199951171875,156.5399932861328,1449900
2018-04-04,145.380126953125,158.8300018310547,159.39999389648438,156.16000366210938,156.5,1022000
2018-04-05,146.51515197753906,160.07000732421875,161.0500030517578,158.72999572753906,160.00999450683594,773500
2018-04-06,142.0301055908203,155.1699981689453,159.8800048828125,153.75999450683594,159.19000244140625,929500
2018-04-09,143.75088500976562,157.0500030517578,159.0800018310547,155.58999633789062,156.44000244140625,1134900
2018-04-10,146.79888916015625,160.3800048828125,161.14999389648438,158.24000549316406,158.55999755859375,1222800
2018-04-11,144.483154296875,157.85000610351562,159.85000610351562,157.39999389648438,158.72999572753906,942600
2018-04-12,145.13296508789062,158.55999755859375,159.83999633789062,158.05999755859375,159.1199951171875,1043100
2018-04-13,144.94082641601562,158.35000610351562,160.0800018310547,157.36000061035156,159.8300018310547,818900
2018-04-16,148.33657836914062,162.05999755859375,162.6300048828125,159.60000610351562,160.3000030517578,1097700
2018-04-17,149.79196166992188,163.64999389648438,164.14999389648438,160.9199981689453,162.92999267578125,1091200
2018-04-18,150.76222229003906,164.7100067138672,165.32000732421875,163.19000244140625,163.88999938964844,1425400
2018-04-19,149.70046997070312,163.5500030517578,164.66000366210938,162.47000122070312,164.1999969482422,1197000
2018-04-20,150.34117126464844,164.25,165.1999969482422,163.36000061035156,163.83999633789062,2041700
2018-04-23,152.65692138671875,166.77999877929688,167.77999877929688,164.6699981689453,164.82000732421875,1715200
2018-04-24,150.76222229003906,164.7100067138672,167.6699981689453,163.39999389648438,167.10000610351562,1279400
2018-04-25,151.37551879882812,165.3800048828125,165.67999267578125,162.58999633789062,163.99000549316406,1004600
2018-04-26,153.87432861328125,168.11000061035156,168.36000061035156,164.77999877929688,165.9600067138672,1254100
2018-04-27,156.217529296875,170.6699981689453,171.35000610351562,166.5,170.22000122070312,1830400
2018-04-30,155.0733642578125,169.4199981689453,172.99000549316406,169.4199981689453,171.6300048828125,2067300
2018-05-01,154.63401794433594,168.94000244140625,169.97000122070312,167.50999450683594,169.32000732421875,1712700
2018-05-02,152.88572692871094,167.02999877929688,168.8000030517578,166.50999450683594,168.25999450683594,1346700
2018-05-03,152.68438720703125,166.80999755859375,167.38999938964844,163.91000366210938,166.5800018310547,1176800
2018-05-04,153.77366638183594,168.0,168.36000061035156,164.2899932861328,165.88999938964844,904100
2018-05-07,153.29769897460938,167.47999572753906,169.32000732421875,166.99000549316406,168.3000030517578,1338200
2018-05-08,152.51051330566406,166.6199951171875,167.35000610351562,165.4600067138672,166.97000122070312,1202800
2018-05-09,153.2152557373047,167.38999938964844,168.05999755859375,165.00999450683594,167.16000366210938,989800
2018-05-10,154.6614532470703,168.97000122070312,169.38999938964844,167.0500030517578,167.72999572753906,657000
2018-05-11,155.12826538085938,169.47999572753906,169.88999938964844,168.72000122070312,168.8000030517578,611500
2018-05-14,154.8262176513672,169.14999389648438,169.83999633789062,168.27000427246094,169.52000427246094,1359100
2018-05-15,153.97503662109375,168.22000122070312,168.7100067138672,167.27999877929688,167.9199981689453,1103800
2018-05-16,157.2152557373047,171.75999450683594,172.72999572753906,167.9199981689453,168.5,1576900
2018-05-17,156.7575225830078,171.25999450683594,171.99000549316406,170.19000244140625,171.42999267578125,759300
2018-05-18,158.17630004882812,172.80999755859375,173.47000122070312,170.97999572753906,170.97999572753906,1043300
2018-05-21,159.02757263183594,173.74000549316406,174.44000244140625,172.5399932861328,173.85000610351562,731500
2018-05-22,158.25868225097656,172.89999389648438,174.10000610351562,172.75999450683594,173.86000061035156,671900
2018-05-23,160.56529235839844,175.4199981689453,175.52000427246094,172.3000030517578,172.35000610351562,950300
2018-05-24,160.2174835205078,175.0399932861328,176.75999450683594,174.25999450683594,175.02999877929688,1030900
2018-05-25,159.064208984375,173.77999877929688,175.50999450683594,173.38999938964844,174.80999755859375,943900
2018-05-29,157.74615478515625,172.33999633789062,173.7100067138672,171.24000549316406,172.61000061035156,1056300
2018-05-30,160.2449188232422,175.07000732421875,175.99000549316406,173.05999755859375,173.11000061035156,734400
2018-05-31,159.28387451171875,174.02000427246094,176.08999633789062,173.9199981689453,175.5,978800
2018-06-01,160.60189819335938,175.4600067138672,175.94000244140625,174.02999877929688,175.19000244140625,714200
2018-06-04,161.43479919433594,176.3699951171875,177.0,174.30999755859375,175.72999572753906,827200
2018-06-05,162.2128448486328,177.22000122070312,177.6999969482422,176.02000427246094,177.42999267578125,1106700
2018-06-06,164.55613708496094,179.77999877929688,179.83999633789062,176.3800048828125,177.42999267578125,922100
2018-06-07,163.06410217285156,178.14999389648438,179.83999633789062,176.8800048828125,179.83999633789062,833700
2018-06-08,163.79638671875,178.9499969482422,179.14999389648438,177.2100067138672,178.1999969482422,962000
2018-06-11,155.4028778076172,169.77999877929688,179.60000610351562,169.10000610351562,178.97000122070312,4439200
2018-06-12,148.77597045898438,162.5399932861328,169.38999938964844,162.2899932861328,169.38999938964844,7037500
2018-06-13,152.49215698242188,166.60000610351562,173.30999755859375,166.0,173.22999572753906,6769400
2018-06-14,154.4600830078125,168.75,169.60000610351562,167.5,168.3000030517578,2150500
2018-06-15,154.1214599609375,168.3800048828125,169.9499969482422,167.74000549316406,169.24000549316406,3369500
2018-06-18,155.83311462402344,170.25,170.7100067138672,166.97000122070312,167.22000122070312,1856500
2018-06-19,155.3571319580078,169.72999572753906,170.1199951171875,168.4600067138672,169.10000610351562,1477100
2018-06-20,155.18321228027344,169.5399932861328,171.07000732421875,169.47000122070312,170.25999450683594,1498700
2018-06-21,155.43035888671875,169.80999755859375,170.16000366210938,168.1199951171875,169.69000244140625,1471500
2018-06-22,157.43492126464844,172.0,173.67999267578125,170.0,170.41000366210938,1596300
2018-06-25,155.86061096191406,170.27999877929688,171.6699981689453,168.64999389648438,171.19000244140625,1223500
2018-06-26,157.66371154785156,172.25,172.74000549316406,170.0500030517578,170.36000061035156,1213600
2018-06-27,154.8354034423828,169.16000366210938,172.88999938964844,168.97999572753906,171.72000122070312,1589100
2018-06-28,155.0924072265625,168.97000122070312,169.52000427246094,167.5500030517578,168.5800018310547,1430300
2018-06-29,154.9914093017578,168.86000061035156,171.07000732421875,168.77999877929688,169.74000549316406,1037800
2018-07-02,156.00111389160156,169.9600067138672,170.0399932861328,166.69000244140625,167.55999755859375,1078600
2018-07-03,155.84506225585938,169.7899932861328,170.75,169.22999572753906,169.9600067138672,436900
2018-07-05,157.25857543945312,171.3300018310547,171.64999389648438,169.52999877929688,171.02000427246094,750900
2018-07-06,158.89239501953125,173.11000061035156,173.66000366210938,170.97999572753906,171.8800048828125,855000
2018-07-09,159.35133361816406,173.61000061035156,174.52000427246094,172.47999572753906,173.42999267578125,556400
2018-07-10,160.05807495117188,174.3800048828125,174.8699951171875,173.8000030517578,174.17999267578125,656500
2018-07-11,159.1769561767578,173.4199981689453,174.6300048828125,172.80999755859375,173.52000427246094,634800
2018-07-12,160.0121612548828,174.3300018310547,174.7100067138672,173.05999755859375,174.27999877929688,620200
2018-07-13,159.98464965820312,174.3000030517578,174.66000366210938,173.6699981689453,174.52000427246094,536700
2018-07-16,159.1769561767578,173.4199981689453,174.24000549316406,172.8800048828125,174.17999267578125,792300
2018-07-17,161.64598083496094,176.11000061035156,176.6300048828125,173.4600067138672,173.66000366210938,944000
2018-07-18,159.47064208984375,173.74000549316406,177.3699951171875,173.60000610351562,176.08999633789062,933000
2018-07-19,158.66293334960938,172.86000061035156,173.7100067138672,172.22999572753906,173.22000122070312,1023400
2018-07-20,159.98464965820312,174.3000030517578,175.24000549316406,172.4199981689453,172.4199981689453,889500
2018-07-23,160.33343505859375,174.67999267578125,174.8800048828125,172.80999755859375,173.80999755859375,950000
2018-07-24,158.71795654296875,172.9199981689453,175.86000061035156,172.86000061035156,175.39999389648438,1287000
2018-07-25,156.0194854736328,169.97999572753906,170.74000549316406,166.07000732421875,168.5,2778600
2018-07-26,157.3136444091797,171.38999938964844,171.94000244140625,169.0,170.24000549316406,1562700
2018-07-27,155.15667724609375,169.0399932861328,171.9600067138672,167.41000366210938,171.4600067138672,1176600
2018-07-30,151.43930053710938,164.99000549316406,168.75,164.6699981689453,168.74000549316406,1802100
2018-07-31,149.84217834472656,163.25,166.47000122070312,163.16000366210938,165.83999633789062,2549800
2018-08-01,151.4484405517578,165.0,165.52999877929688,163.3800048828125,163.3800048828125,1980500
2018-08-02,152.7793731689453,166.4499969482422,166.61000061035156,164.3300018310547,164.55999755859375,1413500
2018-08-03,151.7238006591797,165.3000030517578,167.02000427246094,164.7100067138672,167.02000427246094,1068000
2018-08-06,152.48561096191406,166.1300048828125,166.35000610351562,164.3000030517578,165.2100067138672,1232400
2018-08-07,151.61367797851562,165.17999267578125,166.60000610351562,164.44000244140625,166.1300048828125,1127200
2018-08-08,152.51316833496094,166.16000366210938,166.57000732421875,164.6699981689453,165.5,899900
2018-08-09,153.2933807373047,167.00999450683594,168.17999267578125,166.14999389648438,166.58999633789062,805400
2018-08-10,152.25611877441406,165.8800048828125,167.13999938964844,165.3800048828125,166.4199981689453,764300
2018-08-13,152.46731567382812,166.11000061035156,167.6199951171875,165.85000610351562,166.0500030517578,759800
2018-08-14,152.55911254882812,166.2100067138672,167.30999755859375,165.4199981689453,166.08999633789062,973100
2018-08-15,153.08229064941406,166.77999877929688,167.02999877929688,164.75,165.8300018310547,677200
2018-08-16,154.8354034423828,168.69000244140625,169.75,167.85000610351562,168.0,1160200
2018-08-17,156.0194854736328,169.97999572753906,170.2100067138672,167.6300048828125,168.60000610351562,1315500
2018-08-20,155.02813720703125,168.89999389648438,170.6300048828125,168.6300048828125,170.30999755859375,950300
2018-08-21,154.47740173339844,168.3000030517578,169.6999969482422,168.0500030517578,169.33999633789062,823100
2018-08-22,155.62477111816406,169.5500030517578,169.7899932861328,167.69000244140625,167.75999450683594,766000
2018-08-23,155.487060546875,169.39999389648438,170.14999389648438,168.86000061035156,169.72999572753906,668400
2018-08-24,156.0194854736328,169.97999572753906,170.27999877929688,169.27000427246094,169.39999389648438,616800
2018-08-27,156.47836303710938,170.47999572753906,170.9499969482422,169.47999572753906,170.69000244140625,836300
2018-08-28,155.93685913085938,169.88999938964844,171.17999267578125,169.5,170.75999450683594,732800
2018-08-29,157.20352172851562,171.27000427246094,171.9600067138672,169.8300018310547,170.25,774200
2018-08-30,155.13827514648438,169.02000427246094,170.75,168.60000610351562,170.55999755859375,1276000
2018-08-31,155.51461791992188,169.42999267578125,169.72999572753906,167.35000610351562,168.47999572753906,1408400
2018-09-04,154.7528076171875,168.60000610351562,169.9199981689453,168.27000427246094,169.5,755000
2018-09-05,154.23875427246094,168.0399932861328,168.47999572753906,166.07000732421875,167.82000732421875,868900
2018-09-06,157.18516540527344,171.25,171.67999267578125,167.32000732421875,168.0399932861328,1290300
2018-09-07,155.808349609375,169.75,170.77999877929688,169.5,170.52000427246094,1144500
2018-09-10,156.39573669433594,170.38999938964844,171.7899932861328,170.17999267578125,170.4199981689453,1070800
2018-09-11,157.65328979492188,171.75999450683594,172.64999389648438,169.72999572753906,170.22000122070312,1180300
2018-09-12,159.05760192871094,173.2899932861328,173.49000549316406,171.08999633789062,171.58999633789062,1087300
2018-09-13,158.85569763183594,173.07000732421875,173.77999877929688,171.80999755859375,172.27999877929688,2388600
2018-09-14,156.49673461914062,170.5,173.6199951171875,170.0399932861328,173.49000549316406,1349600
2018-09-17,155.9276580810547,169.8800048828125,171.22000122070312,169.16000366210938,171.22000122070312,1443500
2018-09-18,159.80108642578125,174.10000610351562,174.16000366210938,169.3000030517578,169.75,1485100
2018-09-19,159.27792358398438,173.52999877929688,174.00999450683594,172.4499969482422,173.97000122070312,1512400
2018-09-20,159.24118041992188,173.49000549316406,174.10000610351562,172.4499969482422,174.0,1346900
2018-09-21,160.16824340820312,174.5,174.9600067138672,173.50999450683594,173.50999450683594,3222400
2018-09-24,161.6184539794922,176.0800018310547,176.57000732421875,173.94000244140625,173.94000244140625,1227300
2018-09-25,161.3339080810547,175.77000427246094,176.75,175.52999877929688,176.25999450683594,603800
2018-09-26,161.34304809570312,175.77999877929688,177.08999633789062,174.99000549316406,175.88999938964844,1216600
2018-09-27,161.0946044921875,175.0399932861328,175.75999450683594,174.6699981689453,175.75999450683594,1006900
2018-09-28,163.5242462158203,177.67999267578125,177.75999450683594,175.0,175.0,1368700
2018-10-01,164.41697692871094,178.64999389648438,178.89999389648438,177.7100067138672,178.25,1293700
2018-10-02,163.24818420410156,177.3800048828125,178.6199951171875,176.07000732421875,178.6199951171875,1126800
2018-10-03,161.34303283691406,175.30999755859375,177.75,174.75999450683594,177.35000610351562,1124500
2018-10-04,159.74172973632812,173.57000732421875,174.99000549316406,172.52999877929688,174.85000610351562,1226200
2018-10-05,160.22032165527344,174.08999633789062,174.5,172.60000610351562,174.02000427246094,1161200
2018-10-08,161.05776977539062,175.0,176.74000549316406,173.24000549316406,174.16000366210938,1483000
2018-10-09,162.0517120361328,176.0800018310547,176.63999938964844,174.14999389648438,175.05999755859375,1020200
2018-10-10,157.51451110839844,171.14999389648438,176.6999969482422,170.8000030517578,176.0,2092700
2018-10-11,155.2781524658203,168.72000122070312,171.7100067138672,167.17999267578125,170.5399932861328,1354200
2018-10-12,157.41326904296875,171.0399932861328,172.52999877929688,168.88999938964844,171.05999755859375,1161500
2018-10-15,155.9131622314453,169.41000366210938,171.35000610351562,169.02000427246094,170.66000366210938,790700
2018-10-16,161.14987182617188,175.10000610351562,175.5,171.1199951171875,171.16000366210938,1359700
2018-10-17,162.18975830078125,176.22999572753906,176.47999572753906,173.52999877929688,174.32000732421875,1108700
2018-10-18,159.3091583251953,173.10000610351562,176.5,171.42999267578125,176.4199981689453,1203600
2018-10-19,155.4805450439453,168.94000244140625,173.33999633789062,168.5800018310547,173.33999633789062,1707500
2018-10-22,154.39454650878906,167.75999450683594,169.5399932861328,166.94000244140625,169.25999450683594,1920200
2018-10-23,153.3546142578125,166.6300048828125,167.69000244140625,164.05999755859375,165.89999389648438,1460500
2018-10-24,150.19790649414062,163.1999969482422,168.52999877929688,163.0,166.35000610351562,1841700
2018-10-25,152.10299682617188,165.27000427246094,166.30999755859375,162.3800048828125,164.4199981689453,2080000
2018-10-26,147.6025390625,160.3800048828125,164.0,156.6699981689453,164.0,3169900
2018-10-29,148.8634033203125,161.75,164.00999450683594,159.7100067138672,162.63999938964844,1661700
2018-10-30,149.13027954101562,162.0399932861328,164.5,160.1300048828125,162.19000244140625,1356300
2018-10-31,149.29598999023438,162.22000122070312,164.0800018310547,161.77000427246094,163.52999877929688,1597400
2018-11-01,153.29942321777344,166.57000732421875,167.4600067138672,162.8300018310547,163.1199951171875,1741600
2018-11-02,152.1950225830078,165.3699951171875,168.4600067138672,163.6699981689453,167.47000122070312,1100600
2018-11-05,153.0785369873047,166.3300018310547,167.14999389648438,165.27000427246094,165.92999267578125,974700
2018-11-06,153.44667053222656,166.72999572753906,166.8699951171875,165.2100067138672,165.83999633789062,990600
2018-11-07,156.22604370117188,169.75,169.85000610351562,167.3800048828125,168.08999633789062,1261900
2018-11-08,157.64332580566406,171.2899932861328,171.4600067138672,169.00999450683594,169.58999633789062,855200
2018-11-09,157.60653686523438,171.25,173.25999450683594,170.02000427246094,171.0,1423400
2018-11-12,156.46533203125,170.00999450683594,172.72999572753906,168.9499969482422,171.3800048828125,1254500
2018-11-13,154.4498291015625,167.82000732421875,171.0500030517578,167.0399932861328,170.1199951171875,1173500
2018-11-14,152.77487182617188,166.0,168.7899932861328,165.10000610351562,168.4499969482422,1376900
2018-11-15,155.2781524658203,168.72000122070312,168.74000549316406,162.2899932861328,164.94000244140625,1187300
2018-11-16,158.444091796875,172.16000366210938,172.52000427246094,167.80999755859375,167.8699951171875,1747800
2018-11-19,154.35781860351562,167.72000122070312,171.97999572753906,166.3000030517578,171.97999572753906,962400
2018-11-20,152.7288055419922,165.9499969482422,167.64999389648438,165.25,166.7100067138672,1474300
2018-11-21,151.2470703125,164.33999633789062,166.9600067138672,162.86000061035156,165.97000122070312,1294700
2018-11-23,151.67042541503906,164.8000030517578,166.07000732421875,163.77000427246094,163.77000427246094,570300
2018-11-26,152.6920166015625,165.91000366210938,166.33999633789062,163.80999755859375,165.07000732421875,1631700
2018-11-27,153.7595672607422,167.07000732421875,167.16000366210938,164.52999877929688,165.5399932861328,1001500
2018-11-28,158.00228881835938,171.67999267578125,171.8699951171875,167.0800018310547,167.1999969482422,1364700
2018-11-29,157.29360961914062,170.91000366210938,172.83999633789062,170.22000122070312,170.8000030517578,1530900
2018-11-30,161.48114013671875,175.4600067138672,175.50999450683594,171.16000366210938,171.36000061035156,2590300
2018-12-03,160.03623962402344,173.88999938964844,176.0,172.8699951171875,175.64999389648438,1880500
2018-12-04,158.52688598632812,172.25,175.24000549316406,171.75,173.8000030517578,1703200
2018-12-06,158.70175170898438,172.44000244140625,172.44000244140625,167.14999389648438,170.4199981689453,1594900
2018-12-07,155.39784240722656,168.85000610351562,172.25999450683594,167.69000244140625,172.02000427246094,1268400
2018-12-10,157.5789337158203,171.22000122070312,171.8699951171875,167.00999450683594,169.44000244140625,1106000
2018-12-11,157.9838104248047,171.66000366210938,174.1699981689453,171.27999877929688,172.77999877929688,1385600
2018-12-12,158.85818481445312,172.61000061035156,174.9199981689453,171.75,172.6699981689453,1477000
2018-12-13,159.08828735351562,172.86000061035156,174.85000610351562,172.25999450683594,173.25999450683594,904700
2018-12-14,153.2901611328125,166.55999755859375,171.99000549316406,165.9499969482422,171.88999938964844,1463500
2018-12-17,147.35406494140625,160.11000061035156,165.52999877929688,159.14999389648438,165.52999877929688,2355100
2018-12-18,148.61492919921875,161.47999572753906,163.5500030517578,159.80999755859375,163.5500030517578,1394000
2018-12-19,145.4121856689453,158.0,162.35000610351562,156.0,161.80999755859375,1276400
2018-12-20,141.5375518798828,153.7899932861328,157.91000366210938,152.6300048828125,157.16000366210938,1778200
2018-12-21,138.7213897705078,150.72999572753906,156.64999389648438,150.6300048828125,153.7899932861328,2747300
2018-12-24,133.4478759765625,145.0,150.5800018310547,144.9499969482422,150.0399932861328,998300
2018-12-26,138.81341552734375,150.8300018310547,150.8300018310547,144.75,145.47000122070312,1937900
2018-12-27,142.28305053710938,154.60000610351562,154.60000610351562,148.00999450683594,149.27999877929688,1623500
2018-12-28,142.94793701171875,154.8000030517578,156.6199951171875,153.61000061035156,155.0,1245900
2018-12-31,144.74859619140625,156.75,158.0399932861328,155.27999877929688,155.3000030517578,1186200
2019-01-02,142.67088317871094,154.5,157.72000122070312,153.42999267578125,155.8699951171875,1750000
2019-01-03,140.787109375,152.4600067138672,155.77999877929688,151.6300048828125,155.02000427246094,2320100
2019-01-04,145.03488159179688,157.05999755859375,158.86000061035156,154.24000549316406,154.24000549316406,1785200
2019-01-07,144.97946166992188,157.0,159.67999267578125,156.35000610351562,156.77999877929688,1617600
2019-01-08,146.73397827148438,158.89999389648438,159.47000122070312,156.5399932861328,158.0500030517578,1499800
2019-01-09,147.56512451171875,159.8000030517578,161.8800048828125,159.42999267578125,160.02999877929688,1216200
2019-01-10,148.98716735839844,161.33999633789062,161.4499969482422,158.2100067138672,159.00999450683594,1015700
2019-01-11,147.2788543701172,159.49000549316406,160.6199951171875,158.89999389648438,160.05999755859375,1116100
2019-01-14,145.58897399902344,157.66000366210938,159.41000366210938,157.5500030517578,158.22999572753906,1327200
2019-01-15,149.72596740722656,162.13999938964844,162.22000122070312,157.42999267578125,157.52000427246094,1700700
2019-01-16,150.88943481445312,163.39999389648438,164.33999633789062,161.52000427246094,161.83999633789062,1792600
2019-01-17,151.8221893310547,164.41000366210938,164.91000366210938,162.72999572753906,162.75,1164200
2019-01-18,154.7217254638672,167.5500030517578,168.19000244140625,164.82000732421875,165.75,2022000
2019-01-22,153.17959594726562,165.8800048828125,167.72000122070312,164.52000427246094,166.86000061035156,2400500
2019-01-23,153.08724975585938,165.77999877929688,167.35000610351562,164.33999633789062,165.97999572753906,1177000
2019-01-24,154.49085998535156,167.3000030517578,167.4499969482422,165.3699951171875,166.0800018310547,1209900
2019-01-25,153.0688018798828,165.75999450683594,168.1199951171875,165.44000244140625,168.0800018310547,1467200
2019-01-28,149.5966339111328,162.0,165.2100067138672,161.88999938964844,164.72000122070312,1927300
2019-01-29,148.73789978027344,161.07000732421875,163.42999267578125,160.7899932861328,162.1300048828125,1823100
2019-01-30,165.65521240234375,179.38999938964844,181.17999267578125,174.7899932861328,176.00999450683594,5426200
2019-01-31,163.9745635986328,177.57000732421875,179.47999572753906,176.85000610351562,178.33999633789062,2909600
2019-02-01,163.73446655273438,177.30999755859375,178.99000549316406,176.47000122070312,177.88999938964844,1546800
2019-02-04,163.57748413085938,177.13999938964844,177.72000122070312,175.74000549316406,176.97999572753906,1376800
2019-02-05,165.61831665039062,179.35000610351562,179.85000610351562,177.47999572753906,177.89999389648438,1261800
2019-02-06,166.86488342285156,180.6999969482422,180.8000030517578,178.5,179.13999938964844,950200
2019-02-07,166.91110229492188,180.75,180.80999755859372,179.0500030517578,179.24000549316406,1351900
2019-02-08,168.6748809814453,182.66000366210935,182.69000244140625,179.55999755859375,179.6199951171875,1317700
2019-02-11,169.4781951904297,183.52999877929688,183.9600067138672,182.5500030517578,183.6100006103516,1480400
2019-02-12,171.44522094726562,185.66000366210935,185.80999755859372,183.1199951171875,184.8600006103516,1372200
2019-02-13,171.1034698486328,185.2899932861328,186.1699981689453,183.4199981689453,185.8999938964844,1257000
2019-02-14,171.33436584472656,185.5399932861328,186.75,184.3600006103516,185.0,866900
2019-02-15,172.52557373046875,186.8300018310547,187.69000244140625,186.3300018310547,187.3999938964844,1802800
2019-02-19,171.8607177734375,186.1100006103516,187.3999938964844,185.72999572753903,186.83999633789065,1356900
2019-02-20,173.27357482910156,187.63999938964844,188.08999633789065,186.1100006103516,186.2400054931641,1157300
2019-02-21,173.21815490722656,187.5800018310547,188.2700042724609,186.5399932861328,186.94000244140625,1010500
2019-02-22,174.2246856689453,188.6699981689453,188.7899932861328,187.4199981689453,187.8500061035156,813100
2019-02-25,173.12583923339844,187.47999572753903,189.69000244140625,186.22999572753903,189.13999938964844,1869000
2019-02-26,171.0573272705078,185.2400054931641,187.32000732421875,184.17999267578125,187.32000732421875,2152800
2019-02-27,172.47015380859375,186.7700042724609,187.55999755859372,184.3300018310547,184.3300018310547,1140400
2019-02-28,174.0769500732422,188.50999450683597,189.57000732421875,186.07000732421875,186.47999572753903,1358500
2019-03-01,176.91189575195312,191.5800018310547,191.83999633789065,189.08999633789065,189.6199951171875,1344200
2019-03-04,176.07151794433594,190.6699981689453,193.0,187.4499969482422,192.6300048828125,1111500
2019-03-05,175.3882293701172,189.92999267578125,190.6699981689453,188.6999969482422,190.55999755859372,828600
2019-03-06,173.91995239257812,188.33999633789065,190.3300018310547,187.47000122070312,190.00999450683597,764400
2019-03-07,172.73794555664062,187.05999755859372,188.9600067138672,186.5800018310547,188.3300018310547,1168700
2019-03-08,172.89495849609375,187.22999572753903,187.33999633789065,184.5,186.1100006103516,968800
2019-03-11,174.7325897216797,189.22000122070312,189.4600067138672,187.25999450683597,188.38999938964844,819700
2019-03-12,176.19161987304688,190.8000030517578,191.22999572753903,189.3300018310547,189.77999877929688,891400
2019-03-13,177.15199279785156,191.83999633789065,192.9499969482422,191.0500030517578,191.5,842800
2019-03-14,178.54637145996094,193.3500061035156,193.3500061035156,191.1199951171875,192.83999633789065,998300
2019-03-15,179.18357849121094,194.0399932861328,194.8000030517578,192.91000366210935,193.07000732421875,1734300
2019-03-18,178.75877380371094,193.5800018310547,194.6100006103516,192.5,194.6100006103516,1801100
2019-03-19,181.10430908203125,196.1199951171875,196.2700042724609,193.27999877929688,194.8800048828125,1212600
2019-03-20,182.04623413085935,197.13999938964844,198.75,195.38999938964844,196.1300048828125,1265200
2019-03-21,182.84039306640625,198.0,198.7100067138672,196.05999755859372,196.05999755859372,896900
2019-03-22,179.5529327392578,194.44000244140625,197.7100067138672,194.3999938964844,197.1300048828125,932700
2019-03-25,180.22705078125,195.1699981689453,195.3999938964844,193.32000732421875,194.72999572753903,916100
2019-03-26,181.0673828125,196.0800018310547,197.32000732421875,195.3600006103516,196.75999450683597,800600
2019-03-27,181.1781768798828,196.1999969482422,196.77999877929688,193.57000732421875,195.8999938964844,917400
2019-03-28,181.5855712890625,196.1199951171875,196.42999267578125,194.3600006103516,196.2100067138672,555200
2019-03-29,182.88180541992188,197.5200042724609,197.8699951171875,195.8600006103516,197.00999450683597,1023800
2019-04-01,181.5670318603516,196.1000061035156,199.8500061035156,195.4600067138672,199.25,1625900
2019-04-02,180.7060089111328,195.1699981689453,196.4199981689453,194.8300018310547,196.0,919700
2019-04-03,180.40042114257807,194.83999633789065,196.8800048828125,194.08999633789065,196.2700042724609,1154700
2019-04-04,179.3542022705078,193.7100067138672,195.4499969482422,193.32000732421875,195.19000244140625,729200
2019-04-05,180.7707977294922,195.2400054931641,196.0,193.77999877929688,194.3000030517578,640100
2019-04-08,181.23374938964844,195.7400054931641,196.0399932861328,192.7899932861328,195.42999267578125,1162100
2019-04-09,181.4466857910156,195.97000122070312,196.69000244140625,194.50999450683597,195.07000732421875,701900
2019-04-10,181.6040802001953,196.13999938964844,197.8300018310547,194.8300018310547,195.6499938964844,774500
2019-04-11,180.85415649414065,195.3300018310547,196.25999450683597,194.6999969482422,196.25999450683597,667200
2019-04-12,178.3912811279297,192.6699981689453,196.3699951171875,192.5200042724609,196.22000122070312,1457700
2019-04-15,179.08567810058594,193.4199981689453,193.8999938964844,192.3999938964844,193.1300048828125,1445600
2019-04-16,175.03024291992188,189.0399932861328,194.8699951171875,187.88999938964844,194.72000122070312,1683600
2019-04-17,166.8824462890625,180.2400054931641,189.5,180.0,189.4199981689453,3369100
2019-04-18,166.90097045898438,180.25999450683597,180.8300018310547,174.83999633789062,180.0800018310547,3396700
2019-04-22,168.66017150878906,182.16000366210935,183.69000244140625,179.4499969482422,180.2899932861328,1896300
2019-04-23,173.1044464111328,186.9600067138672,187.3300018310547,182.0200042724609,183.0,2931400
2019-04-24,171.32672119140625,185.0399932861328,188.88999938964844,181.92999267578125,183.6199951171875,2735900
2019-04-25,173.298828125,187.1699981689453,187.82000732421875,183.6000061035156,183.6000061035156,1493200
2019-04-26,174.32656860351562,188.27999877929688,188.6699981689453,185.67999267578125,187.8999938964844,890300
2019-04-29,173.40992736816406,187.2899932861328,188.16000366210935,185.9499969482422,187.8300018310547,898000
2019-04-30,174.90989685058594,188.91000366210935,189.1499938964844,186.75,187.5399932861328,1063300
2019-05-01,172.8636932373047,186.6999969482422,188.8999938964844,186.0800018310547,188.75,972000
2019-05-02,174.85433959960938,188.8500061035156,189.1100006103516,186.5200042724609,186.9199981689453,1126300
2019-05-03,176.5765380859375,190.7100067138672,191.1499938964844,188.8999938964844,191.1499938964844,878600
2019-05-06,176.86351013183594,191.0200042724609,191.25999450683597,187.3300018310547,187.3300018310547,1111400
2019-05-07,173.63217163085938,187.52999877929688,190.3000030517578,185.5399932861328,189.2400054931641,1502400
2019-05-08,174.11361694335938,188.0500030517578,189.00999450683597,186.2899932861328,187.7400054931641,910500
2019-05-09,174.07662963867188,188.00999450683597,188.1699981689453,184.25,186.1499938964844,922000
2019-05-10,173.41921997070312,187.3000030517578,187.82000732421875,181.8699951171875,186.8600006103516,958200
2019-05-13,170.54893493652344,184.1999969482422,185.55999755859372,183.0,184.30999755859372,956300
2019-05-14,170.5304412841797,184.17999267578125,186.38999938964844,184.0800018310547,184.4900054931641,625100
2019-05-15,171.9099884033203,185.6699981689453,186.50999450683597,182.2100067138672,183.5,778300
2019-05-16,171.8730010986328,185.6300048828125,187.6499938964844,184.7700042724609,186.6300048828125,1172400
2019-05-17,170.49343872070312,184.13999938964844,186.42999267578125,183.6499938964844,183.80999755859372,998100
2019-05-20,170.65081787109375,184.30999755859372,184.8999938964844,182.69000244140625,183.33999633789065,811500
2019-05-21,171.70628356933594,185.4499969482422,186.83999633789065,185.38999938964844,185.58999633789065,922100
2019-05-22,172.16928100585938,185.9499969482422,186.47999572753903,185.05999755859372,185.72000122070312,878500
2019-05-23,170.8267364501953,184.5,185.6100006103516,182.8000030517578,185.41000366210935,798900
2019-05-24,171.07675170898438,184.7700042724609,185.6699981689453,183.63999938964844,184.9900054931641,708000
2019-05-28,168.4934539794922,181.97999572753903,186.6199951171875,181.5200042724609,184.94000244140625,2393200
2019-05-29,167.9379425048828,181.3800048828125,181.97000122070312,180.0500030517578,181.52999877929688,1053300
2019-05-30,170.13230895996094,183.75,183.8999938964844,181.5500030517578,181.6699981689453,1192000
2019-05-31,169.6600799560547,183.2400054931641,184.97999572753903,182.0,182.8500061035156,1324100
2019-06-03,169.4563751220703,183.0200042724609,185.3000030517578,182.08999633789065,183.6999969482422,1124200
2019-06-04,172.6322479248047,186.4499969482422,186.9900054931641,183.0800018310547,186.0,1375000
2019-06-05,175.12295532226562,189.13999938964844,189.6199951171875,186.77999877929688,188.02999877929688,1194500
2019-06-06,177.6042938232422,191.82000732421875,193.08999633789065,188.8800048828125,189.5500030517578,1037700
2019-06-07,179.90045166015625,194.3000030517578,194.92999267578125,192.82000732421875,193.1699981689453,904200
2019-06-10,181.5855712890625,196.1199951171875,196.94000244140625,194.9600067138672,195.41000366210935,708200
2019-06-11,180.3726348876953,194.80999755859372,197.8999938964844,193.4600067138672,197.22999572753903,815100
2019-06-12,182.53921508789065,197.1499938964844,197.17999267578125,195.0,195.25,651500
2019-06-13,182.19667053222656,196.77999877929688,197.6999969482422,195.5399932861328,197.6999969482422,736300
2019-06-14,180.98373413085935,195.47000122070312,197.63999938964844,195.4199981689453,197.3699951171875,744800
2019-06-17,181.83555603027344,196.38999938964844,196.82000732421875,195.16000366210935,195.6499938964844,579100
2019-06-18,183.49288940429688,198.17999267578125,198.3600006103516,196.3000030517578,197.0500030517578,1112700
2019-06-19,185.6317596435547,200.4900054931641,200.75,197.55999755859372,198.17999267578125,1189800
2019-06-20,188.2149810791016,203.27999877929688,204.1100006103516,201.38999938964844,202.52999877929688,1113100
2019-06-21,187.6964874267578,202.72000122070312,203.91000366210935,201.2100067138672,203.1499938964844,1840100
2019-06-24,189.32601928710935,204.47999572753903,204.97999572753903,203.0,203.58999633789065,902700
2019-06-25,188.6964111328125,203.8000030517578,205.3300018310547,203.16000366210935,204.4900054931641,1213000
2019-06-26,187.3723907470703,202.3699951171875,204.6999969482422,200.82000732421875,203.5200042724609,1326600
2019-06-27,188.01290893554688,202.5399932861328,203.1300048828125,201.52999877929688,202.8300018310547,758100
2019-06-28,190.83480834960935,205.5800018310547,205.72000122070312,202.27999877929688,203.0,1206200
2019-07-01,191.7259521484375,206.5399932861328,207.9499969482422,204.32000732421875,207.63999938964844,889800
2019-07-02,191.03907775878903,205.8000030517578,207.07000732421875,204.63999938964844,206.0,790900
2019-07-03,193.2205047607422,208.1499938964844,208.33999633789065,205.4499969482422,206.47999572753903,547000
2019-07-05,193.60113525390625,208.55999755859372,209.16000366210935,205.1000061035156,206.3500061035156,961800
2019-07-08,193.14627075195312,208.07000732421875,208.47000122070312,206.1000061035156,207.8500061035156,849900
2019-07-09,193.98175048828125,208.97000122070312,209.4600067138672,207.1999969482422,207.4900054931641,760200
2019-07-10,194.06527709960935,209.05999755859372,210.0500030517578,208.6100006103516,208.72999572753903,559300
2019-07-11,195.71759033203125,210.83999633789065,210.8500061035156,208.44000244140625,208.80999755859372,681900
2019-07-12,191.59603881835935,206.3999938964844,210.8300018310547,205.8500061035156,210.8300018310547,1704600
2019-07-15,190.7513427734375,205.4900054931641,207.8300018310547,205.0399932861328,207.1000061035156,1254600
2019-07-16,190.66778564453125,205.3999938964844,206.91000366210935,205.0800018310547,206.2700042724609,815000
2019-07-17,193.03488159179688,207.9499969482422,208.5399932861328,206.1999969482422,206.30999755859372,975400
2019-07-18,195.3555603027344,210.4499969482422,210.52999877929688,206.0200042724609,206.77999877929688,932800
2019-07-19,193.0998687744141,208.0200042724609,211.1300048828125,207.97999572753903,210.92999267578125,1355200
2019-07-22,193.53616333007807,208.4900054931641,209.8699951171875,207.8000030517578,208.3699951171875,836100
2019-07-23,194.3530120849609,209.3699951171875,209.6499938964844,207.5399932861328,208.42999267578125,808600
2019-07-24,198.2517852783203,213.57000732421875,213.72000122070312,208.7100067138672,210.0,1145600
2019-07-25,197.40707397460935,212.66000366210935,214.69000244140625,212.1000061035156,213.19000244140625,1145100
2019-07-26,199.06866455078125,214.4499969482422,222.58999633789065,213.8500061035156,221.30999755859372,1575000
2019-07-29,199.8762664794922,215.32000732421875,215.41000366210935,213.32000732421875,214.82000732421875,1216000
2019-07-30,198.28892517089844,213.6100006103516,215.5200042724609,213.2700042724609,213.9900054931641,980900
2019-07-31,194.73362731933597,209.77999877929688,214.3699951171875,208.50999450683597,213.22000122070312,1218400
2019-08-01,197.6484222412109,212.9199981689453,215.13999938964844,210.7700042724609,210.7700042724609,1444600
2019-08-02,196.441650390625,211.6199951171875,212.9199981689453,209.6100006103516,212.9199981689453,1158900
2019-08-05,190.90911865234372,205.66000366210935,210.38999938964844,204.25,209.66000366210935,1544400
2019-08-06,196.06103515625,211.2100067138672,211.3300018310547,206.3999938964844,207.16000366210935,1134100
2019-08-07,196.55303955078125,211.7400054931641,211.97999572753903,206.5800018310547,209.2400054931641,883900
2019-08-08,202.16905212402344,217.7899932861328,217.9900054931641,211.80999755859372,211.91000366210935,1196600
2019-08-09,203.0509490966797,218.7400054931641,219.97000122070312,216.42999267578125,217.0,934200
2019-08-12,201.6121826171875,217.19000244140625,219.7100067138672,215.8600006103516,218.13999938964844,518500
2019-08-13,203.3944396972656,219.1100006103516,221.0,217.17999267578125,218.6699981689453,844900
2019-08-14,196.85012817382807,212.05999755859372,218.16000366210935,211.88999938964844,216.19000244140625,924800
2019-08-15,199.8577423095703,215.3000030517578,216.2100067138672,211.5,212.52999877929688,764400
2019-08-16,201.4358062744141,217.0,218.2100067138672,216.38999938964844,217.2400054931641,1237100
2019-08-19,202.9581298828125,218.63999938964844,219.82000732421875,216.8699951171875,219.25,1416300
2019-08-20,202.30838012695312,217.94000244140625,220.67999267578125,217.7899932861328,219.44000244140625,919000
2019-08-21,203.3109130859375,219.0200042724609,220.1999969482422,217.55999755859372,219.3000030517578,732600
2019-08-22,202.6147003173828,218.2700042724609,220.44000244140625,217.3500061035156,219.0200042724609,614600
2019-08-23,198.7437744140625,214.1000061035156,219.6000061035156,212.8000030517578,218.1999969482422,1043900
2019-08-26,201.56573486328125,217.13999938964844,217.2400054931641,214.5399932861328,215.8600006103516,642900
2019-08-27,202.8374481201172,218.50999450683597,220.22999572753903,217.6000061035156,218.5,915500
2019-08-28,203.7471466064453,219.4900054931641,219.97999572753903,216.63999938964844,216.8600006103516,701700
2019-08-29,205.91009521484372,221.82000732421875,222.27999877929688,219.8800048828125,221.17999267578125,669400
2019-08-30,204.83328247070312,220.66000366210935,223.4499969482422,219.82000732421875,223.1999969482422,1038600
2019-09-03,202.47547912597656,218.1199951171875,220.3500061035156,215.91000366210935,219.1199951171875,1102200
2019-09-04,203.29229736328125,219.0,220.1499938964844,217.41000366210935,219.13999938964844,624500
2019-09-05,204.42477416992188,220.22000122070312,221.22000122070312,219.3500061035156,220.94000244140625,721200
2019-09-06,205.52017211914065,221.3999938964844,222.25,219.6999969482422,220.1100006103516,745500
2019-09-09,201.6028594970703,217.17999267578125,221.92999267578125,216.4600067138672,221.92999267578125,1337500
2019-09-10,198.3631591796875,213.69000244140625,216.2899932861328,210.42999267578125,215.94000244140625,1733600
2019-09-11,202.31761169433597,217.9499969482422,218.1699981689453,213.02999877929688,213.38999938964844,925800
2019-09-12,204.25770568847656,220.0399932861328,221.9199981689453,219.8600006103516,220.1300048828125,1059700
2019-09-13,202.53111267089844,218.17999267578125,220.7100067138672,217.47999572753903,220.3600006103516,721800
2019-09-16,199.8484039306641,215.2899932861328,217.91000366210935,215.0,217.0,845700
2019-09-17,202.7353515625,218.3999938964844,219.6199951171875,215.9600067138672,216.0,815900
2019-09-18,204.6661376953125,220.47999572753903,220.6499938964844,217.4199981689453,218.66000366210935,983300
2019-09-19,205.1952667236328,221.0500030517578,222.72999572753903,220.25999450683597,220.91000366210935,997100
2019-09-20,205.3345184326172,221.1999969482422,222.4199981689453,219.19000244140625,221.82000732421875,3744300
2019-09-23,204.39697265625,220.19000244140625,221.4600067138672,218.7899932861328,219.7700042724609,1089500
2019-09-24,202.35479736328125,217.9900054931641,223.00999450683597,216.83999633789065,221.3600006103516,1114200
2019-09-25,202.31761169433597,217.9499969482422,218.3800048828125,214.9199981689453,217.50999450683597,918800
2019-09-26,200.86949157714844,216.38999938964844,219.5200042724609,214.82000732421875,219.0399932861328,875200
2019-09-27,198.76657104492188,213.6100006103516,217.1699981689453,212.6999969482422,217.1699981689453,945500
2019-09-30,201.26963806152344,216.3000030517578,217.47000122070312,213.9900054931641,214.2100067138672,1338800
2019-10-01,197.93836975097656,212.72000122070312,217.13999938964844,212.1699981689453,216.5,1140700
2019-10-02,194.56997680664065,209.1000061035156,211.6999969482422,207.19000244140625,210.9900054931641,1388100
2019-10-03,198.3199157714844,213.1300048828125,213.3699951171875,207.4900054931641,208.3999938964844,789500
2019-10-04,200.51593017578125,215.4900054931641,215.92999267578125,213.97000122070312,213.97000122070312,709700
2019-10-07,198.14312744140625,212.94000244140625,215.1300048828125,212.67999267578125,214.4499969482422,673100
2019-10-08,193.4347381591797,207.8800048828125,211.6499938964844,207.80999755859372,211.6499938964844,1037500
2019-10-09,196.2169647216797,210.8699951171875,211.07000732421875,207.5200042724609,209.6699981689453,1512600
2019-10-10,196.60777282714844,211.2899932861328,211.9600067138672,208.6000061035156,209.55999755859372,920200
2019-10-11,198.9526824951172,213.80999755859372,215.5399932861328,212.50999450683597,213.8699951171875,934900
2019-10-14,197.88259887695312,212.66000366210935,214.47999572753903,212.22000122070312,214.08999633789065,682600
2019-10-15,200.0134735107422,214.9499969482422,216.1199951171875,213.6199951171875,214.3500061035156,556000
2019-10-16,200.7579040527344,215.75,216.13999938964844,213.1199951171875,214.3999938964844,1086000
2019-10-17,200.5810546875,215.55999755859372,217.0,215.0800018310547,215.75,715200
2019-10-18,200.3577423095703,215.32000732421875,215.97999572753903,214.27999877929688,215.6999969482422,903900
2019-10-21,200.1251220703125,215.07000732421875,216.25,214.52999877929688,216.25,680600
2019-10-22,195.1840667724609,209.75999450683597,216.38999938964844,209.4199981689453,215.6000061035156,675200
2019-10-23,195.83546447753903,210.4600067138672,211.3699951171875,209.6699981689453,210.7400054931641,594800
2019-10-24,196.71946716308597,211.41000366210935,211.8000030517578,209.8800048828125,210.91000366210935,710800
2019-10-25,196.91485595703125,211.6199951171875,212.1699981689453,209.6199951171875,211.3699951171875,672900
2019-10-28,198.8689422607422,213.72000122070312,214.4199981689453,211.02999877929688,211.63999938964844,1754200
2019-10-29,205.2057342529297,220.52999877929688,221.4900054931641,213.1499938964844,213.1499938964844,1834600
2019-10-30,202.0047149658203,217.08999633789065,220.50999450683597,214.19000244140625,214.9900054931641,1937600
2019-10-31,201.2417449951172,216.2700042724609,218.58999633789065,214.3699951171875,216.6199951171875,1082500
2019-11-01,197.98492431640625,212.7700042724609,218.8999938964844,212.72000122070312,217.88999938964844,1443700
2019-11-04,190.91302490234372,205.1699981689453,206.97000122070312,202.0,206.0,4457200
2019-11-05,184.58555603027344,198.3699951171875,206.1499938964844,197.92999267578125,205.2700042724609,4224600
2019-11-06,187.0421142578125,201.00999450683597,201.58999633789065,198.67999267578125,200.00999450683597,3056400
2019-11-07,186.8281097412109,200.77999877929688,203.3699951171875,198.72999572753903,202.25999450683597,1986900
2019-11-08,185.89761352539065,199.77999877929688,201.8000030517578,199.6199951171875,200.7700042724609,1420600
2019-11-11,184.632080078125,198.4199981689453,200.6100006103516,197.7100067138672,199.57000732421875,1333000
2019-11-12,186.26980590820312,200.17999267578125,201.1300048828125,198.9199981689453,199.6499938964844,1365500
2019-11-13,187.71209716796875,201.72999572753903,202.27999877929688,199.6000061035156,200.00999450683597,1129800
2019-11-14,189.04269409179688,203.16000366210935,203.83999633789065,201.1999969482422,201.72000122070312,1405300
2019-11-15,191.91802978515625,206.25,206.47000122070312,203.5,204.3800048828125,1767300
2019-11-18,190.8106689453125,205.05999755859372,207.6499938964844,204.67999267578125,206.25,1274600
2019-11-19,192.7275238037109,207.1199951171875,207.5399932861328,204.77999877929688,205.66000366210935,1415700
2019-11-20,190.1035003662109,204.3000030517578,208.5,203.52999877929688,207.05999755859372,1442200
2019-11-21,187.2933654785156,201.27999877929688,204.1699981689453,200.50999450683597,204.0,1584800
2019-11-22,187.581787109375,201.58999633789065,202.8600006103516,199.75,202.52999877929688,1200000
2019-11-25,188.9868621826172,203.1000061035156,203.4900054931641,201.44000244140625,202.3600006103516,1294100
2019-11-26,188.391357421875,202.4600067138672,204.08999633789065,201.9600067138672,204.08999633789065,1268200
2019-11-27,190.6990203857422,204.94000244140625,205.44000244140625,202.47999572753903,202.47999572753903,1430700
2019-11-29,190.62457275390625,204.8600006103516,205.5500030517578,203.75999450683597,205.0,507600
2019-12-02,188.2703399658203,202.3300018310547,205.5399932861328,201.5399932861328,205.0,780300
2019-12-03,188.9589691162109,203.07000732421875,203.2100067138672,201.1000061035156,201.4199981689453,735900
2019-12-04,190.1686553955078,204.3699951171875,204.57000732421875,202.4600067138672,203.32000732421875,1078300
2019-12-05,189.08924865722656,203.2100067138672,204.4499969482422,202.3600006103516,204.4499969482422,902700
2019-12-06,189.8150634765625,203.9900054931641,205.19000244140625,203.6100006103516,204.6999969482422,1457600
2019-12-09,186.4745330810547,200.3999938964844,204.8000030517578,199.1999969482422,204.0200042724609,1612000
2019-12-10,184.3622283935547,198.1300048828125,201.0800018310547,197.97999572753903,200.44000244140625,1646200
2019-12-11,184.2227020263672,197.97999572753903,198.91000366210935,197.16000366210935,198.72000122070312,2567800
2019-12-12,185.8883056640625,199.7700042724609,200.6499938964844,197.80999755859372,197.80999755859372,1804200
2019-12-13,188.82872009277344,202.92999267578125,202.97000122070312,199.1699981689453,199.1699981689453,1038400
2019-12-16,190.05699157714844,204.25,205.0399932861328,203.5500030517578,203.8999938964844,1605400
2019-12-17,189.32188415527344,203.4600067138672,205.72000122070312,203.4600067138672,205.72000122070312,1878200
2019-12-18,194.03024291992188,208.5200042724609,208.88999938964844,203.5800018310547,204.5800018310547,2402200
2019-12-19,193.62083435058597,208.0800018310547,210.6699981689453,207.6499938964844,208.9199981689453,2118300
2019-12-20,195.40745544433597,210.0,210.3699951171875,208.1999969482422,209.6499938964844,2819800
2019-12-23,197.77093505859372,212.5399932861328,212.9900054931641,209.82000732421875,211.22000122070312,1656700
2019-12-24,196.87762451171875,211.5800018310547,212.9600067138672,211.05999755859372,212.6199951171875,436300
2019-12-26,195.1748046875,209.75,212.27999877929688,208.1000061035156,211.75999450683597,829800
2019-12-27,195.9192047119141,210.5500030517578,211.7700042724609,209.38999938964844,210.1499938964844,1057100
2019-12-30,194.75753784179688,208.72999572753903,211.3300018310547,208.05999755859372,210.97999572753903,705000
2019-12-31,195.8865203857422,209.94000244140625,210.0200042724609,207.6999969482422,208.5,879100
2020-01-02,196.36241149902344,210.4499969482422,211.0,208.2100067138672,210.94000244140625,1092600
2020-01-03,195.5599822998047,209.58999633789065,210.57000732421875,207.0,207.0,801600
2020-01-06,198.01394653320312,212.22000122070312,213.07000732421875,208.22999572753903,209.1999969482422,1294500
2020-01-07,195.5879364013672,209.6199951171875,210.8500061035156,207.1100006103516,210.02999877929688,1077500
2020-01-08,196.5863342285156,210.69000244140625,212.00999450683597,209.22000122070312,210.55999755859372,1019100
2020-01-09,197.46340942382807,211.6300048828125,212.97999572753903,211.2899932861328,211.8300018310547,744400
2020-01-10,195.6159210205078,209.6499938964844,212.8800048828125,209.4600067138672,212.67999267578125,1232700
2020-01-13,193.04071044921875,206.88999938964844,209.7700042724609,206.83999633789065,209.5,1398600
2020-01-14,194.03903198242188,207.9600067138672,209.1499938964844,205.6000061035156,206.38999938964844,1680500
2020-01-15,192.9100799560547,206.75,209.4199981689453,206.6000061035156,208.47000122070312,1323600
2020-01-16,195.43870544433597,209.4600067138672,209.47000122070312,206.7700042724609,207.72999572753903,2617100
2020-01-17,197.96728515625,212.1699981689453,216.52999877929688,209.19000244140625,209.94000244140625,3742000
2020-01-21,200.28125,214.6499938964844,214.6499938964844,211.6000061035156,212.05999755859372,1605100
2020-01-22,202.5392608642578,217.07000732421875,217.8800048828125,215.47000122070312,215.83999633789065,1528000
2020-01-23,201.7461853027344,216.22000122070312,218.3999938964844,215.1499938964844,216.97999572753903,1415400
2020-01-24,199.8893585205078,214.22999572753903,217.5800018310547,213.47999572753903,217.02999877929688,1558900
2020-01-27,200.2346649169922,214.6000061035156,217.17999267578125,212.41000366210935,212.41000366210935,1553600
2020-01-28,199.8614044189453,214.1999969482422,215.4199981689453,213.57000732421875,214.8800048828125,1702900
2020-01-29,196.57699584960935,210.67999267578125,216.38999938964844,208.16000366210935,216.38999938964844,2871100
2020-01-30,199.51614379882807,213.8300018310547,214.1499938964844,209.3500061035156,210.0,2130700
2020-01-31,196.59567260742188,210.6999969482422,214.0,209.3600006103516,213.4499969482422,1511200
2020-02-03,197.47276306152344,211.63999938964844,212.9900054931641,210.57000732421875,210.57000732421875,1148500
2020-02-04,201.86746215820312,216.3500061035156,217.7100067138672,213.8999938964844,214.6000061035156,1248900
2020-02-05,203.1550750732422,217.72999572753903,218.77999877929688,216.4499969482422,217.63999938964844,1160200
2020-02-06,203.63092041015625,218.2400054931641,219.3500061035156,217.1699981689453,218.7100067138672,790200
2020-02-07,200.43055725097656,214.80999755859372,219.0,214.6000061035156,218.19000244140625,942200
2020-02-10,202.6885681152344,217.22999572753903,217.47999572753903,214.82000732421875,214.8699951171875,650200
2020-02-11,203.53761291503903,218.13999938964844,218.9900054931641,216.6999969482422,218.05999755859372,834500
2020-02-12,201.61553955078125,216.0800018310547,219.2700042724609,216.0399932861328,218.52999877929688,871500
2020-02-13,202.8564910888672,217.41000366210935,218.22999572753903,215.3600006103516,216.3600006103516,1055200
2020-02-14,206.7100524902344,221.5399932861328,221.6199951171875,216.5200042724609,217.7899932861328,1447400
2020-02-18,207.0739288330078,221.92999267578125,221.9499969482422,218.77999877929688,221.0,1533300
2020-02-19,210.03173828125,225.1000061035156,226.3000030517578,222.0500030517578,222.57000732421875,1243700
2020-02-20,209.4438934326172,224.47000122070312,225.9499969482422,222.27999877929688,225.1000061035156,1006300
2020-02-21,209.2852783203125,224.3000030517578,224.4900054931641,222.27999877929688,223.3800048828125,1733000
2020-02-24,201.12098693847656,215.5500030517578,219.8999938964844,214.22999572753903,219.1000061035156,1617000
2020-02-25,192.49952697753903,206.30999755859372,216.2700042724609,205.25,215.55999755859372,1995300
2020-02-26,188.1608123779297,201.66000366210935,210.9900054931641,201.6000061035156,207.5500030517578,1993400
2020-02-27,181.80667114257807,194.8500061035156,202.16000366210935,194.8500061035156,198.4199981689453,2090700
2020-02-28,177.83180236816406,190.58999633789065,191.9600067138672,185.02999877929688,188.13999938964844,3091100
2020-03-02,184.0180206298828,197.22000122070312,197.25,190.57000732421875,192.44000244140625,2503900
2020-03-03,176.18966674804688,188.8300018310547,201.50999450683597,185.66000366210935,198.6999969482422,3061000
2020-03-04,185.1190490722656,198.3999938964844,198.5,189.97000122070312,194.5800018310547,2532600
2020-03-05,176.90814208984375,189.6000061035156,197.19000244140625,185.8800048828125,197.19000244140625,2797800
2020-03-06,173.43714904785156,185.8800048828125,187.6999969482422,183.97999572753903,185.6499938964844,2798600
2020-03-09,161.07411193847656,172.6300048828125,177.83999633789062,171.3300018310547,175.32000732421875,3095900
2020-03-10,171.2724151611328,183.55999755859372,183.7899932861328,173.3300018310547,179.72999572753906,2987200
2020-03-11,163.86395263671875,175.6199951171875,179.22000122070312,171.80999755859375,178.72000122070312,2881100
2020-03-12,143.9244384765625,154.25,170.5500030517578,153.9199981689453,166.0,4075100
2020-03-13,153.30169677734375,164.3000030517578,165.9499969482422,152.0,165.0,4716900
2020-03-16,134.20201110839844,143.8300018310547,150.82000732421875,138.24000549316406,147.8699951171875,5757500
2020-03-17,130.7776336669922,140.16000366210938,146.8300018310547,137.0,146.7100067138672,3902400
2020-03-18,129.6953125,139.0,139.25,126.0500030517578,133.27999877929688,5096300
2020-03-19,139.49240112304688,149.5,153.39999389648438,131.00999450683594,136.75999450683594,3485700
2020-03-20,130.04986572265625,139.3800048828125,156.8800048828125,139.0800018310547,153.25999450683594,5222000
2020-03-23,118.03203582763672,126.5,136.60000610351562,124.54000091552734,136.1699981689453,5261800
2020-03-24,133.8380889892578,143.44000244140625,144.6999969482422,131.66000366210938,136.0,3529500
2020-03-25,142.8047637939453,153.0500030517578,158.22000122070312,141.58999633789062,145.75,3657400
2020-03-26,152.39663696289062,163.3300018310547,165.8800048828125,153.0500030517578,155.1300048828125,3278200
2020-03-27,148.56175231933594,159.22000122070312,164.1199951171875,153.69000244140625,156.1999969482422,3398900
2020-03-30,152.6024932861328,162.9600067138672,163.52999877929688,154.42999267578125,161.22999572753906,2325900
2020-03-31,155.90817260742188,166.49000549316406,170.9499969482422,162.50999450683594,162.77999877929688,2876200
2020-04-01,135.4750213623047,144.6699981689453,155.4600067138672,143.75,153.5,3238100
2020-04-02,140.07293701171875,149.5800018310547,150.5,142.0,142.6199951171875,2140100
2020-04-03,138.6588897705078,148.07000732421875,151.8300018310547,146.5500030517578,149.38999938964844,2061500
2020-04-06,155.13088989257812,165.66000366210938,167.08999633789062,157.9499969482422,158.57000732421875,3188400
2020-04-07,155.25265502929688,165.7899932861328,179.6300048828125,164.64999389648438,174.61000061035156,3462800
2020-04-08,165.2163543701172,176.42999267578125,177.61000061035156,166.50999450683594,167.30999755859375,2471400
2020-04-09,171.10659790039062,182.72000122070312,184.27999877929688,175.8800048828125,176.5,2572300
2020-04-13,161.14285278320312,172.0800018310547,180.44000244140625,169.55999755859375,179.47999572753906,2421000
2020-04-14,164.2424774169922,175.38999938964844,178.24000549316406,174.05999755859375,175.74000549316406,2122000
2020-04-15,161.57357788085938,172.5399932861328,172.85000610351562,168.49000549316406,169.89999389648438,1757200
2020-04-16,163.69931030273438,174.80999755859375,176.0,171.27999877929688,174.1199951171875,1353100
2020-04-17,177.46499633789062,189.50999450683597,189.5800018310547,178.77999877929688,178.77999877929688,2538900
2020-04-20,172.9794921875,184.72000122070312,190.72000122070312,184.72000122070312,187.07000732421875,2238700
2020-04-21,167.53875732421875,178.91000366210938,183.19000244140625,178.27000427246094,180.94000244140625,1890100
2020-04-22,170.357421875,181.9199981689453,183.2899932861328,179.77000427246094,182.42999267578125,1207000
2020-04-23,170.8818359375,182.47999572753903,186.3300018310547,181.8999938964844,183.5,1567400
2020-04-24,176.1633758544922,188.1199951171875,188.6499938964844,182.25999450683597,184.02999877929688,1230800
2020-04-27,179.75933837890625,191.9600067138672,192.77999877929688,188.8999938964844,190.0,1549100
2020-04-28,173.2510528564453,185.00999450683597,195.9900054931641,184.6100006103516,193.72999572753903,1557800
2020-04-29,180.43356323242188,192.67999267578125,194.63999938964844,185.63999938964844,188.58999633789065,1817000
2020-04-30,174.58079528808594,186.42999267578125,191.3000030517578,186.02999877929688,190.6300048828125,1947100
2020-05-01,169.14002990722656,180.6199951171875,193.0,176.4499969482422,193.0,2118200
2020-05-04,167.2203826904297,178.57000732421875,180.2899932861328,177.0,179.85000610351562,1590800
2020-05-05,175.98544311523438,187.92999267578125,191.44000244140625,180.9600067138672,181.0,2119300
2020-05-06,174.0282745361328,185.83999633789065,190.22000122070312,185.6000061035156,188.2400054931641,1474600
2020-05-07,179.97470092773438,192.19000244140625,193.66000366210935,188.1000061035156,189.75999450683597,2222900
2020-05-08,179.87164306640625,192.0800018310547,196.32000732421875,191.42999267578125,194.38999938964844,1991300
2020-05-11,181.33251953125,193.63999938964844,194.1699981689453,188.88999938964844,190.0,1260400
2020-05-12,176.21018981933594,188.1699981689453,195.69000244140625,188.07000732421875,194.3600006103516,1295400
2020-05-13,169.62701416015625,181.13999938964844,187.2700042724609,178.80999755859375,187.1100006103516,1808000
2020-05-14,167.9788818359375,179.3800048828125,179.39999389648438,174.4600067138672,178.27000427246094,2226700
2020-05-15,168.81231689453125,180.2700042724609,180.4199981689453,175.47000122070312,177.75,2898800
2020-05-18,179.7218780517578,191.9199981689453,193.75999450683597,185.0,185.9499969482422,1937000
2020-05-19,176.29444885253906,188.25999450683597,192.5500030517578,188.16000366210935,191.0800018310547,1136600
2020-05-20,178.84161376953125,190.97999572753903,192.22000122070312,189.22999572753903,190.83999633789065,1510400
2020-05-21,173.32595825195312,185.08999633789065,190.00999450683597,184.4600067138672,189.7899932861328,1663400
2020-05-22,172.4363250732422,184.13999938964844,185.55999755859372,182.6100006103516,185.3699951171875,1669900
2020-05-26,174.45904541015625,186.3000030517578,191.0500030517578,185.75,191.0500030517578,2878500
2020-05-27,179.44090270996094,191.6199951171875,191.8699951171875,186.3000030517578,188.67999267578125,1907700
2020-05-28,182.9338531494141,195.3500061035156,200.0,193.1199951171875,193.8800048828125,1696100
2020-05-29,183.2897186279297,195.72999572753903,196.88999938964844,191.3300018310547,195.9600067138672,1741800
2020-06-01,184.71307373046875,197.25,198.30999755859372,194.6300048828125,195.1199951171875,978300
2020-06-02,185.78060913085935,198.38999938964844,198.3999938964844,195.33999633789065,197.25,866800
2020-06-03,187.9437713623047,200.6999969482422,202.6999969482422,198.52999877929688,199.30999755859372,1186700
2020-06-04,185.4903259277344,198.0800018310547,201.8600006103516,195.3999938964844,198.7899932861328,1113800
2020-06-05,193.8714904785156,207.02999877929688,209.92999267578125,201.3800048828125,201.92999267578125,2081400
2020-06-08,192.90696716308597,206.0,208.33999633789065,204.52999877929688,206.47000122070312,975700
2020-06-09,187.9437713623047,200.6999969482422,205.5,200.2700042724609,204.83999633789065,1297700
2020-06-10,188.3652191162109,201.1499938964844,203.9499969482422,199.94000244140625,201.6999969482422,1141200
2020-06-11,171.87451171875,183.5399932861328,195.58999633789065,182.6499938964844,195.2899932861328,2691200
2020-06-12,175.85433959960938,187.7899932861328,191.5,182.8500061035156,188.9499969482422,1938500
2020-06-15,176.50050354003906,188.47999572753903,190.08999633789065,181.2400054931641,183.1300048828125,1296400
2020-06-16,179.3004150390625,191.47000122070312,196.1699981689453,189.5,195.1499938964844,1362000
2020-06-17,177.51185607910156,189.55999755859372,192.5399932861328,188.5399932861328,192.1499938964844,1099200
2020-06-18,177.94256591796875,190.0200042724609,191.0500030517578,187.27999877929688,188.44000244140625,1053400
2020-06-19,175.21754455566406,187.1100006103516,194.0,187.05999755859372,193.58999633789065,2121500
2020-06-22,173.32595825195312,185.08999633789065,187.0,183.4600067138672,186.44000244140625,1446200
2020-06-23,174.92727661132812,186.8000030517578,189.50999450683597,186.4199981689453,187.1699981689453,1441000
2020-06-24,165.09463500976562,176.3000030517578,184.9600067138672,174.55999755859375,184.9600067138672,2180400
2020-06-25,164.44847106933594,175.61000061035156,177.1999969482422,171.75,175.47999572753906,2447200
2020-06-26,162.71603393554688,173.75999450683594,177.27000427246094,172.5,175.3800048828125,5415300
2020-06-29,166.7890167236328,177.52000427246094,177.6199951171875,172.35000610351562,174.33999633789062,2223900
2020-06-30,169.29763793945312,180.19000244140625,181.50999450683597,175.41000366210938,176.86000061035156,1442900
2020-07-01,172.7269744873047,183.83999633789065,184.32000732421875,180.5200042724609,180.9900054931641,1610400
2020-07-02,172.8209228515625,183.94000244140625,187.6100006103516,183.6300048828125,185.6699981689453,1084000
2020-07-06,172.7833709716797,183.8999938964844,187.6100006103516,182.6499938964844,186.3800048828125,1068000
2020-07-07,169.43853759765625,180.33999633789065,185.3300018310547,180.25,182.0,1262700
2020-07-08,170.78213500976562,181.7700042724609,182.6000061035156,178.9199981689453,180.82000732421875,1038600
2020-07-09,167.02394104003906,177.77000427246094,181.72999572753903,176.07000732421875,181.2400054931641,1304500
2020-07-10,167.1366424560547,177.88999938964844,179.13999938964844,176.1999969482422,177.89999389648438,1133400
2020-07-13,167.1084442138672,177.86000061035156,181.41000366210935,177.13999938964844,179.0800018310547,1949300
2020-07-14,171.665283203125,182.7100067138672,182.9499969482422,176.55999755859375,177.24000549316406,1103100
2020-07-15,177.21804809570312,188.6199951171875,189.4499969482422,186.4600067138672,187.6999969482422,1521300
2020-07-16,175.3107452392578,186.58999633789065,187.2700042724609,184.5800018310547,187.2700042724609,1253300
2020-07-17,181.38026428222656,193.0500030517578,193.67999267578125,186.75999450683597,187.97000122070312,2183600
2020-07-20,179.15357971191406,190.67999267578125,193.8300018310547,190.07000732421875,192.4600067138672,1456500
2020-07-21,180.87289428710935,192.50999450683597,195.72000122070312,191.30999755859372,191.72999572753903,904700
2020-07-22,183.09022521972656,194.8699951171875,195.55999755859372,191.8600006103516,192.0,1286300
2020-07-23,183.36268615722656,195.16000366210935,197.88999938964844,194.3800048828125,194.75999450683597,980500
2020-07-24,186.81088256835935,198.8300018310547,199.08999633789065,193.75999450683597,194.91000366210935,1683900
2020-07-27,185.41094970703125,197.33999633789065,198.7899932861328,195.80999755859372,198.0,1345400
2020-07-28,182.5359344482422,194.27999877929688,198.3600006103516,194.1000061035156,197.72000122070312,908600
2020-07-29,189.23487854003903,201.41000366210935,202.3999938964844,195.97000122070312,196.75999450683597,1409400
2020-07-30,188.0980224609375,200.1999969482422,201.6300048828125,196.2700042724609,198.25,1284200
2020-07-31,181.61517333984372,193.3000030517578,196.7100067138672,188.0,195.4600067138672,2221200
2020-08-03,180.01792907714844,191.6000061035156,194.3699951171875,190.63999938964844,193.0,1214600
2020-08-04,177.85696411132812,189.3000030517578,191.7100067138672,188.1300048828125,190.5,1194000
2020-08-05,176.5979461669922,187.9600067138672,192.9600067138672,187.72000122070312,190.1499938964844,1942900
2020-08-06,177.18983459472656,188.58999633789065,188.66000366210935,185.25999450683597,187.57000732421875,1497800
2020-08-07,179.96151733398438,191.5399932861328,192.50999450683597,188.25,188.47999572753903,1081200
2020-08-10,176.325439453125,187.6699981689453,192.0200042724609,187.4499969482422,191.38999938964844,1079200
2020-08-11,177.49990844726562,188.9199981689453,192.19000244140625,187.1499938964844,189.25999450683597,1023000
2020-08-12,178.6837158203125,190.17999267578125,192.0399932861328,189.72999572753903,190.6100006103516,767500
2020-08-13,179.4165802001953,190.9600067138672,191.2899932861328,188.6499938964844,188.9199981689453,696900
2020-08-14,176.98316955566406,188.3699951171875,190.32000732421875,187.1999969482422,190.0,1008600
2020-08-17,177.60324096679688,189.02999877929688,190.9199981689453,188.08999633789065,188.72999572753903,772000
2020-08-18,177.91329956054688,189.3600006103516,190.6699981689453,188.22999572753903,189.3699951171875,619000
2020-08-19,174.8503875732422,186.1000061035156,189.91000366210935,185.3699951171875,189.3600006103516,1005800
2020-08-20,176.50396728515625,187.8600006103516,188.97000122070312,185.1999969482422,185.1999969482422,873300
2020-08-21,177.3684539794922,188.77999877929688,189.0399932861328,186.82000732421875,187.8600006103516,1095400
2020-08-24,177.29322814941406,188.6999969482422,191.1699981689453,187.97000122070312,189.3600006103516,897800
2020-08-25,178.11061096191406,189.57000732421875,190.5800018310547,187.8800048828125,189.52999877929688,811100
2020-08-26,177.58447265625,189.00999450683597,189.5,186.82000732421875,188.50999450683597,846900
2020-08-27,184.3398284912109,196.1999969482422,197.3800048828125,188.47000122070312,189.07000732421875,1507000
2020-08-28,186.2283172607422,198.2100067138672,198.6000061035156,194.0399932861328,196.47000122070312,946100
2020-08-31,186.18136596679688,198.16000366210935,199.3000030517578,195.7700042724609,196.97999572753903,1076600
2020-09-01,186.05918884277344,198.02999877929688,198.05999755859372,196.38999938964844,196.92999267578125,925400
2020-09-02,189.43218994140625,201.6199951171875,202.3500061035156,197.58999633789065,198.4199981689453,1944100
2020-09-03,186.1625061035156,198.13999938964844,202.7400054931641,196.47000122070312,202.5800018310547,1330200
2020-09-04,185.6739654541016,197.6199951171875,200.3500061035156,194.66000366210935,199.97999572753903,1044700
2020-09-08,187.9853057861328,200.0800018310547,201.33999633789065,194.63999938964844,195.9600067138672,1537300
2020-09-09,192.9930725097656,205.41000366210935,208.22000122070312,201.69000244140625,202.3600006103516,2487800
2020-09-10,189.5825042724609,201.77999877929688,206.63999938964844,201.0800018310547,205.4900054931641,1115600
2020-09-11,189.8080596923828,202.0200042724609,203.22000122070312,200.52999877929688,202.6999969482422,902600
2020-09-14,193.0870361328125,205.50999450683597,206.8699951171875,203.4900054931641,203.75,929100
2020-09-15,197.7753753662109,210.5,211.9600067138672,206.05999755859372,206.1999969482422,2052500
2020-09-16,202.76446533203125,215.80999755859372,216.8500061035156,211.4600067138672,211.77999877929688,2038000
2020-09-17,198.78076171875,211.57000732421875,215.3300018310547,210.67999267578125,213.1699981689453,1427100
2020-09-18,193.9044647216797,206.3800048828125,213.08999633789065,205.69000244140625,211.69000244140625,2612000
2020-09-21,190.64425659179688,202.91000366210935,203.47000122070312,199.0800018310547,202.0500030517578,1316600
2020-09-22,191.0764312744141,203.3699951171875,203.6499938964844,199.0399932861328,202.3000030517578,1036100
2020-09-23,190.1650390625,202.3999938964844,205.5200042724609,201.8500061035156,203.8500061035156,1048500
2020-09-24,186.9329833984375,198.9600067138672,201.7899932861328,197.5800018310547,201.6300048828125,928400
2020-09-25,192.61724853515625,205.00999450683597,205.1499938964844,196.75,196.75,836000
2020-09-28,194.7218780517578,207.25,210.1499938964844,207.00999450683597,209.0200042724609,1219100
2020-09-29,192.8988037109375,204.7400054931641,208.8600006103516,203.4499969482422,207.9900054931641,782100
2020-09-30,196.3188323974609,208.3699951171875,210.6699981689453,204.77999877929688,205.22000122070312,1098400
2020-10-01,196.60150146484372,208.6699981689453,210.2400054931641,206.3300018310547,209.83999633789065,1050900
2020-10-02,196.25289916992188,208.3000030517578,210.92999267578125,204.4499969482422,205.8500061035156,966300
2020-10-05,201.67974853515625,214.05999755859372,214.1000061035156,210.3699951171875,210.5399932861328,999600
2020-10-06,198.41043090820312,210.58999633789065,214.80999755859372,210.0200042724609,213.8000030517578,808700
2020-10-07,204.8265838623047,217.3999938964844,218.1199951171875,213.17999267578125,213.42999267578125,1067000
2020-10-08,206.41883850097656,219.08999633789065,220.1000061035156,216.80999755859372,218.0,1125600
2020-10-09,210.0367584228516,222.92999267578125,224.72999572753903,219.6199951171875,220.0,1237800
2020-10-12,212.58058166503903,225.6300048828125,227.38999938964844,223.6000061035156,225.0,1081000
2020-10-13,207.2761993408203,220.0,224.8999938964844,219.2899932861328,224.08999633789065,852400
2020-10-14,208.42567443847656,221.22000122070312,224.66000366210935,220.0800018310547,220.4900054931641,743400
2020-10-15,209.4714508056641,222.3300018310547,223.3500061035156,216.9600067138672,217.3600006103516,773000
2020-10-16,211.0919342041016,224.0500030517578,227.05999755859372,223.32000732421875,223.8000030517578,820600
2020-10-19,208.11477661132807,220.88999938964844,226.0,219.72999572753903,224.1999969482422,763300
2020-10-20,208.0299530029297,220.8000030517578,224.6000061035156,220.47999572753903,222.1300048828125,603500
2020-10-21,208.1241607666016,220.8999938964844,222.75999450683597,219.72999572753903,221.58999633789065,607600
2020-10-22,211.6478271484375,224.63999938964844,225.02999877929688,219.66000366210935,221.4600067138672,971100
2020-10-23,209.0663146972656,221.8999938964844,226.41000366210935,221.07000732421875,226.0,858900
2020-10-26,202.32046508789065,214.7400054931641,218.9199981689453,212.69000244140625,218.7899932861328,1322900
2020-10-27,201.1144561767578,213.4600067138672,216.7700042724609,213.0200042724609,214.69000244140625,864600
2020-10-28,193.0965881347656,204.9499969482422,209.1000061035156,203.66000366210935,208.8300018310547,1184100
2020-10-29,193.51116943359372,205.38999938964844,208.5200042724609,202.2700042724609,204.9600067138672,1065600
2020-10-30,190.32669067382807,202.00999450683597,212.4900054931641,196.08999633789065,209.27999877929688,2385200
2020-11-02,191.05210876464844,202.77999877929688,206.0800018310547,200.25,204.0,1274400
2020-11-03,196.21517944335935,208.25999450683597,209.66000366210935,205.1100006103516,206.0,1044300
2020-11-04,195.71588134765625,207.72999572753903,215.0,207.0500030517578,209.82000732421875,1140000
2020-11-05,198.4199066162109,210.6000061035156,212.27999877929688,208.8500061035156,211.1199951171875,1113400
2020-11-06,201.0955810546875,213.44000244140625,215.0,208.9199981689453,210.8800048828125,1119100
2020-11-09,220.79623413085935,234.3500061035156,241.52999877929688,230.63999938964844,231.3500061035156,3092700
2020-11-10,217.2349090576172,230.57000732421875,233.0,227.25,232.66000366210935,1380400
2020-11-11,212.21316528320312,225.2400054931641,232.4600067138672,223.8300018310547,232.4600067138672,1166000
2020-11-12,212.1942901611328,225.22000122070312,227.4499969482422,222.6100006103516,224.27999877929688,826000
2020-11-13,218.52566528320312,231.94000244140625,232.38999938964844,226.0,226.3300018310547,938900
2020-11-16,222.14356994628903,235.77999877929688,236.02999877929688,231.75999450683597,235.1499938964844,1646600
2020-11-17,218.05455017089844,231.44000244140625,233.5800018310547,227.5,232.3500061035156,997900
2020-11-18,218.35606384277344,231.75999450683597,234.9499969482422,231.0,231.3699951171875,855800
2020-11-19,220.0613555908203,233.57000732421875,234.00999450683597,229.44000244140625,231.0,1099600
2020-11-20,219.39242553710935,232.8600006103516,234.2700042724609,231.0200042724609,232.7400054931641,1116800
2020-11-23,219.53379821777344,233.00999450683597,235.41000366210935,232.19000244140625,233.4499969482422,699300
2020-11-24,226.41156005859372,240.30999755859372,242.50999450683597,235.0800018310547,235.38999938964844,1522900
2020-11-25,220.20269775390625,233.72000122070312,240.50999450683597,233.05999755859372,240.2899932861328,1900100
2020-11-27,219.3453369140625,232.80999755859372,236.6000061035156,231.80999755859372,235.67999267578125,787600
2020-11-30,219.90121459960935,233.3999938964844,234.7400054931641,230.75999450683597,233.57000732421875,1671900
2020-12-01,217.63998413085935,231.0,236.1100006103516,230.19000244140625,235.6300048828125,1464200
2020-12-02,220.7114715576172,234.25999450683597,234.30999755859372,229.5500030517578,230.92999267578125,787600
2020-12-03,221.20138549804688,234.77999877929688,236.3699951171875,232.8999938964844,234.2700042724609,1067500
2020-12-04,225.73321533203125,239.58999633789065,239.58999633789065,234.19000244140625,234.7100067138672,844400
2020-12-07,223.10455322265625,236.8000030517578,239.3300018310547,235.6199951171875,237.5,705600
2020-12-08,221.83267211914065,235.4499969482422,236.67999267578125,234.1000061035156,234.75999450683597,925900
2020-12-09,222.28488159179688,235.92999267578125,237.8000030517578,235.0500030517578,236.22000122070312,1006800
2020-12-10,221.53114318847656,235.1300048828125,237.25999450683597,233.44000244140625,235.0,875200
2020-12-11,218.77061462402344,232.1999969482422,234.7700042724609,230.25999450683597,234.0,1057100
2020-12-14,217.5928955078125,230.9499969482422,236.4499969482422,230.8000030517578,233.8600006103516,1069600
2020-12-15,220.5230407714844,234.05999755859372,235.8000030517578,230.55999755859372,233.82000732421875,1016900
2020-12-16,221.53114318847656,235.1300048828125,236.1199951171875,231.7899932861328,233.50999450683597,794100
2020-12-17,224.32937622070312,238.1000061035156,238.22999572753903,235.17999267578125,236.0,776400
2020-12-18,226.11952209472656,240.0,240.4900054931641,236.13999938964844,238.1499938964844,2504700
2020-12-21,221.2767639160156,234.8600006103516,236.57000732421875,230.6000061035156,235.42999267578125,936700
2020-12-22,221.68186950683597,235.2899932861328,236.5800018310547,231.42999267578125,234.7899932861328,817300
2020-12-23,222.6617584228516,236.3300018310547,239.0,236.30999755859372,236.77999877929688,619600
2020-12-24,223.3495330810547,237.05999755859372,238.25,236.3300018310547,237.17999267578125,256400
2020-12-28,224.7439422607422,238.5399932861328,240.4499969482422,237.9199981689453,239.0,628300
2020-12-29,226.9203643798828,240.8500061035156,242.4499969482422,239.8600006103516,240.88999938964844,824200
2020-12-30,228.658447265625,242.05999755859372,242.82000732421875,240.32000732421875,240.32000732421875,855800
2020-12-31,231.4735107421875,245.0399932861328,245.33999633789065,240.52999877929688,242.1000061035156,639900
2021-01-04,225.78677368164065,239.0200042724609,245.52999877929688,236.22999572753903,245.33999633789065,1114900
2021-01-05,226.39132690429688,239.66000366210935,241.5399932861328,238.25,239.3600006103516,1363900
2021-01-06,229.02685546875,242.4499969482422,242.72000122070312,236.7700042724609,238.8800048828125,1981800
2021-01-07,230.22659301757807,243.72000122070312,244.22999572753903,239.6499938964844,242.7899932861328,921100
2021-01-08,230.1698760986328,243.66000366210935,247.44000244140625,241.63999938964844,244.58999633789065,1378500
2021-01-11,228.46011352539065,241.8500061035156,243.3300018310547,240.7899932861328,242.6199951171875,544800
2021-01-12,225.9662628173828,239.2100067138672,241.82000732421875,237.2899932861328,240.3500061035156,824100
2021-01-13,229.73536682128903,243.1999969482422,244.25,238.58999633789065,239.1999969482422,696000
2021-01-14,228.72457885742188,242.1300048828125,244.1100006103516,240.80999755859372,242.8999938964844,1053800
2021-01-15,228.59234619140625,241.9900054931641,243.66000366210935,238.75,241.83999633789065,1281100
2021-01-19,228.66796875,242.07000732421875,244.25,240.55999755859372,243.0,835700
2021-01-20,231.6341094970703,245.2100067138672,246.69000244140625,240.67999267578125,242.3999938964844,959200
2021-01-21,230.11322021484372,243.6000061035156,245.33999633789065,240.47999572753903,244.3800048828125,991100
2021-01-22,226.6463928222656,239.92999267578125,243.00999450683597,239.9199981689453,242.6000061035156,908600
2021-01-25,226.28744506835935,239.5500030517578,239.97000122070312,236.8699951171875,239.2100067138672,1371600
2021-01-26,224.8232421875,238.0,242.1499938964844,237.72999572753903,240.02999877929688,1053500
2021-01-27,217.97463989257807,230.75,235.4600067138672,229.5800018310547,235.0,1488900
2021-01-28,217.26617431640625,230.0,234.58999633789065,226.8800048828125,232.4900054931641,2004300
2021-01-29,208.77389526367188,221.00999450683597,229.75999450683597,220.8999938964844,229.0,2192100
2021-02-01,213.9977264404297,226.5399932861328,227.4199981689453,222.69000244140625,223.5200042724609,2097300
2021-02-02,222.1121368408203,235.1300048828125,238.7400054931641,229.3699951171875,229.5200042724609,1850100
2021-02-03,220.99745178222656,233.9499969482422,235.3999938964844,230.32000732421875,233.67999267578125,1237900
2021-02-04,223.95420837402344,237.0800018310547,241.1499938964844,232.5399932861328,233.9499969482422,1211000
2021-02-05,225.56002807617188,238.77999877929688,241.97000122070312,237.97000122070312,240.0500030517578,1242300
2021-02-08,229.02685546875,242.4499969482422,242.5500030517578,238.05999755859372,238.4199981689453,925400
2021-02-09,228.74346923828125,242.1499938964844,244.27999877929688,240.57000732421875,242.6699981689453,758600
2021-02-10,229.57473754882807,243.02999877929688,244.6000061035156,241.3800048828125,243.80999755859372,752300
2021-02-11,231.7568817138672,245.33999633789065,245.9900054931641,242.5500030517578,244.17999267578125,663600
2021-02-12,234.41128540039065,248.1499938964844,248.69000244140625,243.16000366210935,243.75,1294200
2021-02-16,234.1373291015625,247.8600006103516,248.3000030517578,243.75,247.42999267578125,2316200
2021-02-17,232.91876220703125,246.57000732421875,247.6100006103516,243.63999938964844,247.1100006103516,1673800
2021-02-18,231.58688354492188,245.16000366210935,247.30999755859372,243.42999267578125,245.16000366210935,2351500
2021-02-19,228.68679809570312,242.08999633789065,246.3800048828125,241.08999633789065,245.47999572753903,1509200
2021-02-22,229.6881256103516,243.1499938964844,244.6000061035156,238.7400054931641,240.4199981689453,1077200
2021-02-23,232.90933227539065,246.55999755859372,248.1499938964844,241.9600067138672,244.4199981689453,1289800
2021-02-24,235.0442047119141,248.82000732421875,249.9199981689453,245.33999633789065,246.0,1274500
2021-02-25,232.17254638671875,245.77999877929688,250.0200042724609,244.19000244140625,248.8500061035156,958100
2021-02-26,229.2535858154297,242.69000244140625,247.33999633789065,242.1100006103516,247.33999633789065,1164700
2021-03-01,232.2008819580078,245.80999755859372,247.8300018310547,244.9499969482422,245.3000030517578,863900
2021-03-02,231.80409240722656,245.38999938964844,247.1699981689453,243.50999450683597,247.05999755859372,996400
2021-03-03,229.43310546875,242.8800048828125,245.0500030517578,242.3500061035156,244.1000061035156,903400
2021-03-04,222.74508666992188,235.8000030517578,243.2100067138672,233.05999755859372,242.7899932861328,1371100
2021-03-05,226.74087524414065,240.02999877929688,241.2400054931641,232.5800018310547,237.5800018310547,1617600
2021-03-08,222.9339904785156,236.0,240.5,235.82000732421875,239.6999969482422,1308800
2021-03-09,224.0392303466797,237.1699981689453,242.50999450683597,237.1300048828125,238.1999969482422,993100
2021-03-10,226.78805541992188,240.0800018310547,240.9900054931641,237.17999267578125,238.92999267578125,953800
2021-03-11,226.0135040283203,239.25999450683597,240.9900054931641,238.07000732421875,240.8300018310547,1055700
2021-03-12,227.43045043945312,240.75999450683597,241.2100067138672,238.7100067138672,238.7100067138672,692500
2021-03-15,227.89329528808597,241.25,241.75999450683597,239.25999450683597,241.3999938964844,1153800
2021-03-16,224.85159301757807,238.02999877929688,242.08999633789065,236.3800048828125,241.3999938964844,1098500
2021-03-17,223.10397338867188,236.17999267578125,239.30999755859372,235.5200042724609,239.30999755859372,1394400
2021-03-18,218.0785369873047,230.8600006103516,236.3999938964844,230.3000030517578,235.72999572753903,1683100
2021-03-19,217.26617431640625,230.0,233.4499969482422,227.83999633789065,230.1000061035156,2162200
2021-03-22,219.23098754882807,232.0800018310547,233.1999969482422,228.4499969482422,229.7899932861328,892100
2021-03-23,216.72772216796875,229.42999267578125,233.19000244140625,228.7899932861328,232.02999877929688,1212000
2021-03-24,220.86520385742188,233.80999755859372,236.50999450683597,229.1000061035156,229.97000122070312,1336100
2021-03-25,222.31051635742188,235.33999633789065,236.07000732421875,231.3500061035156,234.3000030517578,1002800
2021-03-26,227.63824462890625,240.97999572753903,241.2899932861328,234.25999450683597,235.58999633789065,1109600
2021-03-29,228.6301422119141,242.02999877929688,242.83999633789065,238.44000244140625,239.4199981689453,1147300
2021-03-30,230.2401885986328,243.1000061035156,244.6000061035156,239.72999572753903,239.72999572753903,1207500
2021-03-31,230.69482421875,243.5800018310547,245.22999572753903,243.0399932861328,243.4900054931641,1450500
2021-04-01,230.09814453125,242.9499969482422,244.2899932861328,241.1300048828125,244.2899932861328,790000
2021-04-05,235.3355865478516,248.47999572753903,248.9600067138672,244.6199951171875,244.92999267578125,1250500
2021-04-06,235.25035095214844,248.38999938964844,249.88999938964844,247.47999572753903,248.07000732421875,917200
2021-04-07,234.35061645507807,247.44000244140625,249.8999938964844,246.3300018310547,248.17999267578125,1241100
2021-04-08,236.65206909179688,249.8699951171875,250.17999267578125,248.07000732421875,248.69000244140625,1211500
2021-04-09,239.91958618164065,253.32000732421875,253.4600067138672,250.4600067138672,250.88999938964844,1069000
2021-04-12,238.50840759277344,251.8300018310547,254.00999450683597,251.47999572753903,252.0,1237300
2021-04-13,240.1563720703125,253.57000732421875,253.77999877929688,250.67999267578125,251.0,907000
2021-04-14,238.94403076171875,252.2899932861328,255.5200042724609,251.8000030517578,254.1300048828125,758700
2021-04-15,243.26284790039065,256.8500061035156,257.1300048828125,252.6300048828125,252.77999877929688,1179200
2021-04-16,243.52804565429688,257.1300048828125,260.0,255.13999938964844,258.1499938964844,943100
2021-04-19,243.16815185546875,256.75,257.5400085449219,254.50999450683597,256.67999267578125,854700
2021-04-20,244.7592620849609,258.42999267578125,259.5,255.25,255.97000122070312,949300
2021-04-21,249.9304656982422,263.8900146484375,264.57000732421875,259.0199890136719,259.7300109863281,1191000
2021-04-22,250.19561767578125,264.1700134277344,265.95001220703125,262.260009765625,264.1099853515625,797500
2021-04-23,252.87586975097656,267.0,268.0400085449219,263.4599914550781,263.9800109863281,1089000
2021-04-26,251.24691772460935,265.2799987792969,267.9800109863281,265.0799865722656,267.7799987792969,1052600
2021-04-27,251.01011657714844,265.0299987792969,266.3800048828125,262.5400085449219,264.7200012207031,844600
2021-04-28,245.84844970703125,259.5799865722656,262.3900146484375,257.8699951171875,261.0,1536500
2021-04-29,249.49481201171875,263.42999267578125,263.9599914550781,259.8099975585937,260.25,943700
2021-04-30,248.73712158203125,262.6300048828125,263.7099914550781,259.9800109863281,263.0,1071100
2021-05-03,249.18223571777344,263.1000061035156,264.3599853515625,262.2900085449219,263.5299987792969,1032800
2021-05-04,242.0694580078125,255.58999633789065,261.4200134277344,253.2400054931641,261.4200134277344,1563500
2021-05-05,239.6828155517578,253.07000732421875,256.8900146484375,251.6999969482422,256.70001220703125,1232000
2021-05-06,240.68675231933597,254.1300048828125,254.3000030517578,250.19000244140625,253.05999755859372,1029600
2021-05-07,241.3023376464844,254.77999877929688,257.32000732421875,253.47999572753903,254.5800018310547,935800
2021-05-10,242.4388732910156,255.97999572753903,258.8299865722656,255.69000244140625,255.69000244140625,1468200
2021-05-11,238.1958465576172,251.5,255.4600067138672,250.42999267578125,254.44000244140625,824500
2021-05-12,231.81239318847656,244.75999450683597,251.4900054931641,244.1300048828125,249.1000061035156,1690600
2021-05-13,234.7389678955078,247.8500061035156,248.6199951171875,244.9499969482422,245.55999755859372,691800
2021-05-14,239.56915283203125,252.9499969482422,253.5,248.22999572753903,248.88999938964844,1212100
2021-05-17,238.52735900878903,251.8500061035156,252.8300018310547,250.77999877929688,251.8600006103516,783400
2021-05-18,239.4649810791016,252.83999633789065,255.47000122070312,251.0,251.0,1087400
2021-05-19,238.90618896484372,252.25,252.3800048828125,248.63999938964844,249.72000122070312,970900
2021-05-20,240.8950958251953,254.3500061035156,256.5799865722656,251.4900054931641,252.1100006103516,882900
2021-05-21,242.1263427734375,255.6499938964844,259.1000061035156,255.41000366210935,255.55999755859372,1150100
2021-05-24,243.5469512939453,257.1499938964844,258.5599975585937,256.0899963378906,257.1400146484375,774300
2021-05-25,243.20599365234372,256.7900085449219,258.8399963378906,255.57000732421875,256.94000244140625,832800
2021-05-26,239.0766448974609,252.42999267578125,255.3800048828125,249.1199951171875,254.1199951171875,1373600
2021-05-27,241.046630859375,254.50999450683597,255.1300048828125,252.0,254.44000244140625,2742400
2021-05-28,241.7664337158203,255.2700042724609,259.4599914550781,255.08999633789065,256.2200012207031,938800
2021-06-01,242.2589111328125,255.7899932861328,260.0,255.22999572753903,260.0,1460500
2021-06-02,237.4571075439453,250.72000122070312,256.1700134277344,250.0800018310547,255.47000122070312,1147100
2021-06-03,236.49105834960935,249.6999969482422,250.5200042724609,246.22000122070312,249.05999755859372,1107200
2021-06-04,238.50840759277344,251.8300018310547,253.13999938964844,250.3300018310547,251.00999450683597,688100
2021-06-07,236.3395233154297,249.5399932861328,253.4199981689453,248.75,252.77999877929688,1178600
2021-06-08,236.52896118164065,249.7400054931641,251.58999633789065,246.00999450683597,251.58999633789065,975500
2021-06-09,239.7396240234375,253.1300048828125,253.3300018310547,251.1300048828125,251.55999755859372,925000
2021-06-10,243.08290100097656,256.6600036621094,256.8500061035156,253.6499938964844,253.6699981689453,924100
2021-06-11,242.2589111328125,255.7899932861328,257.1099853515625,254.05999755859372,257.1099853515625,724600
2021-06-14,242.16421508789065,255.69000244140625,256.010009765625,254.1699981689453,256.010009765625,752400
2021-06-15,243.1018524169922,256.67999267578125,257.5,255.2400054931641,256.44000244140625,745900
2021-06-16,242.83660888671875,256.3999938964844,258.3900146484375,255.47999572753903,257.3999938964844,1247000
2021-06-17,245.8199920654297,259.54998779296875,260.239990234375,256.25,256.25,1173400
2021-06-18,241.4254608154297,254.91000366210935,258.7099914550781,254.66000366210935,258.010009765625,1375500
2021-06-21,245.9904937744141,259.7300109863281,260.2900085449219,254.6999969482422,255.91000366210935,780100
2021-06-22,248.84124755859372,262.739990234375,263.75,259.19000244140625,260.0,1318900
2021-06-23,248.7465667724609,262.6400146484375,264.3699951171875,261.5,262.42999267578125,1116100
2021-06-24,247.56272888183597,261.3900146484375,264.3299865722656,261.2799987792969,263.92999267578125,569000
2021-06-25,249.0874938964844,263.0,264.44000244140625,261.57000732421875,261.57000732421875,2544300
2021-06-28,246.5871124267578,260.3599853515625,264.25,259.19000244140625,264.25,918700
2021-06-29,247.2612152099609,260.44000244140625,262.489990234375,259.95001220703125,260.9200134277344,721300
2021-06-30,246.58714294433597,259.7300109863281,260.7699890136719,258.5,259.95001220703125,748200
2021-07-01,249.40689086914065,262.70001220703125,262.7300109863281,259.0199890136719,260.510009765625,1264800
2021-07-02,251.9892425537109,265.4200134277344,265.760009765625,262.69000244140625,262.8999938964844,973600
2021-07-06,251.4575653076172,264.8599853515625,265.9100036621094,262.17999267578125,265.3999938964844,1219200
2021-07-07,251.9132537841797,265.3399963378906,265.95001220703125,263.6400146484375,265.42999267578125,767500
2021-07-08,250.58413696289065,263.94000244140625,264.1099853515625,260.2799987792969,262.2900085449219,727900
2021-07-09,251.04931640625,264.42999267578125,265.2699890136719,263.6099853515625,265.010009765625,1167600
2021-07-12,251.51458740234372,264.9200134277344,265.5599975585937,262.3599853515625,262.8999938964844,863200
2021-07-13,248.36253356933597,261.6000061035156,265.1000061035156,261.17999267578125,265.0,948900
2021-07-14,248.13465881347656,261.3599853515625,262.94000244140625,259.8399963378906,262.8900146484375,859700
2021-07-15,244.0427398681641,257.04998779296875,260.7799987792969,255.75,259.8399963378906,1607200
2021-07-16,244.55545043945312,257.5899963378906,258.1700134277344,256.0,257.29998779296875,1204700
2021-07-19,236.30517578125,248.8999938964844,254.5800018310547,247.6100006103516,254.32000732421875,1748400
2021-07-20,242.2673797607422,255.17999267578125,256.9599914550781,248.8600006103516,248.8600006103516,1660700
2021-07-21,245.59027099609372,258.67999267578125,258.9800109863281,256.3999938964844,258.1600036621094,1397300
2021-07-22,245.989013671875,259.1000061035156,259.6400146484375,255.82000732421875,258.8399963378906,1039000
2021-07-23,249.3783416748047,262.6700134277344,262.8800048828125,259.0199890136719,260.0199890136719,982200
2021-07-26,250.19488525390625,263.5299987792969,263.8999938964844,259.8299865722656,261.5799865722656,1424300
2021-07-27,254.77101135253903,268.3500061035156,269.739990234375,261.07000732421875,263.3500061035156,1408200
2021-07-28,255.084228515625,268.67999267578125,275.1499938964844,265.260009765625,273.6600036621094,1895900
2021-07-29,255.5589141845703,269.17999267578125,270.2300109863281,265.94000244140625,269.2099914550781,1217300
2021-07-30,257.2299194335937,270.94000244140625,272.0400085449219,268.3099975585937,268.70001220703125,1050400
2021-08-02,256.4039306640625,270.07000732421875,273.5400085449219,269.44000244140625,271.6499938964844,1123900
2021-08-03,254.4481964111328,268.010009765625,269.7799987792969,265.79998779296875,269.6600036621094,1030100
2021-08-04,249.29290771484372,262.5799865722656,267.2900085449219,262.0,266.8399963378906,1375900
2021-08-05,251.12527465820312,264.510009765625,264.5799865722656,260.8900146484375,263.4700012207031,1269000
2021-08-06,249.27395629882807,262.5599975585937,265.45001220703125,261.6600036621094,264.9200134277344,1124300
2021-08-09,244.51747131347656,257.54998779296875,262.739990234375,256.7900085449219,262.1000061035156,1316700
2021-08-10,240.6819305419922,253.50999450683597,257.9200134277344,251.88999938964844,257.6600036621094,2318900
2021-08-11,244.48899841308597,257.5199890136719,258.7099914550781,254.0500030517578,254.0500030517578,1579300
2021-08-12,247.6979522705078,260.8999938964844,261.20001220703125,256.4700012207031,257.42999267578125,1096000
2021-08-13,249.8341217041016,263.1499938964844,263.8500061035156,260.2200012207031,261.3099975585937,767900
2021-08-16,251.63800048828125,265.04998779296875,265.3500061035156,261.8999938964844,262.2300109863281,1001100
2021-08-17,254.0399169921875,267.5799865722656,267.8699951171875,263.3800048828125,264.25,842200
2021-08-18,250.2423095703125,263.5799865722656,267.57000732421875,263.0199890136719,267.4599914550781,2065800
2021-08-19,250.94483947753903,264.32000732421875,265.5799865722656,260.45001220703125,261.1499938964844,963900
2021-08-20,251.8563232421875,265.2799987792969,265.5400085449219,262.7099914550781,264.1700134277344,1148500
2021-08-23,251.8563232421875,265.2799987792969,266.92999267578125,263.45001220703125,266.92999267578125,1532100
2021-08-24,257.3818664550781,271.1000061035156,272.5,264.7900085449219,264.82000732421875,1639900
2021-08-25,257.7520446777344,271.489990234375,272.8699951171875,269.6000061035156,271.7699890136719,921200
2021-08-26,257.42926025390625,271.1499938964844,273.0,269.7300109863281,271.3099975585937,1016600
2021-08-27,259.5843811035156,273.4200134277344,274.7799987792969,271.1099853515625,272.2699890136719,953100
2021-08-30,260.21099853515625,274.0799865722656,276.8900146484375,273.04998779296875,274.0199890136719,905000
2021-08-31,263.0782775878906,277.1000061035156,277.3500061035156,273.6300048828125,274.0199890136719,1332900
2021-09-01,262.66998291015625,276.6700134277344,277.8900146484375,273.7900085449219,277.70001220703125,695900
2021-09-02,263.6288757324219,277.67999267578125,280.2699890136719,277.4100036621094,278.1400146484375,859400
2021-09-03,262.6509094238281,276.6499938964844,277.3500061035156,274.8399963378906,276.8299865722656,648300
2021-09-07,264.5687866210937,278.6700134277344,279.3699951171875,276.3699951171875,277.1600036621094,930800
2021-09-08,265.9168395996094,280.0899963378906,280.94000244140625,277.67999267578125,278.4200134277344,691100
2021-09-09,262.90728759765625,276.9200134277344,281.1600036621094,276.5899963378906,280.1000061035156,686300
2021-09-10,260.00213623046875,273.8599853515625,278.3999938964844,273.67999267578125,277.79998779296875,1032600
2021-09-13,257.1254272460937,270.8299865722656,275.8299865722656,269.2900085449219,275.04998779296875,1401400
2021-09-14,261.3313293457031,275.260009765625,277.6700134277344,270.2099914550781,271.9100036621094,1514800
2021-09-15,263.0782775878906,277.1000061035156,278.44000244140625,273.5400085449219,273.95001220703125,955400
2021-09-16,262.1382751464844,276.1099853515625,278.6700134277344,274.0199890136719,276.760009765625,773800
2021-09-17,259.21417236328125,273.0299987792969,275.70001220703125,272.4700012207031,275.489990234375,2823400
2021-09-20,254.7519073486328,268.3299865722656,270.92999267578125,265.239990234375,269.3999938964844,1082200
2021-09-21,254.6760406494141,268.25,272.1300048828125,268.17999267578125,270.0299987792969,868600
2021-09-22,257.90399169921875,271.6499938964844,273.3500061035156,268.3599853515625,269.6199951171875,968700
2021-09-23,262.185791015625,276.1600036621094,277.4200134277344,271.92999267578125,273.0,963700
2021-09-24,262.6415100097656,276.6400146484375,277.5599975585937,274.92999267578125,275.6300048828125,520200
2021-09-27,259.641357421875,273.4800109863281,276.5400085449219,271.8900146484375,275.45001220703125,683100
2021-09-28,254.2772216796875,267.8299865722656,273.7699890136719,267.04998779296875,273.04998779296875,1044500
2021-09-29,254.93386840820312,267.8900146484375,269.20001220703125,266.82000732421875,267.9599914550781,653400
2021-09-30,250.9656219482422,263.7200012207031,270.0199890136719,263.5199890136719,268.3299865722656,989300
2021-10-01,255.24798583984372,268.2200012207031,269.2799987792969,262.3699951171875,265.42999267578125,1329700
2021-10-04,249.65234375,262.3399963378906,268.42999267578125,259.25,266.260009765625,1237100
2021-10-05,249.79507446289065,262.489990234375,266.8900146484375,261.7099914550781,263.17999267578125,1359000
2021-10-06,250.9656219482422,263.7200012207031,263.8500061035156,258.94000244140625,260.1600036621094,977700
2021-10-07,253.09719848632807,265.9599914550781,269.3699951171875,265.29998779296875,265.45001220703125,657900
2021-10-08,250.927490234375,263.67999267578125,267.20001220703125,262.6199951171875,265.57000732421875,669200
2021-10-11,246.22642517089844,258.739990234375,263.0,258.1700134277344,262.6099853515625,1042800
2021-10-12,245.6934967041016,258.17999267578125,260.2900085449219,257.2900085449219,259.9599914550781,978800
2021-10-13,244.0947723388672,256.5,259.32000732421875,256.04998779296875,258.0,1038800
2021-10-14,251.0893096923828,263.8500061035156,264.17999267578125,258.0400085449219,258.2900085449219,1083100
2021-10-15,253.4398193359375,266.32000732421875,266.5,263.4800109863281,265.7900085449219,1909000
2021-10-18,249.3763732910156,262.04998779296875,263.8599853515625,259.760009765625,263.0,1100300
2021-10-19,257.76025390625,270.8599853515625,271.5799865722656,264.260009765625,264.260009765625,966400
2021-10-20,260.5201110839844,273.760009765625,274.4700012207031,269.9100036621094,272.0,1068300
2021-10-21,263.0704345703125,276.44000244140625,276.5299987792969,271.7699890136719,273.5199890136719,962600
2021-10-22,262.3948059082031,275.7300109863281,277.57000732421875,274.67999267578125,275.989990234375,653300
2021-10-25,259.8443298339844,273.04998779296875,276.7200012207031,272.6300048828125,276.4200134277344,924000
2021-10-26,259.9681091308594,273.17999267578125,275.5,272.94000244140625,275.0,605400
2021-10-27,255.5144195556641,268.5,274.3099975585937,268.3099975585937,274.0,899100
2021-10-28,255.4572906494141,268.44000244140625,270.3699951171875,265.44000244140625,267.95001220703125,1067000
2021-10-29,253.2019805908203,266.07000732421875,266.7099914550781,258.0,260.70001220703125,2393500
2021-11-01,255.41925048828125,268.3999938964844,269.7300109863281,266.07000732421875,266.1300048828125,1224400
2021-11-02,259.4637145996094,272.6499938964844,273.45001220703125,268.0599975585937,269.989990234375,1329500
2021-11-03,258.7118835449219,271.8599853515625,273.9200134277344,268.1300048828125,272.75,923900
2021-11-04,256.9989624023437,270.0599975585937,273.19000244140625,268.5199890136719,272.5799865722656,942700
2021-11-05,262.8039855957031,276.1600036621094,278.4200134277344,270.4200134277344,271.0,1333400
2021-11-08,262.2234191894531,275.54998779296875,277.989990234375,274.510009765625,277.8500061035156,743800
2021-11-09,261.86187744140625,275.1700134277344,276.1099853515625,273.5400085449219,274.9700012207031,879600
2021-11-10,257.9506225585937,271.0599975585937,277.0199890136719,270.0199890136719,274.9599914550781,850600
2021-11-11,250.6801300048828,263.4200134277344,271.3500061035156,261.79998779296875,271.3500061035156,1397500
2021-11-12,251.5555877685547,264.3399963378906,264.5599975585937,261.94000244140625,263.42999267578125,1119500
2021-11-15,249.22409057617188,261.8900146484375,266.3299865722656,261.2699890136719,265.0400085449219,914900
2021-11-16,249.6142578125,262.29998779296875,263.7900085449219,261.1600036621094,261.989990234375,1150200
2021-11-17,249.3858337402344,262.0599975585937,262.6600036621094,259.75,261.6700134277344,1067200
2021-11-18,247.14002990722656,259.70001220703125,263.19000244140625,257.7900085449219,262.6099853515625,1300200
2021-11-19,250.93702697753903,263.69000244140625,264.8800048828125,255.7700042724609,257.4700012207031,1721400
2021-11-22,247.7109832763672,260.29998779296875,264.4800109863281,260.29998779296875,264.2099914550781,1110500
2021-11-23,242.2295837402344,254.5399932861328,259.9700012207031,253.5800018310547,259.3999938964844,1402200
2021-11-24,242.81007385253903,255.1499938964844,256.3900146484375,252.7100067138672,253.75999450683597,1062100
2021-11-26,231.70448303222656,243.47999572753903,250.22000122070312,243.47999572753903,249.8000030517578,1955500
2021-11-29,231.72352600097656,243.5,247.0200042724609,242.9600067138672,246.52999877929688,2137500
2021-11-30,225.185791015625,236.6300048828125,244.8999938964844,236.08999633789065,242.27999877929688,2702000
2021-12-01,227.5363006591797,239.1000061035156,246.9900054931641,238.77999877929688,240.30999755859372,2390600
2021-12-02,235.43487548828125,247.3999938964844,248.47000122070312,239.0,240.5,1751100
2021-12-03,234.93048095703125,246.8699951171875,249.6699981689453,244.33999633789065,248.8500061035156,1624300
2021-12-06,242.1058807373047,254.41000366210935,257.57000732421875,249.47999572753903,249.9900054931641,1435000
2021-12-07,247.94891357421875,260.54998779296875,264.3800048828125,259.6400146484375,260.07000732421875,1580900
2021-12-08,248.64356994628903,261.2799987792969,262.4200134277344,259.92999267578125,260.4200134277344,1310100
2021-12-09,247.93942260742188,260.5400085449219,263.1400146484375,258.94000244140625,260.0199890136719,1205100
2021-12-10,247.6158142089844,260.20001220703125,262.0299987792969,258.3399963378906,261.3699951171875,828000
2021-12-13,247.4921875,260.07000732421875,261.6000061035156,258.44000244140625,260.4100036621094,895100
2021-12-14,242.4293975830078,254.75,259.2699890136719,254.32000732421875,258.25,1082200
2021-12-15,240.02178955078125,252.22000122070312,254.4900054931641,249.41000366210935,254.1100006103516,1667700
2021-12-16,239.2985382080078,251.4600067138672,255.5399932861328,249.92999267578125,253.0200042724609,1502700
2021-12-17,239.07012939453125,251.22000122070312,255.97000122070312,249.22000122070312,250.2700042724609,2416500
2021-12-20,235.7869873046875,247.7700042724609,249.13999938964844,242.5200042724609,248.02999877929688,1378600
2021-12-21,243.82830810546875,256.2200012207031,257.45001220703125,250.0,250.4199981689453,1421700
2021-12-22,251.2796173095703,264.04998779296875,264.2799987792969,256.0,256.2300109863281,1456200
2021-12-23,255.27651977539065,268.25,269.8500061035156,264.4200134277344,265.989990234375,1501500
2021-12-27,257.34149169921875,270.4200134277344,270.6099853515625,267.9200134277344,269.3500061035156,723200
2021-12-28,257.693603515625,270.7900085449219,272.7300109863281,269.8800048828125,270.8999938964844,705100
2021-12-29,257.9981384277344,271.1099853515625,272.44000244140625,269.8099975585937,270.7900085449219,498700
2021-12-30,258.2605285644531,270.69000244140625,273.82000732421875,270.239990234375,270.8900146484375,820100
2021-12-31,255.1407012939453,267.4200134277344,271.32000732421875,267.2900085449219,269.7699890136719,638300
2022-01-03,256.0948181152344,268.4200134277344,268.8699951171875,264.54998779296875,267.4100036621094,1169700
2022-01-04,265.01544189453125,277.7699890136719,279.0899963378906,271.4100036621094,272.760009765625,1982400
2022-01-05,259.7488708496094,272.25,280.42999267578125,272.0199890136719,276.6400146484375,1318500
2022-01-06,259.03338623046875,271.5,276.9700012207031,269.0400085449219,271.3699951171875,1776100
2022-01-07,251.46746826171875,263.57000732421875,271.07000732421875,262.760009765625,268.260009765625,1787300
2022-01-10,251.7346343994141,263.8500061035156,263.8900146484375,258.17999267578125,262.20001220703125,1304700
2022-01-11,255.85630798339844,268.1700134277344,269.7200012207031,262.94000244140625,264.6700134277344,1019700
2022-01-12,255.72271728515625,268.0299987792969,269.9800109863281,267.1600036621094,268.5,807100
2022-01-13,255.589111328125,267.8900146484375,271.8699951171875,267.0899963378906,268.75,1062000
2022-01-14,254.4633331298828,266.7099914550781,267.0899963378906,261.260009765625,265.82000732421875,1661300
2022-01-18,248.51939392089844,260.4800109863281,264.1499938964844,259.4800109863281,263.3500061035156,1349800
2022-01-19,246.439453125,258.29998779296875,262.9800109863281,258.010009765625,260.75,1498000
2022-01-20,245.21823120117188,257.0199890136719,265.25,256.54998779296875,259.0,1339600
2022-01-21,242.98570251464844,254.67999267578125,258.4200134277344,252.44000244140625,258.4200134277344,2589500
2022-01-24,240.35243225097656,251.9199981689453,252.4600067138672,242.0,250.6199951171875,2307300
2022-01-25,237.8240966796875,249.2700042724609,251.0399932861328,242.55999755859372,244.32000732421875,1692400
2022-01-26,236.86050415039065,248.25999450683597,254.9600067138672,245.1999969482422,252.44000244140625,1569600
2022-01-27,234.06504821777344,245.3300018310547,250.82000732421875,243.42999267578125,249.82000732421875,1730900
2022-01-28,236.9845428466797,248.38999938964844,248.82000732421875,237.4499969482422,240.4199981689453,1903600
2022-01-31,236.66012573242188,248.0500030517578,249.3999938964844,244.4499969482422,246.9900054931641,2021700
2022-02-01,237.1848907470703,248.6000061035156,249.07000732421875,243.88999938964844,248.0,2323300
2022-02-02,242.78536987304688,254.47000122070312,255.33999633789065,247.9499969482422,249.9900054931641,1602900
2022-02-03,239.2456970214844,250.75999450683597,254.7700042724609,250.2700042724609,253.8300018310547,1004800
2022-02-04,239.42697143554688,250.9499969482422,253.22000122070312,248.6300048828125,249.25,792300
2022-02-07,236.793701171875,248.19000244140625,251.08999633789065,246.05999755859372,248.83999633789065,1262000
2022-02-08,243.38644409179688,255.1000061035156,256.1000061035156,248.4900054931641,248.4900054931641,1134600
2022-02-09,248.27134704589844,260.2200012207031,262.5,257.8599853515625,257.8599853515625,1341500
2022-02-10,243.71083068847656,255.44000244140625,259.29998779296875,254.4900054931641,255.6000061035156,1890700
2022-02-11,240.0948181152344,251.6499938964844,256.8500061035156,250.0,255.8800048828125,1307500
2022-02-14,238.949951171875,250.4499969482422,252.88999938964844,248.6499938964844,251.5200042724609,1325900
2022-02-15,246.84019470214844,258.7200012207031,259.8900146484375,254.0,254.7100067138672,1513400
2022-02-16,247.67027282714844,259.5899963378906,260.4800109863281,254.27999877929688,256.3099975585937,1329000
2022-02-17,240.02806091308597,251.5800018310547,258.04998779296875,250.8999938964844,256.0400085449219,1374300
2022-02-18,236.7459716796875,248.13999938964844,253.2100067138672,246.7899932861328,250.9600067138672,1290900
2022-02-22,238.72093200683597,250.2100067138672,252.5,247.32000732421875,247.55999755859372,1678600
2022-02-23,241.97434997558597,253.6199951171875,257.0199890136719,251.47000122070312,253.1000061035156,1975400
2022-02-24,245.86705017089844,257.70001220703125,258.4800109863281,246.0,249.25999450683597,1889900
2022-02-25,253.5855865478516,265.7900085449219,266.0799865722656,257.1499938964844,258.4800109863281,1433200
2022-02-28,251.2576141357422,263.3500061035156,264.4599914550781,260.32000732421875,262.1099853515625,1300600
2022-03-01,250.56114196777344,262.6199951171875,264.67999267578125,259.3299865722656,263.1700134277344,1937800
2022-03-02,256.1615600585937,268.489990234375,271.3900146484375,263.8800048828125,265.0,1816200
2022-03-03,254.23426818847656,266.4700012207031,270.8500061035156,263.9599914550781,269.20001220703125,924900
2022-03-04,254.83538818359372,267.1000061035156,267.2300109863281,260.7200012207031,263.57000732421875,1114000
2022-03-07,241.77403259277344,253.41000366210935,266.8800048828125,251.69000244140625,265.4200134277344,1766600
2022-03-08,234.4275665283203,245.7100067138672,252.83999633789065,244.22999572753903,251.2100067138672,1956900
2022-03-09,238.2248077392578,249.69000244140625,252.6999969482422,245.72999572753903,252.6999969482422,1731100
2022-03-10,236.9654083251953,248.3699951171875,248.97000122070312,243.8500061035156,245.77999877929688,1696900
2022-03-11,236.3929901123047,247.7700042724609,251.97999572753903,247.57000732421875,250.4199981689453,1261200
2022-03-14,234.56118774414065,245.8500061035156,251.72000122070312,243.3000030517578,250.22999572753903,1582900
2022-03-15,242.6613006591797,254.33999633789065,254.88999938964844,248.67999267578125,249.3699951171875,1474600
2022-03-16,250.1222686767578,262.1600036621094,263.57000732421875,256.5,258.0,1530000
2022-03-17,251.87774658203125,264.0,264.0199890136719,258.5799865722656,258.5799865722656,1454400
2022-03-18,255.06434631347656,267.3399963378906,267.7900085449219,261.5400085449219,263.6199951171875,2190100
2022-03-21,253.5855865478516,265.7900085449219,267.6499938964844,263.3500061035156,266.9599914550781,1078000
2022-03-22,254.7113800048828,266.9700012207031,268.489990234375,265.79998779296875,266.1199951171875,1487600
2022-03-23,243.7394256591797,255.47000122070312,265.2699890136719,254.8300018310547,265.0400085449219,1778000
2022-03-24,250.9331817626953,263.010009765625,263.04998779296875,256.7099914550781,257.44000244140625,1177300
2022-03-25,253.7859649658203,266.0,266.25,262.6099853515625,264.0,829600
2022-03-28,257.7167663574219,270.1199951171875,270.2300109863281,264.7900085449219,267.2699890136719,1004500
2022-03-29,260.43585205078125,272.9700012207031,274.1300048828125,269.8900146484375,272.19000244140625,1025400
2022-03-30,257.4371643066406,269.1400146484375,272.45001220703125,267.5799865722656,270.8999938964844,939800
2022-03-31,255.72503662109372,267.3500061035156,271.5799865722656,267.010009765625,267.8900146484375,1566000
2022-04-01,257.35107421875,269.04998779296875,270.75,266.7699890136719,268.2699890136719,1044600
2022-04-04,253.5919952392578,265.1199951171875,267.9800109863281,262.1600036621094,267.7200012207031,1264600
2022-04-05,256.8251037597656,268.5,269.9200134277344,264.0599975585937,264.20001220703125,2199700
2022-04-06,256.5380249023437,268.20001220703125,268.7300109863281,257.6400146484375,257.9800109863281,4085800
2022-04-07,258.4223937988281,270.1700134277344,271.4700012207031,265.45001220703125,267.1199951171875,1372600
2022-04-08,257.7528686523437,269.4700012207031,271.4100036621094,266.739990234375,269.8500061035156,1097200
2022-04-11,251.88938903808597,263.3399963378906,268.42999267578125,262.92999267578125,267.510009765625,1046500
2022-04-12,251.0094146728516,262.4200134277344,265.3599853515625,260.510009765625,263.5799865722656,945900
2022-04-13,252.1763458251953,263.6400146484375,264.1099853515625,259.5,259.5,864900
2022-04-14,250.3207092285156,261.70001220703125,265.5400085449219,261.1700134277344,265.5299987792969,913000
2022-04-18,247.69981384277344,258.9599914550781,262.6300048828125,257.7099914550781,260.4200134277344,590800
2022-04-19,259.8572082519531,271.6700134277344,273.8299865722656,260.3800048828125,260.3800048828125,2345400
2022-04-20,264.35284423828125,276.3699951171875,279.2799987792969,271.5899963378906,271.5899963378906,1459500
2022-04-21,258.2885437011719,270.0299987792969,278.5,269.8999938964844,277.2799987792969,1354300
2022-04-22,237.5128936767578,248.30999755859372,265.0799865722656,246.44000244140625,263.0400085449219,3099300
2022-04-25,242.7928924560547,253.8300018310547,254.5500030517578,246.7899932861328,247.6000061035156,1800400
2022-04-26,238.0772705078125,248.8999938964844,253.50999450683597,248.8999938964844,252.5,1354100
2022-04-27,238.31637573242188,249.1499938964844,251.97999572753903,246.2100067138672,248.4900054931641,1751200
2022-04-28,241.1381072998047,252.1000061035156,253.6199951171875,247.1999969482422,251.4499969482422,1628100
2022-04-29,230.76947021484372,241.25999450683597,249.02999877929688,240.8000030517578,248.83999633789065,3090500
2022-05-02,226.66598510742188,236.97000122070312,243.72999572753903,230.16000366210935,241.6999969482422,1911600
2022-05-03,227.52688598632807,237.8699951171875,240.08999633789065,236.50999450683597,236.97000122070312,1148100
2022-05-04,235.2746734619141,245.97000122070312,247.75,236.1100006103516,238.47000122070312,1654400
2022-05-05,230.86512756347656,241.3600006103516,246.8000030517578,237.91000366210935,244.0200042724609,1879900
2022-05-06,229.64077758789065,240.0800018310547,241.1999969482422,235.17999267578125,239.9600067138672,1506300
2022-05-09,219.05209350585935,229.00999450683597,236.5,227.83999633789065,235.5,2011000
2022-05-10,217.6173553466797,227.50999450683597,233.3699951171875,224.0200042724609,231.5,1858000
2022-05-11,216.86170959472656,226.72000122070312,233.07000732421875,226.0399932861328,227.17999267578125,1429600
2022-05-12,218.0860290527344,228.0,228.5,224.0399932861328,224.0399932861328,1375500
2022-05-13,223.12689208984372,233.2700042724609,235.8800048828125,230.52999877929688,231.7100067138672,1261300
2022-05-16,223.68167114257807,233.8500061035156,235.3000030517578,231.47000122070312,231.97000122070312,985500
2022-05-17,228.73208618164065,239.1300048828125,239.50999450683597,235.66000366210935,237.55999755859372,1058400
2022-05-18,222.11300659179688,232.2100067138672,237.3699951171875,231.1999969482422,236.1300048828125,1101300
2022-05-19,220.4773406982422,230.5,232.25999450683597,227.22000122070312,228.63999938964844,1920100
2022-05-20,222.1512451171875,232.25,234.07000732421875,226.67999267578125,233.0399932861328,1086600
2022-05-23,222.9164581298828,233.0500030517578,235.55999755859372,230.58999633789065,235.0,925000
2022-05-24,223.136474609375,233.27999877929688,234.25,229.6699981689453,232.3699951171875,771800
2022-05-25,224.7912750244141,235.00999450683597,236.5800018310547,231.0200042724609,232.3500061035156,1115400
2022-05-26,224.72430419921875,234.94000244140625,237.3300018310547,232.8300018310547,235.94000244140625,907900
2022-05-27,226.2164306640625,236.5,238.57000732421875,236.1699981689453,237.05999755859372,1021300
2022-05-31,224.30340576171875,234.5,235.27999877929688,231.5200042724609,234.4499969482422,2090100
2022-06-01,218.0860290527344,228.0,236.00999450683597,225.58999633789065,235.44000244140625,1156600
2022-06-02,224.19821166992188,234.38999938964844,234.5500030517578,224.1999969482422,229.3800048828125,1011500
2022-06-03,219.0616912841797,229.0200042724609,232.41000366210935,228.7100067138672,232.41000366210935,747300
2022-06-06,218.2294921875,228.1499938964844,231.4499969482422,227.25,231.0500030517578,794700
2022-06-07,220.6686248779297,230.6999969482422,231.02999877929688,225.6300048828125,226.0,739900
2022-06-08,216.81390380859372,226.6699981689453,229.97000122070312,226.3000030517578,229.55999755859372,660400
2022-06-09,209.44869995117188,218.97000122070312,225.6499938964844,218.72000122070312,225.1999969482422,983800
2022-06-10,206.99044799804688,216.3999938964844,219.0399932861328,214.1699981689453,215.17999267578125,1346700
2022-06-13,198.09483337402344,207.1000061035156,212.17999267578125,205.97000122070312,210.38999938964844,1762500
2022-06-14,191.8583221435547,200.5800018310547,206.6000061035156,198.2899932861328,205.88999938964844,1792800
2022-06-15,193.7043914794922,202.50999450683597,205.7400054931641,199.3800048828125,203.5800018310547,1651900
2022-06-16,187.1905212402344,195.6999969482422,197.63999938964844,193.66000366210935,196.63999938964844,1438500
2022-06-17,185.6505279541016,194.08999633789065,199.7700042724609,193.94000244140625,196.16000366210935,2265200
2022-06-21,187.1905212402344,195.6999969482422,198.25999450683597,194.3600006103516,197.4199981689453,1411400
2022-06-22,188.19485473632807,196.75,199.1999969482422,193.33999633789065,194.1999969482422,1300900
2022-06-23,191.36094665527344,200.05999755859372,201.33999633789065,197.08999633789065,197.41000366210935,1293000
2022-06-24,195.5408935546875,204.42999267578125,205.0500030517578,199.92999267578125,202.0399932861328,1546200
2022-06-27,194.2974395751953,203.1300048828125,205.5399932861328,201.7400054931641,204.58999633789065,1126100
2022-06-28,189.1992034912109,197.8000030517578,205.33999633789065,197.6499938964844,204.32000732421875,1313400
2022-06-29,191.4309539794922,199.42999267578125,200.4499969482422,196.5800018310547,198.7100067138672,904600
2022-06-30,190.9510040283203,198.92999267578125,199.25999450683597,194.1000061035156,197.25999450683597,2424900
2022-07-01,195.68328857421875,203.8600006103516,204.16000366210935,197.2400054931641,198.97999572753903,1976600
2022-07-05,193.9170837402344,202.0200042724609,202.5500030517578,197.07000732421875,201.0200042724609,1090300
2022-07-06,192.70758056640625,200.75999450683597,203.57000732421875,199.2700042724609,202.47999572753903,1278800
2022-07-07,193.60987854003903,201.6999969482422,202.0,198.5800018310547,200.50999450683597,2043100
2022-07-08,192.8227996826172,200.8800048828125,203.25999450683597,199.7100067138672,201.22999572753903,854600
2022-07-11,189.5111389160156,197.42999267578125,199.5,196.2700042724609,196.8600006103516,1120600
2022-07-12,187.86978149414065,195.72000122070312,199.30999755859372,194.9900054931641,196.6499938964844,1061900
2022-07-13,186.39149475097656,194.17999267578125,195.6999969482422,191.3300018310547,192.66000366210935,1056700
2022-07-14,184.66372680664065,192.3800048828125,193.0399932861328,190.5399932861328,191.69000244140625,1314300
2022-07-15,186.94825744628903,194.75999450683597,196.32000732421875,193.32000732421875,196.02999877929688,1904000
2022-07-18,181.67843627929688,189.2700042724609,194.82000732421875,188.83999633789065,194.82000732421875,2065900
2022-07-19,189.3863677978516,197.3000030517578,197.47000122070312,191.8800048828125,192.4900054931641,2960600
2022-07-20,190.1062774658203,198.0500030517578,199.77999877929688,195.2400054931641,197.0399932861328,1613700
2022-07-21,192.20851135253903,200.2400054931641,200.5399932861328,196.3699951171875,197.6199951171875,1420900
2022-07-22,191.4213409423828,199.4199981689453,201.1199951171875,197.02999877929688,198.66000366210935,1800400
2022-07-25,193.4275054931641,201.50999450683597,201.9199981689453,198.57000732421875,199.5500030517578,1388000
2022-07-26,196.2112274169922,204.41000366210935,205.0800018310547,200.9900054931641,202.52999877929688,2307700
2022-07-27,203.3047637939453,211.8000030517578,221.00999450683597,206.00999450683597,219.6499938964844,3773500
2022-07-28,210.24478149414065,219.02999877929688,220.80999755859372,210.7100067138672,211.8000030517578,3674500
2022-07-29,206.13644409179688,214.75,218.0,214.3999938964844,217.7400054931641,1981800
2022-08-01,204.9270172119141,213.4900054931641,215.08999633789065,211.08999633789065,212.47999572753903,1564000
2022-08-02,204.69662475585935,213.25,216.3800048828125,212.30999755859372,213.41000366210935,852600
2022-08-03,207.24034118652344,215.8999938964844,217.5500030517578,212.9199981689453,214.7400054931641,1032600
2022-08-04,205.63731384277344,214.22999572753903,216.52999877929688,213.9199981689453,216.2899932861328,979900
2022-08-05,207.1347198486328,215.7899932861328,215.9900054931641,212.0500030517578,212.4900054931641,1152400
2022-08-08,208.60340881347656,217.32000732421875,218.3300018310547,215.5399932861328,217.6199951171875,1319300
2022-08-09,206.32847595214844,214.9499969482422,218.27999877929688,214.1199951171875,217.0800018310547,1329400
2022-08-10,210.40798950195312,219.1999969482422,219.2700042724609,216.3000030517578,218.8600006103516,1359700
2022-08-11,209.26568603515625,218.00999450683597,223.5800018310547,217.7100067138672,221.1199951171875,1696900
2022-08-12,214.17074584960935,223.1199951171875,223.3300018310547,218.5,218.6999969482422,1084400
2022-08-15,215.5625915527344,224.57000732421875,225.4499969482422,221.52999877929688,221.97999572753903,1468100
2022-08-16,215.1690216064453,224.16000366210935,226.25,221.9900054931641,223.0,1178600
2022-08-17,212.5485076904297,221.42999267578125,223.08999633789065,219.6300048828125,221.72000122070312,1018800
2022-08-18,211.9821929931641,220.83999633789065,223.16000366210935,219.6100006103516,222.41000366210935,960800
2022-08-19,209.39047241210935,218.13999938964844,220.9199981689453,217.3500061035156,220.80999755859372,915500
2022-08-22,203.83274841308597,212.3500061035156,215.9900054931641,211.52999877929688,215.1499938964844,784300
2022-08-23,200.75148010253903,209.13999938964844,211.9199981689453,208.3600006103516,211.41000366210935,907700
2022-08-24,203.9767303466797,212.5,212.91000366210935,208.55999755859372,208.9499969482422,1530500
2022-08-25,207.99864196777344,216.69000244140625,216.91000366210935,213.1199951171875,214.16000366210935,725900
2022-08-26,198.69732666015625,207.0,216.6999969482422,206.82000732421875,216.6999969482422,968300
2022-08-29,198.50534057617188,206.8000030517578,208.72000122070312,204.67999267578125,205.0,630300
2022-08-30,197.0366973876953,205.2700042724609,207.6999969482422,204.41000366210935,207.25,733200
2022-08-31,196.9694976806641,205.1999969482422,209.75,204.82000732421875,207.66000366210935,1416300
2022-09-01,198.39015197753903,206.67999267578125,206.8000030517578,202.0399932861328,204.9199981689453,874400
2022-09-02,195.58726501464844,203.75999450683597,209.0,201.91000366210935,209.0,862900
2022-09-06,194.59857177734372,202.72999572753903,205.47000122070312,201.83999633789065,204.9499969482422,1273400
2022-09-07,202.73846435546875,211.2100067138672,211.6100006103516,202.8699951171875,202.8699951171875,1087400
2022-09-08,211.4446563720703,220.27999877929688,220.4499969482422,209.17999267578125,209.17999267578125,2596400
2022-09-09,220.77479553222656,230.0,230.00999450683597,220.50999450683597,221.0,3123800
2022-09-12,222.5313873291016,231.8300018310547,232.57000732421875,229.8999938964844,230.3600006103516,2594900
2022-09-13,216.7912750244141,225.8500061035156,228.92999267578125,224.3300018310547,226.0500030517578,1502800
2022-09-14,217.1176300048828,226.19000244140625,228.02999877929688,223.75,223.75,1394800
2022-09-15,217.6263732910156,226.72000122070312,230.6300048828125,225.88999938964844,226.19000244140625,1661900
2022-09-16,212.3757781982422,221.25,225.0,219.2899932861328,224.2899932861328,2324000
2022-09-19,212.02061462402344,220.8800048828125,221.32000732421875,216.3800048828125,219.2700042724609,1090300
2022-09-20,209.21771240234372,217.9600067138672,219.9199981689453,214.7100067138672,218.72999572753903,1003200
2022-09-21,203.94790649414065,212.47000122070312,221.32000732421875,212.3800048828125,219.63999938964844,1000300
2022-09-22,200.50192260742188,208.8800048828125,212.0800018310547,208.22999572753903,212.0500030517578,1201100
2022-09-23,198.63009643554688,206.92999267578125,208.08999633789065,202.6000061035156,207.4199981689453,1331900
2022-09-26,195.10736083984372,203.25999450683597,206.92999267578125,200.94000244140625,206.1699981689453,1103200
2022-09-27,194.55059814453125,202.67999267578125,207.1699981689453,200.8000030517578,205.9900054931641,1444300
2022-09-28,197.56466674804688,205.82000732421875,207.1100006103516,202.1100006103516,204.5200042724609,1349000
2022-09-29,197.90655517578125,205.47999572753903,206.6699981689453,201.38999938964844,204.5800018310547,1107900
2022-09-30,195.07492065429688,202.5399932861328,210.27999877929688,202.27999877929688,206.4600067138672,1486000
2022-10-03,202.1058654785156,209.83999633789065,211.19000244140625,203.92999267578125,205.3800048828125,962800
2022-10-04,207.84620666503903,215.8000030517578,215.94000244140625,212.0,212.0,1091900
2022-10-05,208.1544189453125,216.1199951171875,217.9499969482422,212.5,213.3999938964844,764100
2022-10-06,203.6276397705078,211.4199981689453,216.38999938964844,211.1300048828125,215.7400054931641,1052500
2022-10-07,200.83450317382807,208.5200042724609,210.1199951171875,206.83999633789065,209.3000030517578,1222100
2022-10-10,200.33372497558597,208.0,211.3300018310547,205.8600006103516,210.83999633789065,1030300
2022-10-11,203.6661529541016,211.4600067138672,214.22999572753903,206.58999633789065,207.8699951171875,1717900
2022-10-12,200.959716796875,208.6499938964844,214.8500061035156,208.5800018310547,212.16000366210935,1958100
2022-10-13,206.20884704589844,214.1000061035156,216.4600067138672,203.22999572753903,204.77999877929688,1197700
2022-10-14,201.4220428466797,209.1300048828125,216.9199981689453,208.25,216.3699951171875,1607300
2022-10-17,207.68246459960935,215.6300048828125,216.97000122070312,212.22999572753903,212.33999633789065,1767600
2022-10-18,206.9986114501953,214.9199981689453,224.6000061035156,214.5500030517578,222.6199951171875,1771600
2022-10-19,208.70339965820312,216.69000244140625,217.5500030517578,213.3500061035156,214.44000244140625,1610100
2022-10-20,206.53631591796875,214.44000244140625,219.25999450683597,212.6199951171875,216.6000061035156,1332100
2022-10-21,210.26368713378903,218.30999755859372,218.6000061035156,210.30999755859372,213.6999969482422,1562800
2022-10-24,212.3729705810547,220.5,222.6300048828125,219.0200042724609,220.75999450683597,1078900
2022-10-25,216.3411102294922,224.6199951171875,225.38999938964844,219.5800018310547,219.5800018310547,1352300
2022-10-26,220.1648101806641,228.58999633789065,231.27999877929688,224.5500030517578,225.8000030517578,1555200
2022-10-27,219.8662567138672,228.27999877929688,230.44000244140625,226.7899932861328,229.1999969482422,1764300
2022-10-28,220.7811737060547,229.22999572753903,231.2400054931641,228.2100067138672,228.3500061035156,1509100
2022-10-31,220.7908477783203,229.2400054931641,229.8000030517578,226.2899932861328,227.8300018310547,2690900
2022-11-01,211.9780731201172,220.08999633789065,221.82000732421875,212.0,214.5500030517578,4290000
2022-11-02,204.15733337402344,211.97000122070312,220.3600006103516,211.77999877929688,219.67999267578125,2410200
2022-11-03,197.93544006347656,205.50999450683597,209.91000366210935,205.42999267578125,209.17999267578125,1553500
2022-11-04,203.20382690429688,210.97999572753903,211.25999450683597,205.94000244140625,206.5,2001500
2022-11-07,205.65025329589844,213.5200042724609,213.5200042724609,209.5399932861328,213.17999267578125,1715300
2022-11-08,202.1058654785156,209.83999633789065,213.3999938964844,207.3600006103516,212.97999572753903,1414100
2022-11-09,199.524658203125,207.16000366210935,210.4900054931641,206.66000366210935,209.9499969482422,1147600
2022-11-10,210.8897247314453,218.9600067138672,220.67999267578125,213.97000122070312,215.0,2117700
2022-11-11,216.02325439453125,224.2899932861328,224.63999938964844,217.9600067138672,220.6499938964844,2213100
2022-11-14,210.9186248779297,218.9900054931641,224.75,218.97999572753903,223.2100067138672,1356300
2022-11-15,213.7887725830078,221.97000122070312,224.0,218.55999755859372,221.19000244140625,1596800
2022-11-16,213.1049346923828,221.25999450683597,223.8000030517578,220.55999755859372,222.32000732421875,944700
2022-11-17,210.9090118408203,218.97999572753903,220.0200042724609,216.5500030517578,218.30999755859372,1557500
2022-11-18,215.36834716796875,223.6100006103516,223.94000244140625,220.7400054931641,221.55999755859372,1447100
2022-11-21,216.3700256347656,224.6499938964844,226.9900054931641,222.66000366210935,223.0200042724609,1263500
2022-11-22,218.1710968017578,226.5200042724609,226.8999938964844,223.91000366210935,224.8300018310547,982300
2022-11-23,221.80213928222656,230.2899932861328,230.77999877929688,227.00999450683597,227.4600067138672,1095600
2022-11-25,224.161865234375,232.7400054931641,233.2899932861328,230.5200042724609,231.6000061035156,413000
2022-11-28,218.8934326171875,227.2700042724609,233.5,226.58999633789065,230.6499938964844,994700
2022-11-29,218.8260040283203,227.1999969482422,228.91000366210935,226.1699981689453,226.91000366210935,881800
2022-11-30,225.2694549560547,233.88999938964844,233.92999267578125,226.9199981689453,228.1300048828125,1819000
2022-12-01,231.89585876464844,240.7700042724609,242.47999572753903,235.66000366210935,235.66000366210935,1978900
2022-12-02,234.14962768554688,243.1100006103516,244.05999755859372,237.80999755859372,237.80999755859372,1192100
2022-12-05,229.1316375732422,237.8999938964844,241.47000122070312,237.63999938964844,240.50999450683597,1028200
2022-12-06,226.85861206054688,235.5399932861328,237.8699951171875,233.9600067138672,237.02999877929688,968200
2022-12-07,233.15757751464844,242.0800018310547,242.1300048828125,237.1300048828125,237.1300048828125,1170800
2022-12-08,238.70526123046875,247.83999633789065,249.32000732421875,241.88999938964844,242.6499938964844,1993800
2022-12-09,235.6136016845703,244.6300048828125,249.1999969482422,244.55999755859372,246.19000244140625,1251900
2022-12-12,239.9862823486328,249.1699981689453,249.5,243.41000366210935,244.0,1079700
2022-12-13,244.5901031494141,253.9499969482422,258.67999267578125,251.8999938964844,257.7200012207031,1716700
2022-12-14,244.46487426757807,253.82000732421875,258.57000732421875,251.44000244140625,253.4199981689453,1207300
2022-12-15,235.96995544433597,245.0,250.67999267578125,244.88999938964844,249.8000030517578,1421100
2022-12-16,231.0001373291016,239.83999633789065,243.75,235.80999755859372,242.1699981689453,3604000
2022-12-19,230.2199859619141,239.02999877929688,239.8800048828125,236.2700042724609,239.2700042724609,1377100
2022-12-20,229.80584716796875,238.6000061035156,239.72000122070312,236.6000061035156,238.88999938964844,1345400
2022-12-21,232.6374664306641,241.5399932861328,242.77999877929688,238.67999267578125,240.0,1113600
2022-12-22,232.85899353027344,241.7700042724609,241.8999938964844,237.47000122070312,240.0500030517578,992800
2022-12-23,233.88958740234372,242.83999633789065,243.07000732421875,239.6199951171875,240.7899932861328,584100
2022-12-27,235.0357208251953,244.02999877929688,244.97000122070312,241.25999450683597,243.2400054931641,667600
2022-12-28,232.7530975341797,241.66000366210935,247.00999450683597,241.47000122070312,244.38999938964844,795800
2022-12-29,237.18768310546875,245.5,247.16000366210935,241.66000366210935,242.80999755859372,638800
2022-12-30,236.21188354492188,244.4900054931641,245.1300048828125,241.67999267578125,243.94000244140625,690300
2023-01-03,237.69972229003903,246.02999877929688,249.5,243.7899932861328,247.2700042724609,1083200
2023-01-04,243.9409942626953,252.4900054931641,253.3800048828125,246.8000030517578,248.9900054931641,1368300
2023-01-05,241.3614044189453,249.82000732421875,252.2100067138672,248.1999969482422,250.82000732421875,1408500
2023-01-06,247.5736541748047,256.25,256.6400146484375,248.2899932861328,251.80999755859372,1402100
2023-01-09,252.16282653808597,261.0,264.17999267578125,257.42999267578125,258.6199951171875,2396600
2023-01-10,254.8777008056641,263.8099975585937,264.9800109863281,260.760009765625,261.0,2092600
2023-01-11,250.04698181152344,258.8099975585937,263.739990234375,255.6199951171875,263.0,1590500
2023-01-12,247.67030334472656,256.3500061035156,258.2200012207031,255.00999450683597,258.19000244140625,938700
2023-01-13,251.02279663085935,259.82000732421875,260.1499938964844,254.19000244140625,256.1099853515625,752100
2023-01-17,247.71859741210935,256.3999938964844,259.5799865722656,255.3999938964844,259.5799865722656,1294100
2023-01-18,243.48687744140625,252.0200042724609,256.2099914550781,251.3500061035156,256.2099914550781,2007100
2023-01-19,244.7332000732422,253.30999755859372,254.22000122070312,248.8000030517578,250.4499969482422,1038100
2023-01-20,247.54470825195312,256.2200012207031,256.5899963378906,252.13999938964844,254.6699981689453,1157100
2023-01-23,248.7716827392578,257.489990234375,262.69000244140625,255.8800048828125,256.5,1493800
2023-01-24,247.09063720703125,255.75,258.6199951171875,253.80999755859372,257.54998779296875,941500
2023-01-25,244.3853912353516,252.9499969482422,254.0,249.3000030517578,251.6999969482422,1178600
2023-01-26,243.8636779785156,252.41000366210935,254.75,250.8699951171875,254.19000244140625,1099000
2023-01-27,245.56411743164065,254.1699981689453,255.91000366210935,249.50999450683597,251.42999267578125,1041000
2023-01-30,241.09085083007807,249.5399932861328,254.16000366210935,249.2700042724609,251.8600006103516,1209700
2023-01-31,245.21627807617188,253.80999755859372,253.9600067138672,248.9600067138672,249.08999633789065,1727700
2023-02-01,269.505126953125,278.95001220703125,280.4599914550781,267.0,269.6199951171875,4669300
2023-02-02,272.91558837890625,282.4800109863281,282.5599975585937,276.0299987792969,276.44000244140625,2020400
2023-02-03,273.55322265625,283.1400146484375,284.0,280.07000732421875,280.3500061035156,1535300
2023-02-06,262.2880249023437,271.4800109863281,281.20001220703125,270.739990234375,281.1600036621094,1790000
2023-02-07,263.2251892089844,272.45001220703125,273.7200012207031,265.4700012207031,268.760009765625,1851500
2023-02-08,259.13836669921875,268.2200012207031,272.8699951171875,267.6099853515625,271.07000732421875,1368200
2023-02-09,255.4090881347656,264.3599853515625,269.95001220703125,263.239990234375,269.6000061035156,1132100
2023-02-10,255.3896942138672,264.3399963378906,264.8900146484375,261.8399963378906,263.57000732421875,1061100
2023-02-13,257.9501037597656,266.989990234375,267.45001220703125,264.1300048828125,265.1600036621094,1087600
2023-02-14,255.6989898681641,264.6600036621094,268.8299865722656,262.6000061035156,265.5899963378906,799000
2023-02-15,256.2979431152344,265.2799987792969,265.79998779296875,262.1600036621094,262.739990234375,999400
2023-02-16,254.2979888916016,263.2099914550781,265.70001220703125,259.32000732421875,261.1600036621094,1009700
2023-02-17,254.24974060058597,263.1600036621094,263.489990234375,260.54998779296875,261.5400085449219,851100
2023-02-21,252.3753662109375,261.2200012207031,262.8999938964844,259.7699890136719,261.0899963378906,1022000
2023-02-22,252.7907867431641,261.6499938964844,262.9800109863281,260.57000732421875,261.4599914550781,1086400
2023-02-23,254.4333038330078,263.3500061035156,264.95001220703125,261.4100036621094,262.25,1036700
2023-02-24,253.42852783203125,262.3099975585937,262.3999938964844,257.3699951171875,259.0,1603900
2023-02-27,253.7279815673828,262.6199951171875,265.3399963378906,261.9599914550781,264.2200012207031,787800
2023-02-28,253.9791717529297,262.8800048828125,265.0899963378906,261.739990234375,262.42999267578125,1321700
2023-03-01,251.16769409179688,259.9700012207031,262.6400146484375,259.57000732421875,261.5599975585937,746100
2023-03-02,253.21592712402344,262.0899963378906,262.1000061035156,257.6600036621094,257.9800109863281,1395100
2023-03-03,262.3362731933594,271.5299987792969,271.8599853515625,263.6300048828125,265.0799865722656,1383400
2023-03-06,258.34619140625,267.3999938964844,271.54998779296875,266.8599853515625,270.489990234375,714800
2023-03-07,255.72787475585935,264.69000244140625,269.67999267578125,263.6499938964844,268.3699951171875,897800
2023-03-08,256.597412109375,265.5899963378906,266.6099853515625,262.8399963378906,263.4599914550781,677500
2023-03-09,259.2639465332031,268.3500061035156,273.3800048828125,266.29998779296875,266.92999267578125,1869200
2023-03-10,255.72787475585935,264.69000244140625,269.5400085449219,260.8399963378906,267.75,1610300
2023-03-13,257.6794738769531,266.7099914550781,270.4700012207031,261.6300048828125,261.6400146484375,1430200
2023-03-14,266.35546875,275.69000244140625,276.3699951171875,268.54998779296875,270.6499938964844,2193300
2023-03-15,263.7855224609375,273.0299987792969,273.2699890136719,269.3399963378906,269.4200134277344,1535000
2023-03-16,265.8917236328125,275.2099914550781,275.3599853515625,267.82000732421875,270.1700134277344,1092500
2023-03-17,265.1477355957031,274.44000244140625,277.489990234375,273.94000244140625,274.82000732421875,2433400
2023-03-20,267.45684814453125,276.8299865722656,277.6199951171875,273.92999267578125,274.2699890136719,1135400
2023-03-21,268.70318603515625,278.1199951171875,278.7200012207031,275.3999938964844,277.2900085449219,1220400
2023-03-22,263.1188659667969,272.3399963378906,280.5199890136719,272.1499938964844,278.0199890136719,1453700
2023-03-23,264.9931945800781,274.2799987792969,277.6600036621094,271.82000732421875,273.1300048828125,826300
2023-03-24,267.3216552734375,276.69000244140625,277.1499938964844,272.7300109863281,274.1499938964844,854000
2023-03-27,268.6935119628906,278.1099853515625,280.3099975585937,276.69000244140625,279.19000244140625,861400
2023-03-28,268.0172119140625,277.4100036621094,280.1300048828125,276.25,277.2300109863281,824500
2023-03-29,269.5823669433594,279.0299987792969,279.79998779296875,277.2699890136719,278.19000244140625,1122500
2023-03-30,271.9364013671875,280.7099914550781,280.8999938964844,278.7300109863281,280.44000244140625,887000
2023-03-31,276.5476379394531,285.4700012207031,285.67999267578125,280.92999267578125,282.6199951171875,1881400
2023-04-03,278.57232666015625,287.5599975585937,288.1499938964844,280.1400146484375,284.3500061035156,1247800
2023-04-04,278.1267395019531,287.1000061035156,290.1199951171875,285.3999938964844,288.2900085449219,1132700
2023-04-05,279.0276184082031,288.0299987792969,289.8999938964844,286.7900085449219,287.25,1317800
2023-04-06,278.6885681152344,287.67999267578125,288.7699890136719,286.239990234375,288.07000732421875,1113400
2023-04-10,279.2310485839844,288.239990234375,288.32000732421875,284.5400085449219,286.0599975585937,1125500
2023-04-11,281.44952392578125,290.5299987792969,292.20001220703125,289.4700012207031,289.9599914550781,792900
2023-04-12,281.032958984375,290.1000061035156,294.07000732421875,289.5199890136719,292.5199890136719,1126700
2023-04-13,282.4957580566406,291.6099853515625,291.70001220703125,288.8099975585937,290.5899963378906,920100
2023-04-14,282.6410522460937,291.760009765625,292.0899963378906,290.2900085449219,291.260009765625,1235200
2023-04-17,283.6291198730469,292.7799987792969,293.1300048828125,290.0899963378906,292.0199890136719,841700
2023-04-18,281.8273010253906,290.9200134277344,294.5400085449219,290.0299987792969,294.510009765625,1076200
2023-04-19,289.955078125,299.3099975585937,302.2300109863281,291.6099853515625,292.32000732421875,2020000
2023-04-20,292.65789794921875,302.1000061035156,302.17999267578125,297.1099853515625,298.6499938964844,1336200
2023-04-21,294.0528259277344,303.5400085449219,306.5599975585937,301.8999938964844,304.6600036621094,1465800
2023-04-24,292.5997619628906,302.0400085449219,305.44000244140625,301.1300048828125,304.9800109863281,1393600
2023-04-25,290.1294250488281,299.489990234375,303.3699951171875,298.5299987792969,301.3500061035156,1059000
2023-04-26,289.46099853515625,298.79998779296875,300.0799865722656,297.29998779296875,299.489990234375,848100
2023-04-27,288.8992004394531,298.2200012207031,299.9800109863281,294.3399963378906,298.8599853515625,1230500
2023-04-28,290.284423828125,299.6499938964844,299.8800048828125,296.69000244140625,297.1499938964844,1337700
2023-05-01,290.5169677734375,299.8900146484375,301.4599914550781,298.6600036621094,299.6000061035156,2422700
2023-05-02,284.7045593261719,293.8900146484375,299.32000732421875,284.32000732421875,286.67999267578125,2937000
2023-05-03,278.1654357910156,287.1400146484375,296.3699951171875,286.54998779296875,295.8900146484375,1851000
2023-05-04,275.7339172363281,284.6300048828125,286.6099853515625,281.9200134277344,284.5400085449219,1258100
2023-05-05,275.8114013671875,284.7099914550781,286.9800109863281,282.6300048828125,285.6400146484375,1501100
2023-05-08,279.2601013183594,288.2699890136719,288.5299987792969,282.6099853515625,283.20001220703125,758200
2023-05-09,274.7845764160156,283.6499938964844,288.6400146484375,283.5599975585937,288.0799865722656,782400
2023-05-10,276.67364501953125,285.6000061035156,286.4599914550781,282.44000244140625,285.3999938964844,902200
2023-05-11,276.2086181640625,285.1199951171875,288.760009765625,284.32000732421875,284.7300109863281,1152500
2023-05-12,276.5476379394531,285.4700012207031,286.4700012207031,282.739990234375,285.6000061035156,738500
2023-05-15,279.88983154296875,288.9200134277344,290.489990234375,285.6199951171875,285.6199951171875,1128400
2023-05-16,277.0029602050781,285.94000244140625,288.79998779296875,285.19000244140625,288.0899963378906,974500
2023-05-17,275.1042175292969,283.9800109863281,287.9599914550781,281.7300109863281,287.2799987792969,1013800
2023-05-18,276.34423828125,285.260009765625,286.3399963378906,282.7699890136719,284.0,1117300
2023-05-19,276.45074462890625,285.3699951171875,289.1499938964844,284.19000244140625,286.0,1036700
2023-05-22,277.2257385253906,286.1700134277344,291.6199951171875,285.7099914550781,286.57000732421875,1189700
2023-05-23,265.5910949707031,274.1600036621094,285.29998779296875,272.07000732421875,284.3500061035156,2163300
2023-05-24,264.0411682128906,272.5599975585937,275.1400146484375,270.2099914550781,273.0,1181800
2023-05-25,263.8861083984375,272.3999938964844,274.1199951171875,267.760009765625,273.0599975585937,1159100
2023-05-26,264.0605163574219,272.5799865722656,275.8500061035156,271.3299865722656,273.0899963378906,1091700
2023-05-30,263.0046081542969,271.489990234375,275.32000732421875,270.67999267578125,270.9800109863281,1365800
2023-05-31,266.9667053222656,275.5799865722656,275.8299865722656,269.0599975585937,269.82000732421875,2669300
2023-06-01,269.86328125,278.57000732421875,279.5599975585937,273.489990234375,275.1499938964844,1178900
2023-06-02,269.6017150878906,278.29998779296875,280.3900146484375,277.3399963378906,278.9200134277344,1411100
2023-06-05,269.2723083496094,277.9599914550781,280.07000732421875,277.1000061035156,280.07000732421875,858900
2023-06-06,267.9064025878906,276.54998779296875,279.4100036621094,272.489990234375,278.79998779296875,1036200
2023-06-07,269.2821044921875,277.9700012207031,278.82000732421875,274.0899963378906,276.6099853515625,1187000
2023-06-08,268.1195983886719,276.7699890136719,278.9599914550781,275.7300109863281,278.0,963700
2023-06-09,271.8686218261719,280.6400146484375,280.9100036621094,275.3299865722656,276.7699890136719,1135400
2023-06-12,271.171142578125,279.9200134277344,280.42999267578125,276.54998779296875,279.989990234375,851100
2023-06-13,272.9342346191406,281.739990234375,282.9599914550781,279.0599975585937,280.0,983900
2023-06-14,284.3944396972656,293.57000732421875,300.010009765625,291.0,297.32000732421875,2736000
2023-06-15,286.40948486328125,295.6499938964844,296.04998779296875,290.3699951171875,293.75,1088800
2023-06-16,285.15008544921875,294.3500061035156,301.239990234375,294.010009765625,298.2699890136719,2431300
2023-06-20,288.4922180175781,297.79998779296875,299.260009765625,291.04998779296875,292.5799865722656,1401600
2023-06-21,288.2694396972656,297.57000732421875,298.1099853515625,293.7699890136719,296.5899963378906,1469600
2023-06-22,288.5794677734375,297.8900146484375,299.2099914550781,295.760009765625,297.67999267578125,1083600
2023-06-23,288.5697937011719,297.8800048828125,299.489990234375,296.3699951171875,297.010009765625,2412500
2023-06-26,287.5622253417969,296.8399963378906,299.3099975585937,293.8900146484375,296.5599975585937,807000
2023-06-27,289.41259765625,298.75,298.92999267578125,295.0799865722656,297.32000732421875,1044400
2023-06-28,290.89471435546875,300.2799987792969,302.3800048828125,298.5599975585937,298.6199951171875,1272000
2023-06-29,293.0701599121094,301.7699890136719,302.2099914550781,297.9599914550781,299.4700012207031,684700
2023-06-30,296.29449462890625,305.0899963378906,306.92999267578125,303.2099914550781,304.8500061035156,1069200
2023-07-03,289.40887451171875,298.0,303.25,297.0400085449219,302.94000244140625,577100
2023-07-05,288.79705810546875,297.3699951171875,298.2699890136719,294.5400085449219,296.4100036621094,806200
2023-07-06,287.1557312011719,295.67999267578125,296.8599853515625,293.2099914550781,295.25,918700
2023-07-07,285.7864074707031,294.2699890136719,295.92999267578125,292.5299987792969,294.260009765625,979500
2023-07-10,286.7867126464844,295.29998779296875,297.3699951171875,294.1300048828125,295.010009765625,688200
2023-07-11,287.8647155761719,296.4100036621094,297.32000732421875,292.8500061035156,295.0,848200
2023-07-12,289.43798828125,298.0299987792969,299.8500061035156,296.5,298.0799865722656,1094600
2023-07-13,291.00164794921875,299.6400146484375,300.07000732421875,296.4200134277344,297.67999267578125,789300
2023-07-14,293.71112060546875,302.42999267578125,304.8999938964844,299.6400146484375,299.6400146484375,1311000
2023-07-17,290.010986328125,298.6199951171875,302.3299865722656,297.5,301.510009765625,1212900
2023-07-18,288.08807373046875,296.6400146484375,299.4599914550781,293.44000244140625,297.3099975585937,1124800
2023-07-19,285.9903564453125,294.4800109863281,297.6499938964844,291.510009765625,296.0,1411700
2023-07-20,287.50537109375,296.0400085449219,297.8599853515625,294.1499938964844,295.69000244140625,1390200
2023-07-21,287.068359375,295.5899963378906,296.8999938964844,293.239990234375,295.6499938964844,2965000
2023-07-24,282.3484802246094,290.7300109863281,296.17999267578125,290.3399963378906,294.92999267578125,1226700
2023-07-25,282.52325439453125,290.9100036621094,291.8399963378906,286.9700012207031,289.5899963378906,1269400
2023-07-26,281.75604248046875,290.1199951171875,291.5199890136719,288.0,291.1099853515625,1173000
2023-07-27,273.8798217773437,282.010009765625,290.5,281.8299865722656,290.5,2359900
2023-07-28,274.84130859375,283.0,284.6300048828125,280.8900146484375,283.7300109863281,1864300
2023-07-31,275.239501953125,283.4100036621094,284.4100036621094,280.8699951171875,283.989990234375,1588500
2023-08-01,271.2188415527344,279.2699890136719,282.32000732421875,278.1300048828125,280.0899963378906,2230500
2023-08-02,266.6543273925781,274.57000732421875,279.760009765625,273.6199951171875,278.1000061035156,1960900
2023-08-03,267.6741027832031,275.6199951171875,277.6199951171875,271.8599853515625,273.32000732421875,1921600
2023-08-04,275.53082275390625,283.7099914550781,292.5,282.010009765625,284.0,2792800
2023-08-07,278.0171203613281,286.2699890136719,288.5199890136719,282.5899963378906,285.0,1233300
2023-08-08,274.1905822753906,282.3299865722656,285.79998779296875,279.4100036621094,285.0,976600
2023-08-09,273.87017822265625,282.0,283.7200012207031,280.7200012207031,282.0,878700
2023-08-10,274.8510437011719,283.010009765625,287.7200012207031,282.19000244140625,283.2300109863281,880600
2023-08-11,273.9769592285156,282.1099853515625,283.4100036621094,281.7699890136719,282.82000732421875,625100
2023-08-14,276.5797119140625,284.7900085449219,286.5,281.3599853515625,282.0,1318500
2023-08-15,276.647705078125,284.8599853515625,286.1099853515625,284.17999267578125,284.57000732421875,724200
2023-08-16,273.4913635253906,281.6099853515625,285.9100036621094,281.5899963378906,285.1000061035156,748400
2023-08-17,269.91754150390625,277.92999267578125,282.8999938964844,277.6600036621094,282.3500061035156,1055700
2023-08-18,269.89801025390625,277.9100036621094,279.32000732421875,276.6199951171875,277.6300048828125,993000
2023-08-21,268.2761535644531,276.239990234375,279.9700012207031,275.260009765625,278.5899963378906,1176000
2023-08-22,267.5381164550781,275.4800109863281,276.5,274.0599975585937,275.489990234375,1052400
2023-08-23,268.0041809082031,275.9599914550781,278.8999938964844,275.3900146484375,276.7900085449219,969600
2023-08-24,265.5569152832031,273.44000244140625,278.32000732421875,272.8900146484375,275.45001220703125,1029600
2023-08-25,270.1019897460937,278.1199951171875,278.8900146484375,273.0899963378906,274.5299987792969,907300
2023-08-28,270.2864685058594,278.3099975585937,282.0,276.1199951171875,280.5199890136719,890800
2023-08-29,276.80303955078125,285.0199890136719,285.3900146484375,278.19000244140625,278.19000244140625,1158400
2023-08-30,278.8619384765625,287.1400146484375,289.04998779296875,285.3599853515625,285.6300048828125,1055600
2023-08-31,275.3754272460937,283.54998779296875,289.1499938964844,283.5,287.2900085449219,1049800
2023-09-01,276.24951171875,284.45001220703125,285.4700012207031,282.92999267578125,285.4700012207031,657400
2023-09-05,278.0364074707031,286.2900085449219,289.82000732421875,284.1199951171875,289.75,1289300
2023-09-06,280.7654113769531,289.1000061035156,289.9800109863281,283.3299865722656,286.3399963378906,1253500
2023-09-07,280.6877136230469,289.0199890136719,292.0799865722656,288.739990234375,290.0,1311100
2023-09-08,281.1927490234375,289.5400085449219,289.7099914550781,287.1499938964844,288.32000732421875,1052900
2023-09-11,291.07928466796875,299.7200012207031,301.5799865722656,291.1099853515625,291.44000244140625,2101700
2023-09-12,286.27197265625,294.7699890136719,301.239990234375,293.42999267578125,299.8399963378906,1146700
2023-09-13,288.7484436035156,297.32000732421875,297.70001220703125,291.9800109863281,293.6499938964844,1433400
2023-09-14,286.495361328125,295.0,299.45001220703125,294.5,298.7099914550781,1390100
2023-09-15,284.32965087890625,292.7699890136719,297.0,292.6400146484375,295.0,2134400
2023-09-18,284.7667236328125,293.2200012207031,294.57000732421875,289.7099914550781,292.3900146484375,1042300
2023-09-19,285.2425231933594,293.7099914550781,294.20001220703125,291.20001220703125,293.5,683900
2023-09-20,280.63922119140625,288.9700012207031,295.6600036621094,288.9200134277344,295.32000732421875,834400
2023-09-21,276.24951171875,284.45001220703125,288.489990234375,284.29998779296875,287.45001220703125,961900
2023-09-22,277.0556335449219,285.2799987792969,287.739990234375,283.3999938964844,283.79998779296875,953400
2023-09-25,279.0950012207031,287.3800048828125,287.8399963378906,284.1700134277344,284.8399963378906,922000
2023-09-26,265.6637268066406,273.54998779296875,285.42999267578125,273.29998779296875,284.75,2661700
2023-09-27,258.8558044433594,266.5400085449219,274.9200134277344,263.1499938964844,274.0,3033000
2023-09-28,266.277099609375,273.4100036621094,275.6300048828125,266.4800109863281,266.54998779296875,1577400
2023-09-29,266.1407165527344,273.2699890136719,275.989990234375,270.6199951171875,275.20001220703125,1342800
2023-10-02,266.69580078125,273.8399963378906,275.5199890136719,269.95001220703125,271.4200134277344,1159600
2023-10-03,258.9336853027344,265.8699951171875,273.1000061035156,264.6300048828125,272.1400146484375,2002300
2023-10-04,259.2551574707031,266.20001220703125,267.8599853515625,261.8699951171875,266.9599914550781,1085400
2023-10-05,257.9013671875,264.8099975585937,268.82000732421875,263.32000732421875,266.6400146484375,1044800
2023-10-06,258.914306640625,265.8500061035156,267.3299865722656,261.1499938964844,263.4599914550781,1523200
2023-10-09,259.8395080566406,266.79998779296875,267.3999938964844,262.6199951171875,264.0799865722656,715700
2023-10-10,267.2801513671875,274.44000244140625,276.1400146484375,265.8900146484375,266.92999267578125,1360800
2023-10-11,253.2655792236328,260.04998779296875,271.0,254.7899932861328,271.0,3069100
2023-10-12,247.2273406982422,253.8500061035156,261.9100036621094,252.9199981689453,260.5299987792969,2358300
2023-10-13,251.15223693847656,257.8800048828125,258.5799865722656,249.97999572753903,250.0,1698900
2023-10-16,257.2001647949219,264.0899963378906,265.1000061035156,258.44000244140625,260.6400146484375,1699700
2023-10-17,261.79705810546875,268.8099975585937,271.6099853515625,260.5,262.3399963378906,2174500
2023-10-18,263.13134765625,270.17999267578125,272.19000244140625,268.2099914550781,270.0899963378906,1737800
2023-10-19,261.4172058105469,268.4200134277344,273.19000244140625,267.489990234375,270.1199951171875,1157000
2023-10-20,258.7584533691406,265.69000244140625,268.8500061035156,263.9800109863281,268.7900085449219,2142100
2023-10-23,256.6937866210937,263.57000732421875,266.8099975585937,262.82000732421875,266.54998779296875,2118200
2023-10-24,258.1448669433594,265.0599975585937,266.2099914550781,261.6400146484375,263.6400146484375,2906200
2023-10-25,252.30142211914065,259.0599975585937,264.6600036621094,258.4700012207031,264.010009765625,1943800
2023-10-26,251.83395385742188,258.5799865722656,260.8099975585937,255.22000122070312,256.010009765625,1882500
2023-10-27,255.0770721435547,261.9100036621094,262.07000732421875,257.9800109863281,261.82000732421875,3783600
2023-10-30,255.7296142578125,262.5799865722656,264.75,258.3299865722656,262.94000244140625,1847400
2023-10-31,263.1702880859375,270.2200012207031,271.6000061035156,264.8500061035156,265.4700012207031,2719000
2023-11-01,264.9525146484375,272.04998779296875,274.3399963378906,268.54998779296875,271.54998779296875,1492000
2023-11-02,270.9712829589844,278.2300109863281,282.3299865722656,272.3099975585937,272.3099975585937,2989800
2023-11-03,269.0137634277344,276.2200012207031,277.94000244140625,268.0,274.3500061035156,2791800
2023-11-06,269.6176147460937,276.8399963378906,279.29998779296875,275.0899963378906,276.6000061035156,1263100
2023-11-07,267.8255615234375,275.0,277.5899963378906,273.3800048828125,276.010009765625,1363900
2023-11-08,267.6112365722656,274.7799987792969,279.0,273.8699951171875,278.3399963378906,1486600
2023-11-09,263.7740478515625,270.8399963378906,278.1199951171875,270.57000732421875,276.42999267578125,1592200
2023-11-10,266.4815368652344,273.6199951171875,275.2300109863281,266.92999267578125,271.6600036621094,1468800
2023-11-13,274.4870910644531,281.8399963378906,285.239990234375,276.6000061035156,277.6099853515625,2128400
2023-11-14,275.6460266113281,283.0299987792969,288.25,282.6000061035156,286.1199951171875,1400500
2023-11-15,276.2401428222656,283.6400146484375,287.6400146484375,283.0299987792969,283.0299987792969,1058200
2023-11-16,283.9437255859375,291.54998779296875,292.7099914550781,282.3500061035156,284.4200134277344,1900900
2023-11-17,280.85650634765625,288.3800048828125,292.7699890136719,286.6300048828125,290.1499938964844,1325900
2023-11-20,281.7427673339844,289.2900085449219,290.5,286.489990234375,287.4800109863281,857700
2023-11-21,285.99871826171875,293.6600036621094,293.79998779296875,289.4200134277344,291.1099853515625,1076400
2023-11-22,286.3785095214844,294.04998779296875,296.4599914550781,293.0299987792969,295.6000061035156,744500
2023-11-24,285.9792785644531,293.6400146484375,295.1600036621094,292.79998779296875,294.5899963378906,382500
2023-11-27,286.2909240722656,293.9599914550781,294.3699951171875,291.69000244140625,292.9100036621094,995500
2023-11-28,284.4210510253906,292.0400085449219,292.8800048828125,289.69000244140625,292.6700134277344,1069600
2023-11-29,286.690185546875,294.3699951171875,296.1300048828125,291.5199890136719,294.0,1131100
2023-11-30,288.5990905761719,296.3299865722656,296.3800048828125,290.6000061035156,294.2099914550781,1423600
2023-12-01,290.02099609375,297.7900085449219,298.70001220703125,294.5799865722656,296.5,1110400
2023-12-04,283.3594665527344,290.95001220703125,298.69000244140625,290.0799865722656,295.760009765625,1584700
2023-12-05,282.930908203125,290.510009765625,291.0,286.29998779296875,290.7300109863281,1216400
2023-12-06,280.3597717285156,287.8699951171875,292.1199951171875,286.6499938964844,291.4200134277344,1383900
2023-12-07,281.8303527832031,289.3800048828125,289.7900085449219,286.7699890136719,288.7799987792969,1434400
2023-12-08,281.5577392578125,289.1000061035156,289.8500061035156,286.3999938964844,288.8500061035156,1078900
2023-12-11,285.3851318359375,293.0299987792969,293.19000244140625,287.989990234375,287.989990234375,999700
2023-12-12,286.84600830078125,294.5299987792969,294.8099975585937,290.7300109863281,293.9800109863281,951700
2023-12-13,290.7417297363281,298.5299987792969,298.82000732421875,294.04998779296875,295.25,1504700
2023-12-14,289.34893798828125,297.1000061035156,300.5599975585937,296.260009765625,299.0,1860500
2023-12-15,282.58026123046875,290.1499938964844,292.2099914550781,285.7900085449219,286.17999267578125,4139900
2023-12-18,283.8658752441406,291.4700012207031,292.3599853515625,288.5,291.3900146484375,1416000
2023-12-19,284.36260986328125,291.9800109863281,292.3399963378906,289.6600036621094,291.0599975585937,1433800
2023-12-20,280.7882995605469,288.3099975585937,293.8399963378906,288.1499938964844,292.25,1162400
2023-12-21,288.306884765625,296.0299987792969,296.0899963378906,288.8999938964844,289.3399963378906,1046200
2023-12-22,289.73858642578125,297.5,298.4200134277344,294.2300109863281,297.6199951171875,1068700
2023-12-26,291.2676086425781,299.07000732421875,300.3599853515625,296.0299987792969,296.6199951171875,539200
2023-12-27,291.2091369628906,299.010009765625,300.0,297.45001220703125,298.75,1029800
2023-12-28,292.0977783203125,299.1199951171875,301.3699951171875,295.94000244140625,297.2900085449219,788500
2023-12-29,292.4298095703125,299.4599914550781,300.3399963378906,298.1499938964844,299.6099853515625,1150900
2024-01-02,289.275634765625,296.2300109863281,299.94000244140625,294.8699951171875,297.6000061035156,979200
2024-01-03,287.0393981933594,293.94000244140625,295.07000732421875,292.42999267578125,295.07000732421875,1355400
2024-01-04,291.0528869628906,298.04998779296875,299.8999938964844,292.9599914550781,293.6199951171875,1419000
2024-01-05,288.3967590332031,295.3299865722656,299.29998779296875,294.42999267578125,297.5,807300
2024-01-08,292.9376525878906,299.9800109863281,300.3399963378906,294.3399963378906,297.0,1126300
2024-01-09,296.1308288574219,303.25,305.42999267578125,298.5199890136719,299.5,1343100
2024-01-10,300.5544738769531,307.7799987792969,308.2099914550781,304.0,305.0,1302700
2024-01-11,301.736083984375,308.989990234375,309.5199890136719,306.1000061035156,308.17999267578125,920100
2024-01-12,305.55426025390625,312.8999938964844,317.260009765625,310.6000061035156,312.19000244140625,1646600
2024-01-16,306.91168212890625,314.2900085449219,314.44000244140625,309.6000061035156,310.9100036621094,1599800
2024-01-17,306.31597900390625,313.67999267578125,315.0599975585937,311.5400085449219,312.7900085449219,1466600
2024-01-18,307.3315734863281,314.7200012207031,317.82000732421875,312.8399963378906,315.8500061035156,1472700
2024-01-19,307.65380859375,315.04998779296875,315.82000732421875,312.45001220703125,315.0799865722656,1905200
2024-01-22,305.9155578613281,313.2699890136719,317.2099914550781,312.6300048828125,316.7699890136719,1868500
2024-01-23,304.8511962890625,312.17999267578125,314.54998779296875,307.5199890136719,314.0,1366800
2024-01-24,300.525146484375,307.75,313.0,307.3500061035156,312.0199890136719,1420600
2024-01-25,304.5874938964844,311.9100036621094,312.0899963378906,307.2300109863281,309.07000732421875,1200700
2024-01-26,304.0504150390625,311.3599853515625,313.7200012207031,310.6000061035156,313.25,907400
2024-01-29,307.1167297363281,314.5,314.94000244140625,310.739990234375,310.739990234375,1427300
2024-01-30,309.2065124511719,316.6400146484375,317.1199951171875,314.04998779296875,315.1499938964844,2006400
2024-01-31,327.60418701171875,335.4800109863281,342.79998779296875,333.70001220703125,339.0,4931900
2024-02-01,332.56494140625,340.5599975585937,341.8900146484375,333.9200134277344,335.57000732421875,2004500
2024-02-02,334.0199279785156,342.04998779296875,342.8800048828125,338.6300048828125,341.0,1159600
2024-02-05,334.8597412109375,342.9100036621094,346.5899963378906,340.67999267578125,342.45001220703125,1539600
2024-02-06,331.7934875488281,339.7699890136719,344.94000244140625,338.8999938964844,344.489990234375,1314400
2024-02-07,334.6741943359375,342.7200012207031,344.25,338.2300109863281,340.739990234375,823900
2024-02-08,331.0708923339844,339.0299987792969,341.9100036621094,337.0799865722656,340.7200012207031,1445700
2024-02-09,333.9320983886719,341.9599914550781,344.3299865722656,337.6300048828125,338.8599853515625,1402300
2024-02-12,333.08251953125,341.0899963378906,343.9800109863281,339.8599853515625,343.7300109863281,845000
2024-02-13,331.82275390625,339.79998779296875,341.45001220703125,336.29998779296875,339.8999938964844,1548100
2024-02-14,341.21697998046875,349.4200134277344,349.67999267578125,340.1600036621094,341.2900085449219,1904500
2024-02-15,340.60174560546875,348.7900085449219,352.5599975585937,345.8999938964844,351.0799865722656,1516100
2024-02-16,341.0997619628906,349.29998779296875,352.8800048828125,348.0199890136719,349.6499938964844,1343100
2024-02-20,339.89862060546875,348.07000732421875,351.9599914550781,347.3900146484375,351.70001220703125,1161900
2024-02-21,339.4006042480469,347.5599975585937,350.2699890136719,346.0400085449219,348.8900146484375,1177600
2024-02-22,344.859375,353.1499938964844,354.82000732421875,348.69000244140625,350.0,1326900
2024-02-23,346.6952514648437,355.0299987792969,357.3999938964844,352.3699951171875,353.6000061035156,691500
2024-02-26,344.1855773925781,352.4599914550781,356.6099853515625,351.70001220703125,355.3500061035156,1224100
2024-02-27,343.94146728515625,352.2099914550781,354.3299865722656,350.6000061035156,351.32000732421875,903900
2024-02-28,343.5410461425781,351.79998779296875,352.25,348.5400085449219,351.6099853515625,1289400
2024-02-29,340.8751525878906,349.07000732421875,353.7699890136719,347.2699890136719,352.3900146484375,2283300
2024-03-01,344.9276733398437,353.2200012207031,354.5400085449219,347.0799865722656,348.82000732421875,1400400
2024-03-04,347.4960021972656,355.8500061035156,356.8399963378906,352.1000061035156,353.0,714100
2024-03-05,344.1172180175781,352.3900146484375,357.67999267578125,349.9100036621094,357.010009765625,840000
2024-03-06,346.6659240722656,355.0,357.010009765625,352.70001220703125,353.0,892300
2024-03-07,349.2243957519531,357.6199951171875,359.7799987792969,355.6700134277344,357.4599914550781,804100
2024-03-08,349.4685363769531,357.8699951171875,360.2799987792969,355.6400146484375,357.1199951171875,871200
2024-03-11,347.2420959472656,355.5899963378906,361.4100036621094,354.3699951171875,357.8699951171875,1119900
2024-03-12,349.97637939453125,358.3900146484375,360.3299865722656,353.760009765625,355.1700134277344,737000
2024-03-13,348.5115661621094,356.8900146484375,359.6499938964844,355.79998779296875,359.6300048828125,1105200
2024-03-14,347.2909545898437,355.6400146484375,358.2200012207031,353.1600036621094,356.5599975585937,961200
2024-03-15,343.9609375,352.2300109863281,354.2300109863281,350.7900085449219,353.3699951171875,2075200
2024-03-18,345.7674560546875,354.0799865722656,355.9200134277344,352.6199951171875,354.0199890136719,953700
2024-03-19,348.5115661621094,356.8900146484375,356.9800109863281,353.5599975585937,354.95001220703125,1052100
2024-03-20,344.8984375,353.19000244140625,356.9100036621094,351.5199890136719,356.9100036621094,1179200
2024-03-21,345.2108764648437,353.510009765625,354.8699951171875,351.0,353.9599914550781,1537600
2024-03-22,344.341796875,352.6199951171875,354.95001220703125,348.8099975585937,353.4100036621094,1105400
2024-03-25,342.78912353515625,351.0299987792969,354.239990234375,349.8500061035156,353.25,792500
2024-03-26,342.1544494628906,350.3800048828125,352.989990234375,350.0,351.1700134277344,785800
2024-03-27,351.0904235839844,358.7099914550781,359.0799865722656,351.8900146484375,351.989990234375,1404700
2024-03-28,350.26824951171875,357.8699951171875,359.5,355.69000244140625,359.20001220703125,1074800
2024-04-01,347.1362609863281,354.6700134277344,357.1499938964844,353.3900146484375,357.0299987792969,760800
2024-04-02,341.9586486816406,349.3800048828125,353.8500061035156,348.45001220703125,352.2900085449219,996900
2024-04-03,343.5442199707031,351.0,354.8800048828125,350.2200012207031,350.8599853515625,905900
2024-04-04,340.0011291503906,347.3800048828125,354.5899963378906,346.8299865722656,354.2300109863281,888900
2024-04-05,343.5638122558594,351.0199890136719,351.6700134277344,348.19000244140625,348.4800109863281,686600
2024-04-08,342.32080078125,349.75,350.989990234375,347.4100036621094,350.4599914550781,786500
2024-04-09,343.4561767578125,350.9100036621094,351.2699890136719,347.4200134277344,351.1099853515625,946500
2024-04-10,339.9521789550781,347.3299865722656,351.0,345.7900085449219,348.1099853515625,646000
2024-04-11,338.9342346191406,346.2900085449219,349.4200134277344,344.1499938964844,349.1600036621094,822200
2024-04-12,334.7843017578125,342.04998779296875,344.1199951171875,339.3099975585937,342.8999938964844,1056800
2024-04-15,331.92633056640625,339.1300048828125,346.3299865722656,337.9700012207031,345.7900085449219,1087800
2024-04-16,330.48760986328125,337.6600036621094,341.42999267578125,334.19000244140625,341.1400146484375,1239300
2024-04-17,328.8922424316406,336.0299987792969,339.3999938964844,334.5899963378906,338.6099853515625,1066100
2024-04-18,320.4944763183594,327.45001220703125,337.0299987792969,326.5899963378906,336.07000732421875,2143600
2024-04-19,318.51739501953125,325.42999267578125,330.3800048828125,324.67999267578125,330.3800048828125,1884200
2024-04-22,320.7195739746094,327.67999267578125,329.42999267578125,323.75,327.7099914550781,1688600
2024-04-23,327.7959899902344,334.9100036621094,335.1199951171875,327.0,328.54998779296875,1430500
2024-04-24,329.6947631835937,336.8500061035156,342.6000061035156,334.20001220703125,335.2799987792969,1515700
2024-04-25,329.9884338378906,337.1499938964844,337.8699951171875,333.3299865722656,335.8399963378906,1615300
2024-04-26,328.4811096191406,335.6099853515625,338.510009765625,334.44000244140625,335.19000244140625,1063800
2024-04-29,331.6719055175781,338.8699951171875,340.4200134277344,334.6700134277344,334.6700134277344,1507400
2024-04-30,329.3522033691406,336.5,340.4100036621094,336.32000732421875,337.6499938964844,2480500
2024-05-01,321.1502685546875,328.1199951171875,335.7300109863281,320.7099914550781,333.5799865722656,2766900
2024-05-02,319.6918640136719,326.6300048828125,331.67999267578125,322.510009765625,331.67999267578125,1847000
2024-05-03,321.4732666015625,328.45001220703125,331.760009765625,326.70001220703125,328.6499938964844,1589300
2024-05-06,318.5859069824219,325.5,331.0,324.5899963378906,330.29998779296875,1722200
2024-05-07,325.0848083496094,332.1400146484375,332.3900146484375,326.6300048828125,327.92999267578125,1331200
2024-05-08,322.2855529785156,329.2799987792969,335.3999938964844,327.6000061035156,331.94000244140625,1214000
2024-05-09,323.8320617675781,330.8599853515625,332.75,329.2900085449219,330.4100036621094,980400
2024-05-10,323.5579833984375,330.5799865722656,332.82000732421875,330.1499938964844,331.79998779296875,1307900
2024-05-13,317.6658630371094,324.5599975585937,331.32000732421875,323.510009765625,331.32000732421875,1609600
2024-05-14,317.411376953125,324.29998779296875,326.0199890136719,322.5,324.0899963378906,1712600
2024-05-15,324.9380187988281,331.989990234375,332.2200012207031,324.29998779296875,325.9100036621094,1989200
2024-05-16,326.8857727050781,333.9800109863281,335.0,331.3500061035156,332.0,1168500
2024-05-17,327.5708923339844,334.67999267578125,334.9800109863281,330.4599914550781,334.6000061035156,940500
2024-05-20,322.7261047363281,329.7300109863281,335.3299865722656,329.2099914550781,334.95001220703125,1217800
2024-05-21,323.489501953125,330.510009765625,331.42999267578125,328.5799865722656,330.3500061035156,1256500
2024-05-22,328.295166015625,335.4200134277344,336.260009765625,332.4599914550781,333.57000732421875,1611500
2024-05-23,323.1077880859375,330.1199951171875,335.6099853515625,329.8699951171875,334.7900085449219,943300
2024-05-24,328.41259765625,335.5400085449219,336.8500061035156,330.69000244140625,330.69000244140625,1230600
2024-05-28,332.1025085449219,339.3099975585937,339.8900146484375,335.7699890136719,337.0,1872400
2024-05-29,333.8936462402344,341.1400146484375,344.8599853515625,336.20001220703125,336.69000244140625,1918900
2024-05-30,333.286865234375,340.5199890136719,342.54998779296875,338.9200134277344,340.5400085449219,1347100
2024-05-31,333.8447265625,341.0899963378906,342.2300109863281,337.3500061035156,340.5199890136719,2175300
2024-06-03,332.1808166503906,339.3900146484375,341.1400146484375,336.8800048828125,339.3800048828125,1218300
2024-06-04,334.7353820800781,342.0,343.8299865722656,338.5299987792969,339.0,1729900
2024-06-05,338.640625,345.989990234375,346.9100036621094,341.510009765625,342.0,1121600
2024-06-06,342.20330810546875,349.6300048828125,349.94000244140625,344.5199890136719,346.44000244140625,1050400
2024-06-07,341.90966796875,349.3299865722656,351.5599975585937,348.2200012207031,349.82000732421875,847200
2024-06-10,340.7743530273437,348.1700134277344,348.6700134277344,344.760009765625,348.0899963378906,898300
2024-06-11,339.0419311523437,346.3999938964844,348.42999267578125,341.04998779296875,347.9200134277344,1129000
2024-06-12,339.0517272949219,346.4100036621094,349.92999267578125,345.1199951171875,348.0799865722656,835100
2024-06-13,335.7337341308594,343.0199890136719,347.3500061035156,341.7200012207031,345.2300109863281,939200
2024-06-14,337.652099609375,344.9800109863281,345.07000732421875,341.010009765625,343.6199951171875,746500
2024-06-17,337.3780517578125,344.70001220703125,345.20001220703125,341.739990234375,343.2099914550781,815800
2024-06-18,341.2637634277344,348.6700134277344,348.92999267578125,344.4599914550781,345.0,839600
2024-06-20,334.09918212890625,341.3500061035156,349.0,340.6700134277344,348.1400146484375,1670300
2024-06-21,335.3617858886719,342.6400146484375,343.2799987792969,339.4100036621094,343.2799987792969,1837100
2024-06-24,331.8676147460937,339.07000732421875,345.8299865722656,339.0199890136719,342.94000244140625,1040800
2024-06-25,332.33740234375,339.54998779296875,340.760009765625,336.2699890136719,339.82000732421875,886200
2024-06-26,333.2770690917969,340.510009765625,341.7699890136719,336.1199951171875,338.1600036621094,1140400
2024-06-27,333.306396484375,340.5400085449219,343.760009765625,339.45001220703125,341.3699951171875,723400
2024-06-28,333.8067321777344,340.25,342.760009765625,338.0799865722656,341.0,1894400
2024-07-01,330.1277770996094,336.5,344.94000244140625,335.489990234375,341.20001220703125,778900
2024-07-02,327.9694519042969,334.29998779296875,337.69000244140625,332.010009765625,335.4100036621094,844100
2024-07-03,325.7325439453125,332.0199890136719,334.7099914550781,331.760009765625,334.0,522400
2024-07-05,330.86358642578125,337.25,337.3399963378906,330.20001220703125,334.2300109863281,1007900
2024-07-08,327.7829895019531,334.1099853515625,337.2099914550781,333.5,336.2699890136719,586000
2024-07-09,329.2153625488281,335.57000732421875,336.6600036621094,332.7900085449219,335.2799987792969,789600
2024-07-10,330.9518737792969,337.3399963378906,337.3900146484375,333.75,336.20001220703125,729600
2024-07-11,331.6876525878906,338.0899963378906,339.9200134277344,336.5599975585937,336.9200134277344,852700
2024-07-12,332.9433898925781,339.3699951171875,340.989990234375,336.20001220703125,338.07000732421875,835700
2024-07-15,322.3381042480469,328.5599975585937,338.5799865722656,327.82000732421875,338.5299987792969,1363400
2024-07-16,327.11590576171875,333.42999267578125,333.760009765625,328.010009765625,328.8999938964844,1336400
2024-07-17,328.3030090332031,334.6400146484375,344.489990234375,331.2799987792969,332.8099975585937,1246300
2024-07-18,324.9576110839844,331.2300109863281,337.0799865722656,330.1700134277344,330.94000244140625,920400
2024-07-19,334.4935607910156,340.95001220703125,341.3900146484375,331.9700012207031,333.3699951171875,2421800
2024-07-22,335.9062194824219,342.3900146484375,344.19000244140625,339.3800048828125,342.1199951171875,1136600
2024-07-23,335.2587585449219,341.7300109863281,346.07000732421875,340.7900085449219,342.8299865722656,1245300
2024-07-24,333.9735717773437,340.4200134277344,342.6499938964844,337.9200134277344,342.1300048828125,1481400
2024-07-25,321.23931884765625,327.44000244140625,344.1400146484375,326.8699951171875,339.489990234375,1695400
2024-07-26,325.38922119140625,331.6700134277344,334.07000732421875,325.3399963378906,327.0,1680000
2024-07-29,326.9687805175781,333.2799987792969,338.5199890136719,330.0799865722656,332.260009765625,1719100
2024-07-30,323.9667053222656,330.2200012207031,336.0799865722656,328.4800109863281,332.7900085449219,2427300
2024-07-31,321.2491760253906,327.45001220703125,334.4200134277344,320.0,330.5,3543100
2024-08-01,326.86083984375,333.1700134277344,335.8999938964844,324.0899963378906,330.1400146484375,1630500
2024-08-02,325.28131103515625,331.5599975585937,333.5799865722656,324.010009765625,333.0,1738600
2024-08-05,309.9571228027344,315.94000244140625,330.7300109863281,314.92999267578125,330.7300109863281,2403300
2024-08-06,316.5596923828125,322.6700134277344,326.3099975585937,316.010009765625,317.8099975585937,2477800
2024-08-07,313.5478210449219,319.6000061035156,324.44000244140625,319.07000732421875,323.5199890136719,1350600
2024-08-08,319.8167724609375,325.989990234375,327.29998779296875,320.7799987792969,320.94000244140625,1019300
2024-08-09,321.62188720703125,327.8299865722656,328.489990234375,322.0299987792969,325.3800048828125,793800
2024-08-12,319.0417785644531,325.20001220703125,327.57000732421875,323.7300109863281,327.1300048828125,774100
2024-08-13,322.7599792480469,328.989990234375,330.1000061035156,325.3699951171875,325.9100036621094,913900
2024-08-14,326.3800964355469,332.67999267578125,332.9200134277344,328.239990234375,329.17999267578125,909800
2024-08-15,327.8419189453125,334.1700134277344,337.45001220703125,332.9800109863281,334.2799987792969,1257600
2024-08-16,331.4914245605469,337.8900146484375,338.3299865722656,333.260009765625,334.25,838700
2024-08-19,334.6014099121094,341.0599975585937,341.9800109863281,336.92999267578125,336.92999267578125,1062200
2024-08-20,336.4360046386719,342.92999267578125,344.0199890136719,340.9599914550781,342.5599975585937,772100
2024-08-21,338.78076171875,345.32000732421875,345.44000244140625,342.5400085449219,343.989990234375,666800
2024-08-22,344.0785217285156,350.7200012207031,350.92999267578125,345.54998779296875,348.6700134277344,1143400
2024-08-23,346.5998840332031,353.2900085449219,354.0,350.1400146484375,351.45001220703125,966100
2024-08-26,347.5906677246094,354.29998779296875,355.8599853515625,352.92999267578125,353.5400085449219,884900
2024-08-27,351.720947265625,358.510009765625,359.1300048828125,354.2699890136719,354.79998779296875,1131400
2024-08-28,349.4056396484375,356.1499938964844,359.1000061035156,353.6000061035156,359.0799865722656,1504900
2024-08-29,351.15191650390625,357.92999267578125,359.2699890136719,355.8999938964844,358.2900085449219,1107800
2024-08-30,353.59478759765625,360.4200134277344,360.8200073242188,356.0,359.1600036621094,1307600
2024-09-03,352.8099670410156,359.6199951171875,362.25,357.7900085449219,360.0400085449219,860600
2024-09-04,353.47705078125,360.2999877929688,364.3599853515625,356.7900085449219,360.1099853515625,806300
2024-09-05,351.2206420898437,358.0,360.2999877929688,354.17999267578125,359.239990234375,1213800
2024-09-06,352.1231994628906,358.9200134277344,361.05999755859375,355.7200012207031,358.6700134277344,1001300
2024-09-09,355.9100646972656,362.7799987792969,365.6099853515625,360.8599853515625,361.2200012207031,1439200
2024-09-10,358.1371154785156,365.0499877929688,365.9599914550781,362.7799987792969,364.9599914550781,921000
2024-09-11,359.4125061035156,366.3500061035156,366.6900024414063,358.4599914550781,364.4100036621094,1143900
2024-09-12,360.82525634765625,367.7900085449219,368.8900146484375,364.7099914550781,366.2000122070313,1487400
2024-09-13,363.2386169433594,370.25,374.239990234375,366.9299926757813,366.9299926757813,1114100
2024-09-16,364.916259765625,371.9599914550781,374.6300048828125,370.010009765625,373.0,910100
2024-09-17,357.0579528808594,363.9500122070313,373.4800109863281,360.8299865722656,371.1900024414063,1399100
2024-09-18,354.5169982910156,361.3599853515625,365.8399963378906,359.6600036621094,363.1499938964844,938900
2024-09-19,358.1371154785156,365.0499877929688,366.7000122070313,362.6199951171875,365.6400146484375,994000
2024-09-20,357.90167236328125,364.80999755859375,366.5899963378906,362.6000061035156,364.8200073242188,1751600
2024-09-23,359.589111328125,366.5299987792969,368.739990234375,365.55999755859375,366.6099853515625,723100
2024-09-24,354.1637878417969,361.0,365.5700073242188,359.3699951171875,365.5700073242188,1273600
2024-09-25,352.69219970703125,359.5,363.80999755859375,358.75,363.260009765625,854900
2024-09-26,354.5072326660156,361.3500061035156,363.5,358.3099975585937,362.0,1431800
2024-09-27,353.4476013183594,360.2699890136719,364.1300048828125,359.7699890136719,362.989990234375,814400
2024-09-30,355.2076110839844,361.260009765625,361.5499877929688,356.8399963378906,358.7300109863281,790700
2024-10-01,351.28448486328125,357.2699890136719,362.0,355.3599853515625,361.6900024414063,738900
2024-10-02,349.16070556640625,355.1099853515625,356.94000244140625,351.29998779296875,354.9599914550781,830100
2024-10-03,345.7193298339844,351.6099853515625,355.2900085449219,350.7200012207031,354.92999267578125,850800
2024-10-04,345.3358764648437,351.2200012207031,354.42999267578125,347.8099975585937,352.3900146484375,676900
2024-10-07,339.35772705078125,345.1400146484375,349.9100036621094,343.95001220703125,349.9100036621094,1096100
2024-10-08,344.9130859375,350.7900085449219,351.7200012207031,346.5599975585937,347.8399963378906,923200
2024-10-09,348.0299987792969,353.9599914550781,354.489990234375,349.04998779296875,350.6700134277344,861400
2024-10-10,347.4498596191406,353.3699951171875,356.0,351.7900085449219,355.0,740900
2024-10-11,349.6425170898437,355.6000061035156,358.8699951171875,352.92999267578125,355.0,787900
2024-10-14,353.6836242675781,359.7099914550781,360.9100036621094,354.8800048828125,356.54998779296875,698600
2024-10-15,352.9658203125,358.9800109863281,365.0199890136719,357.0899963378906,359.0199890136719,976000
2024-10-16,355.2568359375,361.30999755859375,362.3500061035156,356.1400146484375,358.3900146484375,796000
2024-10-17,353.70330810546875,359.7300109863281,364.5299987792969,359.0400085449219,362.6099853515625,820700
2024-10-18,363.3686218261719,369.55999755859375,371.1700134277344,360.2200012207031,361.1499938964844,1589600
2024-10-21,361.0973205566406,367.25,370.9700012207031,366.2099914550781,367.4500122070313,906600
2024-10-22,359.8878479003906,366.0199890136719,367.3200073242188,363.0899963378906,366.3800048828125,893500
2024-10-23,357.15447998046875,363.239990234375,366.9700012207031,360.8299865722656,364.7200012207031,1313400
2024-10-24,353.8704528808594,359.8999938964844,366.239990234375,359.8900146484375,364.5,708100
2024-10-25,346.9090576171875,352.82000732421875,361.6000061035156,351.2900085449219,358.489990234375,1244500
2024-10-28,350.0456237792969,356.010009765625,356.5199890136719,354.1499938964844,355.8699951171875,967700
2024-10-29,352.9953918457031,359.010009765625,362.3599853515625,353.45001220703125,354.0,2173500
2024-10-30,357.34130859375,363.4299926757813,373.7300109863281,357.8999938964844,365.6900024414063,2242800
2024-10-31,350.31109619140625,356.2799987792969,364.010009765625,355.5599975585937,360.7300109863281,1383900
2024-11-01,360.99896240234375,367.1499938964844,367.760009765625,357.7799987792969,358.1600036621094,1860500
2024-11-04,360.753173828125,366.8999938964844,369.6900024414063,364.1300048828125,368.0,730100
2024-11-05,363.66351318359375,369.8599853515625,370.2900085449219,363.0499877929688,366.239990234375,1346500
2024-11-06,362.837646484375,369.0199890136719,376.0400085449219,364.6199951171875,374.0,1366200
2024-11-07,363.6340942382813,369.8299865722656,370.3399963378906,366.1199951171875,370.3399963378906,867000
2024-11-08,369.661376953125,375.9599914550781,377.8299865722656,370.8299865722656,371.1099853515625,1009200
2024-11-11,372.51275634765625,378.8599853515625,381.5400085449219,376.1400146484375,377.4700012207031,966200
2024-11-12,380.6245727539063,387.1099853515625,388.1199951171875,380.55999755859375,381.4200134277344,1634100
2024-11-13,381.833984375,388.3399963378906,390.5899963378906,385.3399963378906,386.6700134277344,1685900
2024-11-14,376.8587646484375,383.2799987792969,392.7000122070313,382.3999938964844,389.5400085449219,1811800
2024-11-15,383.5447692871094,390.0799865722656,392.010009765625,380.2099914550781,381.989990234375,2874000
2024-11-18,382.876220703125,389.3999938964844,398.2000122070313,389.0299987792969,392.9700012207031,2054600
2024-11-19,382.1682739257813,388.6799926757813,392.30999755859375,385.8900146484375,386.9299926757813,1524200
2024-11-20,379.218505859375,385.6799926757813,390.0,382.25,389.8500061035156,1098100
2024-11-21,383.6038208007813,390.1400146484375,390.3699951171875,384.5700073242188,387.1900024414063,1136200
2024-11-22,378.4024658203125,384.8500061035156,391.0700073242188,381.4800109863281,390.4100036621094,1069700
2024-11-25,378.46142578125,384.9100036621094,388.4299926757813,379.5,386.2900085449219,2102800
2024-11-26,383.1809997558594,389.7099914550781,389.9500122070313,384.9100036621094,388.0,1014600
2024-11-27,381.6373291015625,388.1400146484375,391.3999938964844,387.8200073242188,389.1600036621094,1018000
2024-11-29,385.5801696777344,392.1499938964844,393.2999877929688,386.4599914550781,387.0299987792969,711200
2024-12-02,383.1023559570313,389.6300048828125,394.1400146484375,388.6700134277344,393.25,1216500
2024-12-03,384.4198913574219,390.9700012207031,391.8999938964844,386.4599914550781,389.489990234375,923700
2024-12-04,383.2301940917969,389.760009765625,392.2099914550781,387.9599914550781,390.75,707700
2024-12-05,376.0426635742188,382.4500122070313,388.7099914550781,379.8200073242188,387.1799926757813,1319500
2024-12-06,378.5695495605469,385.0199890136719,389.989990234375,383.0899963378906,383.0899963378906,1049400
2024-12-09,374.7250671386719,381.1099853515625,385.1499938964844,378.75,384.7999877929688,924900
2024-12-10,376.268798828125,382.6799926757813,385.55999755859375,381.0899963378906,384.1199951171875,1281700
2024-12-11,369.8580322265625,376.1600036621094,386.6300048828125,375.260009765625,383.0199890136719,1214000
2024-12-12,368.77642822265625,375.05999755859375,378.0899963378906,374.6199951171875,377.0,846100
2024-12-13,368.3241882324219,374.6000061035156,376.489990234375,373.1499938964844,375.6199951171875,755800
2024-12-16,366.45599365234375,372.7000122070313,376.239990234375,372.4500122070313,375.0,1155500
2024-12-17,364.5976867675781,370.80999755859375,374.5700073242188,368.0499877929688,371.5799865722656,1540400
2024-12-18,353.1526794433594,359.1700134277344,371.9200134277344,358.489990234375,371.0,1618000
2024-12-19,351.1566772460937,357.1400146484375,363.05999755859375,356.29998779296875,359.3099975585937,1713400
2024-12-20,358.4917297363281,364.6000061035156,364.80999755859375,356.0,356.2300109863281,3146700
2024-12-23,360.3500061035156,366.489990234375,367.260009765625,362.4400024414063,364.7900085449219,1461400
2024-12-24,364.5681457519531,370.7799987792969,370.8299865722656,366.55999755859375,368.2799987792969,431000
2024-12-26,363.23095703125,369.4200134277344,370.6499938964844,367.4800109863281,368.239990234375,839200
2024-12-27,360.9596252441406,367.1099853515625,369.6700134277344,364.7900085449219,367.2300109863281,705500
2024-12-30,356.19091796875,362.260009765625,364.1099853515625,358.6700134277344,362.8999938964844,813900
2024-12-31,354.8407287597656,360.04998779296875,364.5799865722656,358.239990234375,361.8999938964844,821800
2025-01-02,353.52996826171875,358.7200012207031,362.4800109863281,356.82000732421875,362.4800109863281,858300
2025-01-03,356.2894287109375,361.5199890136719,362.0,358.29998779296875,360.9700012207031,805500
2025-01-06,356.1317443847656,361.3599853515625,362.4400024414063,358.0199890136719,360.9599914550781,1269900
2025-01-07,350.04119873046875,355.17999267578125,362.4700012207031,351.8500061035156,362.1700134277344,1931600
2025-01-08,358.8321533203125,364.1000061035156,364.9500122070313,354.7300109863281,361.30999755859375,1534700
2025-01-10,360.36956787109375,365.6600036621094,368.8200073242188,361.1600036621094,361.6199951171875,1313800
2025-01-13,355.75732421875,360.9800109863281,367.8500061035156,360.760009765625,363.6499938964844,1400800
2025-01-14,357.5509338378906,362.7999877929688,363.6099853515625,359.32000732421875,362.8299865722656,1175800
2025-01-15,363.27685546875,368.6099853515625,370.0499877929688,363.6600036621094,364.5299987792969,1529200
2025-01-16,376.2662048339844,381.7900085449219,381.8200073242188,372.0700073242188,372.0700073242188,1514900
2025-01-17,377.8726196289063,383.4200134277344,385.8200073242188,379.0,385.0,1727100
2025-01-21,390.1227722167969,395.8500061035156,396.2099914550781,387.8999938964844,389.6400146484375,2102100
2025-01-22,384.8403015136719,390.489990234375,395.0,388.8900146484375,394.1600036621094,1996600
2025-01-23,387.8067626953125,393.5,394.5899963378906,389.4500122070313,391.1199951171875,1389700
2025-01-24,388.6050415039063,394.30999755859375,394.6799926757813,389.8200073242188,390.0499877929688,1331700
2025-01-27,394.1141662597656,399.8999938964844,400.3399963378906,394.5400085449219,396.0,1582400
2025-01-28,389.4329223632813,395.1499938964844,406.1900024414063,394.5899963378906,400.6099853515625,1993700
2025-01-29,385.4118957519531,391.0700073242188,396.7099914550781,386.7699890136719,395.0,3322100
2025-01-30,384.78118896484375,390.4299926757813,400.55999755859375,389.2999877929688,394.1499938964844,1683600
2025-01-31,385.6287841796875,391.2900085449219,397.55999755859375,390.0,391.1499938964844,1549100
2025-02-03,385.4809265136719,391.1400146484375,394.1300048828125,387.0,389.4400024414063,999000
2025-02-04,386.71282958984375,392.3900146484375,393.0700073242188,388.239990234375,389.3299865722656,1121500
2025-02-05,393.31585693359375,399.0899963378906,399.8500061035156,393.4200134277344,394.8900146484375,1011500
2025-02-06,390.3395690917969,396.0700073242188,400.25,395.9100036621094,398.3999938964844,1124000
2025-02-07,385.7371826171875,391.3999938964844,397.2300109863281,390.6099853515625,396.0400085449219,1025800
2025-02-10,386.9197692871094,392.6000061035156,393.9599914550781,390.3699951171875,392.7900085449219,1334500
2025-02-11,384.8304443359375,390.4800109863281,393.4500122070313,389.0,390.7200012207031,881900
2025-02-12,380.0506286621094,385.6300048828125,389.7300109863281,382.0400085449219,386.7900085449219,1161400
2025-02-13,382.7510070800781,388.3699951171875,388.7999877929688,383.4400024414063,386.239990234375,916600
2025-02-14,379.6071166992188,385.1799926757813,391.489990234375,384.5,390.0299987792969,1267800
2025-02-18,380.0308837890625,385.6099853515625,385.7099914550781,379.3599853515625,383.0,1338400
2025-02-19,382.8988037109375,388.5199890136719,388.6300048828125,384.260009765625,384.5799865722656,827100
2025-02-20,380.8193359375,386.4100036621094,388.0,383.2999877929688,387.6700134277344,930300
2025-02-21,377.2419128417969,382.7799987792969,387.5199890136719,380.1000061035156,382.8699951171875,1268400
2025-02-24,382.30755615234375,387.9200134277344,390.2799987792969,380.510009765625,381.9700012207031,1317400
2025-02-25,384.653076171875,390.2999877929688,391.3699951171875,385.0700073242188,388.25,1665000
2025-02-26,386.07220458984375,391.739990234375,396.6700134277344,389.3399963378906,391.5499877929688,867800
2025-02-27,383.2733459472656,388.8999938964844,393.8399963378906,388.510009765625,390.3999938964844,997300
2025-02-28,380.6025390625,386.1900024414063,393.8200073242188,379.6099853515625,391.0499877929688,2855600
2025-03-03,389.1668090820313,394.8800048828125,397.3200073242188,388.3500061035156,390.3999938964844,1237600
2025-03-04,384.2785949707031,389.9200134277344,396.4400024414063,388.7699890136719,395.0700073242188,1687300
2025-03-05,389.965087890625,395.6900024414063,398.0,387.010009765625,387.75,1105000
2025-03-06,376.7786560058594,382.30999755859375,393.4700012207031,380.0,392.0400085449219,1263800
2025-03-07,373.8121948242188,379.2999877929688,381.0,367.4500122070313,379.9400024414063,1961800
2025-03-10,364.7650451660156,370.1199951171875,377.0899963378906,367.2900085449219,375.4500122070313,2162500
2025-03-11,360.0049133300781,365.2900085449219,369.5199890136719,363.1000061035156,369.5199890136719,1638700
2025-03-12,358.5758361816406,363.8399963378906,371.1099853515625,361.3399963378906,368.3500061035156,1559100
2025-03-13,358.3985290527344,363.6600036621094,367.2799987792969,361.0299987792969,365.1400146484375,1965800
2025-03-14,364.18359375,369.5299987792969,371.760009765625,362.6099853515625,364.5799865722656,1797900
2025-03-17,368.0863037109375,373.489990234375,376.6900024414063,368.0,368.0899963378906,1236000
2025-03-18,370.4712219238281,375.9100036621094,376.7200012207031,372.7699890136719,374.0,1774900
2025-03-19,372.5802612304688,378.0499877929688,380.8900146484375,374.6099853515625,376.8800048828125,1554900
2025-03-20,368.8056945800781,374.2200012207031,378.260009765625,373.3200073242188,377.5,1509100
2025-03-21,365.7406921386719,371.1099853515625,374.7900085449219,366.489990234375,371.3299865722656,2372300
2025-03-24,368.85491943359375,374.2699890136719,377.2300109863281,372.6700134277344,373.5299987792969,1124300
2025-03-25,367.4752502441406,372.8699951171875,379.0400085449219,370.2200012207031,375.739990234375,865000
2025-03-26,362.4490051269531,367.7699890136719,372.6099853515625,359.989990234375,371.4299926757813,1657600
2025-03-27,362.2223510742188,367.5400085449219,370.0,365.489990234375,367.6099853515625,1138800
2025-03-28,359.2262878417969,364.5,368.510009765625,363.2799987792969,365.510009765625,1274300
2025-03-31,367.7116394042969,372.25,374.2000122070313,361.0299987792969,361.5299987792969,1924300
2025-04-01,368.7488403320313,373.2999877929688,374.0400085449219,366.6099853515625,369.2900085449219,1180900
2025-04-02,372.8580932617188,377.4599914550781,378.3500061035156,366.6900024414063,369.5700073242188,1801700
2025-04-03,363.6616516113281,368.1499938964844,374.55999755859375,361.5899963378906,367.9700012207031,3306100
2025-04-04,341.5841064453125,345.79998779296875,362.0700073242188,344.8099975585937,361.0799865722656,3956700
2025-04-07,341.12969970703125,345.3399963378906,357.5899963378906,329.1600036621094,335.25,4198700
2025-04-08,333.2568664550781,337.3699951171875,357.4700012207031,332.32000732421875,355.4700012207031,2053000
2025-04-09,358.5447998046875,362.9700012207031,364.3999938964844,330.0,335.0,3128700
2025-04-10,344.1425170898437,348.3900146484375,359.4599914550781,337.45001220703125,358.3299865722656,2669000
2025-04-11,346.0094909667969,350.2799987792969,353.1000061035156,341.739990234375,351.1499938964844,1767200
2025-04-14,349.1112060546875,353.4200134277344,358.0,349.1400146484375,354.75,1317900
2025-04-15,342.5718994140625,346.79998779296875,355.3900146484375,345.989990234375,354.8500061035156,1670400
2025-04-16,342.4434814453125,346.6700134277344,352.5799865722656,343.5799865722656,348.239990234375,1302900
2025-04-17,342.27557373046875,346.5,351.0400085449219,343.19000244140625,346.1700134277344,1349900
2025-04-21,335.4498291015625,339.5899963378906,345.6400146484375,335.1199951171875,344.7099914550781,1312500
2025-04-22,343.87579345703125,348.1199951171875,349.45001220703125,341.510009765625,342.1199951171875,1506800
2025-04-23,352.7561950683594,357.1099853515625,368.3699951171875,355.1000061035156,355.1099853515625,1521400
2025-04-24,356.64813232421875,361.0499877929688,361.3299865722656,354.4700012207031,358.6499938964844,1349800
2025-04-25,360.6092834472656,365.05999755859375,366.239990234375,359.3800048828125,360.6000061035156,1462600
2025-04-28,362.0218200683594,366.489990234375,368.9500122070313,363.9100036621094,366.989990234375,1223300
2025-04-29,366.39788818359375,370.9200134277344,372.3200073242188,365.80999755859375,366.9800109863281,1108300
2025-04-30,369.36126708984375,373.9200134277344,375.1600036621094,366.55999755859375,370.0,2251700
2025-05-01,369.4303894042969,373.989990234375,376.1799926757813,368.5400085449219,372.4200134277344,1634300
2025-05-02,373.6088562011719,378.2200012207031,379.3299865722656,363.0799865722656,373.8900146484375,3709100
2025-05-05,376.7105712890625,381.3599853515625,383.989990234375,373.05999755859375,377.8500061035156,1619400
2025-05-06,372.9173583984375,377.5199890136719,381.5700073242188,373.9800109863281,379.1300048828125,2082800
2025-05-07,379.3776550292969,384.05999755859375,384.5799865722656,376.2999877929688,377.4700012207031,1196100
2025-05-08,377.797119140625,382.4599914550781,388.3200073242188,382.3599853515625,383.9599914550781,927000
2025-05-09,376.27587890625,380.9200134277344,384.5499877929688,380.2799987792969,382.2000122070313,758800
2025-05-12,383.3486633300781,388.0799865722656,392.4200134277344,386.5,389.0700073242188,1359300
2025-05-13,382.8053283691406,387.5299987792969,390.4599914550781,385.7799987792969,388.6700134277344,862600
2025-05-14,381.6101379394531,386.3200073242188,388.0199890136719,384.760009765625,386.9599914550781,1107700
2025-05-15,387.4184265136719,392.2000122070313,392.6300048828125,384.5799865722656,388.5,1124400
2025-05-16,389.4038696289063,394.2099914550781,394.489990234375,389.6000061035156,393.1000061035156,1114000
2025-05-19,389.8780822753906,394.6900024414063,394.9200134277344,390.0,392.3500061035156,1072300
2025-05-20,384.80072021484375,389.5499877929688,393.3200073242188,387.989990234375,392.3399963378906,1047400
2025-05-21,375.1202087402344,379.75,388.6199951171875,379.1600036621094,387.5499877929688,1459700
2025-05-22,373.6681213378906,378.2799987792969,380.6199951171875,375.8599853515625,378.1400146484375,1049000
2025-05-23,372.0283203125,376.6199951171875,379.5299987792969,371.2699890136719,375.5499877929688,1579800
2025-05-27,379.1010437011719,383.7799987792969,385.3999938964844,380.0,380.7200012207031,1099100
2025-05-28,375.75238037109375,380.3900146484375,385.3500061035156,379.7300109863281,381.9599914550781,1158200
2025-05-29,377.6885070800781,382.3500061035156,384.6600036621094,378.4800109863281,381.2799987792969,840300
2025-05-30,377.9749450683594,382.6400146484375,384.1600036621094,378.4700012207031,381.7999877929688,1993100
2025-06-02,376.2166748046875,380.8599853515625,381.0700073242188,375.5499877929688,379.55999755859375,852700
2025-06-03,376.3648681640625,381.010009765625,382.1300048828125,377.6099853515625,378.9400024414063,1100400
2025-06-04,377.8860473632813,382.5499877929688,383.8299865722656,380.5899963378906,382.2799987792969,838100
2025-06-05,378.4293518066406,383.1000061035156,384.6000061035156,381.6600036621094,384.6000061035156,904800
2025-06-06,379.2097473144531,383.8900146484375,388.6900024414063,382.7999877929688,385.4200134277344,709000
2025-06-09,377.6193542480469,382.2799987792969,384.0299987792969,377.6000061035156,383.510009765625,943500
2025-06-10,380.3555603027344,385.0499877929688,386.2900085449219,381.8399963378906,383.0499877929688,952200
2025-06-11,376.4339599609375,381.0799865722656,385.4200134277344,379.7999877929688,385.0700073242188,792300
2025-06-12,375.8511352539063,380.489990234375,381.5899963378906,378.0199890136719,381.2900085449219,877900
2025-06-13,372.7000427246094,377.2999877929688,382.3500061035156,376.7900085449219,377.2200012207031,876000
2025-06-16,372.5222473144531,377.1199951171875,381.6199951171875,375.9599914550781,379.1300048828125,965100
2025-06-17,368.8179321289063,373.3699951171875,376.989990234375,370.8500061035156,376.4400024414063,1338100
2025-06-18,368.7092895507813,373.260009765625,376.6400146484375,372.0499877929688,374.0700073242188,854700
2025-06-20,370.9812622070313,375.55999755859375,377.8999938964844,373.7799987792969,374.8900146484375,2014500
2025-06-23,374.5373840332031,379.1600036621094,379.489990234375,372.4800109863281,375.1300048828125,1281800
2025-06-24,381.7483825683594,386.4599914550781,388.1199951171875,377.6400146484375,381.7999877929688,1746000
2025-06-25,387.4480285644531,392.2300109863281,393.260009765625,385.2699890136719,385.2699890136719,1916000
2025-06-26,385.6403503417969,390.3999938964844,396.25,388.8599853515625,393.0,1473300
2025-06-27,388.7519226074219,393.5499877929688,396.1499938964844,390.0499877929688,390.3999938964844,2216600
2025-06-30,391.64251708984375,395.6300048828125,395.8699951171875,390.7099914550781,393.7699890136719,1151600
2025-07-01,392.7413330078125,396.739990234375,399.739990234375,392.5899963378906,394.7799987792969,1200600
2025-07-02,387.8609924316406,391.80999755859375,396.8200073242188,388.2099914550781,394.75,1134100
2025-07-03,391.2960815429688,395.2799987792969,395.5,390.30999755859375,393.6300048828125,536300
2025-07-07,388.5539855957031,392.510009765625,395.2699890136719,390.1700134277344,394.2200012207031,1310300
2025-07-08,385.5743103027344,389.5,393.7300109863281,388.6000061035156,390.0,1195300
2025-07-09,388.09857177734375,392.0499877929688,392.7900085449219,387.1400146484375,391.1099853515625,871900
2025-07-10,390.7911987304688,394.7699890136719,397.4599914550781,390.9100036621094,392.9400024414063,1167700
2025-07-11,385.5346984863281,389.4599914550781,392.989990234375,387.4400024414063,392.1000061035156,825100
2025-07-14,387.5145263671875,391.4599914550781,392.9500122070313,386.0400085449219,387.9200134277344,1266800
2025-07-15,386.6533508300781,390.5899963378906,392.7699890136719,387.6300048828125,392.7699890136719,1431900
2025-07-16,386.9304809570313,390.8699951171875,391.4200134277344,385.9299926757813,391.3800048828125,1067800
2025-07-17,384.9803771972656,388.8999938964844,392.0499877929688,385.1900024414063,389.1000061035156,1039900
2025-07-18,385.4753112792969,389.3999938964844,393.0,387.8599853515625,391.1700134277344,1716300
2025-07-21,383.4162902832031,387.3200073242188,391.55999755859375,386.6700134277344,388.05999755859375,791700
2025-07-22,391.1673889160156,395.1499938964844,395.7000122070313,389.5199890136719,389.6199951171875,1016400
2025-07-23,396.88909912109375,400.9299926757813,404.8699951171875,393.1900024414063,399.3999938964844,1464300
2025-07-24,392.6621398925781,396.6600036621094,402.6300048828125,396.2999877929688,401.1000061035156,1711800
2025-07-25,399.462890625,403.5299987792969,403.7900085449219,396.3999938964844,397.8299865722656,963600
2025-07-28,396.6515197753906,400.6900024414063,404.1400146484375,399.25,402.5899963378906,888400
2025-07-29,396.5327453613281,400.5700073242188,403.9200134277344,399.30999755859375,402.0,970500
2025-07-30,396.3743591308594,400.4100036621094,403.2200012207031,398.0,398.75,1077200
2025-07-31,388.7717895507813,392.7300109863281,401.989990234375,392.0700073242188,398.2699890136719,2343800
2025-08-01,373.9823303222656,377.7900085449219,383.0899963378906,372.3200073242188,372.3200073242188,3012300
2025-08-04,377.6450500488281,381.489990234375,384.4599914550781,378.2300109863281,378.8599853515625,1354500
2025-08-05,377.0213623046875,380.8599853515625,382.8299865722656,379.1300048828125,381.8299865722656,1049900
2025-08-06,371.1610412597656,374.9400024414063,381.239990234375,374.3200073242188,381.1300048828125,1478000
2025-08-07,372.5766296386719,376.3699951171875,381.3399963378906,373.7200012207031,377.0,1192100
2025-08-08,373.7744445800781,377.5799865722656,379.80999755859375,376.05999755859375,377.0,972300
2025-08-11,372.8736572265625,376.6700134277344,379.2900085449219,375.2699890136719,377.25,1129400
2025-08-12,372.8141784667969,376.6099853515625,379.1700134277344,374.6799926757813,377.489990234375,960200
2025-08-13,375.1306457519531,378.9500122070313,379.3299865722656,374.5299987792969,378.4599914550781,1506700
2025-08-14,374.7049560546875,378.5199890136719,379.4400024414063,374.5199890136719,378.3399963378906,1622500
2025-08-15,378.0608215332031,381.9100036621094,383.1400146484375,378.7000122070313,380.760009765625,1070800
2025-08-18,377.7637939453125,381.6099853515625,382.989990234375,380.5700073242188,382.05999755859375,1102200
2025-08-19,386.0098571777344,389.9400024414063,390.2999877929688,380.239990234375,380.9200134277344,1776500
2025-08-20,387.9204406738281,391.8699951171875,395.3699951171875,390.1099853515625,391.6799926757813,1388300
2025-08-21,380.9513549804688,384.8299865722656,390.9100036621094,384.5799865722656,389.9500122070313,1117300
2025-08-22,390.2467346191406,394.2200012207031,395.2300109863281,384.3299865722656,385.75,896100
2025-08-25,386.9403991699219,390.8800048828125,395.3500061035156,389.3500061035156,393.6700134277344,972900
2025-08-26,390.3556518554688,394.3299865722656,394.9599914550781,389.7099914550781,391.2000122070313,1059800
2025-08-27,389.1875305175781,393.1499938964844,395.1099853515625,391.6700134277344,394.3399963378906,648800
2025-08-28,385.7425842285156,389.6700134277344,392.5,387.9200134277344,390.6499938964844,1028600
2025-08-29,387.465087890625,391.4100036621094,391.989990234375,388.3500061035156,389.7699890136719,672500
2025-09-02,386.0098571777344,389.9400024414063,390.8999938964844,386.010009765625,388.9200134277344,1141000
2025-09-03,384.6437683105469,388.55999755859375,391.3999938964844,384.25,389.8800048828125,898000
2025-09-04,390.3655395507813,394.3399963378906,396.8599853515625,386.80999755859375,389.1199951171875,1040200
2025-09-05,388.3559875488281,392.30999755859375,396.3699951171875,389.6400146484375,394.0,1094100
2025-09-08,389.14788818359375,393.1099853515625,393.5299987792969,388.1600036621094,390.9800109863281,854500
2025-09-09,388.8014526367188,392.760009765625,395.8999938964844,390.3900146484375,392.8999938964844,1024700
2025-09-10,379.1101379394531,382.9700012207031,392.9500122070313,381.510009765625,392.9500122070313,931700
2025-09-11,384.8714904785156,388.7900085449219,389.3699951171875,382.9500122070313,383.2200012207031,861300
2025-09-12,379.4764099121094,383.3399963378906,387.7999877929688,382.7099914550781,386.0400085449219,985300
2025-09-15,373.3091735839844,377.1099853515625,386.5199890136719,376.6600036621094,383.7799987792969,843000
2025-09-16,372.8240966796875,376.6199951171875,378.5899963378906,375.0,375.489990234375,1251200
2025-09-17,373.08148193359375,376.8800048828125,381.1900024414063,374.7699890136719,376.6000061035156,949400
2025-09-18,374.0318298339844,377.8399963378906,378.1499938964844,373.2699890136719,374.6900024414063,1531700
2025-09-19,373.0320129394531,376.8299865722656,380.3999938964844,376.30999755859375,379.0799865722656,1924300
2025-09-22,374.4079895019531,378.2200012207031,381.6199951171875,374.1199951171875,375.6499938964844,2095300
2025-09-23,369.7553405761719,373.5199890136719,378.6900024414063,372.0799865722656,376.6700134277344,1865300
2025-09-24,367.4785461425781,371.2200012207031,374.1799926757813,369.3999938964844,372.80999755859375,1684700
2025-09-25,364.8552856445313,368.5700073242188,369.3800048828125,362.0,367.8999938964844,1752400
2025-09-26,365.30072021484375,369.0199890136719,372.2999877929688,368.5700073242188,370.3900146484375,964900
2025-09-29,366.1520385742188,369.8800048828125,369.8900146484375,365.0400085449219,368.6499938964844,1404800
2025-09-30,366.7771301269531,369.6700134277344,371.25,365.8999938964844,369.1799926757813,1673800
2025-10-01,361.3003234863281,364.1499938964844,371.1700134277344,352.6499938964844,370.0899963378906,3205800
2025-10-02,363.5326843261719,366.3999938964844,366.7999877929688,359.17999267578125,361.6600036621094,1641700
2025-10-03,367.6006164550781,370.5,373.2200012207031,366.80999755859375,367.2999877929688,1078500
2025-10-06,363.4136657714844,366.2799987792969,373.5,365.0,371.010009765625,1721800
2025-10-07,366.3504943847656,369.239990234375,370.0,364.9299926757813,367.0899963378906,1393200
2025-10-08,372.3531494140625,375.2900085449219,375.80999755859375,369.3399963378906,370.1300048828125,1835000
2025-10-09,367.302978515625,370.2000122070313,376.9100036621094,369.80999755859375,375.9100036621094,1746200
2025-10-10,361.7467956542969,364.6000061035156,371.7999877929688,364.6000061035156,370.2999877929688,1261200
2025-10-13,362.0643310546875,364.9200134277344,370.6000061035156,363.3699951171875,363.9599914550781,1134800
2025-10-14,367.10455322265625,370.0,372.9500122070313,364.2699890136719,364.2999877929688,1288200
2025-10-15,366.8564758300781,369.75,373.0400085449219,367.3200073242188,369.5700073242188,1489000
2025-10-16,366.36041259765625,369.25,372.8800048828125,366.4700012207031,370.239990234375,1126000
2025-10-17,371.4899597167969,374.4200134277344,374.7799987792969,368.30999755859375,369.510009765625,1129700
2025-10-20,378.2367248535156,381.2200012207031,382.7200012207031,370.9400024414063,375.7000122070313,1417300
2025-10-21,376.7881774902344,379.760009765625,383.1199951171875,377.239990234375,381.2200012207031,1062100
2025-10-22,385.3109436035156,388.3500061035156,392.5499877929688,383.5299987792969,385.6099853515625,1789400
2025-10-23,380.0623474121094,383.05999755859375,388.6099853515625,378.7200012207031,387.0,1352700
2025-10-24,378.8022766113281,381.7900085449219,384.80999755859375,379.2099914550781,384.7999877929688,1143200
2025-10-27,380.7171936035156,383.7200012207031,383.9100036621094,379.5400085449219,382.8599853515625,1179900
2025-10-28,372.9881286621094,375.9299926757813,383.05999755859375,375.7000122070313,382.3999938964844,1325100
2025-10-29,366.6977233886719,369.5899963378906,375.30999755859375,367.5700073242188,375.2799987792969,1451400
2025-10-30,366.092529296875,368.9800109863281,372.3999938964844,368.0,368.9299926757813,1768100
2025-10-31,353.4521789550781,356.239990234375,369.4299926757813,355.7300109863281,363.7000122070313,2750300
2025-11-03,355.357177734375,358.1600036621094,360.6499938964844,353.8599853515625,356.6000061035156,1877800
2025-11-04,359.7723693847656,362.6099853515625,363.7200012207031,355.1000061035156,358.29998779296875,1801600
2025-11-05,354.8710327148437,357.6700134277344,364.9200134277344,353.4800109863281,362.5,2110200
2025-11-06,351.0412292480469,353.8099975585937,356.0899963378906,349.1600036621094,354.32000732421875,2732100
2025-11-07,353.2438659667969,356.0299987792969,357.5,352.5,354.6300048828125,1523200
2025-11-10,352.24176025390625,355.0199890136719,355.29998779296875,351.239990234375,354.3999938964844,1868800
2025-11-11,360.8538513183594,363.7000122070313,364.0700073242188,354.07000732421875,356.0599975585937,2228000
2025-11-12,364.4653625488281,367.3399963378906,370.6099853515625,362.7999877929688,364.1000061035156,1678200
2025-11-13,370.497802734375,373.4200134277344,375.989990234375,364.7999877929688,364.7999877929688,2589200
2025-11-14,359.38543701171875,362.2200012207031,373.4100036621094,362.1499938964844,371.8200073242188,1913200
2025-11-17,357.311767578125,360.1300048828125,363.6600036621094,357.5,362.1000061035156,2018700
2025-11-18,356.7065124511719,359.5199890136719,365.25,357.4599914550781,360.1300048828125,1760800
2025-11-19,361.3797302246094,364.2300109863281,364.6400146484375,358.3599853515625,359.5199890136719,1696700
2025-11-20,357.6590270996094,360.4800109863281,369.55999755859375,360.010009765625,365.9700012207031,1381400
2025-11-21,365.3880615234375,368.2699890136719,371.0,361.1900024414063,363.05999755859375,1460200
2025-11-24,367.3228149414063,370.2200012207031,372.0,367.3900146484375,368.4100036621094,1927600
2025-11-25,372.144775390625,375.0799865722656,376.6199951171875,371.0,372.7000122070313,1374900
2025-11-26,369.3766479492188,372.2900085449219,376.4500122070313,370.3999938964844,376.4500122070313,2021100
2025-11-28,368.2752990722656,371.1799926757813,373.6000061035156,371.1700134277344,372.6400146484375,641300
2025-12-01,369.4063720703125,372.3200073242188,374.1000061035156,369.0,369.4200134277344,1637600
2025-12-02,363.8105163574219,366.6799926757813,373.0,364.489990234375,372.4299926757813,1561100
2025-12-03,363.0862426757813,365.9500122070313,369.2200012207031,365.5,366.9599914550781,939800
2025-12-04,361.4987487792969,364.3500061035156,367.6199951171875,362.3800048828125,366.5,1628400
2025-12-05,361.17132568359375,364.0199890136719,368.239990234375,361.9500122070313,365.5199890136719,1415600
2025-12-08,350.8328552246094,353.6000061035156,363.739990234375,351.5,363.6000061035156,1933400
2025-12-09,346.4970703125,349.2300109863281,357.6400146484375,348.7799987792969,355.45001220703125,1481600
2025-12-10,351.03131103515625,353.79998779296875,354.3099975585937,347.260009765625,348.2799987792969,2160900
2025-12-11,350.20782470703125,352.9700012207031,361.0,352.6499938964844,355.4700012207031,1550500
2025-12-12,351.3190612792969,354.0899963378906,356.3999938964844,352.3699951171875,353.8999938964844,1400400
2025-12-15,352.5295104980469,355.3099975585937,356.2099914550781,351.1099853515625,354.5199890136719,2144000
2025-12-16,348.9378356933594,351.69000244140625,354.989990234375,349.54998779296875,354.989990234375,2352900
2025-12-17,349.82086181640625,352.5799865722656,357.1600036621094,351.1499938964844,352.4599914550781,1967100
2025-12-18,350.3467102050781,353.1099853515625,359.8099975585937,352.7300109863281,353.8399963378906,1968300
2025-12-19,352.4203491210937,355.20001220703125,358.2799987792969,352.94000244140625,354.79998779296875,2757800
2025-12-22,353.73004150390625,356.5199890136719,357.6700134277344,353.5,353.6099853515625,2273800
2025-12-23,352.0433349609375,354.82000732421875,356.5199890136719,353.95001220703125,355.1400146484375,905200
2025-12-24,351.9639587402344,354.739990234375,355.9800109863281,354.3699951171875,354.3699951171875,787300
2025-12-26,351.4480285644531,354.2200012207031,355.6499938964844,353.010009765625,354.6499938964844,674400
2025-12-29,349.7414855957031,352.5,355.95001220703125,351.3099975585937,355.0799865722656,1435400
2025-12-30,351.3487854003906,354.1199951171875,355.0899963378906,351.0,351.5,854200
2025-12-31,349.5882873535156,351.4700012207031,354.3599853515625,351.1499938964844,353.92999267578125,1196400
2026-01-02,346.3158874511719,348.17999267578125,351.54998779296875,345.7200012207031,351.2799987792969,2102300
2026-01-05,346.9226379394531,348.7900085449219,351.57000732421875,344.6300048828125,345.1099853515625,1938100
2026-01-06,364.4284362792969,366.3900146484375,367.0400085449219,349.0,350.8900146484375,2279700
2026-01-07,365.7811279296875,367.75,368.2200012207031,363.9800109863281,367.6799926757813,2174800
2026-01-08,365.2440185546875,367.2099914550781,370.8800048828125,364.1099853515625,364.8399963378906,1682100
2026-01-09,365.572265625,367.5400085449219,370.75,365.9200134277344,367.9700012207031,2001900
2026-01-12,359.435302734375,361.3699951171875,367.1900024414063,358.1700134277344,366.4400024414063,1926600
2026-01-13,353.9150085449219,355.82000732421875,361.8999938964844,351.6700134277344,361.0,1820500
2026-01-14,357.4659118652344,359.3900146484375,359.3900146484375,350.0199890136719,353.0299987792969,1795000
2026-01-15,360.5492858886719,362.489990234375,364.4100036621094,356.6499938964844,358.6300048828125,1690700
2026-01-16,361.8323669433594,363.7799987792969,365.4400024414063,360.239990234375,361.5899963378906,2177800
2026-01-20,357.6846923828125,359.6099853515625,365.0,358.3900146484375,359.8099975585937,2040600
2026-01-21,360.9968872070313,362.9400024414063,365.2999877929688,360.0799865722656,361.6300048828125,1969600
2026-01-22,356.749755859375,358.6700134277344,364.9800109863281,358.3699951171875,362.9200134277344,1731400
2026-01-23,353.13916015625,355.0400085449219,358.5899963378906,350.8299865722656,357.1300048828125,1846900
2026-01-26,355.0688171386719,356.9800109863281,358.69000244140625,354.6199951171875,355.2900085449219,1715700
2026-01-27,352.67169189453125,354.57000732421875,357.9200134277344,354.04998779296875,355.010009765625,1396000
2026-01-28,355.91424560546875,357.8299865722656,359.739990234375,352.4800109863281,353.5400085449219,2026200
2026-01-29,352.40313720703125,354.29998779296875,359.9599914550781,350.32000732421875,357.29998779296875,2224500
2026-01-30,367.5814208984375,369.55999755859375,375.9200134277344,363.4800109863281,369.1000061035156,3319700
2026-02-02,366.1690673828125,368.1400146484375,369.6099853515625,363.9200134277344,367.9299926757813,1875800
2026-02-03,358.88824462890625,360.8200073242188,371.8999938964844,358.7900085449219,368.1099853515625,2041400
2026-02-04,358.72906494140625,360.6600036621094,369.1099853515625,357.7300109863281,360.1499938964844,3862500
2026-02-05,360.4796752929688,362.4200134277344,368.0799865722656,360.7900085449219,362.6799926757813,3032300
2026-02-06,356.3717956542969,358.2900085449219,364.80999755859375,354.4800109863281,361.7000122070313,2002100
2026-02-09,354.173583984375,356.0799865722656,357.2200012207031,349.3699951171875,354.45001220703125,2336500
2026-02-10,359.126953125,361.05999755859375,369.30999755859375,357.44000244140625,358.4700012207031,2448300
2026-02-11,361.7528381347656,363.7000122070313,364.1000061035156,355.7799987792969,360.3699951171875,1949300
2026-02-12,363.8912963867188,365.8500061035156,372.0499877929688,365.05999755859375,365.5899963378906,2126800
2026-02-13,364.0902099609375,366.0499877929688,378.0899963378906,364.25,369.7099914550781,2339800
2026-02-17,367.2034606933594,369.1799926757813,374.7900085449219,367.9400024414063,369.6499938964844,2313500
2026-02-18,375.2998962402344,377.3200073242188,377.3399963378906,366.1000061035156,367.6499938964844,2670000
2026-02-19,370.6648254394531,372.6600036621094,376.9500122070313,368.8999938964844,374.6900024414063,1487500
2026-02-20,378.1943359375,380.2300109863281,381.3900146484375,370.1499938964844,374.5,1806700
2026-02-23,382.6702270507813,384.7300109863281,388.2099914550781,379.760009765625,380.2900085449219,1765800
2026-02-24,379.2884216308594,381.3299865722656,385.9599914550781,379.1300048828125,384.2699890136719,1325900
2026-02-25,381.9739685058594,384.0299987792969,386.55999755859375,379.4599914550781,379.5700073242188,1013600
2026-02-26,383.9930725097656,386.05999755859375,388.3900146484375,382.4500122070313,386.239990234375,1060500
2026-02-27,385.3856201171875,387.4599914550781,388.6700134277344,381.75,382.5700073242188,1790000
2026-03-02,384.9479370117188,387.0199890136719,389.3299865722656,383.010009765625,383.5,1868600
2026-03-03,382.5309448242188,384.5899963378906,385.989990234375,376.3800048828125,383.989990234375,1406000
2026-03-04,379.8454284667969,381.8900146484375,384.510009765625,380.8699951171875,382.9200134277344,1661200
2026-03-05,368.5163879394531,370.5,377.489990234375,368.4400024414063,377.1300048828125,1974200
2026-03-06,362.6081848144531,364.55999755859375,368.25,356.25,366.5700073242188,1569900
2026-03-09,363.9609375,365.9200134277344,367.4299926757813,356.94000244140625,360.760009765625,1842900
2026-03-10,356.7298278808594,358.6499938964844,364.8999938964844,357.75,364.6099853515625,1428200
2026-03-11,343.9287414550781,345.7799987792969,359.75,339.489990234375,358.489990234375,4077000
2026-03-12,335.4046325683594,337.2099914550781,346.6600036621094,328.2300109863281,343.8500061035156,3547900
2026-03-13,334.96697998046875,336.7699890136719,344.3999938964844,335.739990234375,341.0,2272500
2026-03-16,347.6885070800781,349.5599975585937,350.3399963378906,339.1000061035156,340.5899963378906,2870900
2026-03-17,347.24090576171875,349.1099853515625,355.75,348.82000732421875,350.510009765625,2519400
2026-03-18,343.9585876464844,345.8099975585937,349.3299865722656,341.0,345.3500061035156,2433700
2026-03-19,337.94097900390625,339.760009765625,347.0799865722656,339.6099853515625,342.9599914550781,2332400
2026-03-20,333.8728942871094,335.6700134277344,342.2900085449219,334.32000732421875,340.20001220703125,2876200
2026-03-23,330.8093566894531,332.5899963378906,341.19000244140625,332.3800048828125,337.25,2401800
2026-03-24,326.751220703125,328.510009765625,331.6199951171875,327.2099914550781,331.2200012207031,2544600
2026-03-25,325.89581298828125,327.6499938964844,334.2300109863281,324.92999267578125,332.739990234375,1934300
2026-03-26,330.8988952636719,332.67999267578125,339.6700134277344,325.6300048828125,325.67999267578125,2219600
2026-03-27,325.6869506835937,327.44000244140625,335.0400085449219,325.7200012207031,332.6499938964844,1787100
2026-03-30,324.3540954589844,326.1000061035156,331.9599914550781,324.4800109863281,329.7099914550781,1944900
2026-03-31,327.7151184082031,328.5899963378906,328.94000244140625,319.32000732421875,327.0,2391400
2026-04-01,328.5229797363281,329.3999938964844,331.57000732421875,326.54998779296875,329.2799987792969,1657200
2026-04-02,330.65728759765625,331.5400085449219,332.989990234375,324.0299987792969,327.0,1485700
2026-04-06,331.4152526855469,332.29998779296875,334.4200134277344,330.2200012207031,330.9100036621094,1332400
2026-04-07,331.1858825683594,332.07000732421875,333.17999267578125,327.70001220703125,330.25,1660100
2026-04-08,339.104736328125,340.010009765625,341.2900085449219,336.2900085449219,336.2900085449219,1731000
2026-04-09,338.237060546875,339.1400146484375,339.94000244140625,334.2200012207031,338.1600036621094,1393500
2026-04-10,338.2470092773437,339.1499938964844,345.17999267578125,337.0299987792969,342.8900146484375,1733700
2026-04-13,346.3154602050781,347.239990234375,347.54998779296875,339.2900085449219,341.0,2590400
2026-04-14,344.9591064453125,345.8800048828125,352.79998779296875,345.510009765625,347.8399963378906,2304800
2026-04-15,340.3314514160156,341.239990234375,348.2699890136719,341.0400085449219,346.7099914550781,2066000
2026-04-16,337.47906494140625,338.3800048828125,342.7799987792969,336.5199890136719,340.7200012207031,1609600
2026-04-17,342.4059143066406,343.32000732421875,347.5199890136719,341.0599975585937,342.0199890136719,2477900
2026-04-20,337.4391784667969,338.3399963378906,344.6199951171875,337.3500061035156,342.8699951171875,1158700
2026-04-21,326.4285583496094,327.29998779296875,339.3900146484375,326.94000244140625,338.29998779296875,1690500
2026-04-22,328.4731140136719,329.3500061035156,335.4200134277344,327.75,327.75,2328500
2026-04-23,328.7723083496094,329.6499938964844,333.239990234375,324.8999938964844,329.0,1248400
2026-04-24,326.6380310058594,327.510009765625,334.5899963378906,325.0,327.989990234375,1675300
2026-04-27,328.134033203125,329.010009765625,330.94000244140625,325.5,326.5899963378906,2022700
2026-04-28,320.5741882324219,321.42999267578125,332.2699890136719,320.1199951171875,331.3900146484375,2017600
2026-04-29,314.2909851074219,315.1300048828125,319.7900085449219,311.3099975585937,319.32000732421875,2936500
2026-04-30,314.2909851074219,315.1300048828125,317.8399963378906,313.0,314.1499938964844,2754300
2026-05-01,293.9453125,294.7300109863281,313.3399963378906,294.54998779296875,313.3399963378906,4519500
2026-05-04,290.10552978515625,290.8800048828125,297.3800048828125,290.2200012207031,294.6499938964844,3089800
2026-05-05,294.4638977050781,295.25,297.239990234375,290.1700134277344,291.2900085449219,3454500
2026-05-06,291.5516662597656,292.3299865722656,297.6199951171875,289.9100036621094,297.6199951171875,3033300
2026-05-07,293.4466247558594,294.2300109863281,298.7300109863281,292.4800109863281,292.9599914550781,2648700
2026-05-08,284.7099304199219,285.4700012207031,294.9100036621094,284.95001220703125,294.0,2136100
2026-05-11,281.82763671875,282.5799865722656,286.3399963378906,281.0,285.5599975585937,2619800
2026-05-12,293.6660461425781,294.45001220703125,296.3800048828125,284.75,285.79998779296875,3371300
2026-05-13,301.2856750488281,302.0899963378906,303.7300109863281,290.0,290.4599914550781,3800300
2026-05-14,304.69659423828125,305.510009765625,306.79998779296875,298.4700012207031,301.2300109863281,3178200
2026-05-15,305.9432678222656,306.760009765625,311.0799865722656,306.1199951171875,309.8900146484375,3594900
2026-05-18,312.38604736328125,313.2200012207031,314.82000732421875,305.0,307.0,3515100
2026-05-19,316.90399169921875,317.75,318.7300109863281,310.2300109863281,313.54998779296875,3575800
2026-05-20,320.634033203125,321.489990234375,322.8699951171875,313.9800109863281,318.2099914550781,3020300
2026-05-21,312.6653137207031,313.5,322.0,313.0599975585937,317.9800109863281,2890700
2026-05-22,315.63739013671875,316.4800109863281,318.8999938964844,312.42999267578125,313.5,1893100
2026-05-26,312.1666564941406,313.0,315.69000244140625,310.3500061035156,314.5199890136719,2834600
2026-05-27,305.1254577636719,305.94000244140625,315.67999267578125,300.2099914550781,314.760009765625,3672800
2026-05-28,306.8109436035156,307.6300048828125,310.510009765625,303.07000732421875,305.5899963378906,2439000
2026-05-29,304.2777099609375,305.0899963378906,309.0799865722656,304.0,307.5,6064600
2026-06-01,298.6626892089844,299.4599914550781,305.32000732421875,297.8800048828125,303.7699890136719,2950200
2026-06-02,292.5190734863281,293.29998779296875,297.0599975585937,290.9599914550781,296.5400085449219,2995600
2026-06-03,294.2145690917969,295.0,297.5199890136719,291.739990234375,295.0,2188700
2026-06-04,300.40802001953125,301.2099914550781,306.45001220703125,298.0199890136719,299.989990234375,2476600
2026-06-05,304.84619140625,305.6600036621094,311.0,303.760009765625,305.6099853515625,2123100
2026-06-08,300.7271728515625,301.5299987792969,304.9800109863281,301.45001220703125,302.739990234375,1676900
2026-06-09,313.1739501953125,314.010009765625,315.1600036621094,302.5,303.260009765625,2701700
2026-06-10,308.0177307128906,308.8399963378906,315.4700012207031,306.9700012207031,314.7200012207031,1678400
2026-06-11,304.8262634277344,305.6400146484375,309.9800109863281,302.6700134277344,307.3999938964844,2030200
2026-06-12,311.3687744140625,312.20001220703125,314.2699890136719,306.3900146484375,308.2799987792969,3182300
2026-06-15,307.1201171875,307.94000244140625,312.3099975585937,306.6700134277344,310.19000244140625,2444400
2026-06-16,309.7530822753906,310.5799865722656,311.5,305.79998779296875,309.239990234375,1754700
2026-06-17,300.3382263183594,301.1400146484375,310.7099914550781,299.19000244140625,308.0,2930400
2026-06-18,306.98046875,307.79998779296875,311.5400085449219,299.3599853515625,301.19000244140625,3427700
2026-06-22,303.8787841796875,304.69000244140625,311.82000732421875,303.510009765625,307.57000732421875,2395500
2026-06-23,309.17462158203125,310.0,311.67999267578125,304.0400085449219,308.7799987792969,2260500
2026-06-24,312.8448181152344,313.67999267578125,319.5400085449219,311.54998779296875,312.8099975585937,2947400
2026-06-25,315.2683410644531,316.1099853515625,322.25,314.0,316.0199890136719,2299700
2026-06-26,331.8241577148437,332.7099914550781,333.82000732421875,317.75,317.75,5507800
2026-06-29,329.6399841308594,330.5199890136719,334.75,329.25,333.07000732421875,2810000
2026-06-30,314.8399963378906,314.8399963378906,327.0,311.19000244140625,326.6099853515625,2955800
2026-07-01,313.3900146484375,313.3900146484375,319.0199890136719,309.2300109863281,317.1600036621094,2917800
2026-07-02,326.5400085449219,326.5400085449219,327.760009765625,307.489990234375,317.0400085449219,2609800
2026-07-06,324.7300109863281,324.7300109863281,327.760009765625,318.0299987792969,327.5,2141100
2026-07-07,329.739990234375,329.739990234375,333.989990234375,324.5400085449219,328.8999938964844,2573100
2026-07-08,326.8500061035156,326.8500061035156,330.7300109863281,325.510009765625,328.7799987792969,2319700
2026-07-09,327.1099853515625,327.1099853515625,330.2200012207031,321.7900085449219,325.6400146484375,1947200
2026-07-10,329.7799987792969,329.7799987792969,331.5799865722656,327.0,328.0599975585937,2724600
2026-07-13,331.45001220703125,331.45001220703125,336.1499938964844,329.1000061035156,330.17999267578125,2217700
2026-07-14,311.07000732421875,311.07000732421875,319.5599975585937,306.5299987792969,319.5599975585937,4052800
2026-07-15,316.44000244140625,316.44000244140625,317.489990234375,310.3599853515625,313.0,2722200
2026-07-16,331.20001220703125,331.20001220703125,335.8599853515625,318.760009765625,320.1199951171875,2305700
2026-07-17,319.8699951171875,319.8699951171875,329.260009765625,318.0799865722656,328.8999938964844,2459700
2026-07-20,319.1400146484375,319.1400146484375,322.1600036621094,317.19000244140625,319.2300109863281,1632700
2026-07-21,314.5799865722656,314.5799865722656,316.739990234375,311.45001220703125,314.1499938964844,1412600
2026-07-22,309.239990234375,309.239990234375,316.989990234375,309.1199951171875,315.0599975585937,2152300
2026-07-23,318.9700012207031,318.9700012207031,319.3800048828125,306.8999938964844,310.17999267578125,2509000
2026-07-24,330.25,330.25,330.8099975585937,324.0199890136719,325.0799865722656,2372600
2026-07-27,336.739990234375,336.739990234375,338.7900085449219,331.9200134277344,332.82000732421875,2069900
2026-07-28,346.6000061035156,346.6000061035156,352.4599914550781,344.010009765625,346.6600036621094,2751800
2026-07-29,352.25,352.25,352.489990234375,342.9200134277344,344.1199951171875,1857400
2026-07-30,348.0400085449219,348.0400085449219,351.489990234375,344.3999938964844,349.7300109863281,2767300
2026-07-31,325.70001220703125,325.70001220703125,334.4599914550781,317.6199951171875,330.1000061035156,4536500
2026-08-03,341.20001220703125,341.20001220703125,342.0400085449219,330.6000061035156,332.94000244140625,2627600
2026-08-04,335.9599914550781,335.9599914550781,339.6499938964844,331.5899963378906,336.0400085449219,3180100
2026-08-05,337.0299987792969,337.0299987792969,339.0,330.1600036621094,336.1000061035156,2031500
2026-08-06,337.42999267578125,337.42999267578125,343.8699951171875,334.239990234375,340.45001220703125,1803200
2026-08-07,339.0299987792969,339.0299987792969,340.0,332.5400085449219,336.6700134277344,1845900
2026-08-10,345.8099975585937,345.8099975585937,345.92999267578125,335.0,337.0299987792969,1660100
2026-08-11,348.1499938964844,348.1499938964844,349.7699890136719,344.45001220703125,344.45001220703125,1626800
2026-08-12,347.2099914550781,347.2099914550781,347.4599914550781,339.3500061035156,342.19000244140625,2089900
2026-08-13,341.0899963378906,341.0899963378906,346.6400146484375,339.5299987792969,345.0199890136719,2017200
2026-08-14,339.2099914550781,339.2099914550781,341.510009765625,335.1199951171875,341.5,2800800
2026-08-17,331.67999267578125,331.67999267578125,339.760009765625,331.29998779296875,338.0,2286600
2026-08-18,331.3699951171875,331.3699951171875,339.239990234375,331.0400085449219,337.0,3179900
2026-08-19,339.9800109863281,339.9800109863281,343.8999938964844,331.0,331.739990234375,2188000
2026-08-20,327.70001220703125,327.70001220703125,342.3500061035156,327.4700012207031,338.260009765625,2232100
2026-08-21,329.45001220703125,329.45001220703125,332.54998779296875,324.0,326.0299987792969,3163300
2026-08-24,327.8099975585937,327.8099975585937,334.8699951171875,327.010009765625,330.0,1878100
