Date,Adj Close,Close,High,Low,Open,Volume
2015-01-02,17.39369010925293,19.612499237060547,19.774999618530273,19.392499923706055,19.727500915527344,1822000
2015-01-05,17.07663917541504,19.2549991607666,19.612499237060547,19.212499618530273,19.537500381469727,3243200
2015-01-06,17.04338264465332,19.217500686645508,19.424999237060547,18.975000381469727,19.372499465942383,4724000
2015-01-07,16.95469093322754,19.11750030517578,19.412500381469727,19.077499389648438,19.40999984741211,3350000
2015-01-08,17.234058380126953,19.4325008392334,19.50749969482422,19.25,19.364999771118164,3518800
2015-01-09,17.098812103271484,19.280000686645508,19.49250030517578,19.190000534057617,19.487499237060547,3018000
2015-01-12,16.99016761779785,19.157499313354492,19.377500534057617,18.975000381469727,19.262500762939453,2419600
2015-01-13,17.185283660888672,19.377500534057617,19.510000228881836,19.19499969482422,19.327499389648438,5664000
2015-01-14,17.198585510253906,19.392499923706055,19.4325008392334,19.270000457763672,19.329999923706055,6072800
2015-01-15,17.21854019165039,19.415000915527344,19.565000534057617,19.327499389648438,19.452499389648438,5084000
2015-01-16,17.50011444091797,19.732500076293945,19.737499237060547,19.422500610351562,19.440000534057617,4970400
2015-01-20,17.469078063964844,19.697500228881836,19.809999465942383,19.565000534057617,19.737499237060547,3750400
2015-01-21,17.615407943725586,19.862499237060547,19.88249969482422,19.592500686645508,19.6299991607666,3124800
2015-01-22,17.699663162231445,19.957500457763672,19.985000610351562,19.719999313354492,19.920000076293945,7003600
2015-01-23,17.688575744628906,19.94499969482422,20.020000457763672,19.825000762939453,19.907499313354492,3444000
2015-01-26,17.730703353881836,19.99250030517578,20.232500076293945,19.872499465942383,20.104999542236328,3648000
2015-01-27,17.710750579833984,19.969999313354492,20.114999771118164,19.8700008392334,19.889999389648438,3418000
2015-01-28,17.371519088745117,19.587499618530273,20.084999084472656,19.56999969482422,20.010000228881836,3524400
2015-01-29,17.710750579833984,19.969999313354492,20.010000228881836,19.502500534057617,19.545000076293945,3100000
2015-01-30,17.44911766052246,19.674999237060547,19.954999923706055,19.672500610351562,19.797500610351562,3734000
2015-02-02,17.744007110595703,20.00749969482422,20.014999389648438,19.489999771118164,19.69499969482422,2193200
2015-02-03,17.89034080505371,20.172500610351562,20.247499465942383,19.94499969482422,20.167499542236328,3715600
2015-02-04,17.739572525024414,20.002500534057617,20.350000381469727,19.934999465942383,20.190000534057617,3040400
2015-02-05,17.84821319580078,20.125,20.202499389648438,20.06999969482422,20.102500915527344,1668000
2015-02-06,17.74622344970703,20.010000228881836,20.207500457763672,19.947500228881836,20.122499465942383,1790000
2015-02-09,17.66419219970703,19.917499542236328,20.077499389648438,19.864999771118164,20.0,1108000
2015-02-10,17.865949630737305,20.145000457763672,20.157499313354492,19.862499237060547,20.100000381469727,1683600
2015-02-11,17.945768356323242,20.235000610351562,20.28499984741211,20.012500762939453,20.084999084472656,2062400
2015-02-12,18.22735023498535,20.552499771118164,20.55500030517578,20.200000762939453,20.292499542236328,2111600
2015-02-13,18.100971221923828,20.40999984741211,20.627500534057617,20.332500457763672,20.5575008392334,1742800
2015-02-17,18.149751663208008,20.46500015258789,20.607500076293945,20.38249969482422,20.59000015258789,1380400
2015-02-18,18.158613204956055,20.475000381469727,20.50749969482422,20.329999923706055,20.4325008392334,1274000
2015-02-19,18.178571701049805,20.497499465942383,20.549999237060547,20.422500610351562,20.469999313354492,1452800
2015-02-20,18.284996032714844,20.61750030517578,20.657499313354492,20.197500228881836,20.434999465942383,1897200
2015-02-23,18.333776473999023,20.672500610351562,20.6825008392334,20.46500015258789,20.625,1870000
2015-02-24,18.440196990966797,20.792499542236328,20.834999084472656,20.59000015258789,20.625,2238400
2015-02-25,18.557708740234375,20.924999237060547,21.020000457763672,20.752500534057617,20.844999313354492,2073600
2015-02-26,18.626434326171875,21.002500534057617,21.045000076293945,20.872499465942383,20.872499465942383,1934400
2015-02-27,18.508926391601562,20.8700008392334,20.9950008392334,20.815000534057617,20.94499969482422,1627200
2015-03-02,18.737302780151367,21.127500534057617,21.147499084472656,20.8125,20.8799991607666,1486800
2015-03-03,18.67078399658203,21.052499771118164,21.065000534057617,20.8799991607666,21.037500381469727,1774800
2015-03-04,18.573226928710938,20.9424991607666,20.967500686645508,20.797500610351562,20.959999084472656,2077600
2015-03-05,18.389198303222656,20.735000610351562,20.9375,20.6924991607666,20.9375,1514400
2015-03-06,18.242868423461914,20.56999969482422,20.752500534057617,20.452499389648438,20.579999923706055,1652400
2015-03-09,18.588747024536133,20.959999084472656,21.024999618530273,20.587499618530273,20.65250015258789,2074400
2015-03-10,18.132009506225586,20.44499969482422,20.782499313354492,20.44499969482422,20.737499237060547,1891600
2015-03-11,18.107622146606445,20.417499542236328,20.594999313354492,20.354999542236328,20.545000076293945,1448800
2015-03-12,18.37146759033203,20.71500015258789,20.727500915527344,20.447500228881836,20.520000457763672,2632000
2015-03-13,18.30495262145996,20.639999389648438,20.795000076293945,20.342500686645508,20.732500076293945,2080800
2015-03-16,18.927976608276367,21.342500686645508,21.362499237060547,20.8174991607666,20.8174991607666,3581200
2015-03-17,18.903581619262695,21.315000534057617,21.38249969482422,21.0049991607666,21.332500457763672,2317600
2015-03-18,19.103134155273438,21.540000915527344,21.584999084472656,21.0625,21.309999465942383,3026800
2015-03-19,18.615354537963867,20.989999771118164,22.0575008392334,20.639999389648438,21.987499237060547,6255600
2015-03-20,18.302738189697266,20.637500762939453,21.084999084472656,20.637500762939453,21.075000762939453,6161200
2015-03-23,18.586532592773438,20.957500457763672,21.024999618530273,20.549999237060547,20.637500762939453,3344800
2015-03-24,18.56436538696289,20.9325008392334,21.017499923706055,20.852500915527344,20.985000610351562,2152000
2015-03-25,18.11427116394043,20.424999237060547,21.002500534057617,20.3700008392334,21.002500534057617,5444400
2015-03-26,17.987897872924805,20.282499313354492,20.447500228881836,20.190000534057617,20.332500457763672,2793600
2015-03-27,18.265043258666992,20.594999313354492,20.61750030517578,20.227500915527344,20.237499237060547,3061600
2015-03-30,18.344863891601562,20.684999465942383,20.809999465942383,20.63249969482422,20.707500457763672,1798000
2015-03-31,18.098758697509766,20.407499313354492,20.69499969482422,20.360000610351562,20.6825008392334,3650800
2015-04-01,18.116493225097656,20.427499771118164,20.5049991607666,20.165000915527344,20.447500228881836,2781600
2015-04-02,18.333776473999023,20.672500610351562,20.704999923706055,20.44499969482422,20.44499969482422,2116400
2015-04-06,18.140884399414062,20.454999923706055,20.645000457763672,20.422500610351562,20.524999618530273,2938800
2015-04-07,18.178571701049805,20.497499465942383,20.510000228881836,20.274999618530273,20.427499771118164,3863200
2015-04-08,18.209613800048828,20.532499313354492,20.665000915527344,20.329999923706055,20.52750015258789,3046400
2015-04-09,18.100971221923828,20.40999984741211,20.6299991607666,20.309999465942383,20.53499984741211,1906800
2015-04-10,18.25395965576172,20.582500457763672,20.622499465942383,20.399999618530273,20.462499618530273,1881600
2015-04-13,18.03002166748047,20.329999923706055,20.4375,20.290000915527344,20.3125,2234800
2015-04-14,18.10983657836914,20.420000076293945,20.450000762939453,20.100000381469727,20.260000228881836,2569200
2015-04-15,18.231786727905273,20.5575008392334,20.657499313354492,20.487499237060547,20.487499237060547,2724000
2015-04-16,18.209613800048828,20.532499313354492,20.575000762939453,20.387500762939453,20.522499084472656,2100400
2015-04-17,18.043325424194336,20.344999313354492,20.475000381469727,20.24250030517578,20.372499465942383,2292800
2015-04-20,18.12314224243164,20.434999465942383,20.502500534057617,20.3799991607666,20.427499771118164,2416000
2015-04-21,18.189655303955078,20.510000228881836,20.5625,20.475000381469727,20.520000457763672,2119200
2015-04-22,18.19188117980957,20.512500762939453,20.565000534057617,20.385000228881836,20.520000457763672,2346800
2015-04-23,18.249521255493164,20.577499389648438,20.627500534057617,20.427499771118164,20.427499771118164,2095200
2015-04-24,18.209613800048828,20.532499313354492,20.639999389648438,20.512500762939453,20.592500686645508,2596000
2015-04-27,18.09654426574707,20.405000686645508,20.600000381469727,20.389999389648438,20.530000686645508,1664800
2015-04-28,18.067718505859375,20.372499465942383,20.469999313354492,20.292499542236328,20.407499313354492,2339200
2015-04-29,17.89034080505371,20.172500610351562,20.332500457763672,20.15999984741211,20.299999237060547,2048800
2015-04-30,17.726268768310547,19.987499237060547,20.19499969482422,19.877500534057617,20.079999923706055,3814400
2015-05-01,18.018936157226562,20.3174991607666,20.31999969482422,20.0575008392334,20.0575008392334,1965200
2015-05-04,18.074365615844727,20.3799991607666,20.485000610351562,20.315000534057617,20.360000610351562,1895600
2015-05-05,17.95907211303711,20.25,20.552499771118164,20.239999771118164,20.497499465942383,2150400
2015-05-06,17.899211883544922,20.1825008392334,20.282499313354492,20.047500610351562,20.24250030517578,2137200
2015-05-07,17.98567771911621,20.280000686645508,20.337499618530273,20.104999542236328,20.18000030517578,1706400
2015-05-08,18.271692276000977,20.602500915527344,20.65250015258789,20.28499984741211,20.477500915527344,1753200
2015-05-11,18.495624542236328,20.854999542236328,20.99250030517578,20.5,20.540000915527344,4971200
2015-05-12,18.284996032714844,20.61750030517578,20.862499237060547,20.537500381469727,20.774999618530273,3338800
2015-05-13,18.6574764251709,21.037500381469727,21.110000610351562,20.65250015258789,20.712499618530273,3829200
2015-05-14,18.872541427612305,21.280000686645508,21.295000076293945,21.049999237060547,21.15250015258789,2176800
2015-05-15,18.945703506469727,21.362499237060547,21.420000076293945,21.229999542236328,21.272499084472656,1676800
2015-05-18,19.138607025146484,21.579999923706055,21.6299991607666,21.297500610351562,21.309999465942383,2114400
2015-05-19,19.116437911987305,21.55500030517578,21.684999465942383,21.542499542236328,21.647499084472656,2232400
2015-05-20,19.13639259338379,21.577499389648438,21.667499542236328,21.50749969482422,21.540000915527344,2194000
2015-05-21,19.120872497558594,21.559999465942383,21.639999389648438,21.517499923706055,21.559999465942383,1768400
2015-05-22,19.06987762451172,21.502500534057617,21.610000610351562,21.145000457763672,21.389999389648438,1558800
2015-05-26,19.025529861450195,21.452499389648438,21.56999969482422,21.322500228881836,21.477500915527344,1916000
2015-05-27,19.103134155273438,21.540000915527344,21.572500228881836,21.392499923706055,21.450000762939453,1820800
2015-05-28,19.12973976135254,21.56999969482422,21.594999313354492,21.50749969482422,21.559999465942383,1573600
2015-05-29,19.087615966796875,21.522499084472656,21.707500457763672,21.520000457763672,21.594999313354492,2725200
2015-06-01,19.1452579498291,21.587499618530273,21.670000076293945,21.454999923706055,21.59749984741211,1980000
2015-06-02,19.056568145751953,21.487499237060547,21.575000762939453,21.4424991607666,21.452499389648438,2729600
2015-06-03,19.114215850830078,21.552499771118164,21.610000610351562,21.524999618530273,21.56999969482422,2924800
2015-06-04,18.919111251831055,21.332500457763672,21.610000610351562,21.3075008392334,21.537500381469727,2266800
2015-06-05,18.94793128967285,21.364999771118164,21.375,21.177499771118164,21.292499542236328,1448400
2015-06-08,18.8880672454834,21.297500610351562,21.440000534057617,21.274999618530273,21.34749984741211,1900400
2015-06-09,18.959014892578125,21.377500534057617,21.415000915527344,21.2450008392334,21.322500228881836,1075600
2015-06-10,19.15190887451172,21.594999313354492,21.667499542236328,21.344999313354492,21.49250030517578,1180000
2015-06-11,19.16520881652832,21.610000610351562,21.6924991607666,21.587499618530273,21.677499771118164,1716000
2015-06-12,19.078746795654297,21.512500762939453,21.55500030517578,21.264999389648438,21.47249984741211,1105600
2015-06-15,18.704038619995117,21.09000015258789,21.38249969482422,20.967500686645508,21.3125,3655200
2015-06-16,18.912450790405273,21.325000762939453,21.387500762939453,21.112499237060547,21.112499237060547,1441600
2015-06-17,18.972318649291992,21.392499923706055,21.44499969482422,21.25749969482422,21.375,1189600
2015-06-18,19.1718692779541,21.61750030517578,21.6825008392334,21.487499237060547,21.487499237060547,1638000
2015-06-19,19.245037078857422,21.700000762939453,21.764999389648438,21.524999618530273,21.600000381469727,4388400
2015-06-22,19.409099578857422,21.885000228881836,21.920000076293945,21.71500015258789,21.75,1480000
2015-06-23,19.386930465698242,21.860000610351562,21.997499465942383,21.837499618530273,21.97249984741211,2906800
2015-06-24,19.191818237304688,21.639999389648438,21.877500534057617,21.46500015258789,21.46500015258789,2495200
2015-06-25,19.032184600830078,21.459999084472656,21.7450008392334,21.4375,21.7450008392334,2341200
2015-06-26,18.93684196472168,21.352500915527344,21.545000076293945,21.2549991607666,21.502500534057617,5514400
2015-06-29,18.679649353027344,21.0625,21.36750030517578,21.045000076293945,21.252500534057617,1787600
2015-06-30,18.755041122436523,21.147499084472656,21.309999465942383,21.135000228881836,21.204999923706055,1836000
2015-07-01,18.919111251831055,21.332500457763672,21.354999542236328,21.239999771118164,21.315000534057617,2002000
2015-07-02,18.892499923706055,21.302499771118164,21.440000534057617,21.172500610351562,21.417499542236328,1533200
2015-07-06,18.868112564086914,21.274999618530273,21.344999313354492,21.149999618530273,21.149999618530273,1334400
2015-07-07,18.788291931152344,21.184999465942383,21.3700008392334,20.977500915527344,21.322500228881836,3020800
2015-07-08,18.566574096679688,20.934999465942383,21.172500610351562,20.895000457763672,21.065000534057617,2532400
2015-07-09,18.659696578979492,21.040000915527344,21.232500076293945,21.0,21.177499771118164,1644400
2015-07-10,18.857023239135742,21.262500762939453,21.350000381469727,21.1299991607666,21.299999237060547,1815600
2015-07-13,19.07209014892578,21.5049991607666,21.522499084472656,21.297500610351562,21.462499618530273,1382000
2015-07-14,19.12973976135254,21.56999969482422,21.6200008392334,21.417499542236328,21.52750015258789,902000
2015-07-15,19.085397720336914,21.520000457763672,21.600000381469727,21.46500015258789,21.559999465942383,1988800
2015-07-16,19.240596771240234,21.69499969482422,21.822500228881836,21.592500686645508,21.667499542236328,3652400
2015-07-17,18.96788787841797,21.387500762939453,21.627500534057617,21.157499313354492,21.625,4298800
2015-07-20,19.089828491210938,21.524999618530273,21.75,21.415000915527344,21.5,2796800
2015-07-21,18.8880672454834,21.297500610351562,21.690000534057617,21.295000076293945,21.545000076293945,2335600
2015-07-22,19.27606773376465,21.735000610351562,21.767499923706055,21.299999237060547,21.440000534057617,3426800
2015-07-23,19.01001739501953,21.434999465942383,21.747499465942383,21.392499923706055,21.71500015258789,1934400
2015-07-24,18.679649353027344,21.0625,21.389999389648438,21.030000686645508,21.3075008392334,1856000
2015-07-27,18.573226928710938,20.9424991607666,21.102500915527344,20.915000915527344,21.049999237060547,1726400
2015-07-28,18.806032180786133,21.204999923706055,21.207500457763672,20.857500076293945,21.022499084472656,1709600
2015-07-29,18.905799865722656,21.3174991607666,21.332500457763672,21.079999923706055,21.21500015258789,2033600
2015-07-30,18.903581619262695,21.315000534057617,21.372499465942383,21.0674991607666,21.18000030517578,1050000
2015-07-31,18.95679473876953,21.375,21.5,21.352500915527344,21.43000030517578,2292000
2015-08-03,19.096477508544922,21.532499313354492,21.549999237060547,21.260000228881836,21.452499389648438,1386800
2015-08-04,19.278287887573242,21.737499237060547,21.762500762939453,21.46500015258789,21.575000762939453,2378800
2015-08-05,19.42462158203125,21.90250015258789,21.987499237060547,21.792499542236328,21.979999542236328,3433600
2015-08-06,19.338153839111328,21.80500030517578,21.927499771118164,21.72249984741211,21.927499771118164,1886000
2015-08-07,19.384714126586914,21.857500076293945,21.90250015258789,21.582500457763672,21.6875,2142000
2015-08-10,19.586475372314453,22.084999084472656,22.18000030517578,22.040000915527344,22.049999237060547,1869600
2015-08-11,19.49335479736328,21.979999542236328,22.0,21.822500228881836,21.889999389648438,1508400
2015-08-12,19.477832794189453,21.962499618530273,22.002500534057617,21.6875,21.75,2029600
2015-08-13,19.531044006347656,22.022499084472656,22.157499313354492,21.8700008392334,21.987499237060547,1989600
2015-08-14,19.619731903076172,22.122499465942383,22.174999237060547,21.96500015258789,22.014999389648438,1662400
2015-08-17,19.763845443725586,22.28499984741211,22.299999237060547,21.934999465942383,22.075000762939453,1506000
2015-08-18,19.70176887512207,22.21500015258789,22.434999465942383,22.202499389648438,22.337499618530273,1959600
2015-08-19,19.43126678466797,21.90999984741211,22.087499618530273,21.787500381469727,22.075000762939453,2089200
2015-08-20,19.2006893157959,21.649999618530273,21.927499771118164,21.649999618530273,21.760000228881836,2254800
2015-08-21,18.817119598388672,21.217500686645508,21.74250030517578,21.217500686645508,21.584999084472656,2848000
2015-08-24,18.076580047607422,20.38249969482422,20.895000457763672,19.5,20.247499465942383,4696000
2015-08-25,18.010068893432617,20.3075008392334,20.88249969482422,20.280000686645508,20.829999923706055,4067600
2015-08-26,18.626434326171875,21.002500534057617,21.059999465942383,20.43000030517578,20.802499771118164,3966000
2015-08-27,18.95679473876953,21.375,21.44499969482422,21.077499389648438,21.13249969482422,2790000
2015-08-28,18.927976608276367,21.342500686645508,21.4375,21.172500610351562,21.235000610351562,2074800
2015-08-31,18.84372329711914,21.247499465942383,21.405000686645508,21.1299991607666,21.21500015258789,2561600
2015-09-01,18.41581153869629,20.764999389648438,21.09000015258789,20.677499771118164,20.899999618530273,3044400
2015-09-02,18.761688232421875,21.155000686645508,21.170000076293945,20.887500762939453,20.982500076293945,2271200
2015-09-03,18.865896224975586,21.272499084472656,21.407499313354492,21.200000762939453,21.267499923706055,2039600
2015-09-04,18.56879234313965,20.9375,21.165000915527344,20.8700008392334,21.0049991607666,1835600
2015-09-08,19.149688720703125,21.592500686645508,21.594999313354492,21.21500015258789,21.287500381469727,2546000
2015-09-09,18.854808807373047,21.260000228881836,21.8125,21.232500076293945,21.75749969482422,2792800
2015-09-10,18.892499923706055,21.302499771118164,21.420000076293945,21.229999542236328,21.229999542236328,2488800
2015-09-11,19.01444435119629,21.440000534057617,21.462499618530273,21.21500015258789,21.217500686645508,1219200
2015-09-14,18.91688346862793,21.329999923706055,21.469999313354492,21.309999465942383,21.469999313354492,1724000
2015-09-15,19.185165405273438,21.63249969482422,21.68000030517578,21.225000381469727,21.392499923706055,1958000
2015-09-16,19.14082145690918,21.582500457763672,21.665000915527344,21.49250030517578,21.604999542236328,2874800
2015-09-17,19.20955467224121,21.65999984741211,21.90999984741211,21.547500610351562,21.622499465942383,2980800
2015-09-18,19.160778045654297,21.604999542236328,21.670000076293945,21.315000534057617,21.354999542236328,9696800
2015-09-21,19.360326766967773,21.829999923706055,21.899999618530273,21.612499237060547,21.7450008392334,2863200
2015-09-22,19.06987762451172,21.502500534057617,21.649999618530273,21.36750030517578,21.559999465942383,3161200
2015-09-23,19.196252822875977,21.645000457763672,21.702499389648438,21.415000915527344,21.575000762939453,2072400
2015-09-24,19.10091781616211,21.537500381469727,21.729999542236328,21.25749969482422,21.469999313354492,3006800
2015-09-25,19.59977912902832,22.100000381469727,22.4325008392334,21.594999313354492,21.732500076293945,4353600
2015-09-28,19.012226104736328,21.4375,22.087499618530273,21.4325008392334,22.010000228881836,2504800
2015-09-29,18.80160140991211,21.200000762939453,21.497499465942383,21.045000076293945,21.497499465942383,3740800
2015-09-30,19.012226104736328,21.4375,21.584999084472656,21.190000534057617,21.362499237060547,3396000
2015-10-01,18.954580307006836,21.372499465942383,21.56999969482422,21.1924991607666,21.540000915527344,2878000
2015-10-02,19.13639259338379,21.577499389648438,21.594999313354492,20.8700008392334,21.065000534057617,4347200
2015-10-05,19.422405242919922,21.899999618530273,22.03499984741211,21.670000076293945,21.8174991607666,2771200
2015-10-06,19.01001739501953,21.434999465942383,22.0,21.364999771118164,21.797500610351562,3188800
2015-10-07,19.364757537841797,21.834999084472656,21.86750030517578,21.489999771118164,21.59749984741211,2498400
2015-10-08,19.79266929626465,22.3174991607666,22.3700008392334,21.665000915527344,21.837499618530273,3129600
2015-10-09,19.91461181640625,22.454999923706055,22.602500915527344,22.247499465942383,22.40250015258789,2241200
2015-10-12,20.185110092163086,22.760000228881836,22.842500686645508,22.4325008392334,22.514999389648438,2597200
2015-10-13,20.278226852416992,22.864999771118164,23.092500686645508,22.227500915527344,22.227500915527344,3806400
2015-10-14,20.105295181274414,22.670000076293945,23.139999389648438,22.63249969482422,23.02750015258789,2724800
2015-10-15,20.639629364013672,23.272499084472656,23.280000686645508,22.857500076293945,22.857500076293945,3270400
2015-10-16,20.519906997680664,23.137500762939453,23.375,23.02750015258789,23.322500228881836,1828400
2015-10-19,20.546510696411133,23.167499542236328,23.24250030517578,23.037500381469727,23.1200008392334,1448000
2015-10-20,20.568687438964844,23.1924991607666,23.3125,23.100000381469727,23.100000381469727,1769600
2015-10-21,20.25162696838379,22.834999084472656,23.372499465942383,22.799999237060547,23.350000381469727,1970800
2015-10-22,20.479995727539062,23.092500686645508,23.1825008392334,22.885000228881836,22.997499465942383,2024000
2015-10-23,20.73053550720215,23.375,23.417499542236328,22.96500015258789,23.27750015258789,1526000
2015-10-26,20.7371826171875,23.38249969482422,23.510000228881836,23.3125,23.392499923706055,1773600
2015-10-27,20.544296264648438,23.165000915527344,23.397499084472656,23.032499313354492,23.3125,2060400
2015-10-28,20.6152400970459,23.2450008392334,23.587499618530273,23.030000686645508,23.309999465942383,2182800
2015-10-29,20.47334098815918,23.084999084472656,23.385000228881836,23.017499923706055,23.2450008392334,2325200
2015-10-30,20.639629364013672,23.272499084472656,23.350000381469727,23.079999923706055,23.125,3852400
2015-11-02,20.708358764648438,23.350000381469727,23.510000228881836,23.27750015258789,23.397499084472656,2336800
2015-11-03,20.502172470092773,23.11750030517578,23.43000030517578,23.065000534057617,23.412500381469727,2846000
2015-11-04,20.517868041992188,22.872499465942383,23.237499237060547,22.752500534057617,23.18000030517578,2925200
2015-11-05,20.3653621673584,22.702499389648438,23.087499618530273,22.647499084472656,22.8700008392334,2686800
2015-11-06,20.381053924560547,22.719999313354492,22.860000610351562,22.6299991607666,22.712499618530273,2337200
2015-11-09,20.35190773010254,22.6875,22.752500534057617,22.489999771118164,22.684999465942383,1982400
2015-11-10,20.477497100830078,22.827499389648438,22.895000457763672,22.392499923706055,22.63249969482422,2154400
2015-11-11,20.53580665588379,22.892499923706055,23.0,22.795000076293945,22.96500015258789,2451600
2015-11-12,20.22408103942871,22.545000076293945,22.905000686645508,22.53499984741211,22.827499389648438,1645200
2015-11-13,20.073829650878906,22.377500534057617,22.684999465942383,22.337499618530273,22.5625,1823200
2015-11-16,20.060367584228516,22.362499237060547,22.375,22.075000762939453,22.217500686645508,3223600
2015-11-17,20.087276458740234,22.392499923706055,22.530000686645508,22.25749969482422,22.34749984741211,3454800
2015-11-18,20.49095344543457,22.842500686645508,22.887500762939453,22.454999923706055,22.477500915527344,2855200
2015-11-19,20.35416030883789,22.690000534057617,23.110000610351562,22.6875,22.86750030517578,3782800
2015-11-20,20.477497100830078,22.827499389648438,22.90999984741211,22.74250030517578,22.802499771118164,7562400
2015-11-23,20.670360565185547,23.042499542236328,23.049999237060547,22.7549991607666,22.7549991607666,1879600
2015-11-24,20.558237075805664,22.917499542236328,23.0,22.697500228881836,22.962499618530273,1600800
2015-11-25,20.627756118774414,22.9950008392334,23.012500762939453,22.84749984741211,22.957500457763672,1062800
2015-11-27,20.63448715209961,23.002500534057617,23.037500381469727,22.842500686645508,22.950000762939453,867200
2015-11-30,20.5402889251709,22.897499084472656,23.155000686645508,22.88249969482422,22.985000610351562,2638400
2015-12-01,20.887897491455078,23.28499984741211,23.287500381469727,22.88249969482422,22.997499465942383,1981200
2015-12-02,20.64120864868164,23.010000228881836,23.2450008392334,22.989999771118164,23.232500076293945,1394400
2015-12-03,20.219589233398438,22.540000915527344,23.0625,22.440000534057617,23.012500762939453,2306800
2015-12-04,20.78249168395996,23.167499542236328,23.202499389648438,22.579999923706055,22.587499618530273,1965200
2015-12-07,20.63448715209961,23.002500534057617,23.172500610351562,22.514999389648438,23.094999313354492,1668800
2015-12-08,20.746614456176758,23.127500534057617,23.200000762939453,22.8075008392334,22.889999389648438,2392800
2015-12-09,20.459558486938477,22.8075008392334,23.1299991607666,22.697500228881836,23.1299991607666,2855200
2015-12-10,20.529081344604492,22.885000228881836,22.985000610351562,22.719999313354492,22.837499618530273,1358000
2015-12-11,20.161283493041992,22.475000381469727,22.90250015258789,22.44499969482422,22.6924991607666,1858400
2015-12-14,20.163530349731445,22.477500915527344,22.727500915527344,22.362499237060547,22.5674991607666,2663600
2015-12-15,20.259958267211914,22.584999084472656,22.94499969482422,22.475000381469727,22.702499389648438,2254000
2015-12-16,20.46179962158203,22.809999465942383,22.899999618530273,22.552499771118164,22.747499465942383,2956400
2015-12-17,20.30032730102539,22.6299991607666,23.0,22.512500762939453,22.86750030517578,2044000
2015-12-18,19.847318649291992,22.125,22.857500076293945,22.114999771118164,22.602500915527344,4489200
2015-12-21,20.006540298461914,22.302499771118164,22.5575008392334,22.145000457763672,22.36750030517578,2831600
2015-12-22,20.4371280670166,22.782499313354492,23.084999084472656,22.362499237060547,22.872499465942383,3973200
2015-12-23,20.524595260620117,22.8799991607666,22.979999542236328,22.787500381469727,22.917499542236328,2133200
2015-12-24,20.529081344604492,22.885000228881836,22.977500915527344,22.739999771118164,22.799999237060547,845200
2015-12-28,20.636720657348633,23.0049991607666,23.014999389648438,22.639999389648438,22.80500030517578,1441200
2015-12-29,20.816137313842773,23.204999923706055,23.40999984741211,23.014999389648438,23.155000686645508,1409200
2015-12-30,20.68606185913086,23.059999465942383,23.34749984741211,23.042499542236328,23.2549991607666,1178800
2015-12-31,20.419187545776367,22.762500762939453,23.09749984741211,22.760000228881836,23.012500762939453,1260000
2016-01-04,19.80021858215332,22.072500228881836,22.457500457763672,21.954999923706055,22.454999923706055,2866400
2016-01-05,19.831619262695312,22.107500076293945,22.309999465942383,22.022499084472656,22.145000457763672,2511600
2016-01-06,19.74190902709961,22.00749969482422,22.209999084472656,21.752500534057617,21.827499389648438,1916400
2016-01-07,19.4840087890625,21.719999313354492,21.934999465942383,21.552499771118164,21.704999923706055,3366800
2016-01-08,18.97941780090332,21.157499313354492,21.799999237060547,21.112499237060547,21.797500610351562,3231200
2016-01-11,19.131919860839844,21.327499389648438,21.389999389648438,21.094999313354492,21.229999542236328,2740000
2016-01-12,19.47728157043457,21.712499618530273,21.780000686645508,21.290000915527344,21.3125,2674400
2016-01-13,19.019790649414062,21.202499389648438,21.75749969482422,21.142499923706055,21.739999771118164,1942400
2016-01-14,19.183494567871094,21.385000228881836,21.537500381469727,21.174999237060547,21.342500686645508,2065600
2016-01-15,18.84486198425293,21.00749969482422,21.127500534057617,20.649999618530273,20.93000030517578,2817200
2016-01-19,18.725996017456055,20.875,21.297500610351562,20.735000610351562,21.170000076293945,2976000
2016-01-20,18.465852737426758,20.584999084472656,20.834999084472656,20.0674991607666,20.5674991607666,3081600
2016-01-21,18.015087127685547,20.082500457763672,20.842500686645508,20.0,20.657499313354492,5956000
2016-01-22,18.48827362060547,20.610000610351562,20.737499237060547,20.264999389648438,20.34000015258789,3242400
2016-01-25,18.35596466064453,20.462499618530273,20.667499542236328,20.422500610351562,20.5674991607666,2353600
2016-01-26,18.582469940185547,20.71500015258789,20.832500457763672,20.4950008392334,20.5049991607666,2747600
2016-01-27,18.560047149658203,20.690000534057617,20.922500610351562,20.612499237060547,20.729999542236328,2893600
2016-01-28,18.645265579223633,20.78499984741211,20.9375,20.6875,20.850000381469727,3269200
2016-01-29,19.268718719482422,21.479999542236328,21.4950008392334,20.697500228881836,20.892499923706055,4488400
2016-02-01,19.311330795288086,21.52750015258789,21.6825008392334,21.155000686645508,21.354999542236328,3081200
2016-02-02,19.11621856689453,21.309999465942383,21.59749984741211,21.219999313354492,21.397499084472656,3879200
2016-02-03,19.006324768066406,21.1875,21.75,20.97249984741211,21.6299991607666,3633600
2016-02-04,19.10051918029785,21.292499542236328,21.34749984741211,21.122499465942383,21.212499618530273,2741600
2016-02-05,18.685630798339844,20.829999923706055,21.322500228881836,20.725000381469727,21.25,3141600
2016-02-08,18.533130645751953,20.65999984741211,20.71500015258789,20.299999237060547,20.700000762939453,2598400
2016-02-09,18.723758697509766,20.872499465942383,21.059999465942383,20.469999313354492,20.497499465942383,2569200
2016-02-10,18.676660537719727,20.81999969482422,21.247499465942383,20.792499542236328,20.962499618530273,1813200
2016-02-11,18.416513442993164,20.530000686645508,20.725000381469727,20.0674991607666,20.5,1454800
2016-02-12,18.61610984802246,20.752500534057617,20.887500762939453,20.46500015258789,20.780000686645508,2402400
2016-02-16,18.83364486694336,20.9950008392334,21.052499771118164,20.75749969482422,21.03499984741211,2412800
2016-02-17,18.74842643737793,20.899999618530273,20.912500381469727,20.05500030517578,20.075000762939453,5062400
2016-02-18,18.631813049316406,20.770000457763672,21.022499084472656,20.477500915527344,20.96500015258789,2099600
2016-02-19,18.69908905029297,20.844999313354492,20.9375,20.477500915527344,20.65250015258789,2856400
2016-02-22,18.981660842895508,21.15999984741211,21.217500686645508,20.9950008392334,21.022499084472656,2482000
2016-02-23,18.82916259765625,20.989999771118164,21.15999984741211,20.907499313354492,21.139999389648438,1559600
2016-02-24,18.885229110717773,21.052499771118164,21.082500457763672,20.709999084472656,20.832500457763672,1768000
2016-02-25,19.013057708740234,21.19499969482422,21.19499969482422,20.927499771118164,21.139999389648438,1898800
2016-02-26,19.03099822998047,21.21500015258789,21.25,21.06999969482422,21.25,1536400
2016-02-29,18.83588981628418,20.997499465942383,21.287500381469727,20.997499465942383,21.209999084472656,1983600
2016-03-01,19.27768898010254,21.489999771118164,21.512500762939453,21.079999923706055,21.15999984741211,1599600
2016-03-02,19.302358627319336,21.517499923706055,21.524999618530273,21.270000457763672,21.417499542236328,1893600
2016-03-03,19.44812774658203,21.68000030517578,21.700000762939453,21.357500076293945,21.4950008392334,1502400
2016-03-04,19.510921478271484,21.75,21.887500762939453,21.61750030517578,21.6875,3316400
2016-03-07,19.719482421875,21.982500076293945,22.102500915527344,21.625,21.68000030517578,2749600
2016-03-08,19.656692504882812,21.912500381469727,22.082500457763672,21.697500228881836,21.857500076293945,1728400
2016-03-09,19.56473731994629,21.809999465942383,22.047500610351562,21.662500381469727,21.982500076293945,2375600
2016-03-10,19.67687225341797,21.934999465942383,22.125,21.762500762939453,21.9375,1805200
2016-03-11,19.97514533996582,22.267499923706055,22.27750015258789,21.59749984741211,22.100000381469727,1866000
2016-03-14,20.07158088684082,22.375,22.4325008392334,22.09000015258789,22.22249984741211,2324400
2016-03-15,20.09848976135254,22.405000686645508,22.457500457763672,22.11750030517578,22.165000915527344,2573600
2016-03-16,20.145587921142578,22.457500457763672,22.540000915527344,22.21500015258789,22.372499465942383,1979600
2016-03-17,20.185951232910156,22.502500534057617,22.582500457763672,22.352500915527344,22.487499237060547,3108000
2016-03-18,20.293601989746094,22.622499465942383,22.68000030517578,22.399999618530273,22.540000915527344,3460400
2016-03-21,20.22408103942871,22.545000076293945,22.72249984741211,22.377500534057617,22.530000686645508,3364400
2016-03-22,20.2622013092041,22.587499618530273,22.625,22.385000228881836,22.604999542236328,2932000
2016-03-23,19.34945297241211,21.56999969482422,22.825000762939453,21.46500015258789,22.75,7923200
2016-03-24,19.62753677368164,21.8799991607666,21.987499237060547,21.485000610351562,21.5625,4618800
2016-03-28,19.88095474243164,22.162500381469727,22.282499313354492,21.729999542236328,21.940000534057617,2580000
2016-03-29,20.1052188873291,22.412500381469727,22.467500686645508,22.092500686645508,22.092500686645508,2278000
2016-03-30,20.12315559387207,22.4325008392334,22.5625,22.399999618530273,22.5,2715600
2016-03-31,20.141103744506836,22.452499389648438,22.5,22.262500762939453,22.332500457763672,2779200
2016-04-01,20.199417114257812,22.517499923706055,22.542499542236328,22.260000228881836,22.297500610351562,2199600
2016-04-04,19.939268112182617,22.227500915527344,22.7450008392334,22.200000762939453,22.579999923706055,2159200
2016-04-05,19.811431884765625,22.084999084472656,22.295000076293945,21.8174991607666,21.8174991607666,2771600
2016-04-06,19.948230743408203,22.237499237060547,22.237499237060547,22.0625,22.110000610351562,2361200
2016-04-07,19.943750381469727,22.232500076293945,22.25,22.037500381469727,22.127500534057617,3936000
2016-04-08,20.031211853027344,22.329999923706055,22.407499313354492,22.200000762939453,22.375,1902000
2016-04-11,19.984119415283203,22.27750015258789,22.514999389648438,22.264999389648438,22.420000076293945,2569600
2016-04-12,20.145587921142578,22.457500457763672,22.489999771118164,22.239999771118164,22.337499618530273,2105600
2016-04-13,20.31603240966797,22.647499084472656,22.844999313354492,22.610000610351562,22.844999313354492,3984000
2016-04-14,20.24201774597168,22.565000534057617,22.69499969482422,22.510000228881836,22.602500915527344,2452000
2016-04-15,20.185951232910156,22.502500534057617,22.625,22.4325008392334,22.600000381469727,1602400
2016-04-18,20.253231048583984,22.577499389648438,22.625,22.4375,22.454999923706055,1351600
2016-04-19,20.289113998413086,22.61750030517578,22.649999618530273,22.497499465942383,22.625,2511200
2016-04-20,20.219589233398438,22.540000915527344,22.63249969482422,22.514999389648438,22.600000381469727,2031200
2016-04-21,19.995336532592773,22.290000915527344,22.5,22.270000457763672,22.5,2263600
2016-04-22,20.116432189941406,22.424999237060547,22.459999084472656,22.315000534057617,22.315000534057617,2158800
2016-04-25,20.062612533569336,22.364999771118164,22.4424991607666,22.272499084472656,22.412500381469727,2277200
2016-04-26,20.145587921142578,22.457500457763672,22.514999389648438,22.357500076293945,22.397499084472656,3123600
2016-04-27,20.176986694335938,22.49250030517578,22.625,22.325000762939453,22.487499237060547,2510800
2016-04-28,20.022239685058594,22.31999969482422,22.604999542236328,22.280000686645508,22.4325008392334,5052000
2016-04-29,20.134368896484375,22.44499969482422,22.457500457763672,22.127500534057617,22.252500534057617,2884000
2016-05-02,20.174741744995117,22.489999771118164,22.540000915527344,22.38249969482422,22.459999084472656,1885600
2016-05-03,20.096250534057617,22.40250015258789,22.4424991607666,22.327499389648438,22.395000457763672,2226400
2016-05-04,20.147829055786133,22.459999084472656,22.532499313354492,22.342500686645508,22.387500762939453,1789200
2016-05-05,20.170259475708008,22.485000610351562,22.59749984741211,22.462499618530273,22.545000076293945,1904000
2016-05-06,20.407976150512695,22.75,22.780000686645508,22.40250015258789,22.450000762939453,3155200
2016-05-09,20.51112937927246,22.864999771118164,22.9325008392334,22.772499084472656,22.822500228881836,2725600
2016-05-10,20.60981559753418,22.975000381469727,22.9950008392334,22.877500534057617,22.9375,2201200
2016-05-11,20.506656646728516,22.860000610351562,22.989999771118164,22.850000381469727,22.922500610351562,1863600
2016-05-12,20.562719345092773,22.922500610351562,22.985000610351562,22.8125,22.9325008392334,1823600
2016-05-13,20.524595260620117,22.8799991607666,23.042499542236328,22.827499389648438,22.915000915527344,2799600
2016-05-16,20.573928833007812,22.934999465942383,23.022499084472656,22.854999542236328,22.907499313354492,2588000
2016-05-17,20.468524932861328,22.8174991607666,22.977500915527344,22.797500610351562,22.93000030517578,2550800
2016-05-18,20.439376831054688,22.78499984741211,22.962499618530273,22.637500762939453,22.792499542236328,3188800
2016-05-19,20.502168655395508,22.854999542236328,22.93000030517578,22.65999984741211,22.737499237060547,2314800
2016-05-20,20.643455505371094,23.012500762939453,23.135000228881836,22.915000915527344,22.977500915527344,4133600
2016-05-23,20.704004287719727,23.079999923706055,23.125,22.997499465942383,23.0,2064800
2016-05-24,21.1009521484375,23.522499084472656,23.540000915527344,23.114999771118164,23.135000228881836,4123600
2016-05-25,21.040393829345703,23.454999923706055,23.592500686645508,23.360000610351562,23.592500686645508,3258800
2016-05-26,21.069551467895508,23.487499237060547,23.63249969482422,23.450000762939453,23.467500686645508,2289600
2016-05-27,21.325214385986328,23.772499084472656,23.774999618530273,23.40999984741211,23.489999771118164,3155200
2016-05-31,21.26017189025879,23.700000762939453,23.872499465942383,23.5674991607666,23.735000610351562,14615600
2016-06-01,21.26241683959961,23.702499389648438,23.704999923706055,23.489999771118164,23.600000381469727,1849200
2016-06-02,21.41043472290039,23.86750030517578,23.872499465942383,23.614999771118164,23.69499969482422,2648800
2016-06-03,21.302783966064453,23.747499465942383,23.8174991607666,23.542499542236328,23.762500762939453,1727600
2016-06-06,21.347640991210938,23.797500610351562,23.885000228881836,23.602500915527344,23.747499465942383,1246000
2016-06-07,21.287086486816406,23.729999542236328,23.872499465942383,23.36750030517578,23.792499542236328,3023200
2016-06-08,21.338668823242188,23.787500381469727,23.790000915527344,23.649999618530273,23.75749969482422,1902400
2016-06-09,21.426132202148438,23.885000228881836,23.892499923706055,23.65999984741211,23.78499984741211,2121200
2016-06-10,21.1973819732666,23.6299991607666,23.774999618530273,23.579999923706055,23.707500457763672,1800400
2016-06-13,21.105438232421875,23.52750015258789,23.697500228881836,23.405000686645508,23.450000762939453,1628000
2016-06-14,21.109922409057617,23.532499313354492,23.56999969482422,23.395000457763672,23.524999618530273,1532000
2016-06-15,21.089731216430664,23.510000228881836,23.635000228881836,23.487499237060547,23.6200008392334,1307200
2016-06-16,21.210838317871094,23.645000457763672,23.670000076293945,23.25749969482422,23.487499237060547,1400800
2016-06-17,21.08525276184082,23.5049991607666,23.635000228881836,23.3700008392334,23.63249969482422,1876000
2016-06-20,21.136831283569336,23.5625,23.737499237060547,23.537500381469727,23.709999084472656,1504800
2016-06-21,21.192893981933594,23.625,23.69499969482422,23.512500762939453,23.665000915527344,1134800
2016-06-22,21.215314865112305,23.649999618530273,23.780000686645508,23.637500762939453,23.68000030517578,1226000
2016-06-23,21.45977210998535,23.922500610351562,23.922500610351562,23.729999542236328,23.782499313354492,1347600
2016-06-24,20.93050765991211,23.332500457763672,23.575000762939453,23.25,23.280000686645508,4711600
2016-06-27,20.549257278442383,22.907499313354492,23.28499984741211,22.809999465942383,23.239999771118164,3159200
2016-06-28,20.921537399291992,23.322500228881836,23.34000015258789,23.020000457763672,23.11750030517578,2994000
2016-06-29,21.450801849365234,23.912500381469727,23.97249984741211,23.467500686645508,23.522499084472656,2700000
2016-06-30,22.006973266601562,24.532499313354492,24.537500381469727,23.892499923706055,23.977500915527344,3268800
2016-07-01,22.184141159057617,24.729999542236328,24.764999389648438,24.239999771118164,24.454999923706055,2513200
2016-07-05,22.31421661376953,24.875,24.912500381469727,24.59000015258789,24.774999618530273,3245600
2016-07-06,22.269357681274414,24.825000762939453,24.922500610351562,24.642499923706055,24.65999984741211,2742000
2016-07-07,22.14826011657715,24.690000534057617,24.924999237060547,24.600000381469727,24.834999084472656,1820400
2016-07-08,22.343368530273438,24.907499313354492,24.94499969482422,24.780000686645508,24.917499542236328,3339200
2016-07-11,21.993520736694336,24.517499923706055,24.887500762939453,24.3799991607666,24.887500762939453,3089200
2016-07-12,21.86568260192871,24.375,24.6875,24.357500076293945,24.584999084472656,2418800
2016-07-13,21.863441467285156,24.372499465942383,24.5674991607666,24.362499237060547,24.532499313354492,1378400
2016-07-14,21.95763397216797,24.477500915527344,24.540000915527344,24.372499465942383,24.514999389648438,1876800
2016-07-15,21.888113021850586,24.399999618530273,24.602500915527344,24.357500076293945,24.524999618530273,1616000
2016-07-18,21.899324417114258,24.412500381469727,24.540000915527344,24.3075008392334,24.49250030517578,1828800
2016-07-19,21.847745895385742,24.354999542236328,24.52750015258789,24.264999389648438,24.329999923706055,2773600
2016-07-20,23.962549209594727,26.712499618530273,27.24250030517578,25.15250015258789,25.262500762939453,13518400
2016-07-21,24.063467025756836,26.825000762939453,27.0049991607666,26.707500457763672,26.74250030517578,5032800
2016-07-22,24.209243774414062,26.987499237060547,27.022499084472656,26.797500610351562,26.844999313354492,2791200
2016-07-25,24.269792556762695,27.05500030517578,27.172500610351562,26.829999923706055,26.90250015258789,2933200
2016-07-26,24.307918548583984,27.09749984741211,27.27750015258789,26.857500076293945,27.077499389648438,2675600
2016-07-27,24.211488723754883,26.989999771118164,27.1200008392334,26.854999542236328,27.1200008392334,1869200
2016-07-28,24.26081657409668,27.045000076293945,27.125,26.77750015258789,26.982500076293945,2086800
2016-07-29,24.056737899780273,26.8174991607666,27.03499984741211,26.72249984741211,27.03499984741211,3634800
2016-08-01,24.0881404876709,26.852500915527344,26.934999465942383,26.7549991607666,26.815000534057617,1940800
2016-08-02,23.850414276123047,26.587499618530273,26.84749984741211,26.579999923706055,26.709999084472656,2487200
2016-08-03,23.843692779541016,26.579999923706055,26.94499969482422,26.427499771118164,26.587499618530273,3234000
2016-08-04,23.89751625061035,26.639999389648438,26.9424991607666,26.572500228881836,26.59000015258789,1981200
2016-08-05,23.971521377563477,26.72249984741211,27.102500915527344,26.584999084472656,26.74250030517578,2376800
2016-08-08,23.895275115966797,26.637500762939453,26.75,26.545000076293945,26.75,1731200
2016-08-09,23.95582389831543,26.704999923706055,26.704999923706055,26.512500762939453,26.667499542236328,2129600
2016-08-10,24.081409454345703,26.844999313354492,26.88249969482422,26.667499542236328,26.6825008392334,1506800
2016-08-11,24.110563278198242,26.877500534057617,26.982500076293945,26.602500915527344,26.975000381469727,2580400
2016-08-12,24.074684143066406,26.837499618530273,26.897499084472656,26.729999542236328,26.782499313354492,1237600
2016-08-15,24.09038543701172,26.854999542236328,26.8799991607666,26.725000381469727,26.825000762939453,1716000
2016-08-16,25.339523315429688,28.247499465942383,29.412500381469727,28.227500915527344,28.892499923706055,9035200
2016-08-17,25.936071395874023,28.912500381469727,29.020000457763672,28.389999389648438,28.602500915527344,6874800
2016-08-18,25.54136085510254,28.47249984741211,28.9950008392334,28.28499984741211,28.9950008392334,2694400
2016-08-19,25.51894187927246,28.447500228881836,28.469999313354492,28.212499618530273,28.344999313354492,4075600
2016-08-22,25.57276153564453,28.50749969482422,28.584999084472656,28.412500381469727,28.450000762939453,1711600
2016-08-23,25.684894561767578,28.63249969482422,28.667499542236328,28.352500915527344,28.514999389648438,1593600
2016-08-24,25.666950225830078,28.612499237060547,28.6875,28.47249984741211,28.649999618530273,1489200
2016-08-25,26.023529052734375,29.010000228881836,29.167499542236328,28.604999542236328,28.604999542236328,3157200
2016-08-26,25.949527740478516,28.927499771118164,29.217500686645508,28.6875,28.989999771118164,2191200
2016-08-29,26.09978485107422,29.094999313354492,29.162500381469727,28.760000228881836,28.889999389648438,1726000
2016-08-30,26.247791290283203,29.260000228881836,29.264999389648438,28.969999313354492,29.017499923706055,2093600
2016-08-31,26.353199005126953,29.377500534057617,29.422500610351562,29.125,29.272499084472656,2848000
2016-09-01,26.39580726623535,29.424999237060547,29.5,29.272499084472656,29.5,1903600
2016-09-02,26.651464462280273,29.709999084472656,29.795000076293945,29.517499923706055,29.5575008392334,2232400
2016-09-06,26.720993041992188,29.787500381469727,29.985000610351562,29.462499618530273,29.780000686645508,2182400
2016-09-07,26.530366897583008,29.575000762939453,29.739999771118164,29.53499984741211,29.71500015258789,2840800
2016-09-08,26.281436920166016,29.297500610351562,29.467500686645508,29.282499313354492,29.454999923706055,1958000
2016-09-09,25.523420333862305,28.452499389648438,29.227500915527344,28.38249969482422,29.11750030517578,5355600
2016-09-12,25.72974395751953,28.6825008392334,28.729999542236328,28.440000534057617,28.520000457763672,3718800
2016-09-13,25.328311920166016,28.235000610351562,28.594999313354492,28.217500686645508,28.440000534057617,4372000
2016-09-14,25.373170852661133,28.28499984741211,28.514999389648438,28.145000457763672,28.25749969482422,3331200
2016-09-15,25.58622169494629,28.522499084472656,28.642499923706055,28.135000228881836,28.247499465942383,2726400
2016-09-16,25.413536071777344,28.329999923706055,28.49250030517578,28.227500915527344,28.387500762939453,4370400
2016-09-19,25.413536071777344,28.329999923706055,28.572500228881836,28.270000457763672,28.385000228881836,1578400
2016-09-20,25.534635543823242,28.46500015258789,28.5674991607666,28.334999084472656,28.52750015258789,2008000
2016-09-21,25.72525978088379,28.677499771118164,28.719999313354492,28.252500534057617,28.479999542236328,2166800
2016-09-22,25.812721252441406,28.774999618530273,29.059999465942383,28.677499771118164,28.747499465942383,1569600
2016-09-23,25.601919174194336,28.540000915527344,28.96500015258789,28.49250030517578,28.7450008392334,1412800
2016-09-26,25.384384155273438,28.297500610351562,28.4950008392334,28.274999618530273,28.462499618530273,1738400
2016-09-27,25.438203811645508,28.357500076293945,28.43000030517578,28.082500457763672,28.297500610351562,2927600
2016-09-28,26.052684783935547,29.042499542236328,29.725000381469727,28.905000686645508,29.72249984741211,5900800
2016-09-29,24.973976135253906,27.84000015258789,29.017499923706055,27.772499084472656,28.887500762939453,6044800
2016-09-30,25.252065658569336,28.149999618530273,28.202499389648438,27.832500457763672,27.975000381469727,5656000
2016-10-03,25.211698532104492,28.104999542236328,28.475000381469727,28.040000915527344,28.1924991607666,3142000
2016-10-04,25.000886917114258,27.8700008392334,28.1875,27.607500076293945,28.110000610351562,3355600
2016-10-05,24.875301361083984,27.729999542236328,27.977500915527344,27.65250015258789,27.837499618530273,3086000
2016-10-06,25.063684463500977,27.940000534057617,28.0,27.577499389648438,27.600000381469727,2028000
2016-10-07,24.77214241027832,27.614999771118164,28.00749969482422,27.584999084472656,28.00749969482422,2446000
2016-10-10,24.843908309936523,27.69499969482422,27.84000015258789,27.625,27.709999084472656,1872000
2016-10-11,24.516483306884766,27.329999923706055,27.725000381469727,27.2450008392334,27.577499389648438,2054000
2016-10-12,24.612913131713867,27.4375,27.52750015258789,27.309999465942383,27.395000457763672,1552800
2016-10-13,24.518728256225586,27.332500457763672,27.4424991607666,27.09749984741211,27.34000015258789,1660000
2016-10-14,24.50078010559082,27.3125,27.537500381469727,27.3075008392334,27.364999771118164,1298400
2016-10-17,24.276519775390625,27.0625,27.387500762939453,27.040000915527344,27.2549991607666,1822800
2016-10-18,24.310161590576172,27.100000381469727,27.75749969482422,27.075000762939453,27.31999969482422,2201200
2016-10-19,24.2383975982666,27.020000457763672,27.19499969482422,26.947500228881836,27.045000076293945,2196400
2016-10-20,23.89975929260254,26.642499923706055,26.9950008392334,26.540000915527344,26.975000381469727,3856800
2016-10-21,23.872844696044922,26.612499237060547,26.690000534057617,26.46500015258789,26.532499313354492,2665600
2016-10-24,23.989463806152344,26.74250030517578,26.899999618530273,26.635000228881836,26.767499923706055,1520000
2016-10-25,23.93564224243164,26.6825008392334,26.729999542236328,26.517499923706055,26.65999984741211,2392800
2016-10-26,23.908727645874023,26.65250015258789,26.707500457763672,26.440000534057617,26.579999923706055,1853600
2016-10-27,23.697914123535156,26.417499542236328,26.75,26.354999542236328,26.707500457763672,1653200
2016-10-28,23.756227493286133,26.482500076293945,26.6825008392334,26.322500228881836,26.38249969482422,1883200
2016-10-31,23.922183990478516,26.667499542236328,26.782499313354492,26.440000534057617,26.612499237060547,2906800
2016-11-01,23.404132843017578,26.09000015258789,26.635000228881836,25.989999771118164,26.612499237060547,3372000
2016-11-02,23.299644470214844,25.642499923706055,25.864999771118164,25.622499465942383,25.725000381469727,2933200
2016-11-03,23.395048141479492,25.747499465942383,25.782499313354492,25.517499923706055,25.674999237060547,2328000
2016-11-04,23.410947799682617,25.764999389648438,25.959999084472656,25.717500686645508,25.8075008392334,1973200
2016-11-07,23.8084774017334,26.202499389648438,26.21500015258789,25.9424991607666,26.03499984741211,1752400
2016-11-08,23.994747161865234,26.407499313354492,26.489999771118164,26.084999084472656,26.197500228881836,1649200
2016-11-09,24.417264938354492,26.872499465942383,26.962499618530273,25.712499618530273,25.88249969482422,3264800
2016-11-10,24.5285701751709,26.9950008392334,27.09749984741211,26.84000015258789,26.924999237060547,3221600
2016-11-11,24.696664810180664,27.18000030517578,27.209999084472656,26.747499465942383,26.822500228881836,2598400
2016-11-14,24.76936149597168,27.260000228881836,27.49250030517578,27.052499771118164,27.287500381469727,2839200
2016-11-15,24.79207420349121,27.28499984741211,27.389999389648438,27.09000015258789,27.34000015258789,2519600
2016-11-16,24.757999420166016,27.247499465942383,27.267499923706055,26.99250030517578,27.184999465942383,2294800
2016-11-17,25.078292846679688,27.600000381469727,27.674999237060547,27.247499465942383,27.252500534057617,2324400
2016-11-18,25.375873565673828,27.927499771118164,27.9424991607666,27.434999465942383,27.592500686645508,6089200
2016-11-21,25.62120246887207,28.197500228881836,28.202499389648438,27.747499465942383,27.9950008392334,2372000
2016-11-22,26.086872100830078,28.709999084472656,28.7549991607666,28.202499389648438,28.202499389648438,2892400
2016-11-23,26.195913314819336,28.829999923706055,28.93000030517578,28.645000457763672,28.767499923706055,2333600
2016-11-25,26.461688995361328,29.122499465942383,29.125,28.767499923706055,28.9424991607666,1143600
2016-11-28,26.379907608032227,29.032499313354492,29.147499084472656,28.950000762939453,29.042499542236328,2686400
2016-11-29,26.254976272583008,28.895000457763672,29.0674991607666,28.8799991607666,29.045000076293945,2168000
2016-11-30,26.032352447509766,28.649999618530273,28.9375,28.594999313354492,28.90250015258789,2870000
2016-12-01,26.32539176940918,28.97249984741211,29.002500534057617,28.552499771118164,28.65250015258789,2524800
2016-12-02,26.498035430908203,29.162500381469727,29.202499389648438,28.84000015258789,28.9325008392334,2213200
2016-12-05,26.816057205200195,29.512500762939453,29.545000076293945,29.174999237060547,29.25,2726000
2016-12-06,26.89556121826172,29.600000381469727,29.63249969482422,29.412500381469727,29.47249984741211,2153600
2016-12-07,27.343067169189453,30.092500686645508,30.125,29.610000610351562,29.65999984741211,2127200
2016-12-08,27.383953094482422,30.137500762939453,30.225000381469727,29.837499618530273,30.017499923706055,1918800
2016-12-09,27.42029571533203,30.177499771118164,30.239999771118164,30.010000228881836,30.092500686645508,1925600
2016-12-12,27.345335006713867,30.094999313354492,30.31999969482422,30.012500762939453,30.1825008392334,2829600
2016-12-13,27.383953094482422,30.137500762939453,30.217500686645508,29.917499542236328,30.147499084472656,2540800
2016-12-14,27.152252197265625,29.88249969482422,30.354999542236328,29.857500076293945,30.202499389648438,2639200
2016-12-15,27.261287689208984,30.002500534057617,30.552499771118164,29.922500610351562,30.25,2609200
2016-12-16,27.1885986328125,29.922500610351562,30.147499084472656,29.80500030517578,30.047500610351562,14391200
2016-12-19,27.293088912963867,30.037500381469727,30.28499984741211,29.997499465942383,30.084999084472656,3330000
2016-12-20,27.209041595458984,29.94499969482422,30.122499465942383,29.860000610351562,30.049999237060547,1902000
2016-12-21,27.147708892822266,29.877500534057617,30.065000534057617,29.825000762939453,29.99250030517578,2211600
2016-12-22,27.279460906982422,30.022499084472656,30.05500030517578,29.774999618530273,30.020000457763672,4055200
2016-12-23,26.432161331176758,29.09000015258789,29.34749984741211,28.25,29.270000457763672,9572000
2016-12-27,26.475317001342773,29.137500762939453,29.25,29.0049991607666,29.094999313354492,2516400
2016-12-28,26.259519577026367,28.899999618530273,29.227500915527344,28.86750030517578,29.145000457763672,1869600
2016-12-29,26.423070907592773,29.079999923706055,29.13249969482422,28.862499237060547,28.8799991607666,2053600
2016-12-30,26.25043296813965,28.889999389648438,29.225000381469727,28.852500915527344,29.145000457763672,2792000
2017-01-03,26.423070907592773,29.079999923706055,29.264999389648438,28.977500915527344,29.092500686645508,3434800
2017-01-04,26.6479549407959,29.327499389648438,29.427499771118164,29.022499084472656,29.059999465942383,2493600
2017-01-05,26.413982391357422,29.06999969482422,29.427499771118164,29.00749969482422,29.22249984741211,2394800
2017-01-06,26.509395599365234,29.174999237060547,29.239999771118164,28.94499969482422,29.127500534057617,1718800
2017-01-09,26.232261657714844,28.8700008392334,29.11750030517578,28.760000228881836,29.11750030517578,2098800
2017-01-10,26.073246002197266,28.69499969482422,28.854999542236328,28.684999465942383,28.80500030517578,3579600
2017-01-11,26.195913314819336,28.829999923706055,28.889999389648438,28.662500381469727,28.700000762939453,1863200
2017-01-12,25.986927032470703,28.600000381469727,28.809999465942383,28.302499771118164,28.772499084472656,2344000
2017-01-13,26.023269653320312,28.639999389648438,28.719999313354492,28.447500228881836,28.56999969482422,1795200
2017-01-17,25.82110023498535,28.417499542236328,28.5674991607666,28.327499389648438,28.452499389648438,1220400
2017-01-18,25.889251708984375,28.49250030517578,28.532499313354492,28.3075008392334,28.4950008392334,1698800
2017-01-19,25.837005615234375,28.434999465942383,28.56999969482422,28.3075008392334,28.489999771118164,1529600
2017-01-20,25.868804931640625,28.469999313354492,28.594999313354492,28.327499389648438,28.565000534057617,1487600
2017-01-23,25.859712600708008,28.459999084472656,28.514999389648438,28.239999771118164,28.4424991607666,1068400
2017-01-24,26.239078521728516,28.877500534057617,28.889999389648438,28.4375,28.4375,2436800
2017-01-25,26.520748138427734,29.1875,29.247499465942383,28.84749984741211,28.9375,3135600
2017-01-26,26.6661319732666,29.34749984741211,29.487499237060547,29.162500381469727,29.219999313354492,1742000
2017-01-27,26.643409729003906,29.322500228881836,29.399999618530273,29.184999465942383,29.332500457763672,1912800
2017-01-30,26.39581298828125,29.049999237060547,29.280000686645508,28.825000762939453,29.280000686645508,1552800
2017-01-31,26.375368118286133,29.02750015258789,29.13249969482422,28.790000915527344,29.03499984741211,2589200
2017-02-01,26.089149475097656,28.712499618530273,29.329999923706055,28.63249969482422,28.950000762939453,3098400
2017-02-02,26.173194885253906,28.80500030517578,28.86750030517578,28.5625,28.622499465942383,2363600
2017-02-03,26.375368118286133,29.02750015258789,29.170000076293945,28.582500457763672,28.920000076293945,1538400
2017-02-06,26.1141357421875,28.739999771118164,28.962499618530273,28.677499771118164,28.9424991607666,1962400
2017-02-07,26.075519561767578,28.697500228881836,28.834999084472656,28.592500686645508,28.829999923706055,2251200
2017-02-08,25.97556495666504,28.587499618530273,28.735000610351562,28.447500228881836,28.63249969482422,1708800
2017-02-09,26.205001831054688,28.84000015258789,28.8700008392334,28.600000381469727,28.637500762939453,1896400
2017-02-10,26.51393699645996,29.18000030517578,29.25,28.792499542236328,28.872499465942383,2891600
2017-02-13,26.575271606445312,29.247499465942383,29.412500381469727,29.157499313354492,29.309999465942383,1792000
2017-02-14,26.58207893371582,29.2549991607666,29.2549991607666,29.024999618530273,29.139999389648438,1449200
2017-02-15,26.89783477783203,29.602500915527344,29.649999618530273,29.11750030517578,29.184999465942383,2030800
2017-02-16,27.147708892822266,29.877500534057617,29.877500534057617,29.510000228881836,29.607500076293945,1856400
2017-02-17,26.94326400756836,29.65250015258789,29.844999313354492,29.522499084472656,29.74250030517578,5742000
2017-02-21,26.904645919799805,29.610000610351562,29.802499771118164,29.50749969482422,29.665000915527344,1805600
2017-02-22,26.986425399780273,29.700000762939453,29.709999084472656,29.40999984741211,29.530000686645508,1966400
2017-02-23,26.902372360229492,29.607500076293945,29.7549991607666,29.397499084472656,29.7549991607666,1580800
2017-02-24,27.04776382446289,29.767499923706055,29.767499923706055,29.315000534057617,29.517499923706055,1578400
2017-02-27,27.056842803955078,29.77750015258789,29.8125,29.637500762939453,29.72249984741211,995600
2017-02-28,26.806968688964844,29.502500534057617,29.747499465942383,29.462499618530273,29.747499465942383,1652000
2017-03-01,27.17496681213379,29.907499313354492,29.997499465942383,29.6299991607666,29.672500610351562,2340400
2017-03-02,26.927364349365234,29.635000228881836,29.827499389648438,29.582500457763672,29.825000762939453,1672800
2017-03-03,26.89783477783203,29.602500915527344,29.709999084472656,29.467500686645508,29.662500381469727,1688000
2017-03-06,26.94326400756836,29.65250015258789,29.677499771118164,29.362499237060547,29.517499923706055,1148000
2017-03-07,26.86603355407715,29.5674991607666,29.747499465942383,29.447500228881836,29.552499771118164,1670000
2017-03-08,26.886472702026367,29.59000015258789,29.690000534057617,29.49250030517578,29.530000686645508,1304400
2017-03-09,26.775163650512695,29.467500686645508,29.690000534057617,29.302499771118164,29.647499084472656,1331600
2017-03-10,27.038667678833008,29.75749969482422,29.8174991607666,29.5625,29.65999984741211,1798400
2017-03-13,27.061384201049805,29.782499313354492,29.844999313354492,29.6924991607666,29.719999313354492,1346800
2017-03-14,26.90692138671875,29.612499237060547,29.81999969482422,29.462499618530273,29.747499465942383,1293600
2017-03-15,27.13634490966797,29.864999771118164,29.892499923706055,29.614999771118164,29.712499618530273,1661600
2017-03-16,27.086374282836914,29.809999465942383,30.0,29.732500076293945,29.915000915527344,1204400
2017-03-17,28.365276336669922,31.217500686645508,31.482500076293945,30.207500457763672,30.577499389648438,8883600
2017-03-20,28.238067626953125,31.077499389648438,31.360000610351562,30.924999237060547,31.202499389648438,4122000
2017-03-21,28.11767578125,30.94499969482422,31.422500610351562,30.905000686645508,31.252500534057617,3992800
2017-03-22,28.25169563293457,31.092500686645508,31.299999237060547,30.927499771118164,31.022499084472656,3414000
2017-03-23,28.610605239868164,31.487499237060547,32.212501525878906,30.684999465942383,31.082500457763672,5657600
2017-03-24,28.424339294433594,31.282499313354492,31.604999542236328,31.209999084472656,31.602500915527344,2838000
2017-03-27,28.422069549560547,31.280000686645508,31.440000534057617,30.862499237060547,31.229999542236328,2448400
2017-03-28,28.667396545410156,31.549999237060547,31.612499237060547,31.049999237060547,31.232500076293945,2009600
2017-03-29,28.72191619873047,31.610000610351562,31.642499923706055,31.399999618530273,31.399999618530273,2748400
2017-03-30,28.844581604003906,31.7450008392334,31.862499237060547,31.545000076293945,31.547500610351562,1807200
2017-03-31,28.74462890625,31.635000228881836,31.767499923706055,31.5625,31.719999313354492,2571200
2017-04-03,28.338010787963867,31.1875,31.74250030517578,31.18000030517578,31.71500015258789,2756400
2017-04-04,28.358457565307617,31.209999084472656,31.272499084472656,30.979999542236328,31.1299991607666,1757200
2017-04-05,28.115398406982422,30.9424991607666,31.427499771118164,30.90999984741211,31.239999771118164,1805600
2017-04-06,27.98819351196289,30.802499771118164,30.957500457763672,30.709999084472656,30.915000915527344,2068400
2017-04-07,27.840543746948242,30.639999389648438,30.8700008392334,30.600000381469727,30.767499923706055,2824400
2017-04-10,27.863256454467773,30.665000915527344,30.947500228881836,30.489999771118164,30.592500686645508,2416800
2017-04-11,27.9314022064209,30.739999771118164,30.739999771118164,30.417499542236328,30.510000228881836,1922800
2017-04-12,27.799646377563477,30.594999313354492,30.934999465942383,30.43000030517578,30.822500228881836,1256400
2017-04-13,27.640640258789062,30.420000076293945,30.709999084472656,30.3700008392334,30.6299991607666,1216000
2017-04-17,27.935945510864258,30.7450008392334,30.747499465942383,30.49250030517578,30.53499984741211,1238800
2017-04-18,27.797382354736328,30.592500686645508,30.762500762939453,30.424999237060547,30.672500610351562,1383200
2017-04-19,27.860984802246094,30.662500381469727,30.802499771118164,30.537500381469727,30.592500686645508,1327600
2017-04-20,27.963205337524414,30.774999618530273,30.889999389648438,30.65999984741211,30.842500686645508,1512400
2017-04-21,27.972288131713867,30.78499984741211,30.969999313354492,30.735000610351562,30.799999237060547,2471200
2017-04-24,28.497028350830078,31.362499237060547,31.377500534057617,31.010000228881836,31.052499771118164,2202800
2017-04-25,28.4197998046875,31.27750015258789,31.5674991607666,31.207500457763672,31.422500610351562,2012800
2017-04-26,28.219892501831055,31.0575008392334,31.344999313354492,31.05500030517578,31.292499542236328,2100800
2017-04-27,28.154020309448242,30.985000610351562,31.260000228881836,30.915000915527344,31.040000915527344,1735600
2017-04-28,27.820093154907227,30.61750030517578,31.0049991607666,30.602500915527344,31.0049991607666,2637200
2017-05-01,27.617921829223633,30.395000457763672,30.6825008392334,30.212499618530273,30.399999618530273,2937200
2017-05-02,27.6701717376709,30.452499389648438,30.69499969482422,30.302499771118164,30.415000915527344,1732800
2017-05-03,27.458911895751953,30.219999313354492,30.479999542236328,29.987499237060547,30.4424991607666,2042000
2017-05-04,27.699705123901367,30.485000610351562,30.487499237060547,30.184999465942383,30.292499542236328,1382000
2017-05-05,27.938215255737305,30.747499465942383,30.75,30.424999237060547,30.594999313354492,1284400
2017-05-08,27.465726852416992,30.227500915527344,30.709999084472656,30.184999465942383,30.670000076293945,1858800
2017-05-09,27.599756240844727,30.375,30.415000915527344,30.137500762939453,30.190000534057617,1411200
2017-05-10,27.58612060546875,30.360000610351562,30.459999084472656,30.217500686645508,30.364999771118164,1693600
2017-05-11,27.835994720458984,30.635000228881836,30.639999389648438,30.18000030517578,30.302499771118164,1810800
2017-05-12,27.781476974487305,30.575000762939453,30.645000457763672,30.36750030517578,30.545000076293945,1556800
2017-05-15,27.797382354736328,30.592500686645508,30.707500457763672,30.329999923706055,30.552499771118164,1243200
2017-05-16,27.842809677124023,30.642499923706055,30.647499084472656,30.4375,30.559999465942383,1920400
2017-05-17,27.297630310058594,30.042499542236328,30.520000457763672,30.030000686645508,30.417499542236328,2073600
2017-05-18,27.390762329101562,30.145000457763672,30.292499542236328,29.885000228881836,30.09000015258789,1994000
2017-05-19,27.49071502685547,30.2549991607666,30.350000381469727,29.9325008392334,30.165000915527344,7150400
2017-05-22,27.65427017211914,30.434999465942383,30.477500915527344,30.207500457763672,30.28499984741211,1659600
2017-05-23,27.801921844482422,30.59749984741211,30.63249969482422,30.352500915527344,30.487499237060547,1452800
2017-05-24,28.324390411376953,31.172500610351562,31.217500686645508,30.600000381469727,30.6875,1884800
2017-05-25,28.519746780395508,31.387500762939453,31.47249984741211,31.15999984741211,31.270000457763672,1185600
2017-05-26,28.43115234375,31.290000915527344,31.397499084472656,31.125,31.287500381469727,1112000
2017-05-30,28.338010787963867,31.1875,31.237499237060547,30.9424991607666,31.147499084472656,1335600
2017-05-31,28.59470558166504,31.469999313354492,31.485000610351562,31.13249969482422,31.262500762939453,2685200
2017-06-01,28.833223342895508,31.732500076293945,31.732500076293945,31.19499969482422,31.530000686645508,1565600
2017-06-02,29.1398868560791,32.06999969482422,32.18000030517578,31.75,31.802499771118164,1276000
2017-06-05,28.760540008544922,31.65250015258789,32.1349983215332,31.625,32.125,1440800
2017-06-06,28.310758590698242,31.157499313354492,31.697500228881836,31.142499923706055,31.625,1433200
2017-06-07,28.278955459594727,31.122499465942383,31.34000015258789,31.002500534057617,31.262500762939453,1338000
2017-06-08,28.092679977416992,30.917499542236328,31.110000610351562,30.75,31.087499618530273,2055200
2017-06-09,28.0994930267334,30.924999237060547,31.012500762939453,30.815000534057617,30.940000534057617,1644400
2017-06-12,28.69011116027832,31.575000762939453,31.592500686645508,30.877500534057617,30.877500534057617,1884000
2017-06-13,28.90591049194336,31.8125,31.912500381469727,31.497499465942383,31.5625,1506800
2017-06-14,29.067195892333984,31.989999771118164,32.16749954223633,31.71500015258789,31.969999313354492,1780800
2017-06-15,29.02857780456543,31.947500228881836,32.01250076293945,31.610000610351562,31.852500915527344,1306800
2017-06-16,29.632822036743164,32.61249923706055,32.6150016784668,31.7549991607666,31.7549991607666,3898000
2017-06-19,29.837265014648438,32.837501525878906,32.852500915527344,32.40250015258789,32.70249938964844,2065200
2017-06-20,29.546497344970703,32.51750183105469,32.845001220703125,32.45249938964844,32.845001220703125,1277200
2017-06-21,29.4420108795166,32.40250015258789,32.54750061035156,32.224998474121094,32.497501373291016,1194800
2017-06-22,29.33979034423828,32.290000915527344,32.432498931884766,32.26750183105469,32.432498931884766,1227600
2017-06-23,29.396577835083008,32.352500915527344,32.5724983215332,32.25749969482422,32.32749938964844,1495200
2017-06-26,29.417022705078125,32.375,32.619998931884766,32.282501220703125,32.502498626708984,760000
2017-06-27,28.581077575683594,31.454999923706055,32.21500015258789,31.434999465942383,32.0,2519600
2017-06-28,28.794605255126953,31.690000534057617,31.8799991607666,31.452499389648438,31.707500457763672,1339200
2017-06-29,28.247150421142578,31.087499618530273,31.625,30.907499313354492,31.625,1818000
2017-06-30,28.631052017211914,31.510000228881836,31.63249969482422,31.272499084472656,31.325000762939453,1873600
2017-07-03,28.619693756103516,31.497499465942383,31.77750015258789,31.485000610351562,31.6924991607666,1104800
2017-07-05,28.649229049682617,31.530000686645508,32.064998626708984,31.364999771118164,31.522499084472656,2919600
2017-07-06,28.106311798095703,30.9325008392334,31.3700008392334,30.854999542236328,31.352500915527344,2441200
2017-07-07,28.651493072509766,31.532499313354492,31.657499313354492,31.010000228881836,31.010000228881836,2046400
2017-07-10,28.74462890625,31.635000228881836,31.747499465942383,31.36750030517578,31.450000762939453,2184400
2017-07-11,28.583351135253906,31.457500457763672,31.614999771118164,31.212499618530273,31.5049991607666,1348800
2017-07-12,28.885469436645508,31.790000915527344,31.860000610351562,31.600000381469727,31.737499237060547,1235600
2017-07-13,28.728731155395508,31.61750030517578,31.969999313354492,31.447500228881836,31.837499618530273,1138000
2017-07-14,28.71964454650879,31.607500076293945,31.732500076293945,31.5674991607666,31.684999465942383,1722400
2017-07-17,28.665128707885742,31.547500610351562,31.647499084472656,31.399999618530273,31.594999313354492,1560800
2017-07-18,28.49021339416504,31.354999542236328,31.577499389648438,31.334999084472656,31.542499542236328,1356800
2017-07-19,28.640140533447266,31.520000457763672,31.540000915527344,31.262500762939453,31.405000686645508,1939600
2017-07-20,28.799150466918945,31.69499969482422,31.737499237060547,31.34000015258789,31.637500762939453,1986000
2017-07-21,31.445547103881836,34.60749816894531,34.84749984741211,32.782501220703125,32.810001373291016,9363600
2017-07-24,31.391023635864258,34.54750061035156,34.8125,34.122501373291016,34.59749984741211,4464800
2017-07-25,31.188859939575195,34.32500076293945,34.67499923706055,34.1775016784668,34.67499923706055,3294000
2017-07-26,31.14569091796875,34.27750015258789,34.49250030517578,34.17250061035156,34.3025016784668,2092800
2017-07-27,30.8526668548584,33.95500183105469,34.2599983215332,33.79999923706055,34.2599983215332,2518800
2017-07-28,30.804950714111328,33.90250015258789,34.08000183105469,33.775001525878906,33.959999084472656,2279200
2017-07-31,30.6323184967041,33.712501525878906,33.974998474121094,33.6349983215332,33.92499923706055,2548400
2017-08-01,30.78451919555664,33.880001068115234,34.935001373291016,33.587501525878906,34.42499923706055,2368000
2017-08-02,30.666383743286133,33.75,33.897499084472656,33.442501068115234,33.77750015258789,2641600
2017-08-03,30.471036911010742,33.53499984741211,33.897499084472656,33.415000915527344,33.75749969482422,1938800
2017-08-04,30.666383743286133,33.75,33.81999969482422,33.369998931884766,33.65999984741211,1423200
2017-08-07,30.54144859313965,33.61249923706055,33.84000015258789,33.540000915527344,33.709999084472656,1773200
2017-08-08,30.3006649017334,33.34749984741211,33.73749923706055,33.26750183105469,33.599998474121094,3050400
2017-08-09,30.280223846435547,33.32500076293945,33.432498931884766,33.13249969482422,33.314998626708984,2210000
2017-08-10,29.714599609375,32.70249938964844,33.272499084472656,32.66999816894531,33.217498779296875,2814800
2017-08-11,29.605560302734375,32.58250045776367,32.932498931884766,32.522499084472656,32.83000183105469,1898400
2017-08-14,30.200714111328125,33.23749923706055,33.334999084472656,32.79999923706055,32.849998474121094,1602400
2017-08-15,30.24614715576172,33.287498474121094,33.4474983215332,33.05500030517578,33.19499969482422,1702000
2017-08-16,30.289306640625,33.334999084472656,33.53499984741211,33.29249954223633,33.32749938964844,1310800
2017-08-17,29.80091667175293,32.79750061035156,33.29249954223633,32.72999954223633,33.29249954223633,1739600
2017-08-18,30.12348175048828,33.15250015258789,33.220001220703125,32.54249954223633,32.727500915527344,3703200
2017-08-21,30.409706115722656,33.467498779296875,33.717498779296875,33.01499938964844,33.150001525878906,3522400
2017-08-22,30.725452423095703,33.814998626708984,33.85749816894531,33.47999954223633,33.47999954223633,1487600
2017-08-23,30.450592041015625,33.51250076293945,33.73749923706055,33.5,33.73749923706055,2317200
2017-08-24,30.257505416870117,33.29999923706055,33.525001525878906,32.904998779296875,33.522499084472656,2363200
2017-08-25,30.398344039916992,33.45500183105469,33.775001525878906,33.334999084472656,33.474998474121094,1817600
2017-08-28,30.407426834106445,33.46500015258789,33.682498931884766,33.29999923706055,33.587501525878906,1654800
2017-08-29,30.20525550842285,33.24250030517578,33.40250015258789,33.147499084472656,33.282501220703125,1586000
2017-08-30,30.386987686157227,33.442501068115234,33.5,33.122501373291016,33.220001220703125,1207200
2017-08-31,30.668663024902344,33.752498626708984,33.81999969482422,33.39250183105469,33.477500915527344,1866400
2017-09-01,30.566431045532227,33.63999938964844,33.90999984741211,33.5724983215332,33.90999984741211,1283200
2017-09-05,30.277942657470703,33.3224983215332,33.6775016784668,33.150001525878906,33.55500030517578,1713200
2017-09-06,30.30293083190918,33.349998474121094,33.540000915527344,33.20750045776367,33.435001373291016,2097200
2017-09-07,30.243873596191406,33.28499984741211,33.38999938964844,33.037498474121094,33.38999938964844,1596400
2017-09-08,30.37563705444336,33.43000030517578,33.45750045776367,32.9375,33.1775016784668,1302000
2017-09-11,30.666383743286133,33.75,33.8125,33.380001068115234,33.48749923706055,1279200
2017-09-12,30.593708038330078,33.66999816894531,33.90250015258789,33.602500915527344,33.72999954223633,1690800
2017-09-13,30.723182678222656,33.8125,33.83000183105469,33.39250183105469,33.65250015258789,1440000
2017-09-14,30.577796936035156,33.65250015258789,33.70500183105469,33.380001068115234,33.70500183105469,1571200
2017-09-15,30.47330665588379,33.537498474121094,33.772499084472656,33.43000030517578,33.64500045776367,3529200
2017-09-18,30.50737762451172,33.57500076293945,33.627498626708984,33.42499923706055,33.55500030517578,1731200
2017-09-19,30.60959815979004,33.6875,33.70000076293945,33.48500061035156,33.60749816894531,1927200
2017-09-20,31.01167106628418,34.130001068115234,34.182498931884766,33.70750045776367,33.75,2477600
2017-09-21,31.222929000854492,34.36249923706055,34.407501220703125,33.877498626708984,34.10499954223633,1943600
2017-09-22,31.04120445251465,34.162498474121094,34.75,34.119998931884766,34.342498779296875,2252000
2017-09-25,31.091175079345703,34.217498779296875,34.36750030517578,34.07500076293945,34.212501525878906,3276800
2017-09-26,30.916263580322266,34.025001525878906,34.282501220703125,34.01750183105469,34.23500061035156,3036800
2017-09-27,32.71309280395508,36.002498626708984,36.25,35.59000015258789,35.852500915527344,10908000
2017-09-28,32.43142318725586,35.692501068115234,35.96500015258789,35.439998626708984,35.91749954223633,3384400
2017-09-29,32.77443313598633,36.06999969482422,36.165000915527344,35.5724983215332,35.625,3752800
2017-10-02,33.0356559753418,36.35749816894531,36.404998779296875,36.00749969482422,36.125,2987600
2017-10-03,33.47861099243164,36.845001220703125,36.86000061035156,36.33000183105469,36.369998931884766,3153600
2017-10-04,33.43772506713867,36.79999923706055,36.90999984741211,36.54999923706055,36.717498779296875,3080400
2017-10-05,33.62173080444336,37.002498626708984,37.05500030517578,36.619998931884766,36.8650016784668,2437200
2017-10-06,33.864784240722656,37.27000045776367,37.369998931884766,36.8650016784668,37.0,2458800
2017-10-09,33.98290252685547,37.400001525878906,37.4900016784668,37.27000045776367,37.3224983215332,1600800
2017-10-10,34.12828826904297,37.560001373291016,37.60749816894531,37.38249969482422,37.38249969482422,2304400
2017-10-11,34.2259635925293,37.66749954223633,37.68000030517578,37.40250015258789,37.505001068115234,1632000
2017-10-12,34.41678237915039,37.877498626708984,37.9375,37.622501373291016,37.625,2391200
2017-10-13,34.514461517333984,37.98500061035156,38.119998931884766,37.852500915527344,37.967498779296875,2090000
2017-10-16,34.35089874267578,37.80500030517578,38.125,37.71500015258789,38.125,1473600
2017-10-17,34.31229019165039,37.76250076293945,38.102500915527344,37.58250045776367,37.9375,1600400
2017-10-18,34.3372802734375,37.790000915527344,37.95500183105469,37.76750183105469,37.849998474121094,1722800
2017-10-19,34.28956604003906,37.73749923706055,37.74250030517578,37.36000061035156,37.625,2818000
2017-10-20,34.57352066040039,38.04999923706055,38.20750045776367,37.7599983215332,37.9474983215332,1869200
2017-10-23,34.41223907470703,37.872501373291016,38.04999923706055,37.84000015258789,38.02750015258789,1048000
2017-10-24,34.26686096191406,37.712501525878906,37.98249816894531,37.599998474121094,37.88249969482422,1574400
2017-10-25,34.110111236572266,37.540000915527344,37.77000045776367,37.375,37.66999816894531,1884400
2017-10-26,34.42586898803711,37.88750076293945,37.92499923706055,37.65999984741211,37.717498779296875,1539200
2017-10-27,34.42814254760742,37.88999938964844,37.915000915527344,37.52750015258789,37.709999084472656,1503600
2017-10-30,33.896575927734375,37.30500030517578,37.810001373291016,37.29499816894531,37.810001373291016,1228400
2017-10-31,33.85568618774414,37.2599983215332,37.5625,37.22999954223633,37.48500061035156,1903600
2017-11-01,33.4195556640625,36.779998779296875,37.26250076293945,36.39500045776367,37.212501525878906,2777600
2017-11-02,33.51723861694336,36.88750076293945,37.084999084472656,36.532501220703125,36.76499938964844,2039600
2017-11-03,33.70349884033203,37.092498779296875,37.127498626708984,36.772499084472656,36.90250015258789,1501200
2017-11-06,33.52177429199219,36.89250183105469,37.09000015258789,36.7400016784668,37.01250076293945,2318400
2017-11-07,33.58991622924805,36.967498779296875,37.11000061035156,36.83000183105469,37.01499938964844,1343600
2017-11-08,33.985172271728516,37.40250015258789,37.415000915527344,36.83000183105469,36.85749816894531,1616800
2017-11-09,33.397281646728516,36.35749816894531,36.93000030517578,36.099998474121094,36.869998931884766,2131600
2017-11-10,33.551143646240234,36.525001525878906,36.53499984741211,36.20500183105469,36.20500183105469,1660800
2017-11-13,33.83820343017578,36.837501525878906,36.942501068115234,36.4375,36.467498779296875,2638000
2017-11-14,34.263038635253906,37.29999923706055,37.3650016784668,36.64250183105469,36.64250183105469,2412800
2017-11-15,34.33193588256836,37.375,37.412498474121094,36.907501220703125,37.099998474121094,2809200
2017-11-16,34.47203063964844,37.52750015258789,37.654998779296875,37.3125,37.38249969482422,2094400
2017-11-17,34.1987419128418,37.22999954223633,37.52000045776367,37.08250045776367,37.44499969482422,1523200
2017-11-20,34.04488754272461,37.0625,37.290000915527344,37.01250076293945,37.185001373291016,1921200
2017-11-21,33.891021728515625,36.89500045776367,37.21500015258789,36.8025016784668,37.192501068115234,2340000
2017-11-22,33.84049987792969,36.84000015258789,36.9275016784668,36.63999938964844,36.88999938964844,1710400
2017-11-24,33.920875549316406,36.9275016784668,37.05500030517578,36.872501373291016,36.98249816894531,1094000
2017-11-27,33.97827911376953,36.9900016784668,37.275001525878906,36.90250015258789,36.977500915527344,2098800
2017-11-28,34.91293716430664,38.00749969482422,38.04499816894531,36.94499969482422,37.04750061035156,2297600
2017-11-29,35.30332946777344,38.432498931884766,38.467498779296875,37.8849983215332,37.994998931884766,2824800
2017-11-30,36.15532302856445,39.36000061035156,39.45249938964844,38.252498626708984,38.337501525878906,8772800
2017-12-01,36.16910171508789,39.375,39.60749816894531,38.75749969482422,39.29750061035156,2998400
2017-12-04,36.44696044921875,39.6775016784668,39.91999816894531,39.3849983215332,39.602500915527344,3188400
2017-12-05,35.888938903808594,39.06999969482422,39.88249969482422,39.025001525878906,39.720001220703125,2448400
2017-12-06,35.939456939697266,39.125,39.400001525878906,39.03499984741211,39.220001220703125,1482000
2017-12-07,36.28392791748047,39.5,39.71500015258789,38.997501373291016,39.0099983215332,1585600
2017-12-08,36.554908752441406,39.79499816894531,39.8025016784668,39.462501525878906,39.6349983215332,1308400
2017-12-11,36.359710693359375,39.58250045776367,39.95750045776367,39.48749923706055,39.744998931884766,1841200
2017-12-12,36.0979118347168,39.29750061035156,39.59749984741211,39.2400016784668,39.57749938964844,1271200
2017-12-13,36.12086486816406,39.3224983215332,39.71500015258789,39.25749969482422,39.400001525878906,2027200
2017-12-14,36.095611572265625,39.29499816894531,39.52750015258789,39.224998474121094,39.505001068115234,2050400
2017-12-15,36.28392791748047,39.5,39.72999954223633,39.17499923706055,39.47249984741211,4753200
2017-12-18,36.71566390991211,39.970001220703125,40.0525016784668,39.647499084472656,39.75,3438800
2017-12-19,36.511268615722656,39.747501373291016,40.25,39.599998474121094,40.25,2679600
2017-12-20,36.534244537353516,39.772499084472656,40.01250076293945,39.72249984741211,39.83250045776367,2048800
2017-12-21,36.66283416748047,39.912498474121094,40.147499084472656,39.41749954223633,40.13249969482422,3745600
2017-12-22,36.01982498168945,39.212501525878906,40.86249923706055,38.252498626708984,40.5,9067600
2017-12-26,35.71440124511719,38.880001068115234,39.40999984741211,38.852500915527344,39.1349983215332,2011600
2017-12-27,35.829227447509766,39.005001068115234,39.119998931884766,38.814998626708984,38.9900016784668,1527200
2017-12-28,35.96701431274414,39.154998779296875,39.18000030517578,38.70249938964844,38.994998931884766,1762800
2017-12-29,35.785587310791016,38.95750045776367,39.275001525878906,38.95249938964844,39.247501373291016,1667200
2018-01-02,36.01982498168945,39.212501525878906,39.38249969482422,38.98500061035156,39.314998626708984,1912400
2018-01-03,36.380374908447266,39.60499954223633,39.66749954223633,39.0525016784668,39.0525016784668,2119200
2018-01-04,37.01190185546875,40.29249954223633,40.3224983215332,39.60499954223633,39.67250061035156,2271200
2018-01-05,37.11982727050781,40.40999984741211,40.442501068115234,40.16749954223633,40.33000183105469,2351200
2018-01-08,37.179534912109375,40.474998474121094,40.64500045776367,39.95750045776367,40.345001220703125,2608800
2018-01-09,37.02337646484375,40.30500030517578,40.55500030517578,40.287498474121094,40.5,1796800
2018-01-10,36.819000244140625,40.08250045776367,40.33000183105469,39.9474983215332,40.244998931884766,1612400
2018-01-11,37.213985443115234,40.51250076293945,40.560001373291016,39.962501525878906,40.07500076293945,2119600
2018-01-12,36.84885025024414,40.1150016784668,40.5625,40.01499938964844,40.45249938964844,1796400
2018-01-16,37.02337646484375,40.30500030517578,40.52750015258789,40.20249938964844,40.27750015258789,3043600
2018-01-17,37.356361389160156,40.66749954223633,40.76250076293945,40.33250045776367,40.33250045776367,3109200
2018-01-18,37.15656661987305,40.45000076293945,40.74250030517578,40.0,40.22249984741211,2312800
2018-01-19,37.675575256347656,41.01499938964844,41.04249954223633,40.317501068115234,40.48500061035156,1789600
2018-01-22,37.923580169677734,41.28499984741211,41.29999923706055,40.80500030517578,41.0,1896000
2018-01-23,37.868465423583984,41.224998474121094,41.31999969482422,40.8650016784668,41.22249984741211,1676400
2018-01-24,37.88684844970703,41.244998931884766,41.45249938964844,41.15999984741211,41.334999084472656,1580000
2018-01-25,38.2542724609375,41.64500045776367,41.88999938964844,41.45000076293945,41.477500915527344,1984400
2018-01-26,38.52755355834961,41.942501068115234,41.95000076293945,41.505001068115234,41.70750045776367,1489600
2018-01-29,38.1210823059082,41.5,41.89500045776367,41.39250183105469,41.84000015258789,1934000
2018-01-30,38.07976150512695,41.45500183105469,41.744998931884766,41.27750015258789,41.532501220703125,1748000
2018-01-31,38.68370819091797,42.11249923706055,42.4900016784668,41.564998626708984,41.57500076293945,4130000
2018-02-01,37.932769775390625,41.29499816894531,42.08250045776367,41.0,41.967498779296875,2428000
2018-02-02,37.161163330078125,40.45500183105469,41.24250030517578,40.41749954223633,41.095001220703125,1786800
2018-02-05,35.93027114868164,39.1150016784668,40.845001220703125,39.10749816894531,40.57749938964844,3058800
2018-02-06,35.905006408691406,39.087501525878906,39.32749938964844,37.97999954223633,38.60499954223633,4228400
2018-02-07,35.962425231933594,39.150001525878906,39.8650016784668,38.872501373291016,38.93000030517578,2656400
2018-02-08,34.29059982299805,37.33000183105469,39.1974983215332,37.3125,39.09749984741211,2877600
2018-02-09,35.07369613647461,38.182498931884766,38.522499084472656,36.845001220703125,37.70249938964844,3965200
2018-02-12,35.45719528198242,38.599998474121094,38.90999984741211,38.10749816894531,38.36000061035156,1936800
2018-02-13,35.8407096862793,39.01750183105469,39.150001525878906,38.247501373291016,38.415000915527344,1103600
2018-02-14,37.74445343017578,41.09000015258789,41.119998931884766,38.63999938964844,38.72249984741211,5011200
2018-02-15,38.336944580078125,41.73500061035156,41.772499084472656,40.814998626708984,41.307498931884766,2596400
2018-02-16,38.3782844543457,41.779998779296875,41.967498779296875,41.58000183105469,41.837501525878906,2350800
2018-02-20,38.27035140991211,41.662498474121094,42.1349983215332,41.375,41.587501525878906,2172400
2018-02-21,38.42879867553711,41.834999084472656,42.43000030517578,41.5625,41.61000061035156,2023600
2018-02-22,38.36909484863281,41.77000045776367,42.272499084472656,41.654998779296875,41.79499816894531,1988400
2018-02-23,39.03736877441406,42.497501373291016,42.532501220703125,41.657501220703125,42.11000061035156,1903200
2018-02-26,39.221092224121094,42.6974983215332,42.75,42.25,42.67499923706055,3060000
2018-02-27,39.26930618286133,42.75,42.89250183105469,42.57749938964844,42.75,3102000
2018-02-28,39.191226959228516,42.665000915527344,43.227500915527344,42.665000915527344,42.95750045776367,3396800
2018-03-01,38.93861770629883,42.38999938964844,43.16749954223633,42.095001220703125,42.817501068115234,2893200
2018-03-02,39.02588653564453,42.48500061035156,42.665000915527344,41.77000045776367,42.04499816894531,2245200
2018-03-05,39.363460540771484,42.852500915527344,42.9375,41.79750061035156,42.15250015258789,1535200
2018-03-06,39.49895477294922,43.0,43.029998779296875,42.58250045776367,42.912498474121094,1888000
2018-03-07,39.54259490966797,43.04750061035156,43.19499969482422,42.790000915527344,42.790000915527344,2233200
2018-03-08,39.55177307128906,43.057498931884766,43.192501068115234,42.6875,43.0625,1853200
2018-03-09,40.94572067260742,44.57500076293945,44.584999084472656,43.122501373291016,43.26499938964844,1827200
2018-03-12,40.557621002197266,44.15250015258789,44.47999954223633,43.70000076293945,44.47999954223633,2542800
2018-03-13,40.4473876953125,44.032501220703125,44.56999969482422,43.935001373291016,44.5,1395200
2018-03-14,39.86867904663086,43.40250015258789,44.162498474121094,43.349998474121094,44.162498474121094,1509200
2018-03-15,39.797489166259766,43.32500076293945,43.619998931884766,43.165000915527344,43.52750015258789,1486000
2018-03-16,39.792903900146484,43.31999969482422,43.712501525878906,43.13750076293945,43.51250076293945,3955600
2018-03-19,39.7263069152832,43.247501373291016,43.33000183105469,42.8125,43.24250030517578,2244000
2018-03-20,39.618370056152344,43.130001068115234,43.6349983215332,43.11000061035156,43.29249954223633,1776000
2018-03-21,39.79518508911133,43.3224983215332,43.849998474121094,43.147499084472656,43.22249984741211,2076400
2018-03-22,37.45741271972656,40.77750015258789,43.01499938964844,40.52750015258789,42.7400016784668,4496400
2018-03-23,38.54592514038086,41.962501525878906,43.67499923706055,41.252498626708984,41.682498931884766,5814000
2018-03-26,39.26472473144531,42.744998931884766,43.20500183105469,42.057498931884766,42.647499084472656,3508800
2018-03-27,38.94550704956055,42.397499084472656,43.724998474121094,42.157501220703125,43.567501068115234,2456000
2018-03-28,38.821502685546875,42.26250076293945,42.76750183105469,42.125,42.412498474121094,2274400
2018-03-29,39.17285919189453,42.64500045776367,43.029998779296875,42.13999938964844,42.38249969482422,2302000
2018-04-02,38.45636749267578,41.8650016784668,42.747501373291016,41.369998931884766,42.52750015258789,2336400
2018-04-03,39.0006217956543,42.45750045776367,42.51499938964844,41.92250061035156,42.11750030517578,2562000
2018-04-04,38.915653228759766,42.3650016784668,42.560001373291016,41.720001220703125,41.994998931884766,2182800
2018-04-05,39.43006134033203,42.92499923706055,43.154998779296875,42.400001525878906,42.63750076293945,2036800
2018-04-06,38.291019439697266,41.685001373291016,42.79249954223633,41.33250045776367,42.522499084472656,1397200
2018-04-09,38.50459289550781,41.91749954223633,42.564998626708984,41.877498626708984,42.00749969482422,1574000
2018-04-10,39.115447998046875,42.58250045776367,42.86750030517578,42.3224983215332,42.5,2014800
2018-04-11,39.071815490722656,42.53499984741211,42.689998626708984,42.220001220703125,42.307498931884766,1688000
2018-04-12,39.53799057006836,43.04249954223633,43.2599983215332,42.657501220703125,42.657501220703125,1687600
2018-04-13,39.076412200927734,42.540000915527344,43.1875,42.39500045776367,43.1875,1615600
2018-04-16,39.70793533325195,43.227500915527344,43.26250076293945,42.6775016784668,42.907501220703125,1379600
2018-04-17,39.94675827026367,43.48749923706055,43.775001525878906,43.38249969482422,43.43000030517578,1766800
2018-04-18,40.04550552368164,43.595001220703125,43.689998626708984,43.02000045776367,43.567501068115234,1202400
2018-04-19,39.99498748779297,43.540000915527344,43.70000076293945,43.23249816894531,43.54750061035156,1025200
2018-04-20,39.75615310668945,43.279998779296875,43.65999984741211,43.0724983215332,43.435001373291016,1348000
2018-04-23,39.75615310668945,43.279998779296875,43.522499084472656,43.09000015258789,43.47999954223633,1404400
2018-04-24,39.384132385253906,42.875,43.75,42.470001220703125,43.625,1654000
2018-04-25,39.312931060791016,42.79750061035156,43.067501068115234,42.435001373291016,42.772499084472656,1432400
2018-04-26,39.703338623046875,43.22249984741211,43.372501373291016,42.662498474121094,42.98249816894531,1394000
2018-04-27,39.799781799316406,43.32749938964844,43.45750045776367,42.977500915527344,43.227500915527344,1176000
2018-04-30,39.108558654785156,42.57500076293945,43.665000915527344,42.5625,43.307498931884766,3061200
2018-05-01,39.57703399658203,43.084999084472656,43.165000915527344,42.25,42.397499084472656,1926800
2018-05-02,39.237152099609375,42.71500015258789,43.282501220703125,42.53499984741211,43.067501068115234,1500000
2018-05-03,39.730892181396484,43.252498626708984,43.59749984741211,42.5,42.5099983215332,2214800
2018-05-04,40.24070739746094,43.807498931884766,43.907501220703125,42.97249984741211,43.07500076293945,1667600
2018-05-07,40.36012268066406,43.9375,44.1150016784668,43.6349983215332,43.90999984741211,2445600
2018-05-08,40.56451416015625,44.15999984741211,44.185001373291016,43.75,43.900001525878906,1537600
2018-05-09,41.07891082763672,44.720001220703125,44.75,43.86000061035156,44.165000915527344,1285200
2018-05-10,41.786224365234375,45.4900016784668,45.54249954223633,44.790000915527344,44.935001373291016,1209600
2018-05-11,42.2340202331543,45.977500915527344,45.997501373291016,45.32749938964844,45.36000061035156,1352400
2018-05-14,42.08705520629883,45.817501068115234,46.05500030517578,45.665000915527344,45.90999984741211,1348000
2018-05-15,42.05949401855469,45.787498474121094,45.814998626708984,45.40999984741211,45.584999084472656,1349600
2018-05-16,41.82984924316406,45.537498474121094,45.90999984741211,45.4275016784668,45.712501525878906,1249200
2018-05-17,41.852813720703125,45.5625,45.869998931884766,45.459999084472656,45.60749816894531,1548400
2018-05-18,41.9906005859375,45.712501525878906,45.842498779296875,45.334999084472656,45.64250183105469,1372800
2018-05-21,42.12379455566406,45.85749816894531,45.907501220703125,45.650001525878906,45.75,1702800
2018-05-22,41.5359001159668,45.217498779296875,45.915000915527344,45.157501220703125,45.875,1536800
2018-05-23,41.51064682006836,45.189998626708984,45.217498779296875,44.787498474121094,45.07749938964844,1609600
2018-05-24,41.715030670166016,45.412498474121094,45.5,44.98500061035156,45.287498474121094,1278800
2018-05-25,41.52901840209961,45.209999084472656,45.49250030517578,45.025001525878906,45.27000045776367,1181200
2018-05-29,41.47849655151367,45.154998779296875,45.400001525878906,44.772499084472656,44.9474983215332,1423600
2018-05-30,42.05949401855469,45.787498474121094,45.80500030517578,45.14500045776367,45.310001373291016,1303600
2018-05-31,41.852813720703125,45.5625,46.0099983215332,45.415000915527344,45.807498931884766,4642400
2018-06-01,42.3832893371582,46.13999938964844,46.16999816894531,45.54999923706055,45.717498779296875,1838000
2018-06-04,42.89999771118164,46.70249938964844,46.79499816894531,46.24250030517578,46.247501373291016,1559200
2018-06-05,43.593528747558594,47.45750045776367,47.474998474121094,46.82500076293945,46.837501525878906,1708000
2018-06-06,43.84614181518555,47.73249816894531,47.834999084472656,47.380001068115234,47.48749923706055,1709600
2018-06-07,43.41900634765625,47.26750183105469,47.8025016784668,46.95500183105469,47.70000076293945,1678400
2018-06-08,43.972442626953125,47.869998931884766,47.89500045776367,47.16999816894531,47.29499816894531,1158800
2018-06-11,43.75197982788086,47.630001068115234,47.977500915527344,47.49250030517578,47.814998626708984,1315200
2018-06-12,44.1607551574707,48.07500076293945,48.192501068115234,47.790000915527344,47.810001373291016,1192800
2018-06-13,44.1607551574707,48.07500076293945,48.522499084472656,48.037498474121094,48.037498474121094,1421600
2018-06-14,43.99081039428711,47.88999938964844,48.275001525878906,47.70000076293945,48.275001525878906,1948000
2018-06-15,43.74968338012695,47.627498626708984,47.932498931884766,47.32749938964844,47.93000030517578,3722000
2018-06-18,43.86909866333008,47.75749969482422,47.86249923706055,47.33000183105469,47.657501220703125,1598800
2018-06-19,43.75886535644531,47.63750076293945,47.685001373291016,46.96500015258789,47.4375,1388000
2018-06-20,43.696861267089844,47.56999969482422,47.842498779296875,47.3849983215332,47.755001068115234,1356000
2018-06-21,43.50855255126953,47.3650016784668,47.650001525878906,47.002498626708984,47.52750015258789,1253600
2018-06-22,43.31794738769531,47.157501220703125,47.747501373291016,47.092498779296875,47.61000061035156,1910000
2018-06-25,42.61753845214844,46.39500045776367,47.212501525878906,46.17499923706055,47.095001220703125,2347200
2018-06-26,42.84947204589844,46.647499084472656,46.852500915527344,46.459999084472656,46.48749923706055,1701600
2018-06-27,42.33507537841797,46.087501525878906,46.994998931884766,46.040000915527344,46.5099983215332,1575600
2018-06-28,42.612945556640625,46.38999938964844,46.567501068115234,46.04750061035156,46.119998931884766,1004400
2018-06-29,42.500423431396484,46.26750183105469,47.04249954223633,46.2599983215332,46.4474983215332,1753200
2018-07-02,43.322547912597656,47.162498474121094,47.217498779296875,45.79999923706055,46.060001373291016,1804800
2018-07-03,42.96199417114258,46.77000045776367,47.45500183105469,46.73749923706055,47.244998931884766,969200
2018-07-05,43.494781494140625,47.349998474121094,47.40250015258789,46.8025016784668,46.95750045776367,1633600
2018-07-06,43.924217224121094,47.817501068115234,47.97249984741211,47.17499923706055,47.33250045776367,1105600
2018-07-09,44.30083084106445,48.227500915527344,48.247501373291016,47.875,47.977500915527344,2306000
2018-07-10,44.388092041015625,48.3224983215332,48.58000183105469,48.09749984741211,48.26750183105469,1682000
2018-07-11,44.45009994506836,48.38999938964844,48.57749938964844,47.98749923706055,48.01750183105469,1910000
2018-07-12,44.79456329345703,48.76499938964844,48.79499816894531,48.275001525878906,48.63999938964844,1426000
2018-07-13,44.943843841552734,48.9275016784668,49.067501068115234,48.74250030517578,48.900001525878906,1280000
2018-07-16,44.20668029785156,48.125,49.005001068115234,48.04249954223633,48.94499969482422,2048400
2018-07-17,44.6108512878418,48.564998626708984,48.647499084472656,48.15250015258789,48.415000915527344,1998400
2018-07-18,44.21356964111328,48.13249969482422,48.747501373291016,48.04249954223633,48.47249984741211,2157600
2018-07-19,44.47765350341797,48.41999816894531,48.48500061035156,47.869998931884766,48.150001525878906,2693200
2018-07-20,46.74885177612305,50.89250183105469,51.06999969482422,48.76499938964844,49.125,5224800
2018-07-23,47.104801177978516,51.279998779296875,51.994998931884766,50.86000061035156,50.935001373291016,4162000
2018-07-24,47.53423309326172,51.747501373291016,51.994998931884766,51.14250183105469,51.14250183105469,3312400
2018-07-25,48.0532341003418,52.3125,52.34749984741211,51.53499984741211,51.65999984741211,2458400
2018-07-26,47.94758987426758,52.1974983215332,52.595001220703125,51.85749816894531,52.4900016784668,2083200
2018-07-27,47.08413314819336,51.25749969482422,52.30500030517578,50.85499954223633,52.2400016784668,2052400
2018-07-30,46.555946350097656,50.682498931884766,51.247501373291016,50.342498779296875,51.22999954223633,2602400
2018-07-31,46.95780944824219,51.119998931884766,51.2400016784668,50.682498931884766,50.970001220703125,3031200
2018-08-01,47.299991607666016,51.49250030517578,51.654998779296875,51.0,51.0,2485600
2018-08-02,47.80751037597656,52.04499816894531,52.11750030517578,51.282501220703125,51.34749984741211,2140800
2018-08-03,47.518157958984375,51.72999954223633,52.157501220703125,51.287498474121094,52.02000045776367,1530400
2018-08-06,48.269100189208984,52.54750061035156,52.752498626708984,51.75749969482422,51.77750015258789,1740000
2018-08-07,48.50792694091797,52.807498931884766,53.067501068115234,52.627498626708984,52.724998474121094,1442800
2018-08-08,48.409183502197266,52.70000076293945,53.005001068115234,52.61249923706055,52.79999923706055,1668400
2018-08-09,48.546974182128906,52.849998474121094,53.147499084472656,52.755001068115234,52.8224983215332,1868800
2018-08-10,48.45281219482422,52.747501373291016,52.95000076293945,52.290000915527344,52.29999923706055,1477200
2018-08-13,48.1519660949707,52.41999816894531,52.97999954223633,52.28499984741211,52.782501220703125,1098400
2018-08-14,48.28977584838867,52.56999969482422,52.89250183105469,52.1150016784668,52.42499923706055,2202400
2018-08-15,48.54926681518555,52.852500915527344,52.90999984741211,52.17250061035156,52.38249969482422,1935600
2018-08-16,48.668678283691406,52.98249816894531,53.255001068115234,52.82500076293945,53.04999923706055,1275600
2018-08-17,48.86388397216797,53.19499969482422,53.275001525878906,52.904998779296875,53.16999816894531,1696400
2018-08-20,48.884544372558594,53.217498779296875,53.49250030517578,53.08000183105469,53.404998779296875,1870800
2018-08-21,48.67098617553711,52.98500061035156,53.459999084472656,52.96500015258789,53.27750015258789,1956400
2018-08-22,48.781211853027344,53.10499954223633,53.4275016784668,52.752498626708984,52.89250183105469,1142000
2018-08-23,48.774314880371094,53.09749984741211,53.20000076293945,52.77750015258789,52.9900016784668,992800
2018-08-24,48.82943344116211,53.157501220703125,53.42250061035156,52.875,53.17499923706055,913600
2018-08-27,48.69394302368164,53.0099983215332,53.48249816894531,52.92499923706055,53.345001220703125,1439200
2018-08-28,48.935062408447266,53.272499084472656,53.377498626708984,53.029998779296875,53.17250061035156,1018400
2018-08-29,49.206050872802734,53.567501068115234,53.6875,53.099998474121094,53.3849983215332,1180800
2018-08-30,48.9855842590332,53.32749938964844,53.567501068115234,53.084999084472656,53.42250061035156,834000
2018-08-31,48.99938201904297,53.342498779296875,53.43000030517578,53.14250183105469,53.224998474121094,1562400
2018-09-04,49.49770736694336,53.8849983215332,54.04249954223633,53.30500030517578,53.30500030517578,1639200
2018-09-05,49.288734436035156,53.657501220703125,54.209999084472656,53.35499954223633,53.6150016784668,2059600
2018-09-06,49.69519805908203,54.099998474121094,54.162498474121094,53.560001373291016,53.647499084472656,1107600
2018-09-07,49.65616226196289,54.057498931884766,54.334999084472656,53.61000061035156,53.92499923706055,1157200
2018-09-10,49.24509048461914,53.61000061035156,54.09749984741211,53.52000045776367,54.09749984741211,1575200
2018-09-11,49.41732406616211,53.79750061035156,54.220001220703125,53.122501373291016,53.42499923706055,1329600
2018-09-12,48.89373779296875,53.227500915527344,53.845001220703125,52.9900016784668,53.307498931884766,1884000
2018-09-13,48.99938201904297,53.342498779296875,53.59749984741211,53.23249816894531,53.564998626708984,1796000
2018-09-14,49.25428771972656,53.619998931884766,53.76499938964844,53.16749954223633,53.337501525878906,1250800
2018-09-17,48.79269790649414,53.11750030517578,53.625,52.932498931884766,53.625,1684400
2018-09-18,49.34613800048828,53.720001220703125,53.86249923706055,53.189998626708984,53.29249954223633,2271200
2018-09-19,48.413780212402344,52.70500183105469,53.709999084472656,52.462501525878906,53.682498931884766,1767600
2018-09-20,48.613563537597656,52.92250061035156,53.0625,52.45500183105469,52.875,1674000
2018-09-21,48.61586380004883,52.92499923706055,53.48500061035156,52.787498474121094,53.0724983215332,3394800
2018-09-24,48.480377197265625,52.77750015258789,53.10499954223633,52.525001525878906,53.0,1885200
2018-09-25,48.905216217041016,53.2400016784668,53.412498474121094,52.83000183105469,53.03499984741211,3288000
2018-09-26,46.19540023803711,50.290000915527344,52.247501373291016,50.02750015258789,51.54499816894531,9292800
2018-09-27,45.37556457519531,49.397499084472656,50.5,49.20750045776367,50.345001220703125,4696000
2018-09-28,45.426090240478516,49.45249938964844,49.55500030517578,48.77000045776367,49.165000915527344,4429600
2018-10-01,45.47432327270508,49.505001068115234,49.912498474121094,49.25749969482422,49.747501373291016,4650000
2018-10-02,44.975990295410156,48.962501525878906,49.584999084472656,48.89500045776367,49.27750015258789,4170800
2018-10-03,45.019615173339844,49.0099983215332,49.34749984741211,48.817501068115234,49.16749954223633,4172400
2018-10-04,44.75324249267578,48.720001220703125,49.227500915527344,48.5724983215332,48.974998474121094,3514400
2018-10-05,44.98747253417969,48.974998474121094,49.3125,48.505001068115234,48.817501068115234,3424000
2018-10-08,44.65678405761719,48.6150016784668,49.122501373291016,48.119998931884766,48.92250061035156,1626000
2018-10-09,44.854286193847656,48.83000183105469,49.130001068115234,48.54249954223633,48.65999984741211,2677600
2018-10-10,42.97348403930664,46.782501220703125,48.837501525878906,46.71500015258789,48.837501525878906,3434400
2018-10-11,42.2592887878418,46.005001068115234,47.317501068115234,45.86750030517578,46.72249984741211,4842400
2018-10-12,42.936744689941406,46.74250030517578,47.00749969482422,46.13249969482422,46.415000915527344,3260400
2018-10-15,42.34425354003906,46.09749984741211,46.685001373291016,45.997501373291016,46.685001373291016,2196400
2018-10-16,43.61190414428711,47.477500915527344,47.630001068115234,46.252498626708984,46.29750061035156,2174000
2018-10-17,42.75991439819336,46.54999923706055,47.68000030517578,46.352500915527344,47.68000030517578,2872800
2018-10-18,41.55657196044922,45.2400016784668,46.747501373291016,44.91999816894531,46.57500076293945,3169200
2018-10-19,41.028385162353516,44.665000915527344,45.51499938964844,44.45249938964844,45.45500183105469,2569200
2018-10-22,41.028385162353516,44.665000915527344,45.029998779296875,44.1974983215332,44.727500915527344,2277200
2018-10-23,40.11439895629883,43.66999816894531,44.24250030517578,42.6875,43.997501373291016,4284400
2018-10-24,38.667640686035156,42.095001220703125,44.04750061035156,42.005001068115234,43.647499084472656,3633600
2018-10-25,39.887054443359375,43.42250061035156,43.6150016784668,42.14500045776367,42.5,3349600
2018-10-26,39.377235412597656,42.86750030517578,43.48749923706055,42.04999923706055,42.564998626708984,2546400
2018-10-29,39.47599411010742,42.974998474121094,43.8025016784668,42.25,43.372501373291016,3026400
2018-10-30,40.8515625,44.47249984741211,44.595001220703125,43.27750015258789,43.27750015258789,4873600
2018-10-31,41.76555252075195,45.467498779296875,45.970001220703125,44.747501373291016,44.75,4223600
2018-11-01,41.512939453125,45.192501068115234,45.65999984741211,44.61750030517578,45.592498779296875,3191200
2018-11-02,41.251136779785156,44.907501220703125,45.935001373291016,44.51750183105469,45.497501373291016,2067200
2018-11-05,40.80104064941406,44.41749954223633,45.224998474121094,44.067501068115234,45.005001068115234,2636000
2018-11-06,40.741336822509766,44.352500915527344,44.814998626708984,44.029998779296875,44.51750183105469,3010400
2018-11-07,41.65760803222656,45.349998474121094,45.42499923706055,44.52750015258789,44.837501525878906,2839600
2018-11-08,42.07802963256836,45.290000915527344,45.3025016784668,44.61750030517578,44.86000061035156,1607200
2018-11-09,41.6274299621582,44.80500030517578,45.16749954223633,44.290000915527344,45.16749954223633,1648000
2018-11-12,41.072296142578125,44.20750045776367,44.997501373291016,44.02000045776367,44.67499923706055,1736000
2018-11-13,41.3742561340332,44.532501220703125,45.102500915527344,44.182498931884766,44.342498779296875,1847600
2018-11-14,41.16521072387695,44.307498931884766,45.0,43.935001373291016,44.852500915527344,1660000
2018-11-15,42.32421875,45.55500030517578,45.61000061035156,44.002498626708984,44.162498474121094,2255200
2018-11-16,42.551856994628906,45.79999923706055,45.994998931884766,45.1150016784668,45.537498474121094,1803200
2018-11-19,41.71103286743164,44.89500045776367,45.84749984741211,44.56999969482422,45.75,2607600
2018-11-20,41.29759216308594,44.45000076293945,44.779998779296875,44.125,44.502498626708984,2855200
2018-11-21,41.9688606262207,45.17250061035156,45.52750015258789,44.58000183105469,44.877498626708984,1954800
2018-11-23,41.820213317871094,45.01250076293945,45.2599983215332,44.70500183105469,44.932498931884766,1138000
2018-11-26,42.333526611328125,45.564998626708984,45.817501068115234,45.022499084472656,45.462501525878906,2759600
2018-11-27,42.58668899536133,45.837501525878906,45.880001068115234,45.20500183105469,45.29999923706055,1823200
2018-11-28,43.722496032714844,47.060001373291016,47.07749938964844,45.6875,45.6875,2754400
2018-11-29,43.67603302001953,47.0099983215332,47.212501525878906,46.442501068115234,46.9474983215332,1724400
2018-11-30,43.52274703979492,46.845001220703125,47.45500183105469,46.727500915527344,47.19499969482422,3189600
2018-12-03,43.98496627807617,47.342498779296875,47.814998626708984,46.90999984741211,47.47999954223633,2353200
2018-12-04,41.69013595581055,44.872501373291016,47.497501373291016,44.872501373291016,47.497501373291016,2758400
2018-12-06,41.304561614990234,44.45750045776367,44.58000183105469,43.397499084472656,44.29750061035156,3477600
2018-12-07,39.811065673828125,42.849998474121094,44.6349983215332,42.60499954223633,44.1974983215332,3420000
2018-12-10,39.84358596801758,42.8849983215332,43.092498779296875,42.272499084472656,42.849998474121094,2603600
2018-12-11,39.58576965332031,42.60749816894531,43.66999816894531,42.474998474121094,43.477500915527344,2672800
2018-12-12,40.21986770629883,43.290000915527344,44.02000045776367,43.150001525878906,43.27750015258789,2143600
2018-12-13,39.91327667236328,42.959999084472656,43.532501220703125,42.67250061035156,43.45249938964844,1715600
2018-12-14,39.425498962402344,42.435001373291016,42.92250061035156,42.32500076293945,42.622501373291016,2387200
2018-12-17,38.607913970947266,41.55500030517578,42.71500015258789,41.32749938964844,42.467498779296875,4194400
2018-12-18,38.6961784362793,41.650001525878906,41.98500061035156,41.21500015258789,41.834999084472656,3933200
2018-12-19,38.34080505371094,41.26750183105469,42.75749969482422,41.20500183105469,41.68000030517578,5040400
2018-12-20,36.94021224975586,39.7599983215332,41.04999923706055,38.994998931884766,40.849998474121094,5766800
2018-12-21,37.15622329711914,39.99250030517578,41.537498474121094,39.73749923706055,40.255001068115234,9143200
2018-12-24,36.23875427246094,39.005001068115234,40.09749984741211,38.994998931884766,40.03499984741211,2248400
2018-12-26,38.09923553466797,41.00749969482422,41.022499084472656,39.01250076293945,39.23500061035156,4056400
2018-12-27,38.84714126586914,41.8125,41.8224983215332,40.247501373291016,40.45500183105469,2739200
2018-12-28,38.76818084716797,41.727500915527344,42.25749969482422,41.25749969482422,41.935001373291016,2604000
2018-12-31,39.019039154052734,41.997501373291016,42.130001068115234,41.442501068115234,41.98749923706055,2257200
2019-01-02,38.90289306640625,41.872501373291016,41.89500045776367,41.147499084472656,41.377498626708984,2378400
2019-01-03,38.28041458129883,41.20249938964844,42.5,41.125,41.98500061035156,3674000
2019-01-04,40.08049392700195,43.13999938964844,43.192501068115234,41.42250061035156,41.79999923706055,3482000
2019-01-07,40.14786148071289,43.212501525878906,43.54249954223633,42.6775016784668,43.122501373291016,2956400
2019-01-08,40.58219909667969,43.68000030517578,43.875,42.78499984741211,43.63249969482422,3110000
2019-01-09,40.93758010864258,44.0625,44.30500030517578,43.540000915527344,43.86750030517578,2433200
2019-01-10,41.22327423095703,44.369998931884766,44.40250015258789,43.880001068115234,43.97999954223633,2244400
2019-01-11,41.29528045654297,44.4474983215332,44.48249816894531,43.852500915527344,44.24250030517578,1763200
2019-01-14,41.032806396484375,44.165000915527344,44.36000061035156,43.869998931884766,44.165000915527344,1593200
2019-01-15,41.23719787597656,44.3849983215332,44.529998779296875,44.022499084472656,44.342498779296875,1760000
2019-01-16,41.406761169433594,44.567501068115234,44.65999984741211,44.099998474121094,44.470001220703125,1978400
2019-01-17,42.019954681396484,45.227500915527344,45.3125,44.317501068115234,44.4474983215332,1652400
2019-01-18,42.94904327392578,46.227500915527344,46.334999084472656,45.400001525878906,45.662498474121094,2552400
2019-01-22,42.44966506958008,45.689998626708984,46.162498474121094,45.33000183105469,46.022499084472656,1578800
2019-01-23,42.30564880371094,45.53499984741211,45.962501525878906,45.13999938964844,45.90250015258789,1849600
2019-01-24,42.39390563964844,45.630001068115234,45.662498474121094,45.11000061035156,45.59000015258789,1121200
2019-01-25,42.965293884277344,46.244998931884766,46.33250045776367,46.0,46.125,1695200
2019-01-28,42.503074645996094,45.747501373291016,45.89500045776367,45.29249954223633,45.81999969482422,1534400
2019-01-29,42.52862548828125,45.775001525878906,46.00749969482422,45.58000183105469,45.932498931884766,1365600
2019-01-30,43.34621047973633,46.654998779296875,46.85749816894531,45.65999984741211,46.03499984741211,1737600
2019-01-31,43.552940368652344,46.877498626708984,46.977500915527344,46.48500061035156,46.68000030517578,2835600
2019-02-01,43.80844497680664,47.15250015258789,47.244998931884766,46.54249954223633,46.8849983215332,2261600
2019-02-04,44.21492004394531,47.59000015258789,47.60499954223633,46.73249816894531,47.147499084472656,1422000
2019-02-05,44.54937744140625,47.95000076293945,48.01250076293945,47.5,47.61750030517578,1394400
2019-02-06,44.49131774902344,47.88750076293945,47.970001220703125,47.6775016784668,47.875,1578800
2019-02-07,44.53776550292969,47.9375,48.022499084472656,47.477500915527344,47.627498626708984,1635600
2019-02-08,45.11378479003906,48.557498931884766,48.5625,47.657501220703125,47.70750045776367,1335600
2019-02-11,45.898860931396484,49.40250015258789,49.442501068115234,48.69499969482422,48.85499954223633,2683600
2019-02-12,46.59103775024414,50.147499084472656,50.227500915527344,49.505001068115234,49.782501220703125,2460000
2019-02-13,46.8627815246582,50.439998626708984,50.720001220703125,50.147499084472656,50.16999816894531,2168000
2019-02-14,46.78150177001953,50.352500915527344,50.587501525878906,50.002498626708984,50.002498626708984,1808800
2019-02-15,47.33430099487305,50.9474983215332,50.97249984741211,50.317501068115234,50.84000015258789,2094800
2019-02-19,47.26460647583008,50.872501373291016,50.96500015258789,50.70750045776367,50.73749923706055,1448800
2019-02-20,47.164737701416016,50.76499938964844,50.904998779296875,50.25749969482422,50.69499969482422,1055600
2019-02-21,47.14616012573242,50.744998931884766,50.88999938964844,50.255001068115234,50.81999969482422,1191200
2019-02-22,47.475975036621094,51.099998474121094,51.25,50.747501373291016,50.875,1170400
2019-02-25,47.48991394042969,51.1150016784668,51.48249816894531,51.09749984741211,51.33000183105469,1285600
2019-02-26,47.19725799560547,50.79999923706055,51.25,50.775001525878906,50.92250061035156,1209200
2019-02-27,47.610694885253906,51.244998931884766,51.349998474121094,50.29999923706055,50.70500183105469,1311600
2019-02-28,47.98697280883789,51.650001525878906,51.83250045776367,51.087501525878906,51.279998779296875,1764400
2019-03-01,48.39344024658203,52.087501525878906,52.36249923706055,51.630001068115234,52.0099983215332,1568800
2019-03-04,47.984649658203125,51.647499084472656,52.40999984741211,51.372501373291016,52.279998779296875,1531600
2019-03-05,47.70127487182617,51.342498779296875,51.76750183105469,51.32500076293945,51.72999954223633,2164400
2019-03-06,47.20191192626953,50.80500030517578,51.45750045776367,50.790000915527344,51.29999923706055,1744400
2019-03-07,47.041629791259766,50.63249969482422,50.875,50.04499816894531,50.79249954223633,2299200
2019-03-08,46.76058578491211,50.33000183105469,50.42499923706055,49.92499923706055,50.275001525878906,1895600
2019-03-11,47.45740509033203,51.08000183105469,51.15999984741211,49.99250030517578,50.439998626708984,2944800
2019-03-12,47.40397262573242,51.022499084472656,51.227500915527344,50.61750030517578,51.127498626708984,1944000
2019-03-13,47.736114501953125,51.380001068115234,51.53499984741211,51.025001525878906,51.17499923706055,2170800
2019-03-14,47.58979797363281,51.22249984741211,51.38249969482422,50.932498931884766,51.27750015258789,2735200
2019-03-15,47.74309158325195,51.38750076293945,51.79999923706055,51.1349983215332,51.227500915527344,4489600
2019-03-18,48.20530700683594,51.8849983215332,51.97249984741211,51.40999984741211,51.497501373291016,1839600
2019-03-19,47.96839141845703,51.630001068115234,52.08000183105469,51.5,51.970001220703125,1682800
2019-03-20,47.65947341918945,51.29750061035156,51.97249984741211,51.157501220703125,51.8025016784668,1867200
2019-03-21,48.340023040771484,52.029998779296875,52.11249923706055,51.0,51.0,3353200
2019-03-22,45.188114166259766,48.63750076293945,51.002498626708984,48.4375,50.727500915527344,6198400
2019-03-25,45.76182556152344,49.255001068115234,49.345001220703125,47.977500915527344,48.529998779296875,4686400
2019-03-26,46.30998229980469,49.845001220703125,49.90250015258789,49.439998626708984,49.625,1808400
2019-03-27,46.23798751831055,49.76750183105469,50.317501068115234,49.525001525878906,49.89250183105469,1552400
2019-03-28,46.60032272338867,50.157501220703125,50.224998474121094,49.63750076293945,49.877498626708984,1200400
2019-03-29,46.94407653808594,50.52750015258789,50.630001068115234,50.0099983215332,50.51250076293945,1556000
2019-04-01,47.610694885253906,51.244998931884766,51.34000015258789,50.834999084472656,51.0525016784668,2062400
2019-04-02,47.8685188293457,51.522499084472656,51.587501525878906,51.16999816894531,51.29750061035156,1589200
2019-04-03,48.170467376708984,51.84749984741211,52.025001525878906,51.57500076293945,51.70249938964844,1630400
2019-04-04,47.69431686401367,51.334999084472656,52.037498474121094,51.185001373291016,52.037498474121094,1120000
2019-04-05,47.933555603027344,51.592498779296875,51.89250183105469,51.36000061035156,51.53499984741211,879600
2019-04-08,47.91960906982422,51.57749938964844,51.6349983215332,50.939998626708984,51.352500915527344,1360400
2019-04-09,47.5526237487793,51.182498931884766,51.64500045776367,51.064998626708984,51.3025016784668,1202000
2019-04-10,47.608360290527344,51.24250030517578,51.439998626708984,50.8650016784668,51.24250030517578,1096400
2019-04-11,47.724510192871094,51.36750030517578,51.43000030517578,50.869998931884766,51.2599983215332,1282000
2019-04-12,48.17279815673828,51.849998474121094,51.875,50.9900016784668,51.595001220703125,1637600
2019-04-15,48.36556625366211,52.057498931884766,52.154998779296875,51.627498626708984,51.875,1694800
2019-04-16,48.621063232421875,52.33250045776367,52.439998626708984,52.08250045776367,52.10499954223633,1111200
2019-04-17,48.762752532958984,52.48500061035156,52.69499969482422,52.1150016784668,52.50749969482422,1652800
2019-04-18,49.631446838378906,53.41999816894531,53.4375,52.48500061035156,52.74250030517578,2350800
2019-04-22,48.95554733276367,52.692501068115234,53.24250030517578,52.595001220703125,52.96500015258789,1175200
2019-04-23,49.56640625,53.349998474121094,53.42250061035156,52.592498779296875,52.88249969482422,1334800
2019-04-24,50.123863220214844,53.95000076293945,54.0,53.27000045776367,53.41749954223633,1986400
2019-04-25,49.89158630371094,53.70000076293945,53.84749984741211,53.33250045776367,53.5724983215332,2193200
2019-04-26,50.35147476196289,54.19499969482422,54.3650016784668,53.625,54.04750061035156,1078400
2019-04-29,50.372379302978516,54.217498779296875,54.459999084472656,54.01250076293945,54.150001525878906,1965200
2019-04-30,50.43510437011719,54.28499984741211,54.3125,53.93000030517578,54.119998931884766,2284400
2019-05-01,50.18424987792969,54.01499938964844,54.755001068115234,54.01250076293945,54.40250015258789,1534000
2019-05-02,51.04829788208008,54.94499969482422,54.98749923706055,53.84749984741211,53.84749984741211,1943600
2019-05-03,51.77994155883789,55.73249816894531,55.78499984741211,54.60499954223633,54.845001220703125,1825600
2019-05-06,51.77296447753906,55.724998474121094,55.997501373291016,54.59000015258789,54.59000015258789,1666400
2019-05-07,50.8322868347168,54.712501525878906,55.5625,54.412498474121094,55.06999969482422,2171200
2019-05-08,51.080806732177734,54.97999954223633,55.5525016784668,54.647499084472656,54.897499084472656,2151600
2019-05-09,51.45011520385742,55.377498626708984,55.47999954223633,54.09749984741211,54.54499816894531,1406000
2019-05-10,51.756717681884766,55.70750045776367,55.900001525878906,54.4375,54.95000076293945,1604000
2019-05-13,50.28644943237305,54.125,55.04249954223633,53.970001220703125,54.4900016784668,2326400
2019-05-14,51.11565017700195,55.01750183105469,55.3849983215332,54.095001220703125,54.3025016784668,1462800
2019-05-15,51.45940399169922,55.38750076293945,55.61249923706055,54.497501373291016,54.61000061035156,1695200
2019-05-16,51.96343994140625,55.93000030517578,56.217498779296875,55.407501220703125,55.48249816894531,1416800
2019-05-17,51.893760681152344,55.85499954223633,56.33250045776367,55.45500183105469,55.61750030517578,1403600
2019-05-20,51.884456634521484,55.845001220703125,56.005001068115234,55.3224983215332,55.3650016784668,1086800
2019-05-21,52.72760772705078,56.752498626708984,56.90999984741211,56.13750076293945,56.26250076293945,2280000
2019-05-22,52.56037139892578,56.5724983215332,56.837501525878906,56.470001220703125,56.65250015258789,1351200
2019-05-23,52.074928283691406,56.04999923706055,56.26250076293945,55.79999923706055,56.15250015258789,1451200
2019-05-24,51.6800651550293,55.625,56.43000030517578,55.595001220703125,56.217498779296875,1739200
2019-05-28,51.25965881347656,55.17250061035156,55.977500915527344,55.15250015258789,55.724998474121094,2746800
2019-05-29,51.54998779296875,55.48500061035156,55.61000061035156,54.9275016784668,55.24250030517578,1570800
2019-05-30,51.9355583190918,55.900001525878906,56.1875,55.48749923706055,55.522499084472656,1383200
2019-05-31,51.52444076538086,55.45750045776367,55.7400016784668,55.25,55.36249923706055,1367200
2019-06-03,51.88679122924805,55.84749984741211,56.157501220703125,55.470001220703125,55.540000915527344,1724800
2019-06-04,52.60914611816406,56.625,56.717498779296875,55.98249816894531,56.25,2084000
2019-06-05,53.540550231933594,57.627498626708984,57.76250076293945,56.782501220703125,56.875,2181200
2019-06-06,53.77978515625,57.8849983215332,57.974998474121094,57.40999984741211,57.540000915527344,1495600
2019-06-07,54.030635833740234,58.154998779296875,58.36750030517578,57.970001220703125,58.290000915527344,2739200
2019-06-10,54.47659683227539,58.6349983215332,58.82500076293945,58.252498626708984,58.3849983215332,2466800
2019-06-11,53.95166778564453,58.06999969482422,59.09749984741211,57.8125,58.810001373291016,1775200
2019-06-12,54.51375961303711,58.67499923706055,58.807498931884766,58.10499954223633,58.10499954223633,1447200
2019-06-13,54.80642318725586,58.9900016784668,59.157501220703125,58.40999984741211,58.622501373291016,1945600
2019-06-14,54.901634216308594,59.092498779296875,59.36249923706055,58.787498474121094,59.03499984741211,1344400
2019-06-17,53.9493408203125,58.067501068115234,59.14500045776367,58.02000045776367,58.98749923706055,2710400
2019-06-18,53.75655746459961,57.86000061035156,58.75,57.627498626708984,58.45750045776367,3213600
2019-06-19,54.60666275024414,58.775001525878906,59.125,57.66749954223633,57.787498474121094,3256400
2019-06-20,54.032958984375,58.157501220703125,59.38750076293945,57.50749969482422,59.220001220703125,3254800
2019-06-21,53.97488784790039,58.095001220703125,58.532501220703125,57.717498779296875,58.16999816894531,3697600
2019-06-24,54.14444351196289,58.27750015258789,58.432498931884766,57.817501068115234,58.119998931884766,1766400
2019-06-25,53.75888442993164,57.86249923706055,58.470001220703125,57.67250061035156,58.462501525878906,2146800
2019-06-26,54.06547927856445,58.192501068115234,58.59749984741211,58.05500030517578,58.26750183105469,2179600
2019-06-27,54.74137496948242,58.91999816894531,58.98500061035156,58.125,58.25749969482422,1519600
2019-06-28,55.11533737182617,59.3224983215332,59.375,58.790000915527344,59.025001525878906,2622400
2019-07-01,55.482330322265625,59.717498779296875,60.0,58.974998474121094,60.0,2222800
2019-07-02,55.28024673461914,59.5,59.79499816894531,59.439998626708984,59.717498779296875,1778000
2019-07-03,55.63562774658203,59.88249969482422,60.04249954223633,59.57500076293945,59.60499954223633,1134400
2019-07-05,55.63562774658203,59.88249969482422,59.95000076293945,59.099998474121094,59.58000183105469,2320800
2019-07-08,55.34063720703125,59.564998626708984,59.88249969482422,59.32749938964844,59.65250015258789,1196000
2019-07-09,55.377803802490234,59.60499954223633,59.64500045776367,59.22999954223633,59.287498474121094,1448400
2019-07-10,55.44051742553711,59.67250061035156,60.037498474121094,59.60749816894531,59.834999084472656,1240400
2019-07-11,55.74247360229492,59.997501373291016,60.150001525878906,59.3650016784668,59.810001373291016,1803200
2019-07-12,56.31153106689453,60.61000061035156,60.6775016784668,60.00749969482422,60.165000915527344,1623200
2019-07-15,56.50197982788086,60.814998626708984,60.942501068115234,60.002498626708984,60.5,1466400
2019-07-16,55.614723205566406,59.86000061035156,61.147499084472656,59.782501220703125,61.05500030517578,3542800
2019-07-17,60.47611618041992,65.09249877929688,65.5,62.875,63.47999954223633,8521200
2019-07-18,60.541160583496094,65.1624984741211,65.63500213623047,64.47250366210938,65.0,4066400
2019-07-19,59.890811920166016,64.4625015258789,65.95500183105469,64.41999816894531,65.625,2592400
2019-07-22,60.16487503051758,64.75749969482422,65.37249755859375,64.5374984741211,64.60250091552734,2751200
2019-07-23,60.57367706298828,65.19750213623047,65.25,64.10250091552734,65.01750183105469,2157200
2019-07-24,60.833831787109375,65.47750091552734,65.48999786376953,64.5625,64.7300033569336,2262000
2019-07-25,60.566707611083984,65.19000244140625,65.65499877929688,64.9000015258789,64.98999786376953,1695200
2019-07-26,60.782737731933594,65.42250061035156,65.65249633789062,64.62750244140625,65.14250183105469,3108400
2019-07-29,60.55045700073242,65.17250061035156,65.63749694824219,64.41500091552734,65.26499938964844,1528000
2019-07-30,61.052154541015625,65.7125015258789,65.76249694824219,64.66000366210938,65.0425033569336,1630400
2019-07-31,60.49238967895508,65.11000061035156,66.07250213623047,64.12750244140625,65.69499969482422,3514800
2019-08-01,60.16487503051758,64.75749969482422,66.0,64.5374984741211,65.26750183105469,2238800
2019-08-02,60.0208854675293,64.60250091552734,65.1624984741211,64.03250122070312,64.6449966430664,1916000
2019-08-05,58.32762908935547,62.779998779296875,64.25250244140625,62.1875,63.40250015258789,2471600
2019-08-06,59.737518310546875,64.29750061035156,64.44999694824219,63.0,63.0,1941600
2019-08-07,60.0301628112793,64.61250305175781,64.87750244140625,62.99250030517578,63.34749984741211,2875600
2019-08-08,61.386619567871094,66.07250213623047,66.11750030517578,64.66000366210938,64.85749816894531,1969600
2019-08-09,61.18455123901367,65.8550033569336,66.63999938964844,65.1875,66.63999938964844,1566400
2019-08-12,60.715362548828125,65.3499984741211,66.00499725341797,65.19750213623047,65.82499694824219,1582400
2019-08-13,61.82331085205078,66.5425033569336,66.68250274658203,65.09249877929688,65.13500213623047,1916000
2019-08-14,59.62834930419922,64.18000030517578,66.4175033569336,64.15249633789062,65.61499786376953,1783600
2019-08-15,60.39482879638672,65.00499725341797,65.2874984741211,64.0425033569336,64.30000305175781,1834800
2019-08-16,61.41217041015625,66.0999984741211,66.30999755859375,65.35250091552734,65.67500305175781,1840000
2019-08-19,62.206539154052734,66.95500183105469,67.23999786376953,66.25,66.94750213623047,1868000
2019-08-20,62.211181640625,66.95999908447266,67.58999633789062,66.6449966430664,67.3125,1422800
2019-08-21,62.167057037353516,66.9124984741211,67.25749969482422,66.59750366210938,66.9749984741211,2638800
2019-08-22,61.42610549926758,66.11499786376953,67.16999816894531,65.86750030517578,67.16999816894531,1294000
2019-08-23,59.47039794921875,64.01000213623047,66.0374984741211,63.66749954223633,65.88249969482422,2149600
2019-08-26,60.469154357910156,65.08499908447266,65.11250305175781,64.37999725341797,64.93250274658203,2269600
2019-08-27,60.65728759765625,65.2874984741211,65.86499786376953,65.2125015258789,65.80999755859375,2122400
2019-08-28,60.89654541015625,65.54499816894531,65.63999938964844,64.5625,64.95249938964844,1550400
2019-08-29,61.45863342285156,66.1500015258789,66.5,65.93499755859375,66.0,1461600
2019-08-30,61.2728157043457,65.94999694824219,66.6675033569336,65.69750213623047,65.8550033569336,1565200
2019-09-03,60.37392807006836,64.98249816894531,66.0,64.63249969482422,65.6500015258789,1562000
2019-09-04,61.32160186767578,66.00250244140625,66.3324966430664,65.0,65.5374984741211,2590800
2019-09-05,62.07181167602539,66.80999755859375,67.55999755859375,66.59249877929688,66.7300033569336,1523200
2019-09-06,61.827945709228516,66.54750061035156,67.31749725341797,66.48750305175781,66.79750061035156,1153600
2019-09-09,59.38214111328125,63.915000915527344,66.88999938964844,63.807498931884766,66.88999938964844,3720400
2019-09-10,57.82825469970703,62.24250030517578,63.54249954223633,61.7400016784668,63.38750076293945,4191600
2019-09-11,57.1430549621582,61.505001068115234,62.5,61.19499969482422,62.497501373291016,3514800
2019-09-12,57.256866455078125,61.627498626708984,62.4375,61.595001220703125,61.9474983215332,2861600
2019-09-13,57.296348571777344,61.66999816894531,61.904998779296875,61.147499084472656,61.650001525878906,3434800
2019-09-16,57.47752380371094,61.8650016784668,62.252498626708984,61.0,61.375,3082400
2019-09-17,58.055885314941406,62.48749923706055,62.584999084472656,61.994998931884766,61.994998931884766,1537600
2019-09-18,57.99083709716797,62.41749954223633,62.529998779296875,61.72249984741211,62.529998779296875,2178000
2019-09-19,58.39731216430664,62.85499954223633,63.2400016784668,62.217498779296875,62.217498779296875,1966800
2019-09-20,58.945465087890625,63.44499969482422,64.22000122070312,62.97999954223633,63.18000030517578,4360400
2019-09-23,59.14754104614258,63.662498474121094,63.84000015258789,63.092498779296875,63.61000061035156,2278800
2019-09-24,58.564544677734375,63.03499984741211,64.4749984741211,62.810001373291016,64.06500244140625,2451200
2019-09-25,61.92782211303711,66.65499877929688,66.97250366210938,65.0425033569336,65.5,6902400
2019-09-26,62.25299072265625,67.00499725341797,67.16999816894531,66.26499938964844,66.5824966430664,2803600
2019-09-27,61.81401443481445,66.53250122070312,67.52749633789062,66.05249786376953,67.0425033569336,3573600
2019-09-30,62.27157974243164,67.0250015258789,67.38749694824219,66.36499786376953,66.79499816894531,2244800
2019-10-01,60.945316314697266,65.59750366210938,67.20500183105469,65.58999633789062,67.13249969482422,2074800
2019-10-02,60.146297454833984,64.73750305175781,65.49500274658203,64.1875,65.48249816894531,2734000
2019-10-03,60.071983337402344,64.65750122070312,64.8499984741211,63.46500015258789,64.51750183105469,1824400
2019-10-04,61.05447769165039,65.71499633789062,65.79750061035156,64.87000274658203,65.02749633789062,1781200
2019-10-07,60.61548614501953,65.24250030517578,65.73999786376953,64.94499969482422,65.59249877929688,1204800
2019-10-08,60.46684646606445,65.0824966430664,65.69750213623047,64.31500244140625,64.71749877929688,2283200
2019-10-09,61.21940231323242,65.89250183105469,66.10749816894531,65.2249984741211,65.2874984741211,1101200
2019-10-10,61.8000602722168,66.51750183105469,66.67500305175781,65.5250015258789,65.84249877929688,1530000
2019-10-11,62.15776824951172,66.90249633789062,67.94499969482422,66.82749938964844,67.57499694824219,1773600
2019-10-14,61.769866943359375,66.48500061035156,67.06999969482422,66.44750213623047,66.92500305175781,2076000
2019-10-15,62.58513641357422,67.36250305175781,67.375,66.5,66.65499877929688,1891600
2019-10-16,62.00911331176758,66.74250030517578,67.29499816894531,66.44249725341797,67.29499816894531,1682000
2019-10-17,62.324989318847656,67.0824966430664,67.4124984741211,66.54000091552734,67.19000244140625,1504800
2019-10-18,62.5526237487793,67.32749938964844,67.5,66.69750213623047,67.1449966430664,1807600
2019-10-21,62.710567474365234,67.49749755859375,67.98999786376953,67.11000061035156,67.51000213623047,1202000
2019-10-22,61.81401443481445,66.53250122070312,67.66000366210938,66.47750091552734,67.58000183105469,1053200
2019-10-23,62.27854919433594,67.03250122070312,67.0425033569336,66.17250061035156,66.47000122070312,1128800
2019-10-24,63.25640869140625,68.08499908447266,68.16000366210938,66.98500061035156,67.16000366210938,1610400
2019-10-25,62.79185104370117,67.58499908447266,68.15750122070312,67.4625015258789,68.07749938964844,1093200
2019-10-28,63.12865447998047,67.94750213623047,68.13999938964844,67.64250183105469,67.87249755859375,1354400
2019-10-29,63.76274871826172,68.62999725341797,69.06999969482422,67.61750030517578,67.6449966430664,1763200
2019-10-30,64.16691589355469,69.06500244140625,69.12249755859375,68.33000183105469,68.7750015258789,1416400
2019-10-31,62.40397644042969,67.1675033569336,69.4625015258789,67.11499786376953,69.12249755859375,2669600
2019-11-01,62.45507049560547,67.22250366210938,67.8949966430664,66.75749969482422,67.7249984741211,2504800
2019-11-04,62.64786911010742,67.43000030517578,67.99500274658203,66.81500244140625,67.44999694824219,1689600
2019-11-05,62.01375961303711,66.74749755859375,67.75499725341797,66.36250305175781,67.75499725341797,1790400
2019-11-06,61.53993225097656,66.23750305175781,66.92250061035156,65.84500122070312,66.91999816894531,2292400
2019-11-07,61.44611740112305,65.5,66.18250274658203,65.43499755859375,66.07250213623047,2284000
2019-11-08,61.18343734741211,65.22000122070312,65.99500274658203,65.03250122070312,65.47000122070312,2512000
2019-11-11,61.120121002197266,65.15249633789062,65.47000122070312,64.92500305175781,64.98750305175781,1742400
2019-11-12,60.70735168457031,64.7125015258789,65.5625,64.56500244140625,65.08000183105469,4764800
2019-11-13,59.860721588134766,63.810001373291016,63.912498474121094,61.91749954223633,63.09000015258789,6669200
2019-11-14,60.82695388793945,64.83999633789062,64.88749694824219,63.037498474121094,63.48249816894531,2419600
2019-11-15,60.06709671020508,64.02999877929688,65.00499725341797,63.8849983215332,64.61250305175781,2635200
2019-11-18,60.07179260253906,64.03500366210938,64.5425033569336,63.52750015258789,63.8125,2400000
2019-11-19,60.48455810546875,64.4749984741211,64.85250091552734,63.80500030517578,64.22000122070312,1942400
2019-11-20,60.850406646728516,64.86499786376953,65.32250213623047,64.16500091552734,64.19999694824219,2533200
2019-11-21,59.48311996459961,63.407501220703125,64.9749984741211,63.342498779296875,64.83499908447266,2011200
2019-11-22,59.59100341796875,63.522499084472656,64.36000061035156,63.20750045776367,64.09249877929688,1967600
2019-11-25,58.83582305908203,62.717498779296875,63.73500061035156,62.54750061035156,63.412498474121094,2478000
2019-11-26,60.05067825317383,64.01249694824219,64.10749816894531,62.75,62.91749954223633,4252400
2019-11-27,61.0521125793457,65.08000183105469,65.14250183105469,63.5525016784668,63.94499969482422,3428800
2019-11-29,60.28754806518555,64.26499938964844,64.85250091552734,63.970001220703125,64.76249694824219,1160400
2019-12-02,60.013153076171875,63.97249984741211,64.5,63.595001220703125,64.08499908447266,2334400
2019-12-03,59.8935546875,63.845001220703125,64.11000061035156,63.36249923706055,63.497501373291016,2088800
2019-12-04,59.79269790649414,63.73749923706055,64.70249938964844,63.682498931884766,64.13249969482422,1610000
2019-12-05,59.734066009521484,63.67499923706055,63.9375,63.39500045776367,63.78499984741211,1628000
2019-12-06,60.09055709838867,64.05500030517578,64.9375,63.97249984741211,64.39749908447266,1738000
2019-12-09,59.525333404541016,63.45249938964844,64.1050033569336,63.412498474121094,64.1050033569336,1752400
2019-12-10,60.0155029296875,63.974998474121094,64.18250274658203,63.49250030517578,63.5625,1720800
2019-12-11,60.519737243652344,64.51249694824219,64.56500244140625,63.567501068115234,64.13749694824219,1750400
2019-12-12,60.80116271972656,64.8125,65.0250015258789,64.16000366210938,64.44999694824219,1731600
2019-12-13,61.40153503417969,65.45249938964844,65.6449966430664,64.62000274658203,64.81749725341797,2865600
2019-12-16,61.148258209228516,65.18250274658203,66.74500274658203,64.52999877929688,66.5250015258789,2912800
2019-12-17,61.155303955078125,65.19000244140625,65.60749816894531,64.79750061035156,65.44999694824219,3586000
2019-12-18,62.3560905456543,66.47000122070312,68.6875,65.75250244140625,65.79000091552734,6230000
2019-12-19,62.85563659667969,67.00250244140625,67.25749969482422,66.23750305175781,66.30999755859375,2797600
2019-12-20,63.67412185668945,67.875,67.91999816894531,66.84750366210938,67.24749755859375,5223200
2019-12-23,63.52402114868164,67.71499633789062,68.0250015258789,67.53250122070312,67.69000244140625,2498400
2019-12-24,63.04325485229492,67.20249938964844,67.92500305175781,66.83000183105469,67.79499816894531,566800
2019-12-26,62.88378143310547,67.03250122070312,67.45249938964844,66.6050033569336,67.27249908447266,1079200
2019-12-27,63.090152740478516,67.25250244140625,67.4000015258789,66.86000061035156,67.13249969482422,1156800
2019-12-30,62.93770980834961,67.08999633789062,67.34500122070312,66.5625,67.26249694824219,1209200
2019-12-31,63.1065673828125,67.2699966430664,67.39749908447266,66.6875,67.07749938964844,1478400
2020-01-02,63.50762176513672,67.69750213623047,67.7074966430664,66.6449966430664,67.46499633789062,2176800
2020-01-03,63.22146987915039,67.39250183105469,67.99500274658203,66.76750183105469,67.01750183105469,1972400
2020-01-06,63.38566589355469,67.56749725341797,67.5875015258789,66.69499969482422,67.03250122070312,1636800
2020-01-07,63.338768005371094,67.51750183105469,67.8125,66.83499908447266,67.02999877929688,1553600
2020-01-08,64.56063079833984,68.81999969482422,68.95500183105469,67.2249984741211,67.69249725341797,2808400
2020-01-09,65.51517486572266,69.8375015258789,70.72250366210938,68.26499938964844,68.26499938964844,3243200
2020-01-10,65.39556884765625,69.70999908447266,70.27999877929688,69.375,70.02749633789062,1280800
2020-01-13,66.33599853515625,70.7125015258789,70.82499694824219,69.87000274658203,69.9625015258789,1638000
2020-01-14,66.02407836914062,70.37999725341797,70.97000122070312,70.30000305175781,70.50499725341797,1787600
2020-01-15,66.75581359863281,71.16000366210938,71.46749877929688,70.48999786376953,70.48999786376953,1702000
2020-01-16,67.19438171386719,71.62750244140625,71.86250305175781,71.09500122070312,71.14250183105469,1416400
2020-01-17,66.6596450805664,71.05750274658203,71.93499755859375,70.61000061035156,71.92250061035156,1955200
2020-01-21,66.14604187011719,70.51000213623047,71.30500030517578,70.44249725341797,71.04499816894531,1879200
2020-01-22,66.2164077758789,70.58499908447266,71.125,70.5425033569336,70.88500213623047,1302800
2020-01-23,67.07945251464844,71.50499725341797,71.5425033569336,70.30000305175781,70.57250213623047,1291200
2020-01-24,66.47438049316406,70.86000061035156,71.91999816894531,70.3125,71.80500030517578,976800
2020-01-27,65.34395599365234,69.65499877929688,70.26249694824219,69.00749969482422,69.50749969482422,2067200
2020-01-28,65.18919372558594,69.48999786376953,70.16500091552734,69.4574966430664,69.55500030517578,1341600
2020-01-29,65.72623443603516,70.0625,70.5625,68.69999694824219,69.7125015258789,1920800
2020-01-30,66.41810607910156,70.80000305175781,70.875,68.80000305175781,68.87000274658203,1338400
2020-01-31,65.42604064941406,69.74250030517578,71.15499877929688,69.59500122070312,70.53500366210938,2787600
2020-02-03,66.13899993896484,70.50250244140625,71.19999694824219,69.82749938964844,70.10250091552734,1920000
2020-02-04,67.06539154052734,71.48999786376953,71.72250366210938,70.76000213623047,71.3375015258789,2119600
2020-02-05,68.32714080810547,72.83499908447266,72.97000122070312,72.1050033569336,72.45500183105469,2304400
2020-02-06,68.86891174316406,73.4124984741211,73.68499755859375,72.83499908447266,73.11750030517578,1754800
2020-02-07,68.38341522216797,72.8949966430664,73.5625,72.66999816894531,72.90750122070312,1464400
2020-02-10,68.62734985351562,73.15499877929688,73.20999908447266,72.30249786376953,72.9000015258789,1540000
2020-02-11,68.83134460449219,73.37249755859375,73.6875,73.06749725341797,73.51000213623047,1052400
2020-02-12,69.68270874023438,74.27999877929688,74.4749984741211,73.3125,73.62999725341797,1668400
2020-02-13,69.91254425048828,74.5250015258789,75.02999877929688,73.85250091552734,73.85250091552734,1768400
2020-02-14,70.56453704833984,75.22000122070312,75.30999755859375,74.34249877929688,74.67749786376953,1055200
2020-02-18,70.94679260253906,75.62750244140625,75.6675033569336,74.7074966430664,75.23249816894531,1546400
2020-02-19,71.35723876953125,76.06500244140625,76.20249938964844,75.68250274658203,75.94999694824219,1184000
2020-02-20,69.81873321533203,74.42500305175781,76.14250183105469,74.17749786376953,75.62750244140625,2340400
2020-02-21,68.8008804321289,73.33999633789062,74.18250274658203,73.05999755859375,73.72250366210938,2001200
2020-02-24,67.58134460449219,72.04000091552734,72.58000183105469,71.11499786376953,71.40499877929688,2369200
2020-02-25,65.63945007324219,69.97000122070312,72.42250061035156,69.82499694824219,72.02749633789062,3501600
2020-02-26,66.5846176147461,70.97750091552734,71.76750183105469,70.4000015258789,70.4625015258789,2829600
2020-02-27,63.216796875,67.38749694824219,70.11250305175781,67.32749938964844,69.44999694824219,3731200
2020-02-28,62.55776596069336,66.68499755859375,66.87999725341797,63.75,63.880001068115234,5569200
2020-03-02,65.57381439208984,69.9000015258789,69.94000244140625,66.11750030517578,66.51499938964844,4232400
2020-03-03,63.87818145751953,68.09249877929688,71.65750122070312,67.71499633789062,69.34750366210938,3582800
2020-03-04,67.10057830810547,71.52749633789062,71.53500366210938,68.875,70.13500213623047,2727200
2020-03-05,64.50435638427734,68.76000213623047,70.8125,68.02999877929688,69.55500030517578,2607600
2020-03-06,63.86642837524414,68.08000183105469,68.44000244140625,65.9000015258789,66.21749877929688,3342000
2020-03-09,58.82879638671875,62.709999084472656,64.94000244140625,62.154998779296875,64.74250030517578,4453600
2020-03-10,62.951778411865234,67.1050033569336,67.2249984741211,63.310001373291016,64.31500244140625,3646400
2020-03-11,58.72795104980469,62.602500915527344,65.5824966430664,61.41749954223633,64.99500274658203,2578000
2020-03-12,52.9304313659668,56.42250061035156,59.005001068115234,53.560001373291016,57.994998931884766,7770800
2020-03-13,57.12612533569336,60.89500045776367,61.01750183105469,55.90250015258789,58.3125,5014000
2020-03-16,47.49409103393555,50.627498626708984,51.91999816894531,49.39250183105469,49.39250183105469,6964000
2020-03-17,49.044315338134766,52.279998779296875,52.662498474121094,48.962501525878906,51.63999938964844,7512800
2020-03-18,41.74113464355469,44.494998931884766,45.59749984741211,40.79750061035156,43.39250183105469,7657200
2020-03-19,42.91847229003906,45.75,46.342498779296875,40.09749984741211,44.057498931884766,5723600
2020-03-20,41.063358306884766,43.772499084472656,47.35499954223633,41.837501525878906,45.04249954223633,10294800
2020-03-23,36.83483123779297,39.26499938964844,44.30500030517578,38.58250045776367,44.30500030517578,6571600
2020-03-24,40.76081848144531,43.45000076293945,44.689998626708984,41.32749938964844,41.45500183105469,5502800
2020-03-25,45.10661315917969,48.08250045776367,50.13999938964844,42.21500015258789,43.55500030517578,6708800
2020-03-26,45.16524124145508,48.14500045776367,49.494998931884766,45.6349983215332,48.59000015258789,6924000
2020-03-27,42.58310317993164,45.39250183105469,46.9375,45.0,46.86000061035156,4022400
2020-03-30,42.3204231262207,45.11249923706055,45.900001525878906,43.837501525878906,45.474998474121094,4295200
2020-03-31,40.624786376953125,43.30500030517578,44.89500045776367,42.97999954223633,44.622501373291016,6454400
2020-04-01,38.15522384643555,40.67250061035156,41.845001220703125,40.13750076293945,41.36000061035156,4456800
2020-04-02,38.74154281616211,41.29750061035156,41.8224983215332,39.72249984741211,40.0625,5749200
2020-04-03,38.51640319824219,41.057498931884766,41.875,40.54750061035156,40.814998626708984,4031600
2020-04-06,42.095279693603516,44.872501373291016,45.150001525878906,42.06999969482422,42.25,5372000
2020-04-07,43.59859848022461,46.474998474121094,48.83250045776367,46.337501525878906,47.69499969482422,6444400
2020-04-08,45.12537384033203,48.102500915527344,48.49250030517578,46.377498626708984,47.119998931884766,3771600
2020-04-09,46.609928131103516,49.685001373291016,51.787498474121094,49.377498626708984,49.48500061035156,3737600
2020-04-13,45.751564025878906,48.77000045776367,49.712501525878906,47.8650016784668,49.6875,3046000
2020-04-14,47.30412673950195,50.42499923706055,50.98749923706055,49.65999984741211,50.165000915527344,3380000
2020-04-15,43.87300109863281,46.76750183105469,49.252498626708984,46.52750015258789,49.189998626708984,3660800
2020-04-16,44.710269927978516,47.65999984741211,47.782501220703125,46.622501373291016,47.33000183105469,3053200
2020-04-17,47.881065368652344,51.040000915527344,51.1875,49.15250015258789,49.747501373291016,3248000
2020-04-20,45.4771614074707,48.477500915527344,50.63750076293945,48.3025016784668,50.005001068115234,3100400
2020-04-21,44.677433013916016,47.625,47.97249984741211,46.994998931884766,47.462501525878906,2793600
2020-04-22,46.30504608154297,49.36000061035156,49.70000076293945,48.20000076293945,48.400001525878906,2676800
2020-04-23,46.7694091796875,49.85499954223633,50.88999938964844,49.540000915527344,49.540000915527344,3823200
2020-04-24,46.94763946533203,50.04499816894531,50.66749954223633,49.567501068115234,50.31999969482422,3043600
2020-04-27,49.829986572265625,53.11750030517578,53.26499938964844,50.0,50.41999816894531,2598000
2020-04-28,51.166786193847656,54.54249954223633,55.79999923706055,53.602500915527344,54.81999969482422,4865600
2020-04-29,54.1640510559082,57.73749923706055,58.025001525878906,55.317501068115234,55.775001525878906,3988000
2020-04-30,52.0251579284668,55.45750045776367,57.064998626708984,55.252498626708984,57.0,3308000
2020-05-01,49.67519760131836,52.95249938964844,54.537498474121094,52.74250030517578,54.244998931884766,3226800
2020-05-04,49.16627502441406,52.40999984741211,52.557498931884766,51.595001220703125,52.32500076293945,2827200
2020-05-05,49.42426681518555,52.685001373291016,53.72249984741211,52.587501525878906,52.900001525878906,2101200
2020-05-06,49.29058074951172,52.54249954223633,53.17250061035156,52.037498474121094,53.0,1988000
2020-05-07,50.0480842590332,53.349998474121094,54.15999984741211,52.83250045776367,53.16749954223633,1606000
2020-05-08,51.176170349121094,54.5525016784668,54.75,53.529998779296875,54.01250076293945,1499600
2020-05-11,50.27793502807617,53.595001220703125,54.189998626708984,53.26250076293945,53.942501068115234,1782800
2020-05-12,48.253963470458984,51.4375,54.02750015258789,51.4275016784668,53.75,3000800
2020-05-13,46.7811393737793,49.86750030517578,50.869998931884766,49.28499984741211,50.54999923706055,5439200
2020-05-14,53.63872146606445,57.1775016784668,57.310001373291016,51.060001373291016,51.227500915527344,9572400
2020-05-15,53.33616256713867,56.85499954223633,57.665000915527344,55.720001220703125,56.462501525878906,5839200
2020-05-18,55.44925308227539,59.10749816894531,59.85749816894531,58.032501220703125,58.032501220703125,3996800
2020-05-19,56.04729461669922,59.744998931884766,61.09000015258789,59.00749969482422,59.352500915527344,4217200
2020-05-20,56.410823822021484,60.13249969482422,60.869998931884766,59.689998626708984,60.150001525878906,3810000
2020-05-21,56.88690185546875,60.63999938964844,61.43000030517578,60.20249938964844,60.397499084472656,2186000
2020-05-22,56.4389533996582,60.162498474121094,60.532501220703125,59.91999816894531,60.39250183105469,1745200
2020-05-26,59.27204513549805,63.182498931884766,63.747501373291016,61.787498474121094,62.279998779296875,3417600
2020-05-27,59.002349853515625,62.89500045776367,64.23999786376953,61.83250045776367,63.73749923706055,3001200
2020-05-28,59.03517150878906,62.93000030517578,63.65999984741211,62.52000045776367,63.01750183105469,1934000
2020-05-29,58.153358459472656,61.9900016784668,62.875,60.772499084472656,62.875,4986400
2020-06-01,58.85225296020508,62.73500061035156,63.04249954223633,61.77750015258789,62.125,1925600
2020-06-02,59.8044319152832,63.75,63.837501525878906,62.36249923706055,62.8650016784668,3508400
2020-06-03,63.51230239868164,67.70249938964844,67.9749984741211,64.15750122070312,64.72750091552734,2930800
2020-06-04,63.13705062866211,67.30249786376953,67.68250274658203,66.53250122070312,67.12000274658203,2106400
2020-06-05,67.19200897216797,71.625,71.65249633789062,68.98750305175781,69.03250122070312,4193200
2020-06-08,68.36698913574219,72.87750244140625,73.02749633789062,71.3375015258789,72.49500274658203,3021200
2020-06-09,66.35006713867188,70.72750091552734,71.72750091552734,70.45249938964844,71.46749877929688,2448000
2020-06-10,65.24075317382812,69.54499816894531,70.94249725341797,68.76499938964844,70.94249725341797,2423600
2020-06-11,61.91517639160156,66.0,67.92500305175781,65.4749984741211,66.66999816894531,3545600
2020-06-12,62.43113327026367,66.55000305175781,68.24250030517578,65.11499786376953,67.8499984741211,2257200
2020-06-15,62.50851821899414,66.63249969482422,66.8949966430664,64.3324966430664,64.6500015258789,2302000
2020-06-16,64.17366027832031,68.40750122070312,69.73249816894531,67.4175033569336,69.73249816894531,1808800
2020-06-17,64.09156799316406,68.31999969482422,69.0999984741211,67.86000061035156,68.24250030517578,1473200
2020-06-18,64.68495178222656,68.95249938964844,69.30249786376953,67.61750030517578,67.82250213623047,1610400
2020-06-19,63.35987091064453,67.54000091552734,70.63500213623047,67.35749816894531,70.1675033569336,3893200
2020-06-22,63.336395263671875,67.51499938964844,67.76249694824219,66.29499816894531,66.6875,2409600
2020-06-23,63.920387268066406,68.13749694824219,68.66000366210938,67.5625,68.1875,1620800
2020-06-24,61.359352111816406,65.40750122070312,67.75250244140625,64.68499755859375,67.26000213623047,2602000
2020-06-25,61.579803466796875,65.64250183105469,65.8499984741211,64.71749877929688,65.07250213623047,1959200
2020-06-26,60.15621566772461,64.125,65.94249725341797,63.51750183105469,65.94249725341797,4209200
2020-06-29,61.823707580566406,65.90249633789062,65.95999908447266,63.842498779296875,64.48750305175781,1750000
2020-06-30,62.46866989135742,66.58999633789062,66.9574966430664,65.00250244140625,65.4000015258789,2741200
2020-07-01,62.84624099731445,66.99250030517578,68.00749969482422,66.54750061035156,67.92749786376953,2639600
2020-07-02,63.47477722167969,67.6624984741211,69.12249755859375,67.54499816894531,67.83000183105469,1818800
2020-07-06,64.17366027832031,68.40750122070312,69.25,68.1624984741211,68.85250091552734,1938800
2020-07-07,63.31764221191406,67.49500274658203,68.2300033569336,67.2699966430664,67.72000122070312,1768800
2020-07-08,63.62955093383789,67.82749938964844,68.0,67.0199966430664,67.12249755859375,1619200
2020-07-09,62.41706085205078,66.53500366210938,67.68499755859375,65.44750213623047,67.34249877929688,1736400
2020-07-10,62.590606689453125,66.72000122070312,67.03500366210938,65.93000030517578,65.98249816894531,1122000
2020-07-13,62.46866989135742,66.58999633789062,68.15249633789062,66.37999725341797,67.45249938964844,2162800
2020-07-14,63.39268112182617,67.57499694824219,67.69999694824219,65.4124984741211,65.62999725341797,1382800
2020-07-15,65.29236602783203,69.5999984741211,69.80249786376953,67.81749725341797,67.83499908447266,1653600
2020-07-16,65.0695571899414,69.36250305175781,69.6875,68.63749694824219,69.3375015258789,1811200
2020-07-17,65.68167114257812,70.01499938964844,70.15499877929688,68.75,69.98500061035156,1163200
2020-07-20,65.15631866455078,69.45500183105469,70.19499969482422,69.17749786376953,69.97750091552734,1668000
2020-07-21,66.62445831298828,71.0199966430664,71.47250366210938,70.13249969482422,70.79000091552734,1416400
2020-07-22,67.86277770996094,72.33999633789062,72.5,70.9574966430664,71.1875,2024400
2020-07-23,71.06407928466797,75.75250244140625,77.75499725341797,70.67250061035156,71.24749755859375,4264800
2020-07-24,70.96791076660156,75.6500015258789,76.77249908447266,73.87249755859375,75.96749877929688,2924800
2020-07-27,69.95475769042969,74.56999969482422,75.94999694824219,74.19999694824219,75.65750122070312,2187600
2020-07-28,68.84779357910156,73.38999938964844,74.88500213623047,73.33000183105469,74.69750213623047,2032800
2020-07-29,71.71839904785156,76.44999694824219,76.64250183105469,73.95999908447266,74.30500030517578,2593200
2020-07-30,70.78266143798828,75.45249938964844,75.97250366210938,73.87999725341797,75.36250305175781,2280400
2020-07-31,70.7967300415039,75.46749877929688,75.54000091552734,74.24500274658203,75.4124984741211,2946400
2020-08-03,70.06262969970703,74.68499755859375,75.77999877929688,74.5875015258789,75.43000030517578,2175200
2020-08-04,70.74278259277344,75.41000366210938,76.0,74.26249694824219,74.65750122070312,2394000
2020-08-05,70.35111999511719,74.99250030517578,76.49749755859375,74.37000274658203,76.17749786376953,1639600
2020-08-06,71.06876373291016,75.75749969482422,75.87750244140625,74.50499725341797,74.93250274658203,1433200
2020-08-07,72.70576477050781,77.50250244140625,77.59500122070312,75.0,75.6675033569336,1766400
2020-08-10,74.20439910888672,79.0999984741211,79.12999725341797,77.40249633789062,77.61250305175781,2168800
2020-08-11,74.65702819824219,79.5824966430664,81.09750366210938,79.1449966430664,80.0875015258789,2674000
2020-08-12,75.02290344238281,79.97250366210938,81.08999633789062,79.80249786376953,79.80249786376953,1376800
2020-08-13,74.80948638916016,79.74500274658203,80.30999755859375,79.36250305175781,79.42749786376953,1015200
2020-08-14,74.21378326416016,79.11000061035156,80.32250213623047,78.74250030517578,79.19249725341797,1512000
2020-08-17,75.28086853027344,80.24749755859375,80.37000274658203,79.4625015258789,79.61499786376953,1440800
2020-08-18,74.7602310180664,79.69249725341797,80.5374984741211,79.56500244140625,80.25250244140625,1074800
2020-08-19,74.6968994140625,79.625,80.25,79.31749725341797,80.20999908447266,820400
2020-08-20,75.05573272705078,80.00749969482422,80.45249938964844,78.82749938964844,78.82749938964844,882000
2020-08-21,75.1401596069336,80.09750366210938,80.24500274658203,79.12750244140625,79.72750091552734,1601600
2020-08-24,76.30574798583984,81.33999633789062,81.46749877929688,80.50499725341797,80.9574966430664,1018800
2020-08-25,76.15800476074219,81.18250274658203,81.94000244140625,80.87249755859375,81.89250183105469,1173200
2020-08-26,76.44412231445312,81.48750305175781,81.9175033569336,80.54000091552734,81.0,954400
2020-08-27,77.10783386230469,82.19499969482422,82.96749877929688,81.73999786376953,81.97000122070312,1080000
2020-08-28,78.303955078125,83.47000122070312,83.6500015258789,82.17500305175781,82.17500305175781,1382400
2020-08-31,78.1538314819336,83.30999755859375,83.67749786376953,82.70249938964844,83.3125,1437200
2020-09-01,78.63931274414062,83.82749938964844,84.2249984741211,82.51249694824219,83.10250091552734,1318000
2020-09-02,80.29740905761719,85.59500122070312,85.84249877929688,83.78250122070312,84.38749694824219,1297200
2020-09-03,77.55814361572266,82.67500305175781,86.24250030517578,81.70249938964844,86.05750274658203,2136400
2020-09-04,77.654296875,82.77749633789062,83.52249908447266,81.36750030517578,83.06749725341797,2417200
2020-09-08,74.76255798339844,79.69499969482422,82.22000122070312,79.47250366210938,82.22000122070312,2565600
2020-09-09,76.4394302368164,81.48249816894531,82.01499938964844,79.7874984741211,80.44999694824219,1963600
2020-09-10,74.45769500732422,79.37000274658203,81.48500061035156,78.7074966430664,81.45999908447266,1856400
2020-09-11,75.27149200439453,80.23750305175781,80.9574966430664,79.29750061035156,79.54499816894531,1231200
2020-09-14,76.88035583496094,81.95249938964844,82.22750091552734,80.94499969482422,81.08499908447266,1333200
2020-09-15,76.96478271484375,82.0425033569336,82.85250091552734,81.79750061035156,82.2750015258789,1472400
2020-09-16,76.50511169433594,81.55249786376953,82.79750061035156,81.43499755859375,82.79750061035156,1555600
2020-09-17,76.22367095947266,81.25250244140625,81.8550033569336,79.25250244140625,79.4124984741211,2173200
2020-09-18,74.64295196533203,79.56749725341797,83.21499633789062,79.2925033569336,83.00749969482422,4855600
2020-09-21,74.24897003173828,79.14749908447266,79.20999908447266,76.9124984741211,78.38249969482422,1993600
2020-09-22,75.98914337158203,81.00250244140625,81.67749786376953,79.22250366210938,79.34750366210938,2410000
2020-09-23,74.277099609375,79.17749786376953,84.98750305175781,78.3324966430664,84.98750305175781,3300000
2020-09-24,74.729736328125,79.66000366210938,80.5,78.76750183105469,80.47750091552734,2348800
2020-09-25,76.73027038574219,81.7925033569336,82.11750030517578,78.69249725341797,78.9749984741211,1703600
2020-09-28,78.80113983154297,84.0,84.3375015258789,82.5,82.5,2186800
2020-09-29,77.45963287353516,82.56999969482422,83.79000091552734,81.9375,81.9375,1306800
2020-09-30,78.05768585205078,83.2074966430664,84.2874984741211,82.5999984741211,83.69000244140625,2101600
2020-10-01,80.19186401367188,85.48249816894531,86.0374984741211,83.25250244140625,85.33999633789062,2043200
2020-10-02,78.57832336425781,83.76249694824219,84.98750305175781,83.43499755859375,83.55500030517578,1836000
2020-10-05,78.89493560791016,84.0999984741211,84.94249725341797,83.73249816894531,84.56999969482422,1296800
2020-10-06,77.56282043457031,82.68000030517578,84.84249877929688,81.04750061035156,84.10250091552734,2283200
2020-10-07,78.73078155517578,83.92500305175781,84.4000015258789,83.40750122070312,83.94999694824219,1237600
2020-10-08,79.26546478271484,84.49500274658203,85.06500244140625,84.02999877929688,84.72750091552734,1414800
2020-10-09,79.62901306152344,84.88249969482422,85.6500015258789,84.27999877929688,84.8949966430664,1417600
2020-10-12,81.8499755859375,87.25,87.82749938964844,84.73999786376953,84.73999786376953,2352000
2020-10-13,82.71304321289062,88.16999816894531,88.41500091552734,86.6675033569336,87.08499908447266,1702800
2020-10-14,82.36360168457031,87.79750061035156,89.67250061035156,87.5199966430664,88.77749633789062,1727600
2020-10-15,81.70458984375,87.09500122070312,87.5250015258789,85.89749908447266,86.6875,1343600
2020-10-16,81.70927429199219,87.0999984741211,88.36499786376953,87.05249786376953,87.5,1346800
2020-10-19,80.04882049560547,85.33000183105469,87.51499938964844,85.00250244140625,87.01750183105469,1318000
2020-10-20,80.59758758544922,85.91500091552734,87.12000274658203,85.75749969482422,85.85250091552734,1288800
2020-10-21,79.43199157714844,84.67250061035156,86.2699966430664,84.62249755859375,85.43250274658203,1788800
2020-10-22,79.3874282836914,84.625,85.4124984741211,83.63500213623047,85.07250213623047,1349600
2020-10-23,79.28658294677734,84.51750183105469,84.98999786376953,83.48999786376953,84.88999938964844,1193200
2020-10-26,77.14303588867188,82.23249816894531,83.74500274658203,81.16999816894531,83.52249908447266,1323600
2020-10-27,75.98914337158203,81.00250244140625,83.0,80.75250244140625,82.66500091552734,2167200
2020-10-28,74.00270080566406,78.88500213623047,80.33999633789062,78.65249633789062,78.65249633789062,2123600
2020-10-29,75.02992248535156,79.9800033569336,80.92500305175781,77.92250061035156,78.61000061035156,1556400
2020-10-30,73.77050018310547,78.63749694824219,80.11499786376953,77.94999694824219,79.57749938964844,2308400
2020-11-02,75.13548278808594,80.09249877929688,80.87249755859375,79.02249908447266,80.4124984741211,1426000
2020-11-03,77.3986587524414,82.50499725341797,83.01000213623047,81.11750030517578,81.11750030517578,1172800
2020-11-04,79.1224365234375,84.34249877929688,87.29750061035156,84.17749786376953,86.84500122070312,2234000
2020-11-05,80.3571548461914,84.76750183105469,86.36250305175781,84.09500122070312,84.83000183105469,1628800
2020-11-06,80.79796600341797,85.23249816894531,85.54750061035156,84.1675033569336,84.63999938964844,1324000
2020-11-09,86.13740539550781,90.86499786376953,92.02999877929688,89.59249877929688,89.99749755859375,4173600
2020-11-10,85.00458526611328,89.66999816894531,91.50250244140625,87.84750366210938,88.51750183105469,2025600
2020-11-11,85.32689666748047,90.01000213623047,90.3550033569336,88.52249908447266,90.22000122070312,1493600
2020-11-12,82.86927032470703,87.4175033569336,89.78250122070312,87.0199966430664,89.04750061035156,1206400
2020-11-13,84.36944580078125,89.0,89.15249633789062,87.51750183105469,87.85250091552734,1051200
2020-11-16,87.36975860595703,92.16500091552734,92.30000305175781,89.0,89.0,1548000
2020-11-17,85.65157318115234,90.35250091552734,91.4175033569336,89.3375015258789,90.68499755859375,1456000
2020-11-18,85.43354034423828,90.12249755859375,91.5625,89.81999969482422,90.50749969482422,1001200
2020-11-19,87.18729400634766,91.97250366210938,92.12249755859375,89.43499755859375,89.68000030517578,1032800
2020-11-20,85.75585174560547,90.4625015258789,91.9000015258789,90.10749816894531,91.28500366210938,1033200
2020-11-23,84.90744018554688,89.56749725341797,91.12999725341797,89.00499725341797,90.9749984741211,1316400
2020-11-24,85.78192901611328,90.48999786376953,91.1875,89.62249755859375,90.55500030517578,1555600
2020-11-25,85.43354034423828,90.12249755859375,91.06749725341797,89.58999633789062,90.51750183105469,769600
2020-11-27,85.57575225830078,90.27249908447266,91.27749633789062,89.7300033569336,89.80750274658203,448800
2020-11-30,84.20356750488281,88.82499694824219,90.59750366210938,88.52749633789062,90.44249725341797,2084400
2020-12-01,85.0993881225586,89.7699966430664,90.88249969482422,89.17250061035156,89.76000213623047,1546400
2020-12-02,85.5330810546875,90.22750091552734,90.69999694824219,89.05750274658203,90.05249786376953,2159200
2020-12-03,85.24395751953125,89.92250061035156,91.37000274658203,88.57499694824219,89.76249694824219,1759200
2020-12-04,86.1397705078125,90.86750030517578,91.70249938964844,90.0,90.1675033569336,1868400
2020-12-07,83.691650390625,88.28500366210938,91.0,88.07749938964844,90.13500213623047,1462800
2020-12-08,85.26054382324219,89.94000244140625,90.14749908447266,87.75749969482422,88.28500366210938,1438000
2020-12-09,83.90494537353516,88.51000213623047,90.72000122070312,88.0374984741211,90.2750015258789,2113600
2020-12-10,82.31947326660156,86.8375015258789,88.72750091552734,86.63249969482422,88.60749816894531,1461200
2020-12-11,82.736572265625,87.27749633789062,87.8375015258789,86.10749816894531,86.57250213623047,1487600
2020-12-14,82.29814147949219,86.81500244140625,87.93000030517578,86.57749938964844,87.54499816894531,1357600
2020-12-15,83.64186096191406,88.23249816894531,88.64250183105469,86.37999725341797,87.09750366210938,1800800
2020-12-16,83.9215316772461,88.52749633789062,88.83000183105469,87.95999908447266,88.68000030517578,1096400
2020-12-17,83.4214859008789,88.0,88.87999725341797,87.25,88.68499755859375,1630800
2020-12-18,83.97840118408203,88.5875015258789,88.875,87.41000366210938,88.46499633789062,3817600
2020-12-21,82.03034210205078,86.53250122070312,87.875,85.0625,87.68000030517578,2322400
2020-12-22,82.47352600097656,87.0,87.15499877929688,83.53250122070312,84.5,3050800
2020-12-23,80.44009399414062,84.8550033569336,88.74250030517578,84.84249877929688,88.74250030517578,2019600
2020-12-24,80.1983871459961,84.5999984741211,85.5625,84.0999984741211,85.27749633789062,742000
2020-12-28,83.94048309326172,88.54750061035156,89.54499816894531,85.53500366210938,85.53500366210938,3551200
2020-12-29,82.3241958618164,86.84249877929688,89.48750305175781,85.91000366210938,89.41000366210938,1654000
2020-12-30,83.00199127197266,87.55750274658203,88.33000183105469,86.6875,87.53500366210938,1214800
2020-12-31,83.76747131347656,88.36499786376953,88.5,87.2249984741211,87.62750244140625,1118000
2021-01-04,81.43073272705078,85.9000015258789,88.68499755859375,85.57499694824219,88.48500061035156,3400400
2021-01-05,82.68443298339844,87.22250366210938,87.26000213623047,84.6050033569336,85.55000305175781,2030000
2021-01-06,83.1821060180664,87.74749755859375,89.1500015258789,87.30999755859375,87.5,1658800
2021-01-07,84.14668273925781,88.76499938964844,89.31500244140625,87.26000213623047,87.96499633789062,2804400
2021-01-08,82.98304748535156,87.5374984741211,89.61250305175781,87.22750091552734,88.4800033569336,1593600
2021-01-11,80.45906829833984,84.875,87.8324966430664,84.6449966430664,87.1624984741211,1971200
2021-01-12,80.45195770263672,84.86750030517578,85.34500122070312,83.79499816894531,84.56999969482422,1556800
2021-01-13,79.58454895019531,83.95249938964844,84.91999816894531,83.55750274658203,84.78500366210938,1978000
2021-01-14,77.52984619140625,81.78500366210938,84.125,81.62750244140625,84.125,2753200
2021-01-15,77.27626037597656,81.51750183105469,82.22250366210938,80.40249633789062,80.94249725341797,2507600
2021-01-19,76.32117462158203,80.51000213623047,81.6500015258789,79.92250061035156,81.41999816894531,2281200
2021-01-20,78.72663879394531,83.04750061035156,83.34249877929688,79.86250305175781,79.86250305175781,2397200
2021-01-21,78.544189453125,82.8550033569336,84.15249633789062,82.24749755859375,82.79750061035156,1746800
2021-01-22,76.89944458007812,81.12000274658203,82.71749877929688,81.0199966430664,82.71749877929688,1290000
2021-01-25,77.76444244384766,82.03250122070312,82.8375015258789,80.25499725341797,80.58499908447266,2286000
2021-01-26,76.58660125732422,80.79000091552734,82.62000274658203,80.65750122070312,82.55750274658203,1434800
2021-01-27,75.41112518310547,79.55000305175781,80.625,78.65499877929688,80.0,2636000
2021-01-28,76.88520050048828,81.1050033569336,82.2074966430664,79.91999816894531,79.91999816894531,1569200
2021-01-29,75.39215850830078,79.52999877929688,80.83999633789062,79.36499786376953,79.94999694824219,3231200
2021-02-01,77.1387939453125,81.37249755859375,81.56749725341797,80.0,80.15499877929688,2028000
2021-02-02,78.49676513671875,82.80500030517578,83.50749969482422,81.54750061035156,82.14250183105469,2240800
2021-02-03,78.58917999267578,82.90249633789062,83.20500183105469,82.08499908447266,82.75,1674400
2021-02-04,80.16520690917969,84.56500244140625,85.04499816894531,82.92500305175781,83.04000091552734,1644800
2021-02-05,81.75779724121094,86.24500274658203,86.41500091552734,83.99250030517578,85.05999755859375,1677600
2021-02-08,82.74604034423828,87.2874984741211,87.32749938964844,85.91500091552734,86.38749694824219,1356400
2021-02-09,82.79108428955078,87.33499908447266,87.85250091552734,86.78250122070312,86.95500183105469,1390400
2021-02-10,82.71050262451172,87.25,88.44249725341797,86.67500305175781,87.98999786376953,1716400
2021-02-11,81.00285339355469,85.26499938964844,87.56749725341797,84.82499694824219,87.4375,1626800
2021-02-12,81.3305892944336,85.61000061035156,85.76499938964844,84.9375,84.9375,800000
2021-02-16,81.96235656738281,86.2750015258789,87.49250030517578,85.86000061035156,86.48249816894531,1445600
2021-02-17,80.53971862792969,84.77749633789062,86.41999816894531,84.60749816894531,85.89749908447266,1461600
2021-02-18,80.85797119140625,85.11250305175781,85.3550033569336,83.41500091552734,84.5625,1400800
2021-02-19,81.57997131347656,85.87249755859375,86.14749908447266,84.90249633789062,85.41500091552734,1649200
2021-02-22,80.8698501586914,85.125,85.90750122070312,84.61000061035156,85.75,1365200
2021-02-23,79.9697036743164,84.17749786376953,85.55500030517578,82.7125015258789,85.13249969482422,1818800
2021-02-24,80.3497085571289,84.57749938964844,84.8324966430664,82.81749725341797,84.02249908447266,2176000
2021-02-25,77.91293334960938,82.01249694824219,84.83000183105469,81.51249694824219,84.23750305175781,1697600
2021-02-26,77.03179168701172,81.08499908447266,83.0999984741211,80.94000244140625,82.42749786376953,2248800
2021-03-01,81.91010284423828,86.22000122070312,86.97000122070312,81.25250244140625,82.32749938964844,2141600
2021-03-02,81.32109832763672,85.5999984741211,86.73249816894531,85.51000213623047,85.82749938964844,1605200
2021-03-03,79.87470245361328,84.07749938964844,86.40249633789062,84.01000213623047,85.52999877929688,2630000
2021-03-04,77.59942626953125,81.68250274658203,84.47250366210938,80.34750366210938,84.2874984741211,2538000
2021-03-05,80.59671020507812,84.8375015258789,85.36000061035156,80.88249969482422,82.59750366210938,2279600
2021-03-08,80.89356231689453,85.1500015258789,86.11000061035156,84.49749755859375,85.3324966430664,1703600
2021-03-09,82.13811492919922,86.45999908447266,87.42749786376953,85.11499786376953,86.14749908447266,2133600
2021-03-10,83.84814453125,88.26000213623047,89.23500061035156,86.49250030517578,86.89250183105469,1819600
2021-03-11,85.51066589355469,90.01000213623047,90.85749816894531,87.99749755859375,88.87750244140625,2277200
2021-03-12,85.09503173828125,89.57250213623047,90.69000244140625,89.37000274658203,89.99749755859375,1658800
2021-03-15,83.50611877441406,87.9000015258789,89.97250366210938,87.5824966430664,89.5,2106400
2021-03-16,82.6392593383789,86.98750305175781,87.81749725341797,86.01750183105469,87.6624984741211,1706000
2021-03-17,81.51585388183594,85.80500030517578,87.37000274658203,84.12249755859375,87.05249786376953,2318000
2021-03-18,80.09320831298828,84.30750274658203,86.1675033569336,83.61250305175781,85.55999755859375,2008000
2021-03-19,79.10043334960938,83.26249694824219,84.49500274658203,83.23500061035156,84.11000061035156,2973600
2021-03-22,79.87946319580078,84.0824966430664,84.45999908447266,82.88500213623047,83.58000183105469,1487200
2021-03-23,79.09095764160156,83.25250244140625,84.7874984741211,82.8375015258789,84.13249969482422,1301200
2021-03-24,79.78921508789062,83.98750305175781,85.15750122070312,82.7074966430664,82.7074966430664,1662000
2021-03-25,80.05282592773438,84.26499938964844,84.69000244140625,82.14250183105469,83.86000061035156,1246400
2021-03-26,82.32098388671875,86.65249633789062,86.77749633789062,83.86000061035156,83.9749984741211,1442000
2021-03-29,81.03608703613281,85.30000305175781,86.50749969482422,85.08000183105469,86.0625,1396800
2021-03-30,80.11221313476562,84.32749938964844,85.26000213623047,83.65499877929688,84.95249938964844,1033600
2021-03-31,81.06222534179688,85.32749938964844,86.12750244140625,84.4749984741211,84.67500305175781,1787200
2021-04-01,82.72476196289062,87.07749938964844,87.76249694824219,85.69499969482422,86.10250091552734,1608400
2021-04-05,84.08563995361328,88.51000213623047,88.87750244140625,87.44750213623047,87.5,1456800
2021-04-06,82.85774993896484,87.21749877929688,88.5824966430664,86.99749755859375,87.89749908447266,1356800
2021-04-07,83.19739532470703,87.57499694824219,87.67250061035156,86.33000183105469,86.70249938964844,1132800
2021-04-08,82.10963439941406,86.43000030517578,88.19249725341797,86.22750091552734,87.72250366210938,1750800
2021-04-09,83.71511840820312,88.12000274658203,88.33499908447266,86.37249755859375,86.5999984741211,1670800
2021-04-12,84.35401916503906,88.7925033569336,89.28250122070312,87.70249938964844,88.2699966430664,1098400
2021-04-13,84.42765045166016,88.87000274658203,88.97750091552734,87.79499816894531,88.3499984741211,993200
2021-04-14,83.1451187133789,87.5199966430664,89.17250061035156,87.17250061035156,88.88500213623047,1305600
2021-04-15,83.56788635253906,87.96499633789062,88.5374984741211,87.55750274658203,88.36250305175781,1120800
2021-04-16,83.24964141845703,87.62999725341797,88.625,87.34750366210938,88.29499816894531,1554400
2021-04-19,81.63935089111328,85.93499755859375,87.27749633789062,85.45999908447266,87.2249984741211,1411600
2021-04-20,81.15483856201172,85.42500305175781,86.5,84.80249786376953,86.22750091552734,1251600
2021-04-21,82.5679931640625,86.9124984741211,87.17500305175781,85.73500061035156,86.1449966430664,1880000
2021-04-22,82.78413391113281,87.13999938964844,88.25,86.12999725341797,86.50749969482422,1080800
2021-04-23,84.00965118408203,88.43000030517578,88.9124984741211,87.48500061035156,87.57749938964844,1006000
2021-04-26,82.97412109375,87.33999633789062,88.91000366210938,87.21499633789062,88.52249908447266,1020400
2021-04-27,83.16175079345703,87.5374984741211,88.05999755859375,86.73750305175781,87.19000244140625,1492000
2021-04-28,81.98612213134766,86.30000305175781,87.88249969482422,86.05750274658203,87.72250366210938,880000
2021-04-29,83.37788391113281,87.76499938964844,88.1875,86.55500030517578,86.58999633789062,888400
2021-04-30,81.97186279296875,86.28500366210938,87.23500061035156,85.52749633789062,87.12750244140625,1599600
2021-05-03,83.27339172363281,87.65499877929688,88.13749694824219,86.84750366210938,87.1624984741211,1524000
2021-05-04,83.31137084960938,87.69499969482422,88.02749633789062,87.21499633789062,87.4000015258789,1555200
2021-05-05,82.79125213623047,87.14749908447266,88.7125015258789,86.75499725341797,88.24749755859375,1678000
2021-05-06,83.18548583984375,87.5625,87.76249694824219,86.78500366210938,87.76249694824219,1065600
2021-05-07,85.6603012084961,90.1675033569336,90.72750091552734,87.56500244140625,87.56500244140625,2268400
2021-05-10,85.67693328857422,90.18499755859375,91.10250091552734,89.64250183105469,90.01499938964844,2308400
2021-05-11,84.23765563964844,88.66999816894531,89.39749908447266,87.92749786376953,89.16000366210938,1538000
2021-05-12,81.64409637451172,85.94000244140625,87.84249877929688,85.75250244140625,87.37000274658203,1858000
2021-05-13,84.07192993164062,88.30249786376953,88.65249633789062,86.0824966430664,86.0824966430664,1456800
2021-05-14,85.23110961914062,89.5199966430664,90.02249908447266,88.3550033569336,88.8125,1273200
2021-05-17,83.79344177246094,88.01000213623047,89.5,87.22750091552734,88.4749984741211,1151600
2021-05-18,82.83185577392578,87.0,88.31749725341797,86.83000183105469,87.63999938964844,2349200
2021-05-19,81.52031707763672,85.62249755859375,86.65499877929688,84.5,85.875,1905600
2021-05-20,83.1793441772461,87.36499786376953,87.70999908447266,85.0425033569336,85.68000030517578,1587200
2021-05-21,82.9342041015625,87.10749816894531,88.51499938964844,86.9000015258789,87.9124984741211,1264800
2021-05-24,84.38850402832031,88.63500213623047,89.11000061035156,87.55249786376953,87.9124984741211,1521600
2021-05-25,84.61700439453125,88.875,89.50250244140625,88.62999725341797,88.6500015258789,1321600
2021-05-26,84.3075942993164,88.55000305175781,89.24250030517578,88.0824966430664,88.94750213623047,1247600
2021-05-27,84.29568481445312,88.5374984741211,89.44750213623047,88.12000274658203,88.9175033569336,2645200
2021-05-28,84.1504898071289,88.38500213623047,89.2074966430664,88.3125,88.90249633789062,1382800
2021-06-01,84.0171890258789,88.24500274658203,89.87249755859375,87.98999786376953,89.07499694824219,1459200
2021-06-02,83.85060119628906,88.06999969482422,88.6675033569336,87.96749877929688,88.15249633789062,1326000
2021-06-03,83.5173568725586,87.72000122070312,87.99749755859375,86.72250366210938,87.26249694824219,1336000
2021-06-04,83.83154296875,88.05000305175781,88.51499938964844,87.45249938964844,88.18250274658203,1443200
2021-06-07,82.54621887207031,86.69999694824219,88.2925033569336,86.33499908447266,88.0,1549600
2021-06-08,82.69615936279297,86.85749816894531,87.1875,86.40249633789062,86.98750305175781,1319200
2021-06-09,82.80328369140625,86.97000122070312,87.20999908447266,86.67500305175781,87.10749816894531,976400
2021-06-10,83.57208251953125,87.77749633789062,87.88749694824219,86.7125015258789,87.07499694824219,1402800
2021-06-11,83.98387145996094,88.20999908447266,88.31999969482422,87.83000183105469,87.92250061035156,944800
2021-06-14,84.08383178710938,88.31500244140625,88.31500244140625,87.54499816894531,87.93000030517578,1096000
2021-06-15,85.16445922851562,89.44999694824219,89.70999908447266,88.50749969482422,88.61250305175781,1373600
2021-06-16,84.93596649169922,89.20999908447266,90.0,88.63999938964844,89.75,1425600
2021-06-17,86.09039306640625,90.42250061035156,91.0999984741211,88.90499877929688,88.90499877929688,1774800
2021-06-18,84.46466827392578,88.71499633789062,90.53500366210938,88.06500244140625,89.41000366210938,3110000
2021-06-21,86.3521957397461,90.69750213623047,90.83999633789062,88.90249633789062,89.3375015258789,1370400
2021-06-22,89.13943481445312,93.625,93.73750305175781,90.75250244140625,91.25749969482422,2494800
2021-06-23,89.444091796875,93.94499969482422,94.625,92.73249816894531,93.19999694824219,2598400
2021-06-24,89.92491149902344,94.44999694824219,94.49500274658203,93.38249969482422,93.84750366210938,1675200
2021-06-25,90.03439331054688,94.56500244140625,94.88500213623047,93.80249786376953,94.4375,2014000
2021-06-28,90.3509750366211,94.89749908447266,95.42749786376953,94.375,94.80000305175781,1540000
2021-06-29,91.0483627319336,95.62999725341797,95.94249725341797,94.70999908447266,94.70999908447266,1220000
2021-06-30,90.9245834350586,95.5,95.93000030517578,95.36499786376953,95.7925033569336,1462400
2021-07-01,90.66755676269531,95.2300033569336,95.97000122070312,95.03500366210938,95.67250061035156,1449600
2021-07-02,91.2816390991211,95.875,96.16500091552734,95.23249816894531,95.46749877929688,2150800
2021-07-06,91.1102523803711,95.69499969482422,96.1624984741211,94.4749984741211,95.99749755859375,1824000
2021-07-07,92.73594665527344,97.40249633789062,97.5425033569336,95.68250274658203,95.84500122070312,1204400
2021-07-08,92.0671157836914,96.69999694824219,97.5625,96.16999816894531,96.29750061035156,1518000
2021-07-09,92.42891693115234,97.08000183105469,97.41500091552734,95.94750213623047,97.41500091552734,1010400
2021-07-12,93.32150268554688,98.01750183105469,98.0625,96.81749725341797,96.82749938964844,986400
2021-07-13,90.68183135986328,95.24500274658203,98.01750183105469,95.08499908447266,98.01750183105469,4657200
2021-07-14,90.19863891601562,94.73750305175781,95.64250183105469,94.2125015258789,95.39749908447266,4199200
2021-07-15,87.86602020263672,92.2874984741211,94.58000183105469,91.26000213623047,93.75,4606400
2021-07-16,91.92906951904297,96.55500030517578,96.96749877929688,93.28250122070312,93.28250122070312,3082800
2021-07-19,90.1105728149414,94.6449966430664,96.80249786376953,93.83000183105469,95.75,3202800
2021-07-20,92.63838195800781,97.30000305175781,97.7750015258789,94.61499786376953,94.76000213623047,2069600
2021-07-21,93.34291076660156,98.04000091552734,98.11000061035156,97.0250015258789,97.42749786376953,1283200
2021-07-22,93.08348083496094,97.76750183105469,98.13999938964844,97.30750274658203,98.13999938964844,1072400
2021-07-23,94.09982299804688,98.83499908447266,98.9625015258789,97.5824966430664,98.0,1381200
2021-07-26,92.54317474365234,97.19999694824219,98.94499969482422,96.63249969482422,98.41999816894531,1716800
2021-07-27,92.55742645263672,97.21499633789062,98.11750030517578,95.72750091552734,95.98750305175781,1348000
2021-07-28,92.91685485839844,97.59249877929688,98.36250305175781,97.29000091552734,97.74500274658203,1210000
2021-07-29,93.57618713378906,98.28500366210938,99.09500122070312,97.69999694824219,98.42250061035156,1731600
2021-07-30,93.82371520996094,98.54499816894531,98.7125015258789,97.75749969482422,97.90499877929688,1772400
2021-08-02,92.6788101196289,97.34249877929688,99.06500244140625,97.1624984741211,98.16500091552734,1390400
2021-08-03,92.92874908447266,97.6050033569336,97.84249877929688,96.55000305175781,97.63249969482422,3218800
2021-08-04,92.30751037597656,96.95249938964844,97.82250213623047,96.60250091552734,97.37249755859375,1652400
2021-08-05,93.30481719970703,98.0,98.05750274658203,96.51750183105469,97.12000274658203,1773600
2021-08-06,93.13823699951172,97.82499694824219,98.4749984741211,97.44249725341797,98.12999725341797,1308400
2021-08-09,93.41194152832031,98.11250305175781,98.23999786376953,97.41999816894531,97.8125,1180000
2021-08-10,93.02632141113281,97.7074966430664,98.47750091552734,97.50250244140625,98.15249633789062,996800
2021-08-11,92.85973358154297,97.53250122070312,98.01499938964844,96.51750183105469,98.01499938964844,1321200
2021-08-12,92.73326873779297,97.1624984741211,97.27749633789062,96.13999938964844,97.00250244140625,1080400
2021-08-13,92.91461181640625,97.35250091552734,97.5250015258789,96.39250183105469,97.0625,754000
2021-08-16,93.87141418457031,98.3550033569336,98.69499969482422,96.87999725341797,97.16500091552734,2724800
2021-08-17,94.05513763427734,98.54750061035156,98.65499877929688,97.22250366210938,97.9000015258789,1087200
2021-08-18,92.63783264160156,97.0625,98.67500305175781,96.99250030517578,98.24500274658203,1451200
2021-08-19,93.3846664428711,97.84500122070312,98.32499694824219,96.48999786376953,96.69000244140625,1784000
2021-08-20,93.48725128173828,97.95249938964844,98.75,97.26000213623047,98.18499755859375,1726400
2021-08-23,93.51588439941406,97.98249816894531,98.7249984741211,97.6624984741211,98.19000244140625,946000
2021-08-24,93.27012634277344,97.7249984741211,98.30999755859375,97.48500061035156,98.16500091552734,855200
2021-08-25,93.57076263427734,98.04000091552734,98.22000122070312,97.36250305175781,97.59500122070312,912800
2021-08-26,93.07210540771484,97.51750183105469,98.02749633789062,97.28250122070312,98.02749633789062,660800
2021-08-27,93.4586181640625,97.92250061035156,98.75,97.02749633789062,97.7249984741211,828000
2021-08-30,93.89766693115234,98.38249969482422,98.83499908447266,97.42749786376953,97.85749816894531,992800
2021-08-31,94.43213653564453,98.94249725341797,99.09500122070312,97.8550033569336,98.59500122070312,1420400
2021-09-01,94.51324462890625,99.02749633789062,99.67250061035156,98.48750305175781,99.2074966430664,895600
2021-09-02,94.57768249511719,99.09500122070312,99.7925033569336,98.37000274658203,99.64250183105469,1222000
2021-09-03,94.61346435546875,99.13249969482422,99.5250015258789,98.67250061035156,98.83999633789062,1338400
2021-09-07,93.40374755859375,97.86499786376953,99.00250244140625,97.76249694824219,98.55750274658203,1003600
2021-09-08,95.03580474853516,99.57499694824219,99.60749816894531,97.56500244140625,97.83999633789062,890400
2021-09-09,95.45574188232422,100.01499938964844,100.36750030517578,99.3949966430664,99.7874984741211,1194000
2021-09-10,96.3266372680664,100.92749786376953,102.31500244140625,100.22000122070312,100.42500305175781,1732400
2021-09-13,96.99951934814453,101.63249969482422,102.44999694824219,101.00250244140625,101.87249755859375,2990000
2021-09-14,94.51324462890625,99.02749633789062,102.2750015258789,98.88249969482422,102.2750015258789,2690400
2021-09-15,95.14554595947266,99.69000244140625,100.0,98.75,99.08499908447266,1814400
2021-09-16,95.33404541015625,99.88749694824219,100.08999633789062,98.88749694824219,99.69000244140625,1086000
2021-09-17,93.73778533935547,98.21499633789062,99.9625015258789,97.95500183105469,99.65249633789062,4992000
2021-09-20,93.91436767578125,98.4000015258789,98.51750183105469,96.81749725341797,97.29750061035156,2108800
2021-09-21,93.84278869628906,98.32499694824219,99.27249908447266,97.8949966430664,98.68000030517578,1366800
2021-09-22,94.53473663330078,99.05000305175781,99.5875015258789,97.90249633789062,99.26249694824219,1182400
2021-09-23,95.86613464355469,100.44499969482422,100.70999908447266,98.93250274658203,99.22000122070312,964800
2021-09-24,95.79216003417969,100.36750030517578,100.6050033569336,99.45500183105469,99.58499908447266,982400
2021-09-27,94.34146881103516,98.84750366210938,100.94999694824219,98.63749694824219,99.84500122070312,1578000
2021-09-28,92.11767578125,96.51750183105469,98.45999908447266,96.27749633789062,98.2249984741211,1918000
2021-09-29,92.87882995605469,97.31500244140625,99.80500030517578,96.21499633789062,98.33999633789062,1903600
2021-09-30,90.82684326171875,95.16500091552734,97.72000122070312,95.1050033569336,97.63500213623047,1872800
2021-10-01,92.41593170166016,96.83000183105469,97.1875,94.32749938964844,95.72000122070312,1709600
2021-10-04,92.12480926513672,96.5250015258789,97.625,95.57749938964844,97.49749755859375,2492800
2021-10-05,93.49678802490234,97.9625015258789,98.7125015258789,96.5250015258789,96.66000366210938,1490000
2021-10-06,94.47268676757812,98.98500061035156,99.07499694824219,96.60250091552734,97.1875,1287200
2021-10-07,95.63231658935547,100.19999694824219,100.9175033569336,99.43250274658203,99.65750122070312,1374000
2021-10-08,96.1095199584961,100.69999694824219,101.0999984741211,99.85250091552734,100.49500274658203,1271200
2021-10-11,96.00691223144531,100.59249877929688,102.02999877929688,100.58000183105469,100.74250030517578,1072400
2021-10-12,96.39582824707031,101.0,101.48249816894531,100.49250030517578,100.64250183105469,1396400
2021-10-13,96.71318054199219,101.3324966430664,102.32250213623047,100.68250274658203,101.40750122070312,1269200
2021-10-14,99.35928344726562,104.1050033569336,104.2125015258789,101.94750213623047,102.5,1376400
2021-10-15,99.2662353515625,104.00749969482422,104.91999816894531,103.69750213623047,104.50499725341797,1374000
2021-10-18,100.46879577636719,105.26750183105469,105.35250091552734,103.375,103.69499969482422,1058000
2021-10-19,101.14402770996094,105.9749984741211,105.9749984741211,104.90750122070312,105.67500305175781,727200
2021-10-20,101.09634399414062,105.92500305175781,106.73750305175781,105.69750213623047,106.2300033569336,1055200
2021-10-21,101.32061004638672,106.16000366210938,106.60749816894531,105.43000030517578,105.94000244140625,1171200
2021-10-22,101.84315490722656,106.7074966430664,107.23500061035156,106.5199966430664,106.59750366210938,1070000
2021-10-25,102.26309967041016,107.14749908447266,107.51499938964844,106.19750213623047,106.60250091552734,1161600
2021-10-26,102.71884155273438,107.625,108.20500183105469,107.0374984741211,107.55000305175781,1331600
2021-10-27,100.91499328613281,105.73500061035156,107.82250213623047,105.66500091552734,107.82250213623047,806800
2021-10-28,101.65943145751953,106.51499938964844,106.63999938964844,105.20249938964844,105.87999725341797,882800
2021-10-29,103.33919525146484,108.2750015258789,109.08499908447266,106.11250305175781,106.28250122070312,1482000
2021-11-01,102.77130889892578,107.68000030517578,109.0199966430664,107.38500213623047,108.6449966430664,870000
2021-11-02,103.86888885498047,108.83000183105469,108.95999908447266,107.14749908447266,108.35749816894531,1097600
2021-11-03,104.48927307128906,109.4800033569336,109.625,107.61499786376953,108.83000183105469,1202400
2021-11-04,105.1263427734375,110.14749908447266,110.98500061035156,109.04750061035156,109.375,1132000
2021-11-05,105.45084381103516,110.48750305175781,112.24500274658203,110.38249969482422,111.01000213623047,1165600
2021-11-08,104.236328125,109.21499633789062,111.42500305175781,108.06999969482422,110.97000122070312,1408000
2021-11-09,104.25780487060547,109.23750305175781,109.67749786376953,108.50499725341797,109.2750015258789,1003600
2021-11-10,103.53246307373047,108.47750091552734,109.63500213623047,108.10749816894531,108.87000274658203,1515600
2021-11-11,103.55155181884766,108.49749755859375,109.20249938964844,108.2074966430664,108.86250305175781,998400
2021-11-12,104.87871551513672,109.64749908447266,109.95500183105469,108.17749786376953,108.93000030517578,874800
2021-11-15,104.95762634277344,109.7300033569336,110.37999725341797,108.97750091552734,109.82250213623047,682400
2021-11-16,106.01695251464844,110.8375015258789,110.90499877929688,109.10250091552734,109.60250091552734,967200
2021-11-17,106.30390930175781,111.13749694824219,111.26499938964844,109.85250091552734,110.8375015258789,707600
2021-11-18,105.88066101074219,110.69499969482422,111.75,110.37000274658203,111.36000061035156,999600
2021-11-19,106.66260528564453,111.51249694824219,112.30000305175781,110.55500030517578,111.46749877929688,1326800
2021-11-22,106.09107971191406,110.91500091552734,113.18499755859375,110.87750244140625,111.64749908447266,1295600
2021-11-23,105.01500701904297,109.79000091552734,111.52999877929688,109.35250091552734,111.17500305175781,1246400
2021-11-24,105.58891296386719,110.38999938964844,110.60250091552734,108.5374984741211,109.5199966430664,1280400
2021-11-26,102.41569519042969,107.07250213623047,110.05249786376953,106.46499633789062,109.03500366210938,1354000
2021-11-29,103.9556884765625,108.68250274658203,109.40249633789062,107.16500091552734,108.44750213623047,1350400
2021-11-30,100.95704650878906,105.54750061035156,109.54000091552734,105.125,108.68250274658203,3877600
2021-12-01,99.86420440673828,104.40499877929688,108.62249755859375,104.2925033569336,107.11499786376953,1725600
2021-12-02,103.34351348876953,108.0425033569336,108.69999694824219,104.4124984741211,104.61000061035156,3072400
2021-12-03,102.17178344726562,106.81749725341797,110.13749694824219,105.11250305175781,108.23999786376953,2494000
2021-12-06,104.09675598144531,108.83000183105469,109.55999755859375,107.76750183105469,108.57749938964844,1783200
2021-12-07,106.65543365478516,111.50499725341797,112.42749786376953,109.62999725341797,110.19499969482422,2109200
2021-12-08,107.84150695800781,112.74500274658203,113.125,111.47000122070312,111.50499725341797,1574400
2021-12-09,107.39910888671875,112.28250122070312,112.98500061035156,111.88249969482422,112.74500274658203,1209600
2021-12-10,109.62776184082031,114.61250305175781,114.80000305175781,112.65750122070312,112.96499633789062,1810800
2021-12-13,109.38386535644531,114.35749816894531,115.36000061035156,113.53500366210938,114.5,2166000
2021-12-14,107.26998138427734,112.14749908447266,115.21749877929688,110.41500091552734,113.2925033569336,2087200
2021-12-15,109.45082092285156,114.42749786376953,114.625,112.39749908447266,112.41999816894531,2060800
2021-12-16,108.75736236572266,113.70249938964844,115.1875,112.95999908447266,115.18499755859375,2080800
2021-12-17,104.85958099365234,109.62750244140625,113.73500061035156,109.32250213623047,113.47000122070312,3664400
2021-12-20,102.81026458740234,107.48500061035156,108.25,106.19000244140625,107.90249633789062,3312000
2021-12-21,104.44828796386719,109.19750213623047,109.60749816894531,107.59249877929688,108.01249694824219,2707200
2021-12-22,102.55917358398438,107.22250366210938,107.5,105.29499816894531,107.5,2952000
2021-12-23,104.0202407836914,108.75,110.61499786376953,107.94000244140625,107.95249938964844,2487200
2021-12-27,105.71324920654297,110.5199966430664,110.68000030517578,108.51499938964844,109.55750274658203,1287200
2021-12-28,106.19629669189453,111.0250015258789,111.26249694824219,110.41000366210938,110.75,1093600
2021-12-29,106.39718627929688,111.23500061035156,111.79750061035156,110.71749877929688,111.19249725341797,836400
2021-12-30,105.1082763671875,109.88749694824219,111.94249725341797,109.69249725341797,111.31500244140625,1003200
2021-12-31,105.97391510009766,110.7925033569336,111.27249908447266,109.4625015258789,109.4625015258789,1278800
2022-01-03,101.41136169433594,106.02249908447266,110.6675033569336,105.75499725341797,110.58499908447266,2570000
2022-01-04,101.6552734375,106.27749633789062,106.9375,105.75250244140625,106.52749633789062,2774000
2022-01-05,97.0807876586914,101.49500274658203,106.46749877929688,101.39250183105469,106.00250244140625,2980800
2022-01-06,96.3681869506836,100.75,102.44750213623047,100.2750015258789,101.49250030517578,2906000
2022-01-07,95.03385925292969,99.3550033569336,100.62249755859375,99.34750366210938,100.62249755859375,2430000
2022-01-10,95.4666748046875,99.80750274658203,99.9375,97.67749786376953,98.6500015258789,3103200
2022-01-11,96.87035369873047,101.2750015258789,101.46499633789062,98.0875015258789,99.7925033569336,2096400
2022-01-12,97.13578033447266,101.55249786376953,102.5,101.22750091552734,102.33000183105469,2117600
2022-01-13,96.78425598144531,101.18499755859375,102.04499816894531,101.02249908447266,101.69249725341797,2821600
2022-01-14,95.04102325439453,99.36250305175781,100.65499877929688,98.68499755859375,100.11750030517578,1707600
2022-01-18,93.51300048828125,97.76499938964844,98.61250305175781,97.3499984741211,97.91000366210938,2628800
2022-01-19,92.74301147460938,96.95999908447266,98.87249755859375,96.86499786376953,98.1500015258789,2254400
2022-01-20,90.93998718261719,95.07499694824219,98.2699966430664,94.79499816894531,98.05500030517578,2146800
2022-01-21,90.7510986328125,94.87750244140625,96.47750091552734,94.79499816894531,95.22750091552734,3220000
2022-01-24,92.37953186035156,96.58000183105469,96.71499633789062,92.92500305175781,93.74250030517578,3718400
2022-01-25,91.16239166259766,95.30750274658203,96.5875015258789,94.31500244140625,94.5824966430664,2950400
2022-01-26,91.1815185546875,95.32749938964844,98.08999633789062,94.24250030517578,95.88249969482422,3700000
2022-01-27,90.32305145263672,94.43000030517578,96.98750305175781,94.13249969482422,96.27249908447266,2406800
2022-01-28,92.37716674804688,96.57749938964844,96.625,93.20999908447266,94.16999816894531,2047600
2022-01-31,93.6253890991211,97.88249969482422,98.0250015258789,96.0,96.21499633789062,2883600
2022-02-01,92.6186752319336,96.83000183105469,98.32749938964844,95.62000274658203,97.64749908447266,2679600
2022-02-02,93.60626220703125,97.86250305175781,98.10250091552734,97.01000213623047,97.07250213623047,1740000
2022-02-03,92.08302307128906,96.2699966430664,98.30000305175781,96.08999633789062,97.5,1856400
2022-02-04,91.30106353759766,95.45249938964844,96.6500015258789,95.05750274658203,95.75,1823600
2022-02-07,90.8371810913086,94.96749877929688,96.37999725341797,94.80999755859375,95.6624984741211,1679200
2022-02-08,91.71715545654297,95.88749694824219,96.5250015258789,94.24749755859375,95.25250244140625,1015200
2022-02-09,93.63496398925781,97.89250183105469,98.16500091552734,97.26249694824219,97.35250091552734,1280000
2022-02-10,91.26282501220703,95.4124984741211,97.0199966430664,94.7750015258789,96.11250305175781,2078400
2022-02-11,89.79936981201172,93.88249969482422,95.95249938964844,93.6675033569336,95.81500244140625,1563200
2022-02-14,88.82124328613281,92.625,94.3499984741211,92.0999984741211,93.99500274658203,1652000
2022-02-15,90.55931091308594,94.4375,94.64250183105469,93.33999633789062,93.8324966430664,1754400
2022-02-16,90.75588989257812,94.64250183105469,94.91999816894531,93.11000061035156,94.3324966430664,1812800
2022-02-17,88.85480499267578,92.66000366210938,94.38999938964844,92.49749755859375,94.0875015258789,2598000
2022-02-18,89.07777404785156,92.89250183105469,93.62000274658203,92.23750305175781,92.52249908447266,2808800
2022-02-22,88.7013931274414,92.5,93.9749984741211,91.9749984741211,93.13500213623047,2354800
2022-02-23,87.24140167236328,90.97750091552734,93.9625015258789,90.87249755859375,92.93499755859375,2332800
2022-02-24,89.66511535644531,93.50499725341797,93.68000030517578,89.15249633789062,89.50250244140625,2962400
2022-02-25,90.45623779296875,94.33000183105469,94.60250091552734,92.18000030517578,93.61250305175781,1722800
2022-02-28,89.97676849365234,93.83000183105469,94.13249969482422,92.34750366210938,93.19750213623047,1718000
2022-03-01,89.216796875,93.0374984741211,93.93499755859375,92.1875,93.65499877929688,1745600
2022-03-02,91.3360366821289,95.24749755859375,95.8375015258789,93.07499694824219,93.28500366210938,2033200
2022-03-03,90.71754455566406,94.60250091552734,96.12999725341797,94.37999725341797,95.69999694824219,1554400
2022-03-04,90.84699249267578,94.73750305175781,95.42250061035156,93.88249969482422,94.51750183105469,1280800
2022-03-07,88.94590759277344,92.75499725341797,95.02999877929688,92.60749816894531,94.63999938964844,1929600
2022-03-08,88.10444641113281,91.87750244140625,93.69000244140625,91.10250091552734,92.2300033569336,3335200
2022-03-09,89.69868469238281,93.54000091552734,94.09750366210938,92.67749786376953,93.95249938964844,1842800
2022-03-10,88.64144897460938,92.4375,92.7249984741211,90.84500122070312,92.13500213623047,1949600
2022-03-11,88.5335693359375,92.32499694824219,93.87750244140625,92.22250366210938,93.625,1487600
2022-03-14,89.90245819091797,93.75250244140625,94.74250030517578,92.82250213623047,94.74250030517578,1446000
2022-03-15,91.60455322265625,95.52749633789062,95.86000061035156,94.23500061035156,94.71749877929688,1458800
2022-03-16,93.2874755859375,97.28250122070312,97.53250122070312,95.125,96.1050033569336,1496400
2022-03-17,94.68992614746094,98.74500274658203,98.74500274658203,96.28250122070312,97.23500061035156,1214000
2022-03-18,95.98209381103516,100.09249877929688,100.66000366210938,98.02999877929688,98.76000213623047,2634000
2022-03-21,93.80770111083984,97.82499694824219,100.08499908447266,96.63999938964844,99.4749984741211,4004000
2022-03-22,94.21524810791016,98.25,98.92749786376953,97.7925033569336,98.4749984741211,2745600
2022-03-23,96.2146224975586,100.33499908447266,101.1500015258789,97.875,98.61499786376953,2786400
2022-03-24,98.38899230957031,102.60250091552734,102.60250091552734,99.70249938964844,101.23999786376953,2978400
2022-03-25,99.0866470336914,103.33000183105469,103.4375,101.7249984741211,103.25,2333600
2022-03-28,101.46478271484375,105.80999755859375,105.8375015258789,102.94499969482422,103.0,2581600
2022-03-29,103.44738006591797,107.87750244140625,108.41000366210938,105.79499816894531,106.50499725341797,2710800
2022-03-30,103.56724548339844,108.00250244140625,108.7925033569336,107.58999633789062,108.57749938964844,1491200
2022-03-31,101.98021697998047,106.34750366210938,108.86000061035156,106.11750030517578,108.3324966430664,2050000
2022-04-01,101.61821746826172,105.97000122070312,107.12000274658203,105.33499908447266,106.40249633789062,1846000
2022-04-04,102.89840698242188,107.30500030517578,107.90249633789062,105.83000183105469,106.02249908447266,1645600
2022-04-05,103.42100524902344,107.8499984741211,109.1624984741211,106.7074966430664,106.7074966430664,1981600
2022-04-06,103.36109161376953,107.7874984741211,108.00749969482422,106.46749877929688,107.27249908447266,1563600
2022-04-07,104.10185241699219,108.55999755859375,108.95500183105469,106.90499877929688,107.52999877929688,1436400
2022-04-08,102.87440490722656,107.27999877929688,108.70249938964844,107.06999969482422,108.46749877929688,1335600
2022-04-11,100.21099853515625,104.50250244140625,107.11000061035156,104.3375015258789,106.81749725341797,1916400
2022-04-12,99.67398071289062,103.94249725341797,106.3125,103.51249694824219,105.34249877929688,1606000
2022-04-13,100.53943634033203,104.84500122070312,105.49749755859375,104.24749755859375,104.50250244140625,1658400
2022-04-14,99.17056274414062,103.4175033569336,105.86750030517578,103.2249984741211,105.38749694824219,1383200
2022-04-18,99.05307006835938,103.29499816894531,104.37750244140625,102.61750030517578,102.93250274658203,1211600
2022-04-19,100.43871307373047,104.73999786376953,105.21749877929688,103.06999969482422,103.06999969482422,1491200
2022-04-20,101.03805541992188,105.36499786376953,105.95249938964844,105.03500366210938,105.27249908447266,1314800
2022-04-21,100.42195129394531,104.72250366210938,106.54000091552734,104.5999984741211,105.66500091552734,1556800
2022-04-22,97.80884552001953,101.99749755859375,106.52999877929688,101.80750274658203,104.6624984741211,1692400
2022-04-25,98.2811279296875,102.48999786376953,102.5824966430664,99.93499755859375,102.0250015258789,2235600
2022-04-26,95.79988861083984,99.90249633789062,102.21499633789062,99.90249633789062,101.80249786376953,1566000
2022-04-27,96.13310241699219,100.25,101.85250091552734,99.55000305175781,99.98750305175781,2414800
2022-04-28,98.45854949951172,102.67500305175781,103.13500213623047,100.44000244140625,101.27999877929688,2314800
2022-04-29,95.23651885986328,99.31500244140625,102.27749633789062,99.02999877929688,101.6675033569336,2439200
2022-05-02,93.84606170654297,97.86499786376953,100.20249938964844,96.50250244140625,99.54750061035156,2922000
2022-05-03,93.57036590576172,97.57749938964844,98.41000366210938,97.18000030517578,98.02749633789062,1937200
2022-05-04,96.14031982421875,100.25749969482422,100.67749786376953,96.76249694824219,97.61000061035156,1803200
2022-05-05,92.71451568603516,96.68499755859375,99.66999816894531,96.02999877929688,99.12249755859375,1834800
2022-05-06,92.04326629638672,95.98500061035156,96.4749984741211,94.3375015258789,96.25250244140625,1798800
2022-05-09,89.7154541015625,93.55750274658203,95.4124984741211,93.34500122070312,94.82250213623047,2171200
2022-05-10,90.67438507080078,94.55750274658203,95.63749694824219,92.97000122070312,95.58499908447266,2180800
2022-05-11,88.92672729492188,92.73500061035156,95.3324966430664,92.6449966430664,93.87249755859375,2103200
2022-05-12,88.02052307128906,91.79000091552734,93.2699966430664,90.55249786376953,92.5,2467200
2022-05-13,90.36638641357422,93.99250030517578,94.6500015258789,91.15750122070312,92.60749816894531,1718800
2022-05-16,90.78944396972656,94.43250274658203,94.6449966430664,92.72750091552734,93.58000183105469,1637200
2022-05-17,91.64990234375,95.32749938964844,95.90499877929688,94.5,95.75,1791600
2022-05-18,86.10971069335938,89.56500244140625,94.36000061035156,89.17749786376953,94.23750305175781,2626400
2022-05-19,86.239501953125,89.69999694824219,90.72000122070312,88.0,88.91000366210938,2506800
2022-05-20,87.39802551269531,90.90499877929688,90.99500274658203,88.83999633789062,90.48249816894531,1822000
2022-05-23,88.998779296875,92.56999969482422,92.81749725341797,91.01249694824219,91.35749816894531,1250000
2022-05-24,89.15740203857422,92.73500061035156,93.25250244140625,91.6500015258789,92.42250061035156,1866800
2022-05-25,88.36666107177734,91.9124984741211,93.22750091552734,91.56500244140625,92.0250015258789,2655600
2022-05-26,92.1594467163086,95.85749816894531,96.4625015258789,92.68499755859375,93.10749816894531,1993200
2022-05-27,95.3994369506836,99.22750091552734,99.375,96.2874984741211,96.2874984741211,2185600
2022-05-31,95.74076080322266,99.5824966430664,100.0425033569336,97.49500274658203,98.38749694824219,4401600
2022-06-01,93.93087768554688,97.69999694824219,99.90750122070312,97.61499786376953,99.68499755859375,2336400
2022-06-02,95.71671295166016,99.55750274658203,99.61000061035156,97.33499908447266,97.8375015258789,1907200
2022-06-03,95.20235443115234,99.02249908447266,99.29499816894531,98.13249969482422,98.6500015258789,2010800
2022-06-06,95.52204132080078,99.3550033569336,100.4000015258789,99.14749908447266,99.9175033569336,1481600
2022-06-07,97.0074234008789,100.9000015258789,101.375,98.58499908447266,98.79499816894531,1426800
2022-06-08,95.98831939697266,99.83999633789062,101.08000183105469,98.79750061035156,100.39250183105469,1798400
2022-06-09,93.959716796875,97.7300033569336,99.93499755859375,97.7300033569336,99.0199966430664,1515200
2022-06-10,90.0755615234375,93.69000244140625,96.37000274658203,93.67500305175781,96.07499694824219,1778400
2022-06-13,86.01116943359375,89.4625015258789,92.10749816894531,88.96499633789062,91.80000305175781,2680000
2022-06-14,84.71085357666016,88.11000061035156,89.93499755859375,87.27249908447266,89.79750061035156,2742000
2022-06-15,85.28770446777344,88.70999908447266,90.125,87.05750274658203,89.76750183105469,3136800
2022-06-16,83.85758209228516,87.22250366210938,87.95500183105469,85.96499633789062,87.95500183105469,2901200
2022-06-17,83.48743438720703,86.8375015258789,88.58499908447266,86.58499908447266,87.125,4245600
2022-06-21,86.1481704711914,89.6050033569336,89.94750213623047,87.6500015258789,87.69999694824219,2569200
2022-06-22,86.34046936035156,89.80500030517578,90.55750274658203,87.97750091552734,88.99749755859375,1742800
2022-06-23,88.09745788574219,91.63249969482422,91.94000244140625,89.63999938964844,90.5425033569336,2039600
2022-06-24,91.137939453125,94.79499816894531,94.88999938964844,92.18000030517578,92.18000030517578,3197200
2022-06-27,91.31341552734375,94.97750091552734,95.7925033569336,93.90249633789062,94.8949966430664,1248000
2022-06-28,89.28961944580078,92.87249755859375,96.0,92.62999725341797,95.23249816894531,1198400
2022-06-29,89.52037048339844,93.11250305175781,93.55999755859375,92.19000244140625,93.41000366210938,984000
2022-06-30,89.77994537353516,93.38249969482422,93.92749786376953,91.88500213623047,91.94750213623047,1473200
2022-07-01,90.54426574707031,94.17749786376953,94.59500122070312,92.88500213623047,93.38249969482422,1723600
2022-07-05,90.21977996826172,93.83999633789062,93.9800033569336,90.89749908447266,93.3949966430664,1875600
2022-07-06,91.36387634277344,95.02999877929688,95.63749694824219,93.77999877929688,94.70999908447266,1405600
2022-07-07,91.54895782470703,95.22250366210938,95.60250091552734,94.44249725341797,94.44249725341797,1608000
2022-07-08,91.59223175048828,95.26750183105469,95.56999969482422,94.29499816894531,95.08000183105469,1728400
2022-07-11,91.52011108398438,95.19249725341797,95.96749877929688,94.95500183105469,95.16000366210938,1845600
2022-07-12,90.72453308105469,94.36499786376953,96.43499755859375,93.89250183105469,95.02249908447266,1876800
2022-07-13,90.7509765625,94.39250183105469,95.11250305175781,91.4124984741211,93.19000244140625,1882800
2022-07-14,93.04878234863281,96.78250122070312,97.64250183105469,93.38249969482422,97.64250183105469,2525600
2022-07-15,93.3251724243164,97.06999969482422,98.32749938964844,96.44000244140625,97.98249816894531,3144400
2022-07-18,91.07784271240234,94.73249816894531,97.52999877929688,94.5,97.51499938964844,2394000
2022-07-19,92.94300842285156,96.67250061035156,96.875,95.17500305175781,95.68000030517578,2764800
2022-07-20,94.24092864990234,98.02249908447266,98.4000015258789,96.47000122070312,97.2750015258789,1618000
2022-07-21,96.13975524902344,99.99749755859375,100.00250244140625,98.06500244140625,98.31999969482422,1884000
2022-07-22,95.35619354248047,99.18250274658203,100.74749755859375,98.56999969482422,100.45999908447266,1144400
2022-07-25,95.3417739868164,99.1675033569336,99.49749755859375,98.39250183105469,99.49749755859375,852000
2022-07-26,95.62056732177734,99.4574966430664,99.62249755859375,98.44999694824219,99.09750366210938,1434400
2022-07-27,98.36063385009766,102.30750274658203,102.84500122070312,99.66000366210938,99.97000122070312,1888400
2022-07-28,100.95407104492188,105.00499725341797,105.25,101.84750366210938,102.66000366210938,1776000
2022-07-29,102.26881408691406,106.37249755859375,106.65249633789062,104.54000091552734,105.0,1921200
2022-08-01,101.89384460449219,105.98249816894531,106.18000030517578,105.14250183105469,105.7074966430664,1134800
2022-08-02,101.61264038085938,105.69000244140625,106.4574966430664,104.53500366210938,105.91000366210938,1386000
2022-08-03,102.40821838378906,106.51750183105469,107.0199966430664,105.63249969482422,105.89250183105469,1219600
2022-08-04,102.67739868164062,106.79750061035156,107.2874984741211,106.05000305175781,106.61750030517578,2014800
2022-08-05,101.81694030761719,105.90249633789062,106.4749984741211,105.23750305175781,105.98999786376953,1177200
2022-08-08,102.29763793945312,106.40249633789062,106.82749938964844,105.69999694824219,106.58499908447266,1741200
2022-08-09,102.08614349365234,106.18250274658203,106.7125015258789,105.88500213623047,106.69750213623047,1524400
2022-08-10,103.78065490722656,107.94499969482422,108.4800033569336,107.12249755859375,108.2249984741211,1357600
2022-08-11,103.26627349853516,107.41000366210938,108.75,106.96749877929688,108.3125,826400
2022-08-12,104.65201568603516,108.55999755859375,108.76249694824219,107.38500213623047,108.03250122070312,1028000
2022-08-15,105.80642700195312,109.75749969482422,109.92500305175781,107.81500244140625,107.81500244140625,1111600
2022-08-16,105.51242065429688,109.45249938964844,109.83499908447266,108.70500183105469,109.22750091552734,1300400
2022-08-17,105.82330322265625,109.7750015258789,109.91000366210938,108.4375,108.45999908447266,1179200
2022-08-18,106.14624786376953,110.11000061035156,110.43499755859375,109.49749755859375,109.7750015258789,1118000
2022-08-19,105.20150756835938,109.12999725341797,110.23249816894531,108.74500274658203,109.75,1076400
2022-08-22,103.70008850097656,107.57250213623047,108.54000091552734,107.44499969482422,108.15249633789062,1124000
2022-08-23,103.15057373046875,107.00250244140625,107.625,106.67500305175781,107.00499725341797,1160000
2022-08-24,103.4181137084961,107.27999877929688,107.61499786376953,106.60250091552734,107.0199966430664,997200
2022-08-25,104.43269348144531,108.3324966430664,108.38249969482422,107.18250274658203,108.35250091552734,960400
2022-08-26,101.22501373291016,105.00499725341797,108.625,104.86250305175781,108.4625015258789,2014000
2022-08-29,100.25618743896484,104.0,104.95999908447266,103.5875015258789,104.20500183105469,1170400
2022-08-30,98.7378921508789,102.42500305175781,104.5199966430664,101.62000274658203,104.38749694824219,1304000
2022-08-31,98.04862976074219,101.70999908447266,103.2925033569336,101.39250183105469,103.27249908447266,1793200
2022-09-01,98.21732330322266,101.88500213623047,101.88500213623047,100.50499725341797,101.06500244140625,1167600
2022-09-02,97.79557037353516,101.44750213623047,103.0875015258789,100.77249908447266,102.4000015258789,2032400
2022-09-06,99.6898193359375,103.4124984741211,103.55750274658203,101.71499633789062,101.71499633789062,1918800
2022-09-07,103.19397735595703,107.04750061035156,107.28500366210938,103.7750015258789,103.7750015258789,1958000
2022-09-08,103.4831771850586,107.34750366210938,107.97000122070312,106.49749755859375,106.88749694824219,1285200
2022-09-09,103.9555435180664,107.8375015258789,108.8125,107.2249984741211,107.44499969482422,1594400
2022-09-12,103.36750793457031,107.22750091552734,108.41000366210938,106.26000213623047,108.1675033569336,2018000
2022-09-13,98.48242950439453,102.16000366210938,105.80500030517578,101.73999786376953,105.08000183105469,2427600
2022-09-14,97.09666442871094,100.72250366210938,102.49749755859375,99.80750274658203,102.49749755859375,2366800
2022-09-15,96.05555725097656,99.64250183105469,101.21749877929688,99.21749877929688,101.0625,1849200
2022-09-16,97.44369506835938,101.0824966430664,101.37750244140625,97.97750091552734,98.83499908447266,3721600
2022-09-19,98.28961944580078,101.95999908447266,102.0374984741211,100.05750274658203,100.65249633789062,1352000
2022-09-20,97.8461685180664,101.5,101.95999908447266,100.48249816894531,101.02249908447266,1539200
2022-09-21,96.3615951538086,99.95999908447266,102.70249938964844,99.9000015258789,102.31999969482422,1844800
2022-09-22,93.6937484741211,97.19249725341797,99.57499694824219,97.12999725341797,99.45500183105469,1720800
2022-09-23,93.96366882324219,97.47250366210938,97.56500244140625,96.26000213623047,97.19499969482422,1681200
2022-09-26,93.30331420898438,96.7874984741211,98.25749969482422,96.65499877929688,97.08999633789062,1578400
2022-09-27,92.43090057373047,95.88249969482422,98.23500061035156,95.65249633789062,97.68000030517578,1769600
2022-09-28,95.08672332763672,98.63749694824219,99.7699966430664,95.24749755859375,98.86499786376953,2893600
2022-09-29,93.8817138671875,97.38749694824219,98.25749969482422,96.64250183105469,97.55750274658203,2595600
2022-09-30,93.55397033691406,97.04750061035156,98.71499633789062,96.38249969482422,97.66500091552734,2230400
2022-10-03,96.60262298583984,100.20999908447266,100.59750366210938,97.6875,98.1675033569336,1896000
2022-10-04,99.05601501464844,102.75499725341797,103.32499694824219,101.40249633789062,101.40249633789062,2437200
2022-10-05,99.27770233154297,102.98500061035156,103.81999969482422,101.53250122070312,102.2874984741211,2344400
2022-10-06,98.95719146728516,102.65249633789062,103.50749969482422,102.24500274658203,102.86250305175781,1382000
2022-10-07,96.01699829101562,99.60250091552734,102.45249938964844,99.2300033569336,101.24749755859375,2050000
2022-10-10,95.8482666015625,99.42749786376953,100.54499816894531,99.06999969482422,99.94249725341797,1202000
2022-10-11,94.83367156982422,98.375,99.35250091552734,97.56999969482422,99.1050033569336,1732400
2022-10-12,93.38284301757812,96.87000274658203,99.31999969482422,96.79750061035156,98.75499725341797,1583200
2022-10-13,94.66979217529297,98.20500183105469,98.74749755859375,92.73249816894531,94.7300033569336,2745600
2022-10-14,91.9079360961914,95.33999633789062,99.6875,94.90249633789062,99.37750244140625,1711200
2022-10-17,94.96622467041016,98.51249694824219,99.53500366210938,97.23500061035156,97.23500061035156,1692000
2022-10-18,96.90144348144531,100.5199966430664,101.10250091552734,99.09500122070312,100.74250030517578,1717600
2022-10-19,96.46041870117188,100.0625,100.31999969482422,98.76249694824219,98.94249725341797,1157600
2022-10-20,94.6408920288086,98.17500305175781,100.73750305175781,97.63999938964844,100.22000122070312,1598800
2022-10-21,96.3857192993164,99.98500061035156,100.30500030517578,97.37000274658203,97.81500244140625,1545600
2022-10-24,97.92329406738281,101.58000183105469,101.98999786376953,99.89250183105469,101.15249633789062,1331200
2022-10-25,98.90420532226562,102.59750366210938,102.72750091552734,101.22750091552734,101.52999877929688,1362400
2022-10-26,99.26808166503906,102.9749984741211,104.1449966430664,102.1624984741211,102.88500213623047,1776800
2022-10-27,99.93082427978516,103.6624984741211,104.36250305175781,102.84500122070312,103.23999786376953,1416800
2022-10-28,103.06144714355469,106.91000366210938,106.99749755859375,103.72000122070312,104.05750274658203,1354400
2022-10-31,103.03974151611328,106.88749694824219,107.25250244140625,105.87249755859375,106.0374984741211,1832400
2022-11-01,103.21326446533203,107.06749725341797,107.47750091552734,106.03500366210938,107.2249984741211,1466000
2022-11-02,100.21040344238281,103.95249938964844,108.37249755859375,103.92250061035156,106.84750366210938,1627200
2022-11-03,99.03672790527344,102.73500061035156,104.72000122070312,102.54750061035156,102.93000030517578,1742800
2022-11-04,98.96442413330078,102.66000366210938,103.9749984741211,101.40750122070312,103.75,2230000
2022-11-07,101.18643951416016,104.96499633789062,105.01249694824219,102.80249786376953,103.93499755859375,2813200
2022-11-08,103.87601470947266,107.75499725341797,108.87750244140625,105.3125,105.7750015258789,1677200
2022-11-09,101.22740936279297,105.00749969482422,107.67500305175781,104.94000244140625,106.74749755859375,1594400
2022-11-10,107.12712097167969,111.12750244140625,111.4574966430664,108.88749694824219,109.84249877929688,2388400
2022-11-11,106.97044372558594,110.96499633789062,112.62750244140625,110.11000061035156,111.0250015258789,1824000
2022-11-14,107.2531509399414,110.97000122070312,112.9175033569336,110.375,110.625,1834800
2022-11-15,107.47787475585938,111.20249938964844,113.1050033569336,110.53500366210938,112.9749984741211,1350000
2022-11-16,107.6953353881836,111.42749786376953,112.52749633789062,111.04000091552734,111.48249816894531,1105600
2022-11-17,107.1081771850586,110.81999969482422,111.34750366210938,109.53500366210938,110.25,1287200
2022-11-18,108.5796890258789,112.34249877929688,112.7874984741211,111.26000213623047,112.17500305175781,1060400
2022-11-21,108.64976501464844,112.41500091552734,113.61499786376953,112.11000061035156,112.85250091552734,960400
2022-11-22,110.01737213134766,113.83000183105469,114.36499786376953,112.50499725341797,112.51499938964844,1440800
2022-11-23,110.03670501708984,113.8499984741211,114.42500305175781,113.08999633789062,114.21499633789062,1074400
2022-11-25,110.24689483642578,114.06749725341797,114.7300033569336,113.7249984741211,114.43250274658203,453200
2022-11-28,109.78054809570312,113.58499908447266,114.59750366210938,113.00499725341797,114.37750244140625,1022000
2022-11-29,108.89863586425781,112.67250061035156,113.31999969482422,111.55999755859375,112.99500274658203,1095200
2022-11-30,111.5782699584961,115.44499969482422,115.93000030517578,111.89250183105469,112.67250061035156,3275200
2022-12-01,111.74017333984375,115.61250305175781,115.8125,114.23500061035156,115.8125,1483600
2022-12-02,111.7594985961914,115.63249969482422,115.9000015258789,113.69499969482422,114.25250244140625,1144000
2022-12-05,111.005615234375,114.85250091552734,114.94249725341797,113.68250274658203,114.55999755859375,1020800
2022-12-06,109.36498260498047,113.15499877929688,114.58999633789062,112.39250183105469,114.15499877929688,1181200
2022-12-07,109.52445220947266,113.31999969482422,114.01750183105469,112.68499755859375,113.18000030517578,1746000
2022-12-08,109.97386932373047,113.78500366210938,114.55249786376953,113.00499725341797,113.31999969482422,1458400
2022-12-09,109.56794738769531,113.36499786376953,114.25,113.02249908447266,113.64250183105469,947200
2022-12-12,110.5247802734375,114.3550033569336,114.6500015258789,113.09750366210938,113.79750061035156,1410000
2022-12-13,111.73292541503906,115.6050033569336,117.55750274658203,114.47250366210938,116.87249755859375,2089200
2022-12-14,110.97421264648438,114.81999969482422,116.92500305175781,113.73750305175781,115.68499755859375,1145200
2022-12-15,107.40540313720703,111.12750244140625,114.51499938964844,110.69750213623047,113.37249755859375,2366400
2022-12-16,107.5914306640625,111.31999969482422,111.69000244140625,109.88500213623047,109.88500213623047,3419600
2022-12-19,107.16375732421875,110.87750244140625,112.0625,110.30249786376953,111.0875015258789,1343600
2022-12-20,107.26763916015625,110.98500061035156,111.52249908447266,110.19499969482422,110.63999938964844,1742800
2022-12-21,112.20891571044922,116.09750366210938,116.16500091552734,111.91500091552734,113.33999633789062,2119600
2022-12-22,109.33597564697266,113.125,115.17749786376953,111.61750030517578,115.09500122070312,1756800
2022-12-23,110.48129272460938,114.30999755859375,114.37249755859375,112.00250244140625,112.75749969482422,820400
2022-12-27,110.91378784179688,114.75749969482422,115.50749969482422,113.98500061035156,114.7750015258789,1270400
2022-12-28,108.98321533203125,112.76000213623047,116.15750122070312,112.73999786376953,115.20999908447266,1062800
2022-12-29,110.41122436523438,114.23750305175781,114.83499908447266,113.375,113.5625,1010000
2022-12-30,109.12335205078125,112.90499877929688,113.85749816894531,111.47000122070312,113.36750030517578,1249600
2023-01-03,108.48786163330078,112.24749755859375,113.72750091552734,111.49749755859375,113.48249816894531,1226400
2023-01-04,107.2410888671875,110.9574966430664,113.57250213623047,110.19499969482422,113.24250030517578,1392800
2023-01-05,104.75232696533203,108.38249969482422,110.14250183105469,107.87249755859375,109.68000030517578,1853200
2023-01-06,106.78441619873047,110.48500061035156,111.375,108.64749908447266,108.74749755859375,1720000
2023-01-09,106.6321792602539,110.32749938964844,112.00250244140625,109.76000213623047,110.61499786376953,1529200
2023-01-10,107.51652526855469,111.24250030517578,111.26499938964844,109.57749938964844,109.91500091552734,1128000
2023-01-11,109.6887435913086,113.48999786376953,113.54499816894531,111.53500366210938,111.9000015258789,1768000
2023-01-12,107.82099914550781,111.55750274658203,113.26249694824219,110.37750244140625,112.93499755859375,1647200
2023-01-13,108.4709701538086,112.2300033569336,112.31749725341797,110.85749816894531,111.4749984741211,1840400
2023-01-17,107.4947738647461,111.22000122070312,113.37249755859375,111.0824966430664,111.94499969482422,1567600
2023-01-18,105.88313293457031,109.55249786376953,112.77749633789062,109.4574966430664,112.05750274658203,1751600
2023-01-19,103.31706237792969,106.89749908447266,109.80750274658203,106.82749938964844,109.17500305175781,1399600
2023-01-20,105.4820327758789,109.13749694824219,109.43000030517578,105.76499938964844,106.2750015258789,1577600
2023-01-23,105.7768325805664,109.44249725341797,110.36750030517578,108.59500122070312,109.18499755859375,1262800
2023-01-24,106.3736343383789,110.05999755859375,110.15750122070312,107.9175033569336,109.6050033569336,1098400
2023-01-25,105.55936431884766,109.21749877929688,109.27749633789062,107.74250030517578,108.73750305175781,935200
2023-01-26,106.57902526855469,110.27249908447266,110.29000091552734,108.93250274658203,109.56999969482422,1026800
2023-01-27,105.65601348876953,109.31749725341797,110.2249984741211,108.9749984741211,109.69499969482422,898800
2023-01-30,105.35880279541016,109.01000213623047,110.30249786376953,108.69999694824219,109.22000122070312,1296000
2023-01-31,107.21932983398438,110.93499755859375,110.98999786376953,109.2074966430664,109.41000366210938,1752000
2023-02-01,107.85237884521484,111.58999633789062,112.25749969482422,108.7074966430664,110.81500244140625,1713600
2023-02-02,107.47787475585938,111.20249938964844,111.85749816894531,110.1050033569336,111.1050033569336,1655200
2023-02-03,106.90037536621094,110.6050033569336,111.05999755859375,108.51750183105469,110.4574966430664,1594000
2023-02-06,106.05227661132812,109.72750091552734,110.69000244140625,109.1624984741211,109.9175033569336,1201600
2023-02-07,107.05744171142578,110.76750183105469,111.15750122070312,107.89250183105469,109.62249755859375,1276800
2023-02-08,106.25040435791016,109.93250274658203,110.55249786376953,109.4000015258789,110.49500274658203,1253200
2023-02-09,105.85413360595703,109.52249908447266,111.25,109.12000274658203,110.50499725341797,1552400
2023-02-10,107.00669860839844,110.71499633789062,111.15249633789062,109.05000305175781,109.45249938964844,1284400
2023-02-13,108.24624633789062,111.99749755859375,112.12000274658203,110.76000213623047,110.92500305175781,1095600
2023-02-14,107.33296966552734,110.76750183105469,111.625,109.12249755859375,111.37999725341797,1396800
2023-02-15,107.71086883544922,111.15750122070312,111.38749694824219,109.5999984741211,110.30000305175781,822000
2023-02-16,106.9187240600586,110.33999633789062,111.29750061035156,109.50499725341797,109.76499938964844,1217600
2023-02-17,107.58248138427734,111.0250015258789,111.35749816894531,110.05750274658203,110.52249908447266,1373200
2023-02-21,105.55001831054688,108.92749786376953,110.62249755859375,108.44499969482422,110.49749755859375,1550400
2023-02-22,106.00059509277344,109.39250183105469,110.2074966430664,109.00749969482422,109.13249969482422,1125200
2023-02-23,105.90129089355469,109.29000091552734,109.96749877929688,108.28250122070312,109.80249786376953,847600
2023-02-24,105.3852767944336,108.75749969482422,109.05999755859375,107.3375015258789,107.9574966430664,1021600
2023-02-27,105.7486572265625,109.13249969482422,110.04750061035156,108.6675033569336,109.72250366210938,1086000
2023-02-28,106.21862030029297,109.61750030517578,110.20999908447266,108.61000061035156,108.77249908447266,1940400
2023-03-01,103.95843505859375,107.28500366210938,109.55249786376953,106.8125,108.98500061035156,1271600
2023-03-02,105.44585418701172,108.81999969482422,109.4800033569336,106.71499633789062,107.07499694824219,1063200
2023-03-03,107.03743743896484,110.4625015258789,110.98750305175781,108.8125,109.2074966430664,1387600
2023-03-06,107.70120239257812,111.14749908447266,111.4574966430664,110.2300033569336,110.29750061035156,1000000
2023-03-07,105.63239288330078,109.01249694824219,111.49749755859375,108.56749725341797,111.34500122070312,1090800
2023-03-08,106.39546966552734,109.80000305175781,110.09750366210938,108.75,109.32749938964844,829600
2023-03-09,105.201171875,108.56749725341797,110.88999938964844,108.47250366210938,110.45500183105469,1192000
2023-03-10,103.75494384765625,107.07499694824219,109.19499969482422,106.7249984741211,108.375,1242400
2023-03-13,104.37511444091797,107.71499633789062,109.0,106.25,106.42250061035156,1358800
2023-03-14,107.01319122314453,110.4375,110.75250244140625,108.02749633789062,108.3324966430664,1530800
2023-03-15,104.73363494873047,108.08499908447266,109.87249755859375,106.70249938964844,109.44000244140625,1647600
2023-03-16,105.5257797241211,108.90249633789062,109.5,106.95999908447266,107.65249633789062,1381200
2023-03-17,104.82811737060547,108.18250274658203,109.92250061035156,107.28250122070312,108.90249633789062,2310000
2023-03-20,107.02289581298828,110.44750213623047,110.55750274658203,108.62249755859375,108.69000244140625,1294000
2023-03-21,107.34507751464844,110.77999877929688,111.42250061035156,109.67250061035156,111.12000274658203,1198000
2023-03-22,105.62995147705078,109.01000213623047,111.2750015258789,108.875,110.52749633789062,1766000
2023-03-23,104.92986297607422,108.2874984741211,109.74749755859375,107.24749755859375,108.50749969482422,1370000
2023-03-24,105.70504760742188,109.0875015258789,109.43000030517578,107.16999816894531,108.18250274658203,1128400
2023-03-27,106.75399780273438,110.16999816894531,110.43250274658203,109.27749633789062,109.40750122070312,1065200
2023-03-28,107.46862030029297,110.90750122070312,111.49250030517578,109.13500213623047,109.13999938964844,1914000
2023-03-29,112.68179321289062,116.2874984741211,116.9625015258789,114.18499755859375,114.38749694824219,3032000
2023-03-30,113.28501892089844,116.91000366210938,117.25499725341797,115.60749816894531,116.79000091552734,1788400
2023-03-31,112.08345031738281,115.66999816894531,116.46749877929688,115.09750366210938,115.84249877929688,2310400
2023-04-03,111.64257049560547,115.21499633789062,115.38249969482422,113.98249816894531,114.92749786376953,1444000
2023-04-04,110.2011947631836,113.72750091552734,115.49749755859375,113.1449966430664,115.07499694824219,1270000
2023-04-05,109.43323516845703,112.93499755859375,114.36499786376953,112.61250305175781,113.24749755859375,1326800
2023-04-06,109.43083953857422,112.93250274658203,113.23999786376953,112.39250183105469,112.875,955600
2023-04-10,109.01416778564453,112.50250244140625,112.54000091552734,111.77249908447266,112.34500122070312,1156000
2023-04-11,109.07472229003906,112.56500244140625,113.75749969482422,112.3499984741211,113.26000213623047,1338400
2023-04-12,109.9662094116211,113.48500061035156,114.24749755859375,112.91500091552734,113.05999755859375,1077600
2023-04-13,111.38095092773438,114.94499969482422,115.10250091552734,113.1675033569336,113.81749725341797,1518400
2023-04-14,111.09750366210938,114.65249633789062,115.2750015258789,113.90249633789062,114.52249908447266,1211200
2023-04-17,111.91387939453125,115.49500274658203,115.6624984741211,114.37750244140625,115.36250305175781,1257200
2023-04-18,111.4051513671875,114.97000122070312,116.87750244140625,114.69499969482422,116.42749786376953,1489600
2023-04-19,110.06067657470703,113.5824966430664,114.94499969482422,113.52999877929688,114.54750061035156,1115200
2023-04-20,111.16533660888672,114.72250366210938,115.1875,112.875,112.90750122070312,1160000
2023-04-21,111.4027328491211,114.96749877929688,115.27749633789062,114.37999725341797,114.55000305175781,938400
2023-04-24,110.94004821777344,114.48999786376953,115.4000015258789,114.22250366210938,115.15499877929688,1456800
2023-04-25,108.28984069824219,111.75499725341797,113.81749725341797,111.53250122070312,113.81749725341797,1542000
2023-04-26,106.49962615966797,109.90750122070312,110.85749816894531,109.64749908447266,110.62999725341797,1525600
2023-04-27,109.21039581298828,112.70500183105469,113.0,110.00250244140625,110.71499633789062,1340000
2023-04-28,110.40951538085938,113.94249725341797,114.57250213623047,112.93499755859375,112.93499755859375,1142800
2023-05-01,111.99624633789062,115.58000183105469,115.6624984741211,113.67500305175781,113.67500305175781,1251600
2023-05-02,111.16291046142578,114.72000122070312,115.66000366210938,113.67500305175781,115.5250015258789,1410400
2023-05-03,110.95216369628906,114.50250244140625,115.9625015258789,114.41000366210938,115.12750244140625,1086800
2023-05-04,110.9327621459961,114.48249816894531,115.8550033569336,114.1449966430664,114.8375015258789,1229200
2023-05-05,112.97734069824219,116.59249877929688,116.96499633789062,114.74749755859375,115.13999938964844,1229200
2023-05-08,111.49237823486328,115.05999755859375,116.65499877929688,114.9000015258789,116.3125,1302800
2023-05-09,111.80728912353516,115.38500213623047,115.90499877929688,114.14250183105469,114.70999908447266,1594000
2023-05-10,114.59072875976562,118.25749969482422,118.34249877929688,115.71749877929688,116.2125015258789,1554400
2023-05-11,114.88142395019531,118.55750274658203,118.8125,117.57250213623047,118.42749786376953,1604000
2023-05-12,115.19225311279297,118.58999633789062,119.59750366210938,117.97750091552734,118.78500366210938,1020800
2023-05-15,113.90522003173828,117.26499938964844,118.58499908447266,116.92500305175781,118.58499908447266,912400
2023-05-16,113.15242004394531,116.48999786376953,117.4124984741211,115.0,116.86499786376953,1145200
2023-05-17,113.0018539428711,116.33499908447266,117.4375,115.72250366210938,117.11750030517578,1048000
2023-05-18,114.667724609375,118.05000305175781,118.1675033569336,115.58000183105469,116.0374984741211,1346800
2023-05-19,114.25005340576172,117.62000274658203,119.20500183105469,117.19499969482422,118.57250213623047,1108800
2023-05-22,114.5268783569336,117.90499877929688,119.06749725341797,117.38999938964844,118.2750015258789,1147600
2023-05-23,111.845947265625,115.1449966430664,117.56500244140625,115.06999969482422,117.56500244140625,1048000
2023-05-24,112.2612075805664,115.57250213623047,116.17749786376953,114.5,114.77999877929688,1073600
2023-05-25,112.72502899169922,116.05000305175781,116.36000061035156,114.58000183105469,115.23750305175781,1347600
2023-05-26,113.82263946533203,117.18000030517578,117.6624984741211,115.56999969482422,116.0,1054400
2023-05-30,114.51957702636719,117.89749908447266,118.5425033569336,116.82749938964844,117.5824966430664,946800
2023-05-31,114.65314483642578,118.03500366210938,118.38249969482422,116.39749908447266,117.79499816894531,3282000
2023-06-01,115.59052276611328,119.0,119.4175033569336,117.38749694824219,118.37750244140625,1702800
2023-06-02,116.940673828125,120.38999938964844,120.51499938964844,118.5625,119.2074966430664,1812800
2023-06-05,117.59390258789062,121.0625,121.40750122070312,120.29000091552734,120.69000244140625,1032000
2023-06-06,117.67889404296875,121.1500015258789,121.57499694824219,120.13749694824219,120.95500183105469,1339200
2023-06-07,115.847900390625,119.26499938964844,121.52999877929688,118.92500305175781,121.21749877929688,1742400
2023-06-08,117.32679748535156,120.7874984741211,120.93499755859375,118.75,118.86750030517578,1102800
2023-06-09,116.66627502441406,120.10749816894531,120.67500305175781,119.38500213623047,120.28500366210938,1254000
2023-06-12,117.66190338134766,121.13249969482422,121.37000274658203,119.88999938964844,120.10749816894531,1264800
2023-06-13,117.35594177246094,120.81749725341797,121.42749786376953,120.38249969482422,121.39749908447266,1244800
2023-06-14,118.0407485961914,121.52249908447266,121.8499984741211,120.66999816894531,120.95500183105469,1081200
2023-06-15,119.56816864013672,123.09500122070312,123.57250213623047,121.23999786376953,121.5,1160400
2023-06-16,119.32047271728516,122.83999633789062,124.42500305175781,122.38500213623047,124.42500305175781,2504000
2023-06-20,117.64005279541016,121.11000061035156,122.27749633789062,120.82499694824219,122.05999755859375,1592400
2023-06-21,118.14029693603516,121.625,122.54000091552734,120.23249816894531,120.72000122070312,1884800
2023-06-22,118.3272705078125,121.81749725341797,122.00250244140625,121.1500015258789,121.77999877929688,964400
2023-06-23,117.19078826904297,120.64749908447266,121.2925033569336,119.56999969482422,120.62249755859375,2160800
2023-06-26,117.86589813232422,121.34249877929688,122.08499908447266,120.17500305175781,120.40249633789062,1117600
2023-06-27,119.27920532226562,122.79750061035156,122.91999816894531,121.5875015258789,121.5875015258789,1150800
2023-06-28,118.82994079589844,122.33499908447266,122.73249816894531,121.84249877929688,122.7249984741211,1220000
2023-06-29,118.99751281738281,122.50749969482422,122.51249694824219,121.63500213623047,122.2925033569336,1088800
2023-06-30,120.70951843261719,124.2699966430664,124.49250030517578,123.48999786376953,123.49749755859375,1837200
2023-07-03,118.36613464355469,121.85749816894531,123.38500213623047,119.99749755859375,122.73999786376953,1081600
2023-07-05,118.20344543457031,121.69000244140625,122.01000213623047,120.17250061035156,121.41500091552734,1654400
2023-07-06,118.20828247070312,121.69499969482422,121.86000061035156,120.10250091552734,120.7125015258789,1534800
2023-07-07,116.62012481689453,120.05999755859375,121.51000213623047,119.97000122070312,121.4625015258789,1800400
2023-07-10,118.86637878417969,122.37249755859375,123.45249938964844,120.25499725341797,120.5999984741211,2856000
2023-07-11,119.65803527832031,123.1875,123.61499786376953,122.45999908447266,122.45999908447266,2042000
2023-07-12,119.73088836669922,123.26249694824219,124.13500213623047,122.83999633789062,123.86250305175781,1801600
2023-07-13,120.07814025878906,123.62000274658203,124.68499755859375,121.3550033569336,122.4000015258789,2868400
2023-07-14,120.53466033935547,124.08999633789062,124.58499908447266,123.07499694824219,123.55000305175781,1881200
2023-07-17,122.30980682373047,125.9175033569336,126.25,123.2249984741211,124.1875,1734400
2023-07-18,122.32438659667969,125.93250274658203,126.55000305175781,125.31749725341797,125.87249755859375,1802400
2023-07-19,122.40451049804688,126.01499938964844,126.09500122070312,124.39250183105469,125.39749908447266,2288000
2023-07-20,123.13786315917969,126.7699966430664,127.45249938964844,125.82250213623047,126.5,1921200
2023-07-21,123.22045135498047,126.8550033569336,128.5749969482422,126.7699966430664,127.74500274658203,7308800
2023-07-24,123.98538970947266,127.64250183105469,127.8499984741211,126.0875015258789,126.22000122070312,1869200
2023-07-25,125.41326904296875,129.1125030517578,129.31500244140625,127.01000213623047,127.46499633789062,2386000
2023-07-26,125.43029022216797,129.1300048828125,129.67750549316406,128.2624969482422,128.75250244140625,1249600
2023-07-27,122.52350616455078,126.13749694824219,129.48500061035156,126.04750061035156,129.06500244140625,2134000
2023-07-28,122.05970001220703,125.66000366210938,127.375,125.22750091552734,127.375,1769200
2023-07-31,121.91399383544922,125.51000213623047,126.03250122070312,125.05249786376953,125.98249816894531,1769200
2023-08-01,122.32923126220703,125.9375,126.44750213623047,125.0,125.66000366210938,1486800
2023-08-02,121.3117446899414,124.88999938964844,125.50499725341797,124.34500122070312,124.49250030517578,1539200
2023-08-03,120.66825103759766,124.22750091552734,125.05000305175781,123.9625015258789,124.44249725341797,1098400
2023-08-04,119.0120849609375,122.52249908447266,124.65750122070312,122.39749908447266,124.65750122070312,1239200
2023-08-07,120.05628967285156,123.59750366210938,124.25,122.88999938964844,123.25250244140625,1158400
2023-08-08,119.16263580322266,122.67749786376953,123.625,121.67500305175781,123.19999694824219,1269600
2023-08-09,119.51717376708984,123.0425033569336,123.69999694824219,122.6624984741211,122.6624984741211,1151600
2023-08-10,119.02909851074219,122.54000091552734,124.30000305175781,122.2874984741211,123.20999908447266,914400
2023-08-11,118.9926528930664,122.50250244140625,122.9625015258789,122.1050033569336,122.5,1090000
2023-08-14,120.1590576171875,123.36250305175781,123.51249694824219,122.00250244140625,122.29499816894531,1122800
2023-08-15,118.9926528930664,122.16500091552734,122.97000122070312,121.99749755859375,122.57749938964844,979200
2023-08-16,119.38468933105469,122.56749725341797,124.26750183105469,122.30249786376953,122.45500183105469,1392800
2023-08-17,117.83842468261719,120.9800033569336,123.0875015258789,120.88500213623047,122.42749786376953,1482000
2023-08-18,118.20854949951172,121.36000061035156,121.84500122070312,120.37249755859375,120.87750244140625,2612000
2023-08-21,118.34978485107422,121.50499725341797,121.9800033569336,120.61499786376953,121.39749908447266,994800
2023-08-22,118.24995422363281,121.40249633789062,121.79750061035156,121.03500366210938,121.35250091552734,805600
2023-08-23,119.61604309082031,122.80500030517578,122.9375,121.55750274658203,122.1500015258789,1091600
2023-08-24,118.80757904052734,121.9749984741211,123.99250030517578,121.86250305175781,122.9800033569336,1008400
2023-08-25,120.7824478149414,124.00250244140625,124.29499816894531,122.25,122.4000015258789,1149200
2023-08-28,121.5324478149414,124.77249908447266,125.11250305175781,123.92500305175781,124.16000366210938,1257200
2023-08-29,122.32383728027344,125.58499908447266,125.74749755859375,124.32749938964844,124.5,1054400
2023-08-30,123.212646484375,126.49749755859375,126.81500244140625,125.77249908447266,125.77249908447266,1532400
2023-08-31,122.76947021484375,126.0425033569336,126.94249725341797,126.00499725341797,126.13249969482422,1406400
2023-09-01,123.0348892211914,126.31500244140625,127.13500213623047,125.80500030517578,127.13500213623047,694000
2023-09-05,120.96018981933594,124.18499755859375,126.1500015258789,124.13749694824219,125.83499908447266,953600
2023-09-06,120.7142562866211,123.93250274658203,124.77749633789062,123.55500030517578,123.87999725341797,894400
2023-09-07,121.14527130126953,124.375,124.8550033569336,123.44999694824219,123.9800033569336,1376800
2023-09-08,120.56814575195312,123.78250122070312,124.93499755859375,123.56500244140625,124.7074966430664,982000
2023-09-11,121.23050689697266,124.4625015258789,124.55500030517578,123.67250061035156,123.69999694824219,1423200
2023-09-12,124.625,127.94750213623047,128.03500366210938,125.0,125.79000091552734,1827200
2023-09-13,125.35553741455078,128.69749450683594,128.78750610351562,126.9375,127.875,1375600
2023-09-14,127.447265625,130.84500122070312,131.13999938964844,129.46749877929688,129.51499938964844,1841600
2023-09-15,125.42613983154297,128.77000427246094,131.19000244140625,128.66749572753906,131.08749389648438,3367200
2023-09-18,125.34089660644531,128.6824951171875,129.36749267578125,128.4149932861328,128.61000061035156,1055600
2023-09-19,125.46509552001953,128.80999755859375,129.04249572753906,127.88500213623047,128.53500366210938,1089600
2023-09-20,125.29222106933594,128.63250732421875,130.57249450683594,128.56500244140625,129.3800048828125,895600
2023-09-21,122.83277893066406,126.10749816894531,128.24249267578125,126.0875015258789,128.22500610351562,1465200
2023-09-22,122.91070556640625,126.1875,127.49749755859375,126.05000305175781,126.23249816894531,1565600
2023-09-25,123.09819030761719,126.37999725341797,126.44000244140625,125.5,125.72250366210938,1270000
2023-09-26,116.60871124267578,119.71749877929688,125.9800033569336,119.63749694824219,124.9625015258789,3437200
2023-09-27,117.14685821533203,120.2699966430664,121.19000244140625,118.68499755859375,120.4800033569336,2874000
2023-09-28,117.83112335205078,120.97250366210938,122.24250030517578,120.0425033569336,120.29750061035156,2260000
2023-09-29,117.12980651855469,120.25250244140625,122.12999725341797,120.08000183105469,121.3499984741211,1999200
2023-10-02,118.06975555419922,121.21749877929688,121.42500305175781,119.69000244140625,120.19999694824219,1997200
2023-10-03,117.09571838378906,120.21749877929688,121.59750366210938,119.7249984741211,120.47000122070312,1946400
2023-10-04,117.84329986572266,120.98500061035156,121.66999816894531,119.98249816894531,120.56999969482422,1386000
2023-10-05,117.33436584472656,120.4625015258789,121.11750030517578,119.8550033569336,121.0,1206800
2023-10-06,120.11279296875,123.31500244140625,123.84249877929688,119.99749755859375,120.00749969482422,2452400
2023-10-09,122.29463195800781,125.55500030517578,125.61499786376953,122.5999984741211,122.875,1536000
2023-10-10,123.37092590332031,126.66000366210938,127.4124984741211,124.74749755859375,125.65499877929688,1993200
2023-10-11,124.80033874511719,128.12750244140625,128.3699951171875,126.78250122070312,126.78250122070312,1414800
2023-10-12,125.40421295166016,128.74749755859375,131.34249877929688,127.81500244140625,129.7949981689453,2039200
2023-10-13,124.82954406738281,128.15750122070312,129.69749450683594,127.74250030517578,129.39999389648438,1048800
2023-10-16,125.81573486328125,129.1699981689453,130.23500061035156,128.7375030517578,129.45750427246094,1135200
2023-10-17,125.22889709472656,128.5675048828125,129.1699981689453,127.80000305175781,129.1699981689453,1308400
2023-10-18,123.74836730957031,127.04750061035156,128.61749267578125,126.89250183105469,128.55250549316406,1002400
2023-10-19,122.44070434570312,125.70500183105469,127.5374984741211,125.19499969482422,127.19999694824219,1248800
2023-10-20,121.31328582763672,124.54750061035156,125.95999908447266,124.2874984741211,125.78500366210938,1626400
2023-10-23,121.62741088867188,124.87000274658203,125.9124984741211,124.72000122070312,124.72000122070312,1092800
2023-10-24,123.1712417602539,126.45500183105469,126.63749694824219,124.82499694824219,125.28500366210938,1540800
2023-10-25,122.12173461914062,125.37750244140625,127.0425033569336,125.18000030517578,125.9574966430664,1548400
2023-10-26,121.41799926757812,124.65499877929688,126.59249877929688,124.625,125.25749969482422,1646000
2023-10-27,120.87983703613281,124.10250091552734,124.97750091552734,123.64749908447266,124.8550033569336,1858400
2023-10-30,122.43828582763672,125.70249938964844,126.25749969482422,124.07250213623047,125.0,1210800
2023-10-31,123.48780822753906,126.77999877929688,127.20999908447266,125.62249755859375,125.74250030517578,1398000
2023-11-01,123.94560241699219,127.25,127.9749984741211,126.16500091552734,127.18000030517578,1309200
2023-11-02,124.45453643798828,127.77249908447266,128.5574951171875,126.73999786376953,127.37750244140625,1912000
2023-11-03,126.24675750732422,129.6125030517578,130.24249267578125,128.38499450683594,128.5,1174800
2023-11-06,126.3100814819336,129.67750549316406,130.2324981689453,128.92250061035156,130.1475067138672,1110000
2023-11-07,128.14854431152344,131.56500244140625,132.05499267578125,129.15249633789062,129.9600067138672,2436000
2023-11-08,128.37989807128906,131.80250549316406,132.24000549316406,131.0124969482422,131.88999938964844,1155200
2023-11-09,128.16558837890625,131.58250427246094,132.6699981689453,131.24000549316406,132.15750122070312,966800
2023-11-10,129.90667724609375,133.3699951171875,133.5175018310547,131.36500549316406,132.44000244140625,1244000
2023-11-13,130.58607482910156,134.0675048828125,134.39999389648438,132.64999389648438,133.22500610351562,952400
2023-11-14,133.4227752685547,136.63499450683594,137.06500244140625,135.06500244140625,135.95750427246094,1563600
2023-11-15,133.5936737060547,136.80999755859375,137.89500427246094,136.58749389648438,137.22999572753906,2107200
2023-11-16,135.1072235107422,138.36000061035156,139.27000427246094,136.6824951171875,137.3699951171875,1970800
2023-11-17,133.77188110351562,136.99249267578125,139.21749877929688,136.8574981689453,138.9949951171875,1377200
2023-11-20,134.47250366210938,137.7100067138672,138.2375030517578,136.50250244140625,137.0050048828125,1174800
2023-11-21,135.05838012695312,138.30999755859375,138.76499938964844,137.66749572753906,137.8874969482422,1052800
2023-11-22,135.44412231445312,138.7050018310547,139.75250244140625,138.4425048828125,139.0,825600
2023-11-24,135.46363830566406,138.72500610351562,139.01499938964844,136.8800048828125,137.74000549316406,456400
2023-11-27,135.429443359375,138.69000244140625,139.6125030517578,138.6024932861328,138.8699951171875,863600
2023-11-28,135.32936096191406,138.58749389648438,139.98500061035156,138.1824951171875,138.72500610351562,1108800
2023-11-29,134.04286193847656,137.27000427246094,139.0175018310547,137.0399932861328,139.0175018310547,1202000
2023-11-30,135.0608367919922,138.3125,138.47250366210938,136.88499450683594,137.6374969482422,1700000
2023-12-01,136.2814483642578,139.5625,139.76499938964844,138.27749633789062,138.3125,1115600
2023-12-04,135.50025939941406,138.7624969482422,139.44749450683594,137.91000366210938,138.26499938964844,1214400
2023-12-05,134.53111267089844,137.77000427246094,138.4875030517578,136.9499969482422,137.8800048828125,1140800
2023-12-06,134.49447631835938,137.7324981689453,139.2050018310547,137.05999755859375,138.7375030517578,1070400
2023-12-07,135.1829071044922,138.4375,138.87750244140625,136.8699951171875,138.2324981689453,2513600
2023-12-08,135.08038330078125,138.33250427246094,138.5225067138672,137.14999389648438,137.36500549316406,1315200
2023-12-11,136.61102294921875,139.89999389648438,140.83250427246094,138.7100067138672,139.11500549316406,1636400
2023-12-12,137.81210327148438,141.1300048828125,141.15249633789062,139.17750549316406,140.50250244140625,1345200
2023-12-13,140.3460693359375,143.72500610351562,144.14500427246094,141.13999938964844,141.88999938964844,1554400
2023-12-14,137.54354858398438,140.85499572753906,144.11749267578125,140.52000427246094,144.11749267578125,2452800
2023-12-15,136.39376831054688,139.67750549316406,141.72000122070312,139.39999389648438,140.5625,4520800
2023-12-18,136.86978149414062,140.1649932861328,141.49749755859375,140.09249877929688,141.49749755859375,1489200
2023-12-19,136.77943420410156,140.07249450683594,141.00250244140625,139.8524932861328,140.34249877929688,1445200
2023-12-20,135.1609344482422,138.4149932861328,140.77499389648438,138.3874969482422,139.84750366210938,2088000
2023-12-21,144.02015686035156,147.4875030517578,147.81500244140625,142.17750549316406,144.25,2682400
2023-12-22,145.3115692138672,148.80999755859375,149.43499755859375,147.625,148.0399932861328,1873200
2023-12-26,147.0668182373047,150.6074981689453,150.9499969482422,148.95249938964844,149.2375030517578,1288000
2023-12-27,147.98956298828125,151.55250549316406,151.94749450683594,150.47500610351562,150.47500610351562,1065600
2023-12-28,146.73968505859375,150.2725067138672,151.79750061035156,150.25750732421875,151.00999450683594,1175200
2023-12-29,147.12294006347656,150.6649932861328,151.11749267578125,149.91250610351562,150.05999755859375,1136400
2024-01-02,144.4986114501953,147.9774932861328,150.8925018310547,147.01499938964844,150.22000122070312,1556000
2024-01-03,141.6595001220703,145.07000732421875,148.29750061035156,144.88999938964844,147.9149932861328,1530800
2024-01-04,142.17214965820312,145.59500122070312,146.85000610351562,144.875,144.875,1291600
2024-01-05,140.92221069335938,144.31500244140625,146.11749267578125,143.6374969482422,145.59500122070312,1160800
2024-01-08,142.59933471679688,146.03250122070312,146.17999267578125,143.9824981689453,144.50750732421875,1703200
2024-01-09,142.692138671875,146.12750244140625,146.16250610351562,144.13499450683594,144.63999938964844,855600
2024-01-10,143.30487060546875,146.7550048828125,146.86749267578125,145.41250610351562,146.0175018310547,938000
2024-01-11,143.6051483154297,147.0625,147.2274932861328,145.90750122070312,147.0399932861328,1117200
2024-01-12,144.76470947265625,148.25,148.33749389648438,146.9425048828125,147.77000427246094,914400
2024-01-16,143.68324279785156,147.1425018310547,148.3249969482422,146.51499938964844,147.7949981689453,1218000
2024-01-17,143.76138305664062,147.22250366210938,147.42750549316406,146.29249572753906,146.4774932861328,1122400
2024-01-18,144.6719512939453,148.15499877929688,148.47000122070312,146.63499450683594,147.22250366210938,1082400
2024-01-19,146.2416534423828,149.7624969482422,150.14500427246094,147.89999389648438,148.56500244140625,1259600
2024-01-22,146.8470916748047,150.38250732421875,150.99749755859375,150.0500030517578,150.81500244140625,967200
2024-01-23,147.36949157714844,150.91749572753906,151.78250122070312,149.88250732421875,151.1425018310547,864000
2024-01-24,145.97311401367188,149.4875030517578,151.58999633789062,149.28500366210938,151.25750732421875,1372400
2024-01-25,146.10983276367188,149.62750244140625,150.42999267578125,148.7550048828125,149.71499633789062,1079600
2024-01-26,145.93896484375,149.45249938964844,150.3350067138672,148.75,150.3350067138672,685600
2024-01-29,146.96180725097656,150.5,151.15249633789062,148.87249755859375,148.87249755859375,1270400
2024-01-30,148.62429809570312,152.20249938964844,152.27000427246094,149.6999969482422,149.6999969482422,1209200
2024-01-31,147.5892333984375,151.1425018310547,152.92250061035156,150.4774932861328,152.25,2575600
2024-02-01,150.75547790527344,154.38499450683594,154.59750366210938,150.95750427246094,151.68499755859375,1486000
2024-02-02,151.18515014648438,154.8249969482422,155.65750122070312,152.99000549316406,154.07749938964844,1349200
2024-02-05,150.28677368164062,153.90499877929688,154.27000427246094,152.78500366210938,154.21499633789062,1422800
2024-02-06,150.84091186523438,154.47250366210938,154.97999572753906,153.61749267578125,154.50250244140625,1342400
2024-02-07,151.75152587890625,155.40499877929688,156.5449981689453,155.1475067138672,155.52499389648438,1089600
2024-02-08,150.66273498535156,154.2899932861328,155.49249267578125,153.99000549316406,155.125,1715600
2024-02-09,150.9215087890625,154.55499267578125,155.08749389648438,153.5175018310547,154.7324981689453,1123600
2024-02-12,149.81561279296875,153.42250061035156,154.30499267578125,152.97999572753906,154.25,1157200
2024-02-13,147.92855834960938,151.49000549316406,152.96249389648438,150.6999969482422,152.75,1777200
2024-02-14,149.9005584716797,153.16749572753906,153.29750061035156,150.9425048828125,151.61749267578125,1427200
2024-02-15,151.9435272216797,155.2550048828125,155.4824981689453,153.36749267578125,154.0225067138672,1213200
2024-02-16,150.387451171875,153.6649932861328,155.44500732421875,153.18499755859375,155.22250366210938,1358800
2024-02-20,150.38253784179688,153.66000366210938,154.7949981689453,152.7675018310547,153.6699981689453,1694000
2024-02-21,151.36610412597656,154.6649932861328,154.78250122070312,153.44500732421875,154.3074951171875,1236000
2024-02-22,153.4311065673828,156.77499389648438,157.15249633789062,155.6824951171875,155.6824951171875,1359200
2024-02-23,154.8991241455078,158.27499389648438,158.5749969482422,156.9875030517578,156.9875030517578,712000
2024-02-26,155.1046600341797,158.48500061035156,159.09249877929688,157.82000732421875,158.04750061035156,1778000
2024-02-27,153.68800354003906,157.03750610351562,157.8925018310547,156.6300048828125,157.8925018310547,1094800
2024-02-28,154.31680297851562,157.67999267578125,158.09249877929688,156.9375,157.37249755859375,846000
2024-02-29,153.8005828857422,157.15249633789062,158.25,156.8074951171875,158.25,1613200
2024-03-01,153.73939514160156,157.08999633789062,157.65750122070312,154.9824981689453,155.0449981689453,1186400
2024-03-04,153.95468139648438,157.30999755859375,157.9600067138672,156.8625030517578,157.36500549316406,892800
2024-03-05,153.0127410888672,156.34750366210938,157.1699981689453,155.29249572753906,156.77999877929688,1320800
2024-03-06,153.11306762695312,156.4499969482422,157.6649932861328,156.0050048828125,156.77999877929688,1308800
2024-03-07,153.7443084716797,157.09500122070312,158.00750732421875,156.80499267578125,157.5625,1022400
2024-03-08,153.00784301757812,156.34249877929688,157.5,155.92999267578125,156.90750122070312,1213200
2024-03-11,152.7827606201172,156.1125030517578,156.9375,154.15499877929688,156.85499572753906,812800
2024-03-12,153.333251953125,156.6750030517578,156.99000549316406,155.22000122070312,155.60000610351562,1039600
2024-03-13,152.4964599609375,155.82000732421875,156.57000732421875,154.8249969482422,156.57000732421875,1886000
2024-03-14,154.0672607421875,157.4250030517578,157.8350067138672,155.5124969482422,156.55250549316406,1298000
2024-03-15,153.49961853027344,156.84500122070312,157.5500030517578,155.84750366210938,157.15249633789062,2752800
2024-03-18,152.9075469970703,156.24000549316406,158.32249450683594,156.1125030517578,157.79750061035156,1423600
2024-03-19,153.57058715820312,156.91749572753906,157.05499267578125,155.88999938964844,156.5175018310547,1426400
2024-03-20,155.3615264892578,158.74749755859375,159.11749267578125,156.8249969482422,156.8249969482422,1088000
2024-03-21,157.1157989501953,160.5399932861328,161.24000549316406,159.11000061035156,159.58749389648438,1207600
2024-03-22,156.43807983398438,159.84750366210938,161.1199951171875,159.1875,161.1199951171875,1201600
2024-03-25,155.52545166015625,158.9149932861328,161.11500549316406,158.8175048828125,159.9375,1247600
2024-03-26,154.97251892089844,158.35000610351562,159.78500366210938,158.09750366210938,158.92999267578125,1331200
2024-03-27,167.75396728515625,171.41000366210938,176.2100067138672,164.62750244140625,164.62750244140625,4428400
2024-03-28,168.09405517578125,171.75750732421875,172.32249450683594,170.10499572753906,172.07000732421875,2289600
2024-04-01,166.50613403320312,170.13499450683594,171.6374969482422,168.9199981689453,171.41250610351562,1866400
2024-04-02,165.33175659179688,168.93499755859375,170.40499877929688,168.87750244140625,169.97999572753906,2093200
2024-04-03,166.0926513671875,169.71249389648438,170.20750427246094,168.41000366210938,169.50250244140625,1615600
2024-04-04,162.58413696289062,166.12750244140625,172.36749267578125,165.8249969482422,171.94000244140625,1552800
2024-04-05,164.8302001953125,168.42250061035156,168.74249267578125,166.5225067138672,167.0225067138672,1396000
2024-04-08,165.74278259277344,169.35499572753906,169.82249450683594,167.5,168.42250061035156,1446000
2024-04-09,165.81619262695312,169.42999267578125,170.53500366210938,168.03250122070312,169.39500427246094,1076400
2024-04-10,164.16221618652344,167.74000549316406,168.47250366210938,166.75,167.0749969482422,1128800
2024-04-11,164.203857421875,167.78250122070312,168.80999755859375,166.7675018310547,167.9550018310547,1238000
2024-04-12,163.538330078125,167.1024932861328,167.6925048828125,166.42750549316406,166.42750549316406,1297200
2024-04-15,162.635498046875,166.17999267578125,169.69000244140625,165.50750732421875,169.6699981689453,1848000
2024-04-16,163.085693359375,166.63999938964844,167.49000549316406,166.12750244140625,167.2449951171875,1361200
2024-04-17,163.5628204345703,167.12750244140625,169.05999755859375,166.21749877929688,167.96499633789062,1183200
2024-04-18,162.07766723632812,165.61000061035156,167.9375,165.42750549316406,166.99000549316406,848800
2024-04-19,161.7963104248047,165.32249450683594,167.30499267578125,164.75,166.50250244140625,1560400
2024-04-22,162.70401000976562,166.25,167.42250061035156,165.85499572753906,166.66749572753906,1606400
2024-04-23,163.02943420410156,166.58250427246094,167.38250732421875,166.28750610351562,166.57249450683594,2171200
2024-04-24,162.4911651611328,166.03250122070312,166.72000122070312,165.19500732421875,165.92999267578125,3007600
2024-04-25,162.76519775390625,166.3125,166.9250030517578,164.625,166.21499633789062,1158800
2024-04-26,163.0049591064453,166.5574951171875,167.2550048828125,165.27999877929688,165.27999877929688,1096800
2024-04-29,162.9071044921875,166.45750427246094,166.71749877929688,165.4149932861328,165.8350067138672,1078000
2024-04-30,161.0745391845703,164.5850067138672,167.80499267578125,164.1699981689453,166.67999267578125,1673600
2024-05-01,162.35903930664062,165.8975067138672,167.61749267578125,164.1699981689453,164.1699981689453,1234800
2024-05-02,162.04098510742188,165.57249450683594,166.15249633789062,162.16250610351562,165.96249389648438,1559200
2024-05-03,164.91580200195312,168.50999450683594,168.95750427246094,166.44500732421875,167.17999267578125,1682800
2024-05-06,167.7686309814453,171.4250030517578,171.6125030517578,169.24000549316406,169.24000549316406,1800400
2024-05-07,169.50088500976562,173.19500732421875,174.0175018310547,172.28250122070312,172.90249633789062,1590400
2024-05-08,168.95286560058594,172.63499450683594,173.6024932861328,172.22500610351562,173.27499389648438,1196400
2024-05-09,170.3498992919922,174.0625,174.3175048828125,172.63499450683594,172.63499450683594,1146400
2024-05-10,171.3334503173828,175.0675048828125,175.6699981689453,174.33749389648438,174.62249755859375,879600
2024-05-13,168.84762573242188,172.52749633789062,175.75750732421875,172.4774932861328,175.7449951171875,1083600
2024-05-14,168.58778381347656,171.9250030517578,172.7050018310547,171.12249755859375,172.26499938964844,1456400
2024-05-15,169.73997497558594,173.10000610351562,173.57249450683594,172.45249938964844,172.45249938964844,1166000
2024-05-16,169.4899139404297,172.84500122070312,173.68499755859375,172.5,173.12750244140625,1011600
2024-05-17,169.67623901367188,173.03500366210938,173.06500244140625,171.22250366210938,172.58749389648438,1206000
2024-05-20,170.98040771484375,174.36500549316406,174.50999450683594,172.0675048828125,173.0,776000
2024-05-21,171.59083557128906,174.9875030517578,174.9875030517578,173.15499877929688,174.8800048828125,1105600
2024-05-22,172.04190063476562,175.44749450683594,175.69000244140625,174.10499572753906,174.8699951171875,747600
2024-05-23,170.6396484375,174.0175018310547,176.43499755859375,173.29249572753906,176.05250549316406,2041600
2024-05-24,167.38902282714844,170.70249938964844,174.07000732421875,170.27999877929688,173.32000732421875,1996800
2024-05-28,164.32958984375,167.58250427246094,170.45750427246094,166.7725067138672,170.0124969482422,1807200
2024-05-29,162.6601104736328,165.8800048828125,166.7949981689453,164.92750549316406,166.39999389648438,1709600
2024-05-30,164.05992126464844,167.3074951171875,167.3625030517578,165.0574951171875,165.81500244140625,2023600
2024-05-31,166.20245361328125,169.49249267578125,169.79750061035156,166.3699951171875,167.26499938964844,2588800
2024-06-03,165.36407470703125,168.6374969482422,170.43499755859375,167.70750427246094,170.30250549316406,1708800
2024-06-04,167.30810546875,170.6199951171875,171.4875030517578,168.1125030517578,168.1125030517578,1559600
2024-06-05,168.1342315673828,171.46249389648438,172.29249572753906,169.8874969482422,170.6199951171875,1196800
2024-06-06,167.22720336914062,170.53750610351562,171.5,169.8925018310547,170.6024932861328,916000
2024-06-07,167.2321319580078,170.54249572753906,171.66749572753906,170.1300048828125,170.42250061035156,834800
2024-06-10,167.72242736816406,171.04249572753906,171.34750366210938,169.4600067138672,169.4600067138672,1163600
2024-06-11,168.40391540527344,171.7375030517578,171.7675018310547,169.9550018310547,170.95249938964844,914000
2024-06-12,169.75958251953125,173.1199951171875,173.6300048828125,171.47500610351562,172.25,1038000
2024-06-13,169.63211059570312,172.99000549316406,173.3300018310547,170.92999267578125,172.34500122070312,992400
2024-06-14,170.54649353027344,173.92250061035156,174.0449981689453,171.25750732421875,171.25750732421875,864800
2024-06-17,173.42698669433594,176.86000061035156,177.00750732421875,172.6699981689453,173.75,1575200
2024-06-18,174.30215454101562,177.75250244140625,178.4199981689453,176.1425018310547,176.78750610351562,1828400
2024-06-20,173.19900512695312,176.62750244140625,178.16749572753906,176.03250122070312,177.6425018310547,1486400
2024-06-21,173.68931579589844,177.12750244140625,177.7624969482422,175.97500610351562,177.2624969482422,2516000
2024-06-24,174.2996826171875,177.75,178.2624969482422,176.625,177.25250244140625,1671200
2024-06-25,175.26312255859375,178.7324981689453,179.9949951171875,176.87249755859375,179.11500549316406,1174000
2024-06-26,173.43678283691406,176.8699951171875,178.1374969482422,175.7550048828125,177.71249389648438,1664000
2024-06-27,174.45657348632812,177.91000366210938,178.0574951171875,176.39999389648438,177.0850067138672,1470800
2024-06-28,171.66683959960938,175.06500244140625,178.67750549316406,173.57249450683594,178.0,10214000
2024-07-01,170.15673828125,173.52499389648438,177.34249877929688,173.20249938964844,176.0675048828125,1559600
2024-07-02,172.6670379638672,176.0850067138672,176.16749572753906,172.20249938964844,172.94000244140625,1426800
2024-07-03,172.25762939453125,175.66749572753906,176.15249633789062,175.03750610351562,175.80499267578125,828000
2024-07-05,174.47618103027344,177.92999267578125,178.22999572753906,174.4425048828125,175.72500610351562,1351200
2024-07-08,174.30950927734375,177.75999450683594,178.65499877929688,176.60499572753906,178.20750427246094,1547200
2024-07-09,174.3732452392578,177.8249969482422,178.63999938964844,177.6199951171875,178.5800018310547,811200
2024-07-10,175.4665985107422,178.94000244140625,179.0500030517578,177.32749938964844,177.8699951171875,1098400
2024-07-11,175.49603271484375,178.97000122070312,180.91000366210938,178.67750549316406,179.45750427246094,1411200
2024-07-12,176.93751525878906,180.44000244140625,181.5,179.8625030517578,180.29249572753906,1069600
2024-07-15,175.24351501464844,178.71249389648438,181.04750061035156,178.41749572753906,180.3524932861328,1380400
2024-07-16,177.8420867919922,181.3625030517578,181.75999450683594,178.87750244140625,178.87750244140625,1544800
2024-07-17,176.4521026611328,179.94500732421875,181.625,179.86500549316406,180.97000122070312,2183200
2024-07-18,186.05943298339844,189.74249267578125,193.44500732421875,185.41749572753906,192.4324951171875,3636800
2024-07-19,185.95887756347656,189.63999938964844,192.17750549316406,188.71249389648438,189.6875,2180800
2024-07-22,189.2659454345703,193.0124969482422,193.0124969482422,189.91749572753906,191.40750122070312,1649600
2024-07-23,185.3411407470703,189.00999450683594,193.25,188.1425018310547,193.1425018310547,2449200
2024-07-24,184.85328674316406,188.5124969482422,191.875,187.8874969482422,189.96249389648438,2342000
2024-07-25,185.04696655273438,188.7100067138672,191.00250244140625,188.3249969482422,189.2675018310547,1287600
2024-07-26,186.65269470214844,190.34750366210938,191.32249450683594,188.85000610351562,189.9324951171875,1065600
2024-07-29,187.5033416748047,191.21499633789062,192.08999633789062,190.0124969482422,190.76499938964844,931600
2024-07-30,187.82447814941406,191.54249572753906,192.97250366210938,190.4375,191.96749877929688,1700800
2024-07-31,187.27781677246094,190.98500061035156,193.4875030517578,190.30999755859375,192.8074951171875,2177200
2024-08-01,186.78013610839844,190.4774932861328,191.8300018310547,188.51499938964844,190.22500610351562,1816800
2024-08-02,185.51766967773438,189.19000244140625,190.34750366210938,186.0574951171875,189.05499267578125,1940400
2024-08-05,181.3673095703125,184.95750427246094,191.23500061035156,183.91749572753906,191.23500061035156,2306400
2024-08-06,182.7327880859375,186.35000610351562,188.53750610351562,185.05999755859375,185.05999755859375,1543600
2024-08-07,181.45555114746094,185.04750061035156,189.3800048828125,184.83999633789062,187.6374969482422,1202800
2024-08-08,183.96588134765625,187.6074981689453,188.37249755859375,185.04750061035156,185.3975067138672,1417600
2024-08-09,185.24554443359375,188.91250610351562,188.9949951171875,185.97000122070312,186.87249755859375,826800
2024-08-12,186.22122192382812,189.90750122070312,189.92999267578125,187.49000549316406,187.9199981689453,1286800
2024-08-13,186.09619140625,189.77999877929688,191.7449951171875,188.17250061035156,190.6750030517578,1458800
2024-08-14,187.08657836914062,190.7899932861328,191.53500366210938,189.2949981689453,189.2949981689453,998400
2024-08-15,188.5948944091797,191.93499755859375,193.1925048828125,191.03500366210938,191.54750061035156,1239200
2024-08-16,187.8874053955078,191.21499633789062,192.0749969482422,190.22999572753906,192.0749969482422,1070000
2024-08-19,189.88206481933594,193.2449951171875,193.3300018310547,191.21499633789062,191.21499633789062,1876000
2024-08-20,190.29478454589844,193.6649932861328,194.375,191.87249755859375,193.0,1575200
2024-08-21,192.33120727539062,195.7375030517578,195.99249267578125,194.18499755859375,194.74000549316406,1418000
2024-08-22,192.746337890625,196.16000366210938,197.4550018310547,194.5175018310547,195.8350067138672,1538400
2024-08-23,193.694580078125,197.125,197.91250610351562,196.07000732421875,196.5124969482422,1028400
2024-08-26,194.96206665039062,198.4149932861328,198.7050018310547,196.8625030517578,197.61500549316406,952400
2024-08-27,196.4188232421875,199.8975067138672,199.96249389648438,198.4774932861328,198.75,1186800
2024-08-28,195.97662353515625,199.44749450683594,201.4774932861328,198.32249450683594,201.125,1408400
2024-08-29,196.3352813720703,199.8125,201.9949951171875,199.35000610351562,200.47000122070312,1126000
2024-08-30,197.77723693847656,201.27999877929688,201.75250244140625,198.85000610351562,200.0500030517578,1584000
2024-09-03,196.37213134765625,199.85000610351562,203.00250244140625,198.8249969482422,201.27999877929688,1342000
2024-09-04,197.69374084472656,201.19500732421875,201.44500732421875,199.22999572753906,200.0,1051200
2024-09-05,196.2542266845703,199.72999572753906,200.09750366210938,196.83999633789062,200.09750366210938,1568000
2024-09-06,192.07325744628906,195.47500610351562,200.08250427246094,194.72250366210938,199.38499450683594,1502800
2024-09-09,197.67898559570312,201.17999267578125,201.77000427246094,196.41749572753906,196.41749572753906,2057200
2024-09-10,200.55308532714844,204.10499572753906,204.49749755859375,201.27749633789062,201.7550048828125,1100000
2024-09-11,201.3907470703125,204.95750427246094,205.24000549316406,198.84249877929688,203.46749877929688,1446400
2024-09-12,202.43478393554688,206.02000427246094,207.49000549316406,201.9199981689453,205.5,1340400
2024-09-13,204.15432739257812,207.77000427246094,209.1199951171875,205.33999633789062,205.9199981689453,1030100
2024-09-16,201.3833770751953,204.9499969482422,208.69000244140625,204.2899932861328,208.0500030517578,1116300
2024-09-17,200.2239227294922,203.77000427246094,206.86000061035156,203.3699951171875,205.52999877929688,1194900
2024-09-18,197.87551879882812,201.3800048828125,204.77999877929688,201.0399932861328,203.9499969482422,1334000
2024-09-19,200.1944580078125,203.74000549316406,205.3800048828125,202.3000030517578,204.97000122070312,1243600
2024-09-20,200.6071319580078,204.16000366210938,204.6999969482422,202.64999389648438,203.7899932861328,3160600
2024-09-23,200.44009399414062,203.99000549316406,204.77999877929688,203.0500030517578,204.4499969482422,1239200
2024-09-24,201.2851104736328,204.85000610351562,205.6300048828125,202.4600067138672,203.99000549316406,1689400
2024-09-25,203.60406494140625,207.2100067138672,209.58999633789062,204.16000366210938,208.10000610351562,1944100
2024-09-26,203.40756225585938,207.00999450683594,211.57000732421875,206.47999572753906,208.82000732421875,2056500
2024-09-27,198.82862854003906,202.35000610351562,208.0,202.3000030517578,207.6699981689453,2332500
2024-09-30,202.2971954345703,205.8800048828125,206.17999267578125,203.3000030517578,203.47999572753906,1819800
2024-10-01,200.31236267089844,203.86000061035156,205.47999572753906,202.17999267578125,205.19000244140625,1518500
2024-10-02,201.72727966308594,205.3000030517578,205.5,202.3800048828125,203.24000549316406,1114400
2024-10-03,200.99034118652344,204.5500030517578,204.91000366210938,203.13999938964844,204.38999938964844,1389900
2024-10-04,201.3440704345703,204.91000366210938,206.1199951171875,202.83999633789062,205.74000549316406,1747400
2024-10-07,200.91171264648438,204.47000122070312,206.00999450683594,202.8000030517578,203.0,1261600
2024-10-08,203.41734313964844,207.02000427246094,207.3300018310547,205.4600067138672,206.0,1050800
2024-10-09,205.50045776367188,209.13999938964844,209.30999755859375,206.50999450683594,207.0,977000
2024-10-10,202.5428466796875,206.1300048828125,209.27000427246094,205.61000061035156,208.61000061035156,1015300
2024-10-11,204.429443359375,208.0500030517578,208.0500030517578,206.19000244140625,207.39999389648438,1347600
2024-10-14,207.81942749023438,211.5,212.22000122070312,208.25,208.52000427246094,944800
2024-10-15,207.0333251953125,210.6999969482422,213.0500030517578,210.02999877929688,212.25,1318400
2024-10-16,209.22451782226562,212.92999267578125,213.39999389648438,210.82000732421875,210.82000732421875,1140900
2024-10-17,210.0990447998047,213.82000732421875,215.3699951171875,212.77000427246094,214.77000427246094,1157200
2024-10-18,210.2955322265625,214.02000427246094,214.1999969482422,212.8300018310547,213.91000366210938,1248000
2024-10-21,207.8685302734375,211.5500030517578,213.5500030517578,210.86000061035156,212.89999389648438,824400
2024-10-22,207.8586883544922,211.5399932861328,212.75999450683594,209.6699981689453,210.07000732421875,1054000
2024-10-23,206.06057739257812,209.7100067138672,211.47000122070312,209.16000366210938,209.16000366210938,839100
2024-10-24,205.49066162109375,209.1300048828125,210.77000427246094,208.36000061035156,210.1300048828125,898100
2024-10-25,203.8005828857422,207.41000366210938,210.9499969482422,207.1999969482422,210.13999938964844,1241600
2024-10-28,204.96002197265625,208.58999633789062,209.49000549316406,207.77000427246094,208.5399932861328,960900
2024-10-29,205.50045776367188,209.13999938964844,209.83999633789062,206.97999572753906,208.17999267578125,1285900
2024-10-30,204.23294067382812,207.85000610351562,209.3300018310547,207.3800048828125,209.05999755859375,885200
2024-10-31,202.22840881347656,205.80999755859375,208.0,205.64999389648438,207.4600067138672,1166200
2024-11-01,202.04171752929688,205.6199951171875,207.11000061035156,204.8800048828125,205.9499969482422,1099800
2024-11-04,203.9479522705078,207.55999755859375,207.6999969482422,205.00999450683594,205.24000549316406,926700
2024-11-05,205.3531036376953,208.99000549316406,210.2100067138672,207.13999938964844,207.6999969482422,1065100
2024-11-06,213.24334716796875,217.02000427246094,217.50999450683594,213.24000549316406,215.3300018310547,2157400
2024-11-07,215.69984436035156,219.52000427246094,219.8699951171875,216.72000122070312,217.0,1380400
2024-11-08,221.79193115234375,225.72000122070312,227.24000549316406,220.1999969482422,221.64999389648438,1648300
2024-11-11,220.2099609375,224.11000061035156,227.36000061035156,223.8000030517578,225.72000122070312,1185300
2024-11-12,220.81915283203125,224.72999572753906,225.44000244140625,223.58999633789062,224.11000061035156,900400
2024-11-13,219.72848510742188,223.6199951171875,225.61000061035156,223.25,224.25,1049100
2024-11-14,213.27281188964844,217.0500030517578,223.07000732421875,216.67999267578125,223.0,1542700
2024-11-15,211.8356475830078,215.1999969482422,216.63999938964844,213.88999938964844,216.10000610351562,1792900
2024-11-18,212.8200225830078,216.1999969482422,218.2899932861328,214.66000366210938,215.32000732421875,1610300
2024-11-19,214.56234741210938,217.97000122070312,218.5800018310547,214.5,215.3300018310547,1231500
2024-11-20,215.3301544189453,218.75,218.77000427246094,216.2100067138672,217.1699981689453,1015900
2024-11-21,218.02732849121094,221.49000549316406,221.8300018310547,218.1300048828125,219.22999572753906,1060800
2024-11-22,218.2930908203125,221.75999450683594,222.77000427246094,220.8800048828125,221.5,1414300
2024-11-25,220.399658203125,223.89999389648438,224.0500030517578,221.5,222.69000244140625,2752000
2024-11-26,222.929443359375,226.47000122070312,228.1199951171875,225.1199951171875,225.2899932861328,1369500
2024-11-27,220.54727172851562,224.0500030517578,228.0800018310547,222.74000549316406,228.0800018310547,1261300
2024-11-29,222.26010131835938,225.7899932861328,226.61000061035156,224.3300018310547,224.8000030517578,981400
2024-12-02,219.15933227539062,222.63999938964844,225.7899932861328,221.75,225.4199981689453,1965300
2024-12-03,219.16917419433594,222.64999389648438,225.25999450683594,220.3000030517578,223.66000366210938,1391700
2024-12-04,220.1043243408203,223.60000610351562,224.24000549316406,221.86000061035156,221.86000061035156,1495100
2024-12-05,219.73025512695312,223.22000122070312,224.52999877929688,221.63999938964844,223.3699951171875,1015200
2024-12-06,220.21261596679688,223.7100067138672,225.02999877929688,223.41000366210938,223.57000732421875,1329100
2024-12-09,205.04351806640625,208.3000030517578,221.2899932861328,206.33999633789062,220.14999389648438,4021400
2024-12-10,206.85475158691406,210.13999938964844,210.80999755859375,206.86000061035156,209.16000366210938,1982300
2024-12-11,207.67176818847656,210.97000122070312,212.49000549316406,209.8000030517578,210.13999938964844,1519000
2024-12-12,208.28207397460938,211.58999633789062,211.75,209.33999633789062,210.6699981689453,1466500
2024-12-13,207.91786193847656,211.22000122070312,211.97999572753906,209.39999389648438,210.75,1370600
2024-12-16,208.48880004882812,211.8000030517578,213.88999938964844,211.1199951171875,211.39999389648438,3075300
2024-12-17,205.12229919433594,208.3800048828125,212.41000366210938,208.02999877929688,210.0,3241400
2024-12-18,201.19467163085938,204.38999938964844,210.30999755859375,204.30999755859375,207.97000122070312,3568100
2024-12-19,179.93231201171875,182.7899932861328,193.69000244140625,182.2100067138672,192.66000366210938,6208800
2024-12-20,184.01747131347656,186.94000244140625,187.74000549316406,181.14999389648438,181.58999633789062,6170200
2024-12-23,184.19464111328125,187.1199951171875,188.27999877929688,185.33999633789062,187.1300048828125,2662900
2024-12-24,185.40542602539062,188.35000610351562,188.38999938964844,186.66000366210938,187.14999389648438,908700
2024-12-26,182.23573303222656,185.1300048828125,187.88999938964844,184.97000122070312,186.9499969482422,1526500
2024-12-27,180.5032501220703,183.3699951171875,185.19000244140625,182.13999938964844,183.32000732421875,1572600
2024-12-30,180.80841064453125,183.67999267578125,184.5500030517578,180.77999877929688,182.55999755859375,1867300
2024-12-31,179.84373474121094,182.6999969482422,184.14999389648438,181.9199981689453,183.8800048828125,2041000
2025-01-02,179.24327087402344,182.08999633789062,184.0800018310547,180.97999572753906,183.58999633789062,1754300
2025-01-03,182.94448852539062,185.85000610351562,186.4600067138672,182.75999450683594,182.75999450683594,2105600
2025-01-06,182.2062225341797,185.10000610351562,187.02999877929688,184.0800018310547,185.64999389648438,2589500
2025-01-07,185.7696075439453,188.72000122070312,192.88999938964844,186.47000122070312,187.52000427246094,3618400
2025-01-08,189.63818359375,192.64999389648438,193.11000061035156,188.3300018310547,189.33999633789062,3206100
2025-01-10,186.34056091308594,189.3000030517578,194.24000549316406,189.19000244140625,191.5,2331000
2025-01-13,187.6202392578125,190.60000610351562,191.17999267578125,187.6699981689453,188.60000610351562,1587800
2025-01-14,189.2739715576172,192.27999877929688,192.36000061035156,189.3699951171875,190.0399932861328,1585300
2025-01-15,192.64048767089844,195.6999969482422,196.0500030517578,194.0,194.86000061035156,1466800
2025-01-16,194.95375061035156,198.0500030517578,199.24000549316406,196.25,196.39999389648438,1417900
2025-01-17,195.20970153808594,198.30999755859375,201.30999755859375,197.5500030517578,201.30999755859375,1673300
2025-01-21,198.08404541015625,201.22999572753906,202.32000732421875,198.9600067138672,198.9600067138672,2237600
2025-01-22,195.9086151123047,199.02000427246094,201.4499969482422,198.9499969482422,201.22999572753906,1577900
2025-01-23,194.70767211914062,197.8000030517578,198.77999877929688,196.94000244140625,198.52999877929688,1114200
2025-01-24,194.30409240722656,197.38999938964844,198.4199981689453,197.00999450683594,197.05999755859375,873900
2025-01-27,199.3932342529297,202.55999755859375,202.94000244140625,195.22000122070312,195.5,2637900
2025-01-28,197.29653930664062,200.42999267578125,203.1199951171875,200.36000061035156,202.75,1471100
2025-01-29,195.45579528808594,198.55999755859375,201.72000122070312,198.4199981689453,201.4499969482422,835900
2025-01-30,199.01918029785156,202.17999267578125,202.32000732421875,199.4199981689453,199.4199981689453,883700
2025-01-31,197.4343719482422,200.57000732421875,202.5399932861328,200.05999755859375,201.1300048828125,1321500
2025-02-03,199.04873657226562,202.2100067138672,203.0,198.58999633789062,202.4199981689453,1789100
2025-02-04,197.47373962402344,200.61000061035156,202.38999938964844,199.66000366210938,201.00999450683594,1452100
2025-02-05,198.44827270507812,201.60000610351562,202.1699981689453,198.9600067138672,201.3000030517578,2009000
2025-02-06,201.09619140625,204.2899932861328,204.5399932861328,201.16000366210938,202.1199951171875,1343800
2025-02-07,198.9010772705078,202.05999755859375,205.6300048828125,201.83999633789062,205.0,2114600
2025-02-10,200.78121948242188,203.97000122070312,205.19000244140625,201.8699951171875,203.5500030517578,1530300
2025-02-11,202.1888427734375,205.39999389648438,205.6699981689453,202.41000366210938,204.2899932861328,1093600
2025-02-12,201.4112091064453,204.61000061035156,205.5399932861328,202.13999938964844,203.30999755859375,1308900
2025-02-13,202.7696533203125,205.99000549316406,206.83999633789062,204.9199981689453,205.17999267578125,1273000
2025-02-14,201.4086151123047,204.22000122070312,207.22000122070312,204.1999969482422,206.0,1062600
2025-02-18,200.9352569580078,203.74000549316406,204.00999450683594,201.6199951171875,202.72000122070312,1387900
2025-02-19,205.274658203125,208.13999938964844,208.66000366210938,204.2100067138672,204.36000061035156,2326200
2025-02-20,203.09507751464844,205.92999267578125,207.22000122070312,204.6300048828125,206.89999389648438,1340300
2025-02-21,201.61573791503906,204.42999267578125,206.3300018310547,203.6199951171875,205.92999267578125,2302600
2025-02-24,200.5506134033203,203.35000610351562,206.47000122070312,203.1999969482422,204.6199951171875,1613700
2025-02-25,202.98660278320312,205.82000732421875,207.49000549316406,202.24000549316406,202.24000549316406,2206000
2025-02-26,201.4973907470703,204.30999755859375,207.52000427246094,202.57000732421875,203.38999938964844,1519200
2025-02-27,200.57032775878906,203.3699951171875,206.8699951171875,203.2899932861328,204.92999267578125,1688700
2025-02-28,204.64349365234375,207.5,207.6699981689453,204.41000366210938,204.52000427246094,1839400
2025-03-03,204.57443237304688,207.42999267578125,210.16000366210938,206.27999877929688,206.86000061035156,1685000
2025-03-04,201.74395751953125,204.55999755859375,209.72000122070312,204.35000610351562,208.3000030517578,1661900
2025-03-05,202.46388244628906,205.2899932861328,206.64999389648438,202.25999450683594,202.3000030517578,1281700
2025-03-06,197.83847045898438,200.60000610351562,203.8000030517578,198.4499969482422,203.8000030517578,1947900
2025-03-07,200.26458740234375,203.05999755859375,203.69000244140625,198.33999633789062,199.83999633789062,1804800
2025-03-10,197.84832763671875,200.61000061035156,205.64999389648438,199.72000122070312,201.8800048828125,1824000
2025-03-11,193.85406494140625,196.55999755859375,201.57000732421875,195.7100067138672,201.4499969482422,1887500
2025-03-12,189.56396484375,192.2100067138672,197.66000366210938,191.8699951171875,197.08999633789062,2339300
2025-03-13,187.95639038085938,190.5800018310547,192.19000244140625,189.3699951171875,191.86000061035156,1609700
2025-03-14,190.18527221679688,192.83999633789062,193.4600067138672,189.52000427246094,190.25,1509700
2025-03-17,192.48321533203125,195.1699981689453,195.52000427246094,191.17999267578125,191.94000244140625,1532100
2025-03-18,190.74746704101562,193.41000366210938,194.97000122070312,192.3800048828125,194.0,1656400
2025-03-19,193.6667022705078,196.3699951171875,196.8300018310547,193.0800018310547,193.36000061035156,1470800
2025-03-20,191.78298950195312,194.4600067138672,196.5,192.82000732421875,194.91000366210938,1583200
2025-03-21,188.53826904296875,191.1699981689453,192.39999389648438,189.91000366210938,192.1300048828125,2574600
2025-03-24,191.89149475097656,194.57000732421875,194.82000732421875,191.27999877929688,191.9199981689453,2049900
2025-03-25,190.7967529296875,193.4600067138672,195.0500030517578,192.13999938964844,194.42999267578125,2092400
2025-03-26,201.8918914794922,204.7100067138672,212.6999969482422,204.00999450683594,204.5399932861328,3687300
2025-03-27,203.4106903076172,206.25,207.8699951171875,202.58999633789062,202.58999633789062,2324700
2025-03-28,200.42239379882812,203.22000122070312,206.47999572753906,202.52999877929688,206.47999572753906,1684800
2025-03-31,202.70059204101562,205.52999877929688,206.74000549316406,202.5500030517578,203.85000610351562,2595500
2025-04-01,205.0083770751953,207.8699951171875,208.1999969482422,204.27999877929688,205.5500030517578,1638000
2025-04-02,205.79734802246094,208.6699981689453,209.2100067138672,205.8300018310547,206.19000244140625,1613700
2025-04-03,202.0299530029297,204.85000610351562,209.39999389648438,201.60000610351562,202.8300018310547,2244300
2025-04-04,187.7098388671875,190.3300018310547,204.57000732421875,190.13999938964844,204.57000732421875,3969300
2025-04-07,187.9169464111328,190.5399932861328,196.3800048828125,184.61000061035156,187.6199951171875,5369400
2025-04-08,187.4928741455078,190.11000061035156,195.72000122070312,188.39999389648438,194.3800048828125,3735100
2025-04-09,201.1818084716797,203.99000549316406,205.17999267578125,187.42999267578125,188.36000061035156,4053900
2025-04-10,199.93914794921875,202.72999572753906,205.30999755859375,197.75999450683594,204.2100067138672,2869500
2025-04-11,203.20355224609375,206.0399932861328,207.72000122070312,200.1300048828125,203.22999572753906,2116100
2025-04-14,206.73426818847656,209.6199951171875,210.5800018310547,206.07000732421875,206.72000122070312,2183100
2025-04-15,205.33383178710938,208.1999969482422,211.9199981689453,207.6699981689453,210.1300048828125,1843700
2025-04-16,201.90176391601562,204.72000122070312,208.38999938964844,202.94000244140625,207.33999633789062,1967600
2025-04-17,202.9274444580078,205.75999450683594,207.50999450683594,204.58999633789062,205.97000122070312,1712100
2025-04-21,197.65109252929688,200.41000366210938,204.60000610351562,197.30999755859375,204.49000549316406,1405300
2025-04-22,203.00631713867188,205.83999633789062,206.57000732421875,201.6699981689453,202.4600067138672,1565100
2025-04-23,204.8308563232422,207.69000244140625,210.35000610351562,206.05999755859375,207.22000122070312,1786500
2025-04-24,206.8625030517578,209.75,210.3300018310547,205.11000061035156,207.27999877929688,1507100
2025-04-25,205.5310821533203,208.39999389648438,209.91000366210938,206.32000732421875,209.42999267578125,1172800
2025-04-28,205.41273498535156,208.27999877929688,209.0,205.77999877929688,208.22999572753906,1716100
2025-04-29,206.37924194335938,209.25999450683594,209.5500030517578,206.72999572753906,207.14999389648438,1380200
2025-04-30,208.76593017578125,211.67999267578125,212.0,205.60000610351562,208.3699951171875,2053500
2025-05-01,206.66526794433594,209.5500030517578,210.8800048828125,206.77999877929688,210.3300018310547,1439800
2025-05-02,208.63771057128906,211.5500030517578,214.17999267578125,209.99000549316406,211.3000030517578,1373100
2025-05-05,208.9040069580078,211.82000732421875,212.5399932861328,210.10000610351562,211.0,1069100
2025-05-06,210.3734893798828,213.30999755859375,213.66000366210938,209.86000061035156,210.75,1351400
2025-05-07,212.14871215820312,215.11000061035156,216.1999969482422,212.97999572753906,213.3300018310547,1970000
2025-05-08,212.0007781982422,214.9600067138672,218.1999969482422,214.82000732421875,216.25,1542000
2025-05-09,211.78379821777344,214.74000549316406,215.47999572753906,214.0,215.1699981689453,965200
2025-05-12,214.0028533935547,216.99000549316406,218.00999450683594,212.6699981689453,218.00999450683594,1913300
2025-05-13,212.36569213867188,215.3300018310547,218.25999450683594,215.22000122070312,217.39999389648438,1394700
2025-05-14,211.2413787841797,214.19000244140625,214.88999938964844,212.83999633789062,214.36000061035156,1330300
2025-05-15,215.875244140625,218.49000549316406,218.7100067138672,214.25,214.3699951171875,1376700
2025-05-16,218.20701599121094,220.85000610351562,220.92999267578125,217.25999450683594,218.49000549316406,1431500
2025-05-19,220.3609161376953,223.02999877929688,223.3000030517578,220.0,220.85000610351562,1137100
2025-05-20,220.2028350830078,222.8699951171875,223.00999450683594,218.89999389648438,219.1699981689453,1400300
2025-05-21,218.40460205078125,221.0500030517578,222.77000427246094,220.64999389648438,221.1699981689453,1298000
2025-05-22,219.00732421875,221.66000366210938,222.92999267578125,219.89999389648438,220.38999938964844,1210200
2025-05-23,219.6297607421875,222.2899932861328,223.07000732421875,219.00999450683594,220.0,1296300
2025-05-27,223.1768035888672,225.8800048828125,226.16000366210938,223.33999633789062,224.42999267578125,1603800
2025-05-28,222.3863983154297,225.0800018310547,226.8699951171875,224.88999938964844,226.00999450683594,994900
2025-05-29,222.06031799316406,224.75,225.9499969482422,223.2100067138672,225.10000610351562,974200
2025-05-30,223.7893829345703,226.5,227.8000030517578,224.42999267578125,225.47999572753906,2393600
2025-06-02,223.9771270751953,226.69000244140625,226.72000122070312,223.64999389648438,225.0,1135100
2025-06-03,224.85647583007812,227.5800018310547,227.77000427246094,225.0399932861328,226.47999572753906,1390900
2025-06-04,224.6489715576172,227.3699951171875,228.66000366210938,226.82000732421875,228.25,1302800
2025-06-05,224.18460083007812,226.89999389648438,228.1199951171875,226.1199951171875,227.57000732421875,1286000
2025-06-06,224.93551635742188,227.66000366210938,229.24000549316406,226.99000549316406,228.77999877929688,1010300
2025-06-09,221.91212463378906,224.60000610351562,227.1699981689453,222.6699981689453,226.94000244140625,1154500
2025-06-10,219.56060791015625,222.22000122070312,224.3800048828125,221.0399932861328,224.16000366210938,2099700
2025-06-11,219.06658935546875,221.72000122070312,222.63999938964844,219.82000732421875,221.94000244140625,1520800
2025-06-12,220.8944549560547,223.57000732421875,223.61000061035156,220.97000122070312,221.52999877929688,1466900
2025-06-13,219.323486328125,221.97999572753906,224.7899932861328,221.4499969482422,221.99000549316406,1252900
2025-06-16,219.8076171875,222.47000122070312,224.83999633789062,222.1300048828125,223.52999877929688,699300
2025-06-17,218.67140197753906,221.32000732421875,222.63999938964844,220.3000030517578,222.10000610351562,1451100
2025-06-18,217.7821502685547,220.4199981689453,222.32000732421875,219.77000427246094,221.32000732421875,1840900
2025-06-20,216.0333251953125,218.64999389648438,221.82000732421875,217.8000030517578,221.6199951171875,2667500
2025-06-23,218.25640869140625,220.89999389648438,220.94000244140625,218.30999755859375,220.02000427246094,1238300
2025-06-24,220.52886962890625,223.1999969482422,223.25999450683594,219.5500030517578,222.02000427246094,1467700
2025-06-25,216.61627197265625,219.24000549316406,222.67999267578125,218.08999633789062,222.67999267578125,1280200
2025-06-26,217.80191040039062,220.44000244140625,220.52999877929688,218.27999877929688,220.05999755859375,1106900
2025-06-27,218.1082000732422,220.75,222.85000610351562,219.7899932861328,220.9199981689453,1565500
2025-06-30,220.2028350830078,222.8699951171875,223.5,220.41000366210938,220.83999633789062,1378700
2025-07-01,221.62559509277344,224.30999755859375,225.00999450683594,222.7899932861328,224.3000030517578,1282100
2025-07-02,213.07911682128906,215.66000366210938,223.19000244140625,214.86000061035156,222.69000244140625,2717000
2025-07-03,216.73483276367188,219.36000061035156,219.88999938964844,215.47999572753906,215.86000061035156,942300
2025-07-07,214.93661499023438,217.5399932861328,220.27999877929688,216.8699951171875,219.33999633789062,1385500
2025-07-08,212.7135467529297,215.2899932861328,217.97000122070312,215.0399932861328,216.8699951171875,1454000
2025-07-09,214.04737854003906,216.63999938964844,216.75,214.1300048828125,215.44000244140625,1066400
2025-07-10,213.96835327148438,216.55999755859375,217.64999389648438,214.8699951171875,216.2100067138672,1002300
2025-07-11,212.8617401123047,215.44000244140625,216.5500030517578,214.69000244140625,216.5500030517578,1035300
2025-07-14,214.3042755126953,216.89999389648438,217.9199981689453,215.0399932861328,215.58999633789062,923500
2025-07-15,210.68809509277344,213.24000549316406,216.47000122070312,213.05999755859375,216.47000122070312,1219600
2025-07-16,211.458740234375,214.02000427246094,214.07000732421875,211.4199981689453,213.52999877929688,1619100
2025-07-17,219.26419067382812,221.9199981689453,222.33999633789062,209.5,211.47000122070312,3454300
2025-07-18,219.28396606445312,221.94000244140625,225.6199951171875,221.2899932861328,224.0800018310547,2528200
2025-07-21,218.67140197753906,221.32000732421875,223.17999267578125,220.5,221.22999572753906,1523600
2025-07-22,217.05099487304688,219.67999267578125,223.5500030517578,219.44000244140625,221.27999877929688,1318700
2025-07-23,218.5528106689453,221.1999969482422,221.27999877929688,218.10000610351562,219.67999267578125,1355400
2025-07-24,220.21270751953125,222.8800048828125,224.58999633789062,220.1699981689453,221.6300048828125,1453100
2025-07-25,220.8845672607422,223.55999755859375,224.42999267578125,222.25,222.82000732421875,1074700
2025-07-28,217.7426300048828,220.3800048828125,222.4600067138672,220.08999633789062,222.1300048828125,984500
2025-07-29,220.01507568359375,222.67999267578125,223.10000610351562,220.11000061035156,221.55999755859375,1101300
2025-07-30,220.459716796875,223.1300048828125,224.33999633789062,221.6699981689453,222.8699951171875,1539800
2025-07-31,219.88665771484375,222.5500030517578,225.8699951171875,221.4600067138672,223.39999389648438,1456400
2025-08-01,218.84922790527344,221.5,222.61000061035156,219.02999877929688,222.61000061035156,1304300
2025-08-04,222.39625549316406,225.08999633789062,225.44000244140625,220.64999389648438,220.9199981689453,1431700
2025-08-05,220.1929473876953,222.86000061035156,225.49000549316406,222.39999389648438,225.0800018310547,1343300
2025-08-06,221.595947265625,224.27999877929688,224.5399932861328,221.72000122070312,223.5,1336000
2025-08-07,220.72647094726562,223.39999389648438,225.97999572753906,222.97000122070312,225.9600067138672,1069200
2025-08-08,223.5621337890625,226.27000427246094,226.75,223.4199981689453,223.42999267578125,1739700
2025-08-11,221.20074462890625,223.8800048828125,226.6699981689453,223.3800048828125,225.9199981689453,1108200
2025-08-12,220.63755798339844,223.30999755859375,224.25999450683594,221.8000030517578,223.89999389648438,1467200
2025-08-13,222.40614318847656,225.10000610351562,225.42999267578125,222.97999572753906,223.64999389648438,1118500
2025-08-14,218.71090698242188,221.36000061035156,225.85000610351562,221.27999877929688,225.2100067138672,1057200
2025-08-15,214.39430236816406,216.5500030517578,221.36000061035156,216.1699981689453,221.27999877929688,1398800
2025-08-18,212.14691162109375,214.27999877929688,216.6199951171875,214.11000061035156,216.6199951171875,1762300
2025-08-19,214.27549743652344,216.42999267578125,217.00999450683594,214.00999450683594,214.3000030517578,1994300
2025-08-20,214.572509765625,216.72999572753906,219.8699951171875,216.32000732421875,217.7899932861328,1915100
2025-08-21,213.95867919921875,216.11000061035156,217.52000427246094,215.0,216.72999572753906,921700
2025-08-22,213.44384765625,215.58999633789062,218.6999969482422,215.0500030517578,217.1199951171875,1448800
2025-08-25,209.75099182128906,211.86000061035156,215.3000030517578,210.8000030517578,214.8300018310547,3862700
2025-08-26,210.86973571777344,212.99000549316406,213.5500030517578,211.35000610351562,211.8000030517578,3073000
2025-08-27,211.07765197753906,213.1999969482422,213.72000122070312,211.24000549316406,212.58999633789062,2115400
2025-08-28,206.24623107910156,208.32000732421875,213.3699951171875,206.5500030517578,213.1300048828125,2326400
2025-08-29,207.93919372558594,210.02999877929688,210.22000122070312,207.6699981689453,208.75999450683594,1768800
2025-09-02,203.46420288085938,205.50999450683594,208.6999969482422,205.0800018310547,207.5399932861328,2451300
2025-09-03,203.56320190429688,205.61000061035156,205.7100067138672,203.5,204.58999633789062,2298700
2025-09-04,204.7809600830078,206.83999633789062,207.07000732421875,205.14999389648438,206.0800018310547,1369200
2025-09-05,202.46424865722656,204.5,207.67999267578125,203.25,207.05999755859375,1413700
2025-09-08,200.76138305664062,202.77999877929688,204.58999633789062,201.19000244140625,204.36000061035156,2668500
2025-09-09,200.05845642089844,202.07000732421875,202.74000549316406,200.0500030517578,201.75999450683594,1889700
2025-09-10,199.39511108398438,201.39999389648438,203.36000061035156,199.9600067138672,201.17999267578125,2003500
2025-09-11,202.46424865722656,204.5,205.07000732421875,201.1199951171875,201.39999389648438,1977700
2025-09-12,200.35546875,202.3699951171875,205.22999572753906,201.8000030517578,204.4199981689453,1371300
2025-09-15,197.72193908691406,199.7100067138672,202.99000549316406,199.42999267578125,202.3699951171875,1697800
2025-09-16,197.30612182617188,199.2899932861328,200.17999267578125,198.00999450683594,198.9499969482422,1983800
2025-09-17,197.98924255371094,199.97999572753906,202.89999389648438,199.57000732421875,199.75999450683594,2053800
2025-09-18,197.52392578125,199.50999450683594,201.11000061035156,199.39999389648438,199.92999267578125,1914800
2025-09-19,198.1377716064453,200.1300048828125,200.6699981689453,198.85000610351562,200.33999633789062,4117900
2025-09-22,200.57327270507812,202.58999633789062,203.32000732421875,199.55999755859375,199.91000366210938,2784500
2025-09-23,198.5931854248047,200.58999633789062,202.47999572753906,199.49000549316406,201.55999755859375,2992300
2025-09-24,198.0486602783203,200.0399932861328,202.3000030517578,192.5,197.02999877929688,3362500
2025-09-25,200.03866577148438,202.0500030517578,203.58999633789062,199.3000030517578,200.1199951171875,2066100
2025-09-26,202.20684814453125,204.24000549316406,204.72999572753906,201.5399932861328,202.75,1792300
2025-09-29,201.88014221191406,203.91000366210938,205.6999969482422,203.0399932861328,205.6999969482422,1809300
2025-09-30,203.21669006347656,205.25999450683594,205.92999267578125,201.75,202.60000610351562,1822700
2025-10-01,201.61282348632812,203.63999938964844,204.74000549316406,202.5,204.07000732421875,1288500
2025-10-02,200.8900909423828,202.91000366210938,203.47000122070312,201.44000244140625,201.99000549316406,1713300
2025-10-03,200.5930633544922,202.61000061035156,203.55999755859375,201.77999877929688,202.8800048828125,1566800
2025-10-06,197.05860900878906,199.0399932861328,202.7100067138672,198.36000061035156,202.4499969482422,1565200
2025-10-07,197.1873016357422,199.1699981689453,199.6999969482422,197.00999450683594,199.0399932861328,1826400
2025-10-08,196.8308868408203,198.80999755859375,199.38999938964844,197.5500030517578,199.38999938964844,1507700
2025-10-09,189.8411865234375,191.75,198.86000061035156,191.3699951171875,198.39999389648438,2600700
2025-10-10,186.0889129638672,187.9600067138672,192.05999755859375,187.2899932861328,191.2100067138672,3428200
2025-10-13,186.06910705566406,187.94000244140625,189.44000244140625,186.9499969482422,187.47000122070312,2094800
2025-10-14,186.356201171875,188.22999572753906,189.47999572753906,185.52000427246094,186.97000122070312,2702300
2025-10-15,185.58396911621094,187.4499969482422,189.57000732421875,186.97999572753906,188.3300018310547,1506700
2025-10-16,182.52474975585938,184.36000061035156,187.97999572753906,183.9499969482422,187.97999572753906,1593800
2025-10-17,186.22752380371094,188.10000610351562,189.39999389648438,184.8800048828125,184.92999267578125,2511600
2025-10-20,190.4154052734375,192.3300018310547,193.80999755859375,188.19000244140625,188.25999450683594,3569100
2025-10-21,194.53399658203125,196.49000549316406,197.6199951171875,191.58999633789062,192.2899932861328,3360200
2025-10-22,191.6133575439453,193.5399932861328,197.0,193.3000030517578,196.55999755859375,1322600
2025-10-23,190.42530822753906,192.33999633789062,195.72999572753906,192.19000244140625,194.0,1842300
2025-10-24,188.93032836914062,190.8300018310547,192.9499969482422,190.57000732421875,192.75999450683594,1309100
2025-10-27,186.80174255371094,188.67999267578125,191.25,188.22000122070312,190.61000061035156,2021700
2025-10-28,187.9996795654297,189.88999938964844,190.61000061035156,187.16000366210938,188.11000061035156,1812700
2025-10-29,182.06930541992188,183.89999389648438,187.60000610351562,182.64999389648438,186.85000610351562,2327300
2025-10-30,182.14852905273438,183.97999572753906,186.86000061035156,183.39999389648438,184.2100067138672,1975700
2025-10-31,181.4456024169922,183.27000427246094,184.8000030517578,182.6999969482422,183.97999572753906,2362700
2025-11-03,180.22784423828125,182.0399932861328,183.22999572753906,180.38999938964844,183.0,2436900
2025-11-04,182.27725219726562,184.11000061035156,184.36000061035156,181.1300048828125,184.1300048828125,1771200
2025-11-05,183.96031188964844,185.80999755859375,186.44000244140625,182.72000122070312,182.72000122070312,2179600
2025-11-06,183.04946899414062,184.88999938964844,186.82000732421875,184.07000732421875,185.69000244140625,2945400
2025-11-07,183.22769165039062,185.07000732421875,186.75999450683594,184.19000244140625,186.10000610351562,2526800
2025-11-10,183.40589904785156,185.25,185.5500030517578,182.44000244140625,183.55999755859375,2700800
2025-11-11,183.91079711914062,185.75999450683594,187.24000549316406,184.83999633789062,185.63999938964844,1642400
2025-11-12,183.4355926513672,185.27999877929688,186.52000427246094,184.72999572753906,185.5800018310547,1864900
2025-11-13,186.03939819335938,187.91000366210938,189.69000244140625,184.77999877929688,185.27999877929688,2323800
2025-11-14,185.3050079345703,186.72000122070312,189.0399932861328,186.08999633789062,188.22000122070312,3417000
2025-11-17,182.367431640625,183.75999450683594,186.8699951171875,183.30999755859375,186.02000427246094,2429800
2025-11-18,182.5163116455078,183.91000366210938,185.8300018310547,182.85000610351562,184.38999938964844,1839800
2025-11-19,182.0796356201172,183.47000122070312,184.39999389648438,180.88999938964844,183.52000427246094,2532600
2025-11-20,181.81167602539062,183.1999969482422,184.52000427246094,182.0,184.4600067138672,4148400
2025-11-21,184.39198303222656,185.8000030517578,186.9499969482422,183.50999450683594,183.6199951171875,1997200
2025-11-24,180.77957153320312,182.16000366210938,184.6999969482422,181.39999389648438,184.1999969482422,4125600
2025-11-25,182.2781219482422,183.6699981689453,184.44000244140625,181.7899932861328,182.13999938964844,2282800
2025-11-26,183.2010955810547,184.60000610351562,185.67999267578125,182.85000610351562,183.1199951171875,1779800
2025-11-28,184.6103057861328,186.02000427246094,186.36000061035156,184.30999755859375,184.86000061035156,738700
2025-12-01,184.02476501464844,185.42999267578125,187.0500030517578,184.8699951171875,185.1300048828125,1598600
2025-12-02,182.79417419433594,184.19000244140625,185.77999877929688,183.63999938964844,185.24000549316406,1588100
2025-12-03,183.31024169921875,184.7100067138672,185.2100067138672,183.35000610351562,184.19000244140625,1515200
2025-12-04,182.63539123535156,184.02999877929688,186.5500030517578,183.27999877929688,185.4499969482422,1226900
2025-12-05,185.33477783203125,186.75,186.97999572753906,183.8000030517578,184.1199951171875,1709100
2025-12-08,181.5933380126953,182.97999572753906,186.13999938964844,182.82000732421875,186.13999938964844,1792200
2025-12-09,181.76205444335938,183.14999389648438,184.3000030517578,182.75,183.1699981689453,1268900
2025-12-10,184.1339569091797,185.5399932861328,186.10000610351562,182.69000244140625,183.14999389648438,1490000
2025-12-11,187.39901733398438,188.8300018310547,189.1199951171875,185.6199951171875,185.72999572753906,1451600
2025-12-12,186.10887145996094,187.52999877929688,189.2899932861328,186.30999755859375,188.91000366210938,2842400
2025-12-15,187.0218963623047,188.4499969482422,190.82000732421875,187.52999877929688,189.47999572753906,3705200
2025-12-16,186.19818115234375,187.6199951171875,189.32000732421875,186.6699981689453,189.16000366210938,2215800
2025-12-17,185.9500732421875,187.3699951171875,189.55999755859375,186.77000427246094,186.97999572753906,2531900
2025-12-18,188.4509735107422,189.88999938964844,196.0500030517578,186.52000427246094,192.0800018310547,3081200
2025-12-19,186.14857482910156,187.57000732421875,189.60000610351562,186.86000061035156,189.60000610351562,7257400
2025-12-22,190.53506469726562,191.99000549316406,193.30999755859375,186.3800048828125,186.61000061035156,1773400
2025-12-23,189.2151641845703,190.66000366210938,192.7899932861328,189.86000061035156,191.99000549316406,1380400
2025-12-24,189.731201171875,191.17999267578125,191.5399932861328,190.19000244140625,190.19000244140625,598700
2025-12-26,189.69149780273438,191.13999938964844,191.86000061035156,190.3000030517578,190.75,604700
2025-12-29,189.59225463867188,191.0399932861328,192.22000122070312,190.1999969482422,191.57000732421875,961000
2025-12-30,188.90750122070312,190.35000610351562,191.32000732421875,189.67999267578125,190.25,791900
2025-12-31,186.64479064941406,188.07000732421875,190.6199951171875,188.0399932861328,190.25999450683594,969600
2026-01-02,183.4789581298828,184.8800048828125,187.58999633789062,184.4600067138672,187.5800018310547,1372300
2026-01-05,184.0545654296875,185.4600067138672,187.25,183.13999938964844,184.14999389648438,1393800
2026-01-06,185.96002197265625,187.3800048828125,188.16000366210938,184.25999450683594,184.86000061035156,1484800
2026-01-07,185.28514099121094,186.6999969482422,189.19000244140625,186.13999938964844,187.86000061035156,1760700
2026-01-08,188.81817626953125,190.25999450683594,190.32000732421875,185.72000122070312,185.8800048828125,1642200
2026-01-09,191.656494140625,193.1199951171875,194.47000122070312,189.66000366210938,189.66000366210938,1814500
2026-01-12,191.5671844482422,193.02999877929688,194.72999572753906,192.1699981689453,192.50999450683594,1601200
2026-01-13,191.25955200195312,192.72000122070312,194.27000427246094,190.0399932861328,193.35000610351562,1649000
2026-01-14,192.75808715820312,194.22999572753906,195.6699981689453,192.02000427246094,194.5399932861328,1745500
2026-01-15,194.0978546142578,195.5800018310547,197.22000122070312,194.10000610351562,195.41000366210938,1830400
2026-01-16,193.9390869140625,195.4199981689453,196.1300048828125,193.67999267578125,196.1300048828125,2712100
2026-01-20,192.2718048095703,193.74000549316406,194.77999877929688,192.64999389648438,193.5399932861328,2582200
2026-01-21,193.92916870117188,195.41000366210938,197.47000122070312,192.88999938964844,193.6999969482422,2125100
2026-01-22,191.6068878173828,193.07000732421875,196.47000122070312,192.4499969482422,195.77999877929688,1810900
2026-01-23,191.4977264404297,192.9600067138672,195.0500030517578,192.44000244140625,193.07000732421875,1404100
2026-01-26,192.42068481445312,193.88999938964844,194.82000732421875,192.52999877929688,192.74000549316406,1581600
2026-01-27,189.760986328125,191.2100067138672,193.22999572753906,190.83999633789062,192.4199981689453,1053400
2026-01-28,187.7265167236328,189.16000366210938,190.97999572753906,188.8000030517578,190.5399932861328,1379000
2026-01-29,188.21279907226562,189.64999389648438,191.0500030517578,188.0500030517578,188.97000122070312,1414000
2026-01-30,189.9396209716797,191.38999938964844,191.67999267578125,188.50999450683594,189.14999389648438,1782200
2026-02-02,189.4632568359375,190.91000366210938,192.38999938964844,188.64999389648438,190.97000122070312,1882700
2026-02-03,189.2846221923828,190.72999572753906,191.13999938964844,186.13999938964844,187.6999969482422,3030400
2026-02-04,191.15036010742188,192.61000061035156,194.86000061035156,190.38999938964844,191.85000610351562,2962300
2026-02-05,192.63900756835938,194.11000061035156,196.89999389648438,192.38999938964844,193.6300048828125,2261000
2026-02-06,194.3856658935547,195.8699951171875,196.3300018310547,193.92999267578125,194.27999877929688,1689500
2026-02-09,193.28407287597656,194.75999450683594,196.8000030517578,194.6199951171875,196.0500030517578,1540800
2026-02-10,197.79959106445312,199.30999755859375,202.10000610351562,194.35000610351562,194.35000610351562,2558400
2026-02-11,198.84164428710938,200.36000061035156,202.5,199.39999389648438,199.47000122070312,1831500
2026-02-12,194.61392211914062,196.10000610351562,202.35000610351562,194.72999572753906,200.24000549316406,2261200
2026-02-13,192.41563415527344,193.44000244140625,197.49000549316406,192.35000610351562,196.10000610351562,1913800
2026-02-17,193.88778686523438,194.9199981689453,197.27000427246094,193.74000549316406,193.74000549316406,1392300
2026-02-18,195.36990356445312,196.41000366210938,196.52999877929688,193.19000244140625,195.25,1032800
2026-02-19,196.92164611816406,197.97000122070312,198.14999389648438,196.27000427246094,196.5500030517578,1613400
2026-02-20,198.96078491210938,200.02000427246094,200.1300048828125,195.86000061035156,195.86000061035156,1800400
2026-02-23,197.2797393798828,198.3300018310547,200.6999969482422,197.72000122070312,199.94000244140625,1339400
2026-02-24,197.49855041503906,198.5500030517578,199.72000122070312,197.1999969482422,197.89999389648438,1858500
2026-02-25,195.73793029785156,196.77999877929688,199.2100067138672,196.30999755859375,198.42999267578125,2807200
2026-02-26,197.22998046875,198.27999877929688,200.0800018310547,196.94000244140625,198.07000732421875,2107600
2026-02-27,200.06491088867188,201.1300048828125,203.0,196.9499969482422,198.89999389648438,2116400
2026-03-02,200.53240966796875,201.60000610351562,202.4199981689453,198.5800018310547,200.2899932861328,1200500
2026-03-03,200.482666015625,201.5500030517578,203.0,198.66000366210938,201.39999389648438,1502600
2026-03-04,199.06024169921875,200.1199951171875,202.77999877929688,199.75999450683594,201.24000549316406,1398000
2026-03-05,203.4468994140625,204.52999877929688,209.0800018310547,196.5,199.1999969482422,3984600
2026-03-06,202.53176879882812,203.61000061035156,206.52999877929688,200.77000427246094,204.94000244140625,2396000
2026-03-09,199.70681762695312,200.77000427246094,203.44000244140625,198.10000610351562,203.1999969482422,1949000
2026-03-10,195.24058532714844,196.27999877929688,199.97000122070312,194.41000366210938,199.30999755859375,2041200
2026-03-11,197.2896728515625,198.33999633789062,203.42999267578125,191.35000610351562,194.72000122070312,5047200
2026-03-12,192.236572265625,193.25999450683594,200.0800018310547,193.0,198.0399932861328,3086700
2026-03-13,193.2511749267578,194.27999877929688,195.6199951171875,192.1199951171875,194.3800048828125,2265000
2026-03-16,191.71932983398438,192.74000549316406,195.44000244140625,192.27000427246094,194.4600067138672,1732900
2026-03-17,191.81878662109375,192.83999633789062,195.13999938964844,192.0,193.63999938964844,1687700
2026-03-18,184.45799255371094,185.44000244140625,192.42999267578125,185.02000427246094,190.89999389648438,3467600
2026-03-19,180.8671112060547,181.8300018310547,186.52999877929688,178.63999938964844,185.38999938964844,2912700
2026-03-20,178.39028930664062,179.33999633789062,183.52999877929688,177.94000244140625,181.80999755859375,3838500
2026-03-23,180.25039672851562,181.2100067138672,184.3300018310547,180.0,181.6999969482422,2692500
2026-03-24,177.1866912841797,178.1300048828125,181.25999450683594,177.52999877929688,181.25999450683594,2328100
2026-03-25,175.91348266601562,176.85000610351562,186.0500030517578,173.58999633789062,184.17999267578125,3210700
2026-03-26,167.9558563232422,168.85000610351562,176.47000122070312,168.02000427246094,176.47000122070312,3606600
2026-03-27,164.83248901367188,165.7100067138672,168.7899932861328,165.60000610351562,167.97999572753906,2689000
2026-03-30,167.766845703125,168.66000366210938,170.30999755859375,166.25,167.11000061035156,3084600
2026-03-31,168.2443084716797,169.13999938964844,169.97999572753906,166.22999572753906,169.44000244140625,3685100
2026-04-01,171.1289520263672,172.0399932861328,172.67999267578125,167.5500030517578,167.8000030517578,2962600
2026-04-02,173.41676330566406,174.33999633789062,175.27000427246094,170.24000549316406,170.5800018310547,2387500
2026-04-06,170.7808074951172,171.69000244140625,174.97000122070312,171.55999755859375,173.42999267578125,1697200
2026-04-07,169.37826538085938,170.27999877929688,172.4600067138672,168.99000549316406,172.02999877929688,2484200
2026-04-08,173.66543579101562,174.58999633789062,176.7899932861328,171.57000732421875,171.57000732421875,2474500
2026-04-09,173.22776794433594,174.14999389648438,174.32000732421875,172.14999389648438,173.27999877929688,1795500
2026-04-10,174.00363159179688,174.92999267578125,175.64999389648438,173.1699981689453,173.99000549316406,2351500
2026-04-13,174.74966430664062,175.67999267578125,176.38999938964844,173.6199951171875,174.92999267578125,1869600
2026-04-14,175.2072296142578,176.13999938964844,176.63999938964844,174.80999755859375,175.67999267578125,2061800
2026-04-15,175.52554321289062,176.4600067138672,177.27999877929688,174.8300018310547,175.9600067138672,2253400
2026-04-16,176.57994079589844,177.52000427246094,178.74000549316406,176.44000244140625,176.49000549316406,1754200
2026-04-17,178.22119140625,179.1699981689453,180.6999969482422,177.5,179.3300018310547,1619500
2026-04-20,177.74374389648438,178.69000244140625,180.24000549316406,177.6699981689453,178.4600067138672,1681400
2026-04-21,175.32659912109375,176.25999450683594,179.1699981689453,175.27999877929688,177.89999389648438,1991000
2026-04-22,173.73507690429688,174.66000366210938,176.85000610351562,173.5399932861328,176.32000732421875,1404800
2026-04-23,176.6793975830078,177.6199951171875,178.25,174.0,174.22999572753906,2310100
2026-04-24,174.968505859375,175.89999389648438,177.02999877929688,173.4199981689453,176.0500030517578,1589900
2026-04-27,173.11834716796875,174.0399932861328,176.52000427246094,173.61000061035156,175.27000427246094,1771700
2026-04-28,173.2974090576172,174.22000122070312,175.72999572753906,172.24000549316406,174.75999450683594,1798700
2026-04-29,173.02882385253906,173.9499969482422,174.3699951171875,170.7100067138672,173.2100067138672,1601900
2026-04-30,173.78482055664062,174.7100067138672,175.42999267578125,173.1300048828125,173.6999969482422,2808500
2026-05-01,168.71180725097656,169.61000061035156,176.86000061035156,169.3000030517578,175.91000366210938,1574400
2026-05-04,166.0062255859375,166.88999938964844,169.25999450683594,165.72999572753906,168.72999572753906,1730800
2026-05-05,168.3537139892578,169.25,170.25999450683594,165.4600067138672,166.88999938964844,1639500
2026-05-06,168.46315002441406,169.36000061035156,172.2100067138672,168.7100067138672,169.30999755859375,3357900
2026-05-07,169.1395263671875,170.0399932861328,171.88999938964844,168.05999755859375,168.74000549316406,1836700
2026-05-08,166.08580017089844,166.97000122070312,171.02999877929688,166.77000427246094,170.0399932861328,1565400
2026-05-11,163.7979736328125,164.6699981689453,167.10000610351562,163.4499969482422,166.77999877929688,2055700
2026-05-12,164.54400634765625,165.4199981689453,167.77000427246094,164.6699981689453,166.22000122070312,1986400
2026-05-13,162.68389892578125,163.5500030517578,165.63999938964844,161.16000366210938,164.1699981689453,1873400
2026-05-14,165.07119750976562,165.9499969482422,166.08999633789062,163.66000366210938,163.74000549316406,1691200
2026-05-15,167.87391662597656,168.30999755859375,169.4600067138672,166.25999450683594,167.47999572753906,2762900
2026-05-18,174.05784606933594,174.50999450683594,175.13999938964844,168.35000610351562,168.35000610351562,2192200
2026-05-19,171.7538299560547,172.1999969482422,176.0,171.75999450683594,174.2899932861328,1943100
2026-05-20,170.916015625,171.36000061035156,171.6699981689453,169.3000030517578,171.38999938964844,1705400
2026-05-21,171.91342163085938,172.36000061035156,174.19000244140625,169.7899932861328,171.25999450683594,1863700
2026-05-22,172.48193359375,172.92999267578125,174.99000549316406,171.50999450683594,172.30999755859375,1338500
2026-05-26,170.64671325683594,171.08999633789062,172.72000122070312,170.22999572753906,172.3800048828125,1384300
2026-05-27,169.41990661621094,169.86000061035156,172.7899932861328,168.66000366210938,171.08999633789062,2775100
2026-05-28,172.61160278320312,173.05999755859375,173.83999633789062,168.7100067138672,169.08999633789062,2147300
2026-05-29,170.81626892089844,171.25999450683594,173.0,170.32000732421875,171.60000610351562,4257500
2026-06-01,172.45201110839844,172.89999389648438,174.25,169.64999389648438,170.75,1904200
2026-06-02,172.8609619140625,173.30999755859375,173.61000061035156,168.33999633789062,171.08999633789062,2775500
2026-06-03,174.26730346679688,174.72000122070312,174.80999755859375,171.9499969482422,172.1199951171875,1934700
2026-06-04,179.49374389648438,179.9600067138672,180.44000244140625,177.72000122070312,178.75,2498600
2026-06-05,179.38401794433594,179.85000610351562,182.72999572753906,179.19000244140625,181.4600067138672,2508500
2026-06-08,173.2000732421875,173.64999389648438,178.6699981689453,173.5,177.86000061035156,2410100
2026-06-09,179.40396118164062,179.8699951171875,180.27000427246094,173.4199981689453,173.6699981689453,1950200
2026-06-10,179.93258666992188,180.39999389648438,182.27000427246094,178.60000610351562,180.1300048828125,2538000
2026-06-11,181.4087677001953,181.8800048828125,184.47999572753906,178.49000549316406,180.9499969482422,2455200
2026-06-12,175.82327270507812,176.27999877929688,182.5,174.97999572753906,181.8800048828125,2055200
2026-06-15,174.28726196289062,174.74000549316406,176.97000122070312,173.47999572753906,174.47000122070312,1914100
2026-06-16,176.25216674804688,176.7100067138672,176.94000244140625,174.24000549316406,175.97999572753906,2756300
2026-06-17,169.20046997070312,169.63999938964844,177.36000061035156,168.85000610351562,174.8800048828125,2588600
2026-06-18,170.4073486328125,170.85000610351562,172.1999969482422,168.3800048828125,169.19000244140625,4135700
2026-06-22,169.01095581054688,169.4499969482422,171.14999389648438,168.5800018310547,169.3800048828125,1363300
2026-06-23,168.36265563964844,168.8000030517578,172.74000549316406,167.86000061035156,172.5800018310547,1687100
2026-06-24,170.48712158203125,170.92999267578125,172.67999267578125,169.00999450683594,169.55999755859375,1889300
2026-06-25,168.65188598632812,169.08999633789062,173.39999389648438,168.91000366210938,170.32000732421875,1250400
2026-06-26,171.45460510253906,171.89999389648438,172.4499969482422,170.27999877929688,170.4199981689453,2941800
2026-06-29,168.6419219970703,169.0800018310547,172.7100067138672,168.14999389648438,172.14999389648438,1707700
2026-06-30,169.6393280029297,170.0800018310547,170.50999450683594,167.82000732421875,168.35000610351562,1859900
2026-07-01,173.77857971191406,174.22999572753906,176.86000061035156,170.8699951171875,171.57000732421875,1763200
2026-07-02,180.9000701904297,181.3699951171875,181.7100067138672,174.8300018310547,175.11000061035156,2421400
2026-07-06,177.7781982421875,178.24000549316406,181.35000610351562,177.27999877929688,181.35000610351562,1941000
2026-07-07,181.35888671875,181.8300018310547,183.36000061035156,180.49000549316406,181.33999633789062,1954500
2026-07-08,179.70318603515625,180.1699981689453,183.14999389648438,180.0,181.8300018310547,2385600
2026-07-09,177.2296142578125,177.69000244140625,179.08999633789062,176.3000030517578,178.1999969482422,2244300
2026-07-10,179.174560546875,179.63999938964844,179.8699951171875,177.5500030517578,177.9600067138672,1333600
2026-07-13,183.27391052246094,183.75,184.13999938964844,181.0800018310547,181.08999633789062,1955300
2026-07-14,183.8524169921875,184.3300018310547,184.6699981689453,180.85000610351562,181.5500030517578,3092700
2026-07-15,191.87156677246094,192.3699951171875,196.69000244140625,186.0,187.99000549316406,4510600
2026-07-16,205.7156219482422,206.25,207.08999633789062,197.1199951171875,198.74000549316406,4245300
2026-07-17,203.92027282714844,204.4499969482422,209.72000122070312,201.55999755859375,207.1699981689453,3134400
2026-07-20,201.2771453857422,201.8000030517578,204.3800048828125,200.16000366210938,203.5,2337100
2026-07-21,199.8907470703125,200.41000366210938,201.07000732421875,196.0,199.19000244140625,2463600
2026-07-22,200.83828735351562,201.36000061035156,202.60000610351562,198.75,202.60000610351562,2591800
2026-07-23,202.723388671875,203.25,204.0500030517578,199.8800048828125,200.5399932861328,2454700
2026-07-24,205.37649536132812,205.91000366210938,206.64999389648438,202.02999877929688,202.27999877929688,2003500
2026-07-27,210.433349609375,210.97999572753906,211.72000122070312,206.35000610351562,207.00999450683594,2261000
2026-07-28,214.34320068359375,214.89999389648438,218.63999938964844,213.5800018310547,214.3699951171875,3660800
2026-07-29,215.96897888183594,216.52999877929688,219.1699981689453,213.5399932861328,214.89999389648438,2755100
2026-07-30,206.25421142578125,206.7899932861328,211.05999755859375,204.8300018310547,210.67999267578125,3291000
2026-07-31,204.09982299804688,204.6300048828125,206.22000122070312,202.47999572753906,205.25,2233700
2026-08-03,203.48141479492188,204.00999450683594,208.77999877929688,203.6699981689453,207.47000122070312,2093600
2026-08-04,203.12234497070312,203.64999389648438,204.6699981689453,200.97000122070312,203.25999450683594,2653200
2026-08-05,200.878173828125,201.39999389648438,204.75,199.6999969482422,204.0,2460500
2026-08-06,201.62623596191406,202.14999389648438,203.92999267578125,199.38999938964844,202.86000061035156,1680900
2026-08-07,202.52391052246094,203.0500030517578,204.0,200.22999572753906,200.6300048828125,1569000
2026-08-10,202.18479919433594,202.7100067138672,203.5800018310547,200.89999389648438,201.69000244140625,1834200
2026-08-11,204.7481231689453,205.27999877929688,206.9199981689453,202.08999633789062,202.08999633789062,1785600
2026-08-12,202.9827117919922,203.50999450683594,205.2100067138672,200.0399932861328,202.6199951171875,1266900
2026-08-13,200.17999267578125,200.6999969482422,205.38999938964844,200.5800018310547,204.6199951171875,1310100
2026-08-14,199.52000427246094,199.52000427246094,201.02000427246094,198.83999633789062,200.49000549316406,1612800
2026-08-17,197.82000732421875,197.82000732421875,199.8699951171875,196.5,197.8800048828125,2249000
2026-08-18,199.4499969482422,199.4499969482422,201.30999755859375,199.07000732421875,200.9499969482422,1837100
2026-08-19,203.0800018310547,203.0800018310547,205.8800048828125,200.02999877929688,200.6199951171875,1606800
2026-08-20,203.52000427246094,203.52000427246094,204.30999755859375,201.44000244140625,202.4199981689453,2028300
2026-08-21,203.7899932861328,203.7899932861328,204.86000061035156,202.33999633789062,203.52000427246094,1731600
2026-08-24,207.39999389648438,207.39999389648438,207.50999450683594,204.52999877929688,205.3699951171875,1819800
