Date,Adj Close,Close,High,Low,Open,Volume
2015-01-02,29.458070755004883,39.849998474121094,40.119998931884766,39.68000030517578,39.869998931884766,2560200
2015-01-05,29.169776916503906,39.459999084472656,39.720001220703125,39.290000915527344,39.58000183105469,3082600
2015-01-06,29.01454734802246,39.25,39.880001068115234,39.06999969482422,39.65999984741211,3045600
2015-01-07,29.86465072631836,40.400001525878906,40.43000030517578,39.5,39.540000915527344,3817500
2015-01-08,30.404294967651367,41.130001068115234,41.150001525878906,40.5,40.5,8417200
2015-01-09,30.49298095703125,41.25,41.45000076293945,40.849998474121094,40.900001525878906,4395500
2015-01-12,30.212085723876953,40.869998931884766,41.380001068115234,40.7599983215332,41.25,2643300
2015-01-13,30.123382568359375,40.75,41.40999984741211,40.41999816894531,41.060001373291016,3107800
2015-01-14,29.768550872802734,40.27000045776367,40.599998474121094,40.02000045776367,40.56999969482422,4778000
2015-01-15,29.761154174804688,40.2599983215332,40.599998474121094,40.18000030517578,40.41999816894531,3347900
2015-01-16,29.583738327026367,40.02000045776367,40.540000915527344,39.97999954223633,40.150001525878906,6454100
2015-01-20,29.243698120117188,39.560001373291016,40.34000015258789,39.41999816894531,40.09000015258789,6785700
2015-01-21,29.7833251953125,40.290000915527344,40.400001525878906,39.45000076293945,39.5,5527900
2015-01-22,30.079021453857422,40.689998626708984,40.90999984741211,40.27000045776367,40.560001373291016,4210600
2015-01-23,30.293411254882812,40.97999954223633,41.2400016784668,40.56999969482422,40.7400016784668,3494200
2015-01-26,30.256433486938477,40.93000030517578,41.06999969482422,40.709999084472656,40.900001525878906,2546200
2015-01-27,30.086416244506836,40.70000076293945,40.880001068115234,40.29999923706055,40.56999969482422,2969600
2015-01-28,29.64287567138672,40.099998474121094,41.09000015258789,40.0099983215332,40.880001068115234,3069100
2015-01-29,29.495033264160156,39.900001525878906,40.119998931884766,39.650001525878906,39.93000030517578,4653300
2015-01-30,28.955402374267578,39.16999816894531,39.810001373291016,39.13999938964844,39.65999984741211,5121900
2015-02-02,28.408374786376953,38.43000030517578,39.560001373291016,38.02000045776367,39.34000015258789,9498600
2015-02-03,29.228912353515625,39.540000915527344,39.63999938964844,38.689998626708984,38.72999954223633,7456900
2015-02-04,29.465476989746094,39.86000061035156,40.25,39.5,39.5,4728700
2015-02-05,29.47286033630371,39.869998931884766,40.220001220703125,39.77000045776367,39.90999984741211,3796500
2015-02-06,29.75376319885254,40.25,40.310001373291016,39.70000076293945,39.7599983215332,5046400
2015-02-09,29.64287567138672,40.099998474121094,40.47999954223633,39.9900016784668,40.34000015258789,4322000
2015-02-10,29.42110824584961,39.79999923706055,40.41999816894531,39.7400016784668,40.22999954223633,5001000
2015-02-11,28.770591735839844,38.91999816894531,39.959999084472656,38.66999816894531,39.810001373291016,11706700
2015-02-12,29.317617416381836,39.65999984741211,39.779998779296875,38.91999816894531,38.93000030517578,6681600
2015-02-13,29.228912353515625,39.540000915527344,39.63999938964844,39.380001068115234,39.529998779296875,2609200
2015-02-17,29.2510929107666,39.56999969482422,39.65999984741211,39.09000015258789,39.36000061035156,2842900
2015-02-18,29.502424240112305,39.90999984741211,40.130001068115234,39.5,39.61000061035156,5376700
2015-02-19,28.504478454589844,38.560001373291016,39.849998474121094,38.4900016784668,39.81999969482422,9784400
2015-02-20,29.317617416381836,39.65999984741211,39.70000076293945,38.40999984741211,38.470001220703125,12301200
2015-02-23,29.273277282714844,39.599998474121094,39.83000183105469,39.5,39.70000076293945,4582500
2015-02-24,29.228912353515625,39.540000915527344,39.630001068115234,39.25,39.47999954223633,3188800
2015-02-25,29.177169799804688,39.470001220703125,39.779998779296875,39.33000183105469,39.720001220703125,2123000
2015-02-26,28.933225631713867,39.13999938964844,39.529998779296875,39.099998474121094,39.470001220703125,4417500
2015-02-27,28.822343826293945,38.9900016784668,39.439998626708984,38.959999084472656,39.15999984741211,4243400
2015-03-02,28.80756378173828,38.970001220703125,39.09000015258789,38.7599983215332,38.9900016784668,4895900
2015-03-03,28.755817413330078,38.900001525878906,38.900001525878906,38.63999938964844,38.869998931884766,3770200
2015-03-04,28.68928337097168,38.810001373291016,39.029998779296875,38.59000015258789,38.86000061035156,5112100
2015-03-05,28.9184513092041,39.119998931884766,39.279998779296875,38.88999938964844,39.060001373291016,5057800
2015-03-06,28.571008682250977,38.650001525878906,38.88999938964844,38.5099983215332,38.810001373291016,4098000
2015-03-09,28.785383224487305,38.939998626708984,39.040000915527344,38.630001068115234,38.650001525878906,3909500
2015-03-10,28.423158645629883,38.45000076293945,38.7599983215332,38.38999938964844,38.7599983215332,3507600
2015-03-11,28.38620376586914,38.400001525878906,38.5099983215332,38.209999084472656,38.41999816894531,3029200
2015-03-12,28.6818904876709,38.79999923706055,38.79999923706055,38.459999084472656,38.459999084472656,3087400
2015-03-13,28.511882781982422,38.56999969482422,38.70000076293945,38.310001373291016,38.65999984741211,2864800
2015-03-16,28.615360260009766,38.709999084472656,38.7400016784668,38.4900016784668,38.68000030517578,3000800
2015-03-17,28.489702224731445,38.540000915527344,38.70000076293945,38.41999816894531,38.5099983215332,2045900
2015-03-18,28.49709129333496,38.54999923706055,38.72999954223633,38.0099983215332,38.47999954223633,4607400
2015-03-19,28.23836326599121,38.20000076293945,38.459999084472656,38.0099983215332,38.459999084472656,3086800
2015-03-20,28.548830032348633,38.619998931884766,38.75,38.310001373291016,38.310001373291016,4746200
2015-03-23,28.578401565551758,38.65999984741211,38.900001525878906,38.59000015258789,38.619998931884766,2766300
2015-03-24,28.267929077148438,38.2400016784668,38.869998931884766,38.2400016784668,38.65999984741211,2950500
2015-03-25,28.09050750732422,38.0,38.59000015258789,37.9900016784668,38.400001525878906,3431500
2015-03-26,28.001798629760742,37.880001068115234,38.06999969482422,37.810001373291016,38.0,2960100
2015-03-27,28.20878791809082,38.15999984741211,38.29999923706055,37.869998931884766,37.869998931884766,3763800
2015-03-30,28.28271484375,38.2599983215332,38.34000015258789,38.029998779296875,38.189998626708984,2859900
2015-03-31,28.11133575439453,37.72999954223633,37.97999954223633,37.709999084472656,37.90999984741211,3112500
2015-04-01,27.96233367919922,37.529998779296875,37.54999923706055,37.099998474121094,37.5099983215332,3717800
2015-04-02,28.044288635253906,37.63999938964844,38.029998779296875,37.5099983215332,37.540000915527344,2986800
2015-04-06,28.18584632873535,37.83000183105469,37.959999084472656,37.52000045776367,37.54999923706055,3914800
2015-04-07,28.290164947509766,37.970001220703125,38.2400016784668,37.84000015258789,37.86000061035156,2843900
2015-04-08,28.424280166625977,38.150001525878906,38.27000045776367,37.95000076293945,37.970001220703125,2822500
2015-04-09,28.439167022705078,38.16999816894531,38.279998779296875,38.040000915527344,38.099998474121094,2190700
2015-04-10,28.439167022705078,38.16999816894531,38.310001373291016,38.040000915527344,38.15999984741211,2557900
2015-04-13,28.021936416625977,37.61000061035156,38.16999816894531,37.56999969482422,38.11000061035156,4033700
2015-04-14,28.163501739501953,37.79999923706055,37.83000183105469,37.529998779296875,37.630001068115234,2013500
2015-04-15,28.059185028076172,37.65999984741211,38.0,37.630001068115234,37.810001373291016,1683300
2015-04-16,27.80587387084961,37.31999969482422,37.650001525878906,37.16999816894531,37.5,2812700
2015-04-17,27.813312530517578,37.33000183105469,37.41999816894531,37.0099983215332,37.08000183105469,3618700
2015-04-20,27.790969848632812,37.29999923706055,37.84000015258789,37.279998779296875,37.470001220703125,2862300
2015-04-21,28.014482498168945,37.599998474121094,37.70000076293945,37.279998779296875,37.33000183105469,2353200
2015-04-22,28.036832809448242,37.630001068115234,37.72999954223633,37.31999969482422,37.619998931884766,3977200
2015-04-23,28.27525520324707,37.95000076293945,38.099998474121094,37.5099983215332,37.599998474121094,3361100
2015-04-24,28.260366439819336,37.93000030517578,38.06999969482422,37.7400016784668,37.95000076293945,2925200
2015-04-27,28.14115333557129,37.77000045776367,38.130001068115234,37.72999954223633,37.93000030517578,2814600
2015-04-28,28.10390281677246,37.720001220703125,37.90999984741211,37.52000045776367,37.72999954223633,1672500
2015-04-29,27.887828826904297,37.43000030517578,37.709999084472656,37.380001068115234,37.59000015258789,2383500
2015-04-30,27.589801788330078,37.029998779296875,37.459999084472656,36.849998474121094,37.380001068115234,4295200
2015-05-01,27.68665313720703,37.15999984741211,37.2400016784668,36.849998474121094,37.119998931884766,3928200
2015-05-04,27.321571350097656,36.66999816894531,37.45000076293945,36.599998474121094,36.79999923706055,5410400
2015-05-05,26.911788940429688,36.119998931884766,36.52000045776367,36.02000045776367,36.5,8045900
2015-05-06,26.80002784729004,35.970001220703125,36.2400016784668,35.84000015258789,36.15999984741211,5775700
2015-05-07,27.09804916381836,36.369998931884766,36.560001373291016,35.86000061035156,35.970001220703125,3509300
2015-05-08,27.276870727539062,36.61000061035156,36.709999084472656,36.5099983215332,36.59000015258789,2663400
2015-05-11,27.187458038330078,36.4900016784668,36.709999084472656,36.369998931884766,36.52000045776367,2177900
2015-05-12,27.276870727539062,36.61000061035156,36.70000076293945,36.310001373291016,36.36000061035156,2430000
2015-05-13,27.455690383911133,36.849998474121094,36.939998626708984,36.61000061035156,36.619998931884766,3188200
2015-05-14,27.887828826904297,37.43000030517578,37.47999954223633,36.91999816894531,37.0,3854900
2015-05-15,27.76861572265625,37.27000045776367,37.47999954223633,37.2599983215332,37.36000061035156,3141100
2015-05-18,27.932527542114258,37.4900016784668,37.58000183105469,37.15999984741211,37.279998779296875,2639400
2015-05-19,28.53603172302246,38.29999923706055,38.47999954223633,37.95000076293945,38.209999084472656,6950000
2015-05-20,28.364669799804688,38.06999969482422,38.349998474121094,37.93000030517578,38.310001373291016,2864600
2015-05-21,28.387025833129883,38.099998474121094,38.2400016784668,37.790000915527344,38.02000045776367,2262700
2015-05-22,28.066646575927734,37.66999816894531,38.029998779296875,37.66999816894531,37.9900016784668,1985100
2015-05-26,27.925079345703125,37.47999954223633,37.720001220703125,37.38999938964844,37.58000183105469,2623100
2015-05-27,27.97723388671875,37.54999923706055,37.61000061035156,37.310001373291016,37.47999954223633,1610100
2015-05-28,27.75370979309082,37.25,37.56999969482422,37.209999084472656,37.540000915527344,2315900
2015-05-29,27.68665313720703,37.15999984741211,37.310001373291016,37.099998474121094,37.2400016784668,4846300
2015-06-01,27.738813400268555,37.22999954223633,37.41999816894531,37.06999969482422,37.209999084472656,4107900
2015-06-02,27.790969848632812,37.29999923706055,37.40999984741211,37.040000915527344,37.220001220703125,3209500
2015-06-03,27.99213409423828,37.56999969482422,37.599998474121094,37.15999984741211,37.459999084472656,3835300
2015-06-04,27.95487403869629,37.52000045776367,37.61000061035156,37.349998474121094,37.56999969482422,6661500
2015-06-05,27.634502410888672,37.09000015258789,37.470001220703125,37.029998779296875,37.439998626708984,5086200
2015-06-08,27.612154006958008,37.060001373291016,37.189998626708984,37.0,37.04999923706055,2749200
2015-06-09,27.641948699951172,37.099998474121094,37.599998474121094,37.08000183105469,37.599998474121094,3119600
2015-06-10,27.738813400268555,37.22999954223633,37.439998626708984,37.18000030517578,37.22999954223633,3804900
2015-06-11,27.664310455322266,37.130001068115234,37.459999084472656,37.119998931884766,37.25,6312100
2015-06-12,27.507843017578125,36.91999816894531,37.189998626708984,36.91999816894531,37.130001068115234,5712200
2015-06-15,27.57490348815918,37.0099983215332,37.08000183105469,36.68000030517578,36.709999084472656,3488900
2015-06-16,27.75370979309082,37.25,37.290000915527344,37.0099983215332,37.0099983215332,2199600
2015-06-17,27.798423767089844,37.310001373291016,37.369998931884766,37.0,37.25,3743800
2015-06-18,27.8654727935791,37.400001525878906,37.70000076293945,37.36000061035156,37.41999816894531,3026000
2015-06-19,27.85056495666504,37.380001068115234,37.58000183105469,37.27000045776367,37.290000915527344,3980200
2015-06-22,28.014482498168945,37.599998474121094,37.65999984741211,37.43000030517578,37.5,2041700
2015-06-23,28.007034301757812,37.59000015258789,37.61000061035156,37.45000076293945,37.59000015258789,1965500
2015-06-24,28.871313095092773,38.75,38.9900016784668,37.130001068115234,37.209999084472656,15418800
2015-06-25,28.53603172302246,38.29999923706055,38.709999084472656,38.060001373291016,38.70000076293945,9127700
2015-06-26,28.588191986083984,38.369998931884766,38.43000030517578,38.099998474121094,38.209999084472656,10551300
2015-06-29,27.96978187561035,37.540000915527344,38.41999816894531,37.41999816894531,38.41999816894531,11969300
2015-06-30,27.113561630249023,36.099998474121094,37.27000045776367,35.970001220703125,37.25,16803700
2015-07-01,27.030954360961914,35.9900016784668,36.16999816894531,35.77000045776367,35.900001525878906,11503100
2015-07-02,26.97837257385254,35.91999816894531,36.09000015258789,35.7400016784668,36.0,5430200
2015-07-06,26.79812240600586,35.68000030517578,35.91999816894531,35.5,35.70000076293945,8391000
2015-07-07,27.060991287231445,36.029998779296875,36.13999938964844,35.45000076293945,35.68000030517578,4365700
2015-07-08,27.07600975036621,36.04999923706055,36.220001220703125,35.70000076293945,35.849998474121094,5114100
2015-07-09,27.0384578704834,36.0,36.470001220703125,36.0,36.40999984741211,4578500
2015-07-10,27.07600975036621,36.04999923706055,36.31999969482422,36.0099983215332,36.2599983215332,2521100
2015-07-13,27.12858772277832,36.119998931884766,36.31999969482422,36.06999969482422,36.15999984741211,2975400
2015-07-14,27.166141510009766,36.16999816894531,36.22999954223633,36.0099983215332,36.11000061035156,2633400
2015-07-15,27.060991287231445,36.029998779296875,36.310001373291016,35.970001220703125,36.18000030517578,2385400
2015-07-16,27.143611907958984,36.13999938964844,36.220001220703125,35.97999954223633,36.11000061035156,2213000
2015-07-17,27.30132484436035,36.349998474121094,36.36000061035156,35.959999084472656,36.09000015258789,3565700
2015-07-20,27.241252899169922,36.27000045776367,36.31999969482422,36.029998779296875,36.31999969482422,2839500
2015-07-21,27.263776779174805,36.29999923706055,36.41999816894531,36.13999938964844,36.25,4290800
2015-07-22,27.203691482543945,36.220001220703125,36.40999984741211,36.13999938964844,36.290000915527344,3357600
2015-07-23,27.143611907958984,36.13999938964844,36.33000183105469,36.06999969482422,36.20000076293945,3469900
2015-07-24,27.0384578704834,36.0,36.13999938964844,35.88999938964844,36.13999938964844,3058800
2015-07-27,26.87322235107422,35.779998779296875,35.88999938964844,35.54999923706055,35.88999938964844,4181500
2015-07-28,27.053478240966797,36.02000045776367,36.04999923706055,35.619998931884766,35.84000015258789,3925400
2015-07-29,27.226221084594727,36.25,36.34000015258789,35.9900016784668,36.06999969482422,2742700
2015-07-30,27.083524703979492,36.060001373291016,36.119998931884766,35.91999816894531,36.099998474121094,3172500
2015-07-31,27.27129364013672,36.310001373291016,36.5,36.13999938964844,36.22999954223633,3099200
2015-08-03,27.241252899169922,36.27000045776367,36.36000061035156,35.88999938964844,36.02000045776367,2464100
2015-08-04,27.37643814086914,36.45000076293945,36.470001220703125,36.0,36.279998779296875,8687200
2015-08-05,27.609272003173828,36.7599983215332,36.86000061035156,36.54999923706055,36.630001068115234,6263900
2015-08-06,27.226221084594727,36.25,36.61000061035156,35.970001220703125,36.599998474121094,11785500
2015-08-07,27.736940383911133,36.93000030517578,36.939998626708984,35.72999954223633,35.7599983215332,11239700
2015-08-10,28.232654571533203,37.59000015258789,37.95000076293945,36.90999984741211,37.189998626708984,14246200
2015-08-11,28.51806640625,37.970001220703125,38.119998931884766,37.380001068115234,37.41999816894531,9812300
2015-08-12,29.013763427734375,38.630001068115234,38.77000045776367,37.650001525878906,37.86000061035156,8207700
2015-08-13,28.931156158447266,38.52000045776367,38.790000915527344,38.2400016784668,38.689998626708984,7792200
2015-08-14,31.079208374023438,41.380001068115234,41.869998931884766,38.41999816894531,38.52000045776367,30108300
2015-08-17,30.906461715698242,41.150001525878906,41.369998931884766,40.70000076293945,40.810001373291016,11117400
2015-08-18,30.906461715698242,41.150001525878906,41.34000015258789,41.02000045776367,41.13999938964844,6704900
2015-08-19,30.763757705688477,40.959999084472656,41.150001525878906,40.689998626708984,41.099998474121094,6957500
2015-08-20,30.455812454223633,40.54999923706055,41.02000045776367,40.52000045776367,40.75,6354800
2015-08-21,29.817419052124023,39.70000076293945,40.68000030517578,39.66999816894531,40.47999954223633,7892600
2015-08-24,29.4869384765625,39.2599983215332,39.83000183105469,38.119998931884766,38.7400016784668,13531300
2015-08-25,29.32171058654785,39.040000915527344,40.189998626708984,39.040000915527344,39.97999954223633,9560900
2015-08-26,30.005176544189453,39.95000076293945,40.040000915527344,39.119998931884766,39.79999923706055,8679300
2015-08-27,30.268056869506836,40.29999923706055,40.529998779296875,39.61000061035156,40.20000076293945,5485000
2015-08-28,29.975139617919922,39.90999984741211,40.41999816894531,39.7400016784668,40.25,5344200
2015-08-31,29.945091247558594,39.869998931884766,39.9900016784668,39.58000183105469,39.91999816894531,7574700
2015-09-01,29.35174560546875,39.08000183105469,39.38999938964844,38.86000061035156,39.38999938964844,9320700
2015-09-02,29.86998748779297,39.77000045776367,39.77000045776367,39.15999984741211,39.36000061035156,4627200
2015-09-03,29.975139617919922,39.90999984741211,40.119998931884766,39.689998626708984,39.689998626708984,5137000
2015-09-04,29.71977424621582,39.56999969482422,39.7400016784668,39.31999969482422,39.560001373291016,4840700
2015-09-08,30.095304489135742,40.06999969482422,40.16999816894531,39.77000045776367,40.16999816894531,6046400
2015-09-09,29.742305755615234,39.599998474121094,40.310001373291016,39.529998779296875,40.27000045776367,3918200
2015-09-10,29.569564819335938,39.369998931884766,39.72999954223633,39.220001220703125,39.52000045776367,7886700
2015-09-11,30.005176544189453,39.95000076293945,39.970001220703125,39.16999816894531,39.470001220703125,5034200
2015-09-14,29.952600479125977,39.880001068115234,39.93000030517578,39.5,39.83000183105469,4038100
2015-09-15,29.637147903442383,39.459999084472656,40.029998779296875,39.029998779296875,39.970001220703125,8726000
2015-09-16,29.689727783203125,39.529998779296875,39.59000015258789,39.099998474121094,39.5099983215332,7832100
2015-09-17,29.674713134765625,39.5099983215332,39.86000061035156,39.2400016784668,39.599998474121094,6160000
2015-09-18,29.65218162536621,39.47999954223633,39.72999954223633,38.97999954223633,38.97999954223633,12607400
2015-09-21,29.930070877075195,39.849998474121094,39.939998626708984,39.40999984741211,39.5099983215332,4925600
2015-09-22,29.55453872680664,39.349998474121094,39.630001068115234,39.2400016784668,39.52000045776367,5134900
2015-09-23,29.629638671875,39.45000076293945,39.4900016784668,39.189998626708984,39.439998626708984,4591500
2015-09-24,29.82491683959961,39.709999084472656,39.810001373291016,39.209999084472656,39.31999969482422,7543500
2015-09-25,29.839946746826172,39.72999954223633,40.20000076293945,39.40999984741211,39.88999938964844,7571400
2015-09-28,29.081369400024414,38.720001220703125,39.84000015258789,38.709999084472656,39.63999938964844,6512900
2015-09-29,29.239091873168945,38.93000030517578,39.13999938964844,38.720001220703125,38.880001068115234,5080100
2015-09-30,29.496437072753906,38.970001220703125,39.22999954223633,38.72999954223633,39.029998779296875,4911000
2015-10-01,29.22394371032715,38.61000061035156,38.900001525878906,38.40999984741211,38.720001220703125,5010000
2015-10-02,29.82190704345703,39.400001525878906,39.40999984741211,38.34000015258789,38.36000061035156,4810100
2015-10-05,30.434988021850586,40.209999084472656,40.22999954223633,39.470001220703125,39.599998474121094,7938000
2015-10-06,30.336591720581055,40.08000183105469,40.2599983215332,39.79999923706055,40.13999938964844,6607000
2015-10-07,30.699913024902344,40.560001373291016,40.560001373291016,40.029998779296875,40.13999938964844,4868700
2015-10-08,30.995107650756836,40.95000076293945,40.959999084472656,40.279998779296875,40.5099983215332,4653400
2015-10-09,30.979957580566406,40.93000030517578,41.06999969482422,40.72999954223633,41.0,4582800
2015-10-12,31.214601516723633,41.2400016784668,41.2400016784668,40.869998931884766,40.93000030517578,2845300
2015-10-13,31.214601516723633,41.2400016784668,41.52000045776367,41.0099983215332,41.0099983215332,4876700
2015-10-14,30.61665153503418,40.45000076293945,41.2599983215332,40.29999923706055,41.13999938964844,4294500
2015-10-15,30.873985290527344,40.790000915527344,40.869998931884766,40.41999816894531,40.59000015258789,2733500
2015-10-16,31.358417510986328,41.43000030517578,41.459999084472656,40.810001373291016,40.880001068115234,3156800
2015-10-19,31.350845336914062,41.41999816894531,41.459999084472656,41.11000061035156,41.290000915527344,2577100
2015-10-20,31.101055145263672,41.09000015258789,41.529998779296875,41.040000915527344,41.36000061035156,3055700
2015-10-21,31.441675186157227,41.540000915527344,41.869998931884766,41.0,41.18000030517578,3696100
2015-10-22,31.570341110229492,41.709999084472656,42.029998779296875,41.66999816894531,41.720001220703125,4269000
2015-10-23,31.60818862915039,41.7599983215332,41.939998626708984,41.5099983215332,41.83000183105469,3490200
2015-10-26,31.40382957458496,41.4900016784668,41.79999923706055,41.470001220703125,41.790000915527344,3580000
2015-10-27,31.509780883789062,41.630001068115234,41.65999984741211,41.150001525878906,41.18000030517578,3624000
2015-10-28,31.464378356933594,41.56999969482422,41.86000061035156,41.150001525878906,41.619998931884766,3540000
2015-10-29,31.630891799926758,41.790000915527344,41.95000076293945,41.369998931884766,41.470001220703125,2923300
2015-10-30,31.22216796875,41.25,41.86000061035156,41.25,41.650001525878906,6045500
2015-11-02,31.06321907043457,41.040000915527344,41.209999084472656,40.20000076293945,40.97999954223633,6554800
2015-11-03,31.002674102783203,40.959999084472656,41.0099983215332,40.54999923706055,40.880001068115234,5389800
2015-11-04,30.873985290527344,40.790000915527344,41.470001220703125,40.63999938964844,41.2400016784668,3340200
2015-11-05,31.078353881835938,41.060001373291016,41.15999984741211,40.66999816894531,40.790000915527344,2414500
2015-11-06,30.979957580566406,40.93000030517578,41.0099983215332,40.650001525878906,40.810001373291016,3101600
2015-11-09,30.63178253173828,40.470001220703125,40.91999816894531,40.130001068115234,40.77000045776367,4330700
2015-11-10,30.677196502685547,40.529998779296875,40.720001220703125,40.29999923706055,40.400001525878906,2659900
2015-11-11,30.54853057861328,40.36000061035156,40.529998779296875,40.290000915527344,40.5,4247100
2015-11-12,30.442564010620117,40.220001220703125,40.369998931884766,39.900001525878906,40.18000030517578,4659200
2015-11-13,30.253341674804688,39.970001220703125,40.2599983215332,39.689998626708984,40.130001068115234,7653500
2015-11-16,30.72262954711914,40.59000015258789,40.619998931884766,39.869998931884766,39.970001220703125,3517500
2015-11-17,30.63936424255371,40.47999954223633,40.93000030517578,40.34000015258789,40.599998474121094,2900500
2015-11-18,31.146482467651367,41.150001525878906,41.209999084472656,40.40999984741211,40.470001220703125,3280100
2015-11-19,31.335702896118164,41.400001525878906,42.0,41.2599983215332,41.40999984741211,5467200
2015-11-20,30.97238540649414,40.91999816894531,41.689998626708984,40.880001068115234,41.58000183105469,3563200
2015-11-23,31.335702896118164,41.400001525878906,41.5099983215332,40.9900016784668,41.02000045776367,4785500
2015-11-24,31.27515411376953,41.31999969482422,41.54999923706055,41.0,41.189998626708984,4800700
2015-11-25,31.411394119262695,41.5,41.7400016784668,41.310001373291016,41.31999969482422,2689800
2015-11-27,31.449237823486328,41.54999923706055,41.630001068115234,41.290000915527344,41.52000045776367,1413200
2015-11-30,31.108625411987305,41.099998474121094,41.619998931884766,41.09000015258789,41.52000045776367,4553300
2015-12-01,31.06321907043457,41.040000915527344,41.40999984741211,40.97999954223633,41.34000015258789,5645900
2015-12-02,31.040517807006836,41.0099983215332,41.22999954223633,40.91999816894531,41.04999923706055,2721400
2015-12-03,30.662067413330078,40.5099983215332,41.290000915527344,40.38999938964844,41.06999969482422,5370700
2015-12-04,31.108625411987305,41.099998474121094,41.439998626708984,40.650001525878906,40.650001525878906,5312400
2015-12-07,31.0859375,41.06999969482422,41.33000183105469,40.79999923706055,41.130001068115234,4952000
2015-12-08,31.161611557006836,41.16999816894531,41.310001373291016,40.560001373291016,40.779998779296875,4457900
2015-12-09,31.131338119506836,41.130001068115234,41.369998931884766,40.7400016784668,40.91999816894531,4496700
2015-12-10,31.116214752197266,41.11000061035156,41.279998779296875,40.869998931884766,41.13999938964844,3610900
2015-12-11,30.964818954467773,40.90999984741211,41.08000183105469,40.7599983215332,40.84000015258789,4634200
2015-12-14,31.19189453125,41.209999084472656,41.25,40.77000045776367,40.970001220703125,4547600
2015-12-15,31.138906478881836,41.13999938964844,41.29999923706055,40.93000030517578,40.939998626708984,4271900
2015-12-16,31.441675186157227,41.540000915527344,41.61000061035156,41.02000045776367,41.369998931884766,3492200
2015-12-17,31.22216796875,41.25,41.540000915527344,41.209999084472656,41.540000915527344,4054700
2015-12-18,30.69234275817871,40.54999923706055,41.13999938964844,40.54999923706055,41.02000045776367,7196400
2015-12-21,30.92698097229004,40.86000061035156,40.9900016784668,40.5099983215332,40.7400016784668,3511700
2015-12-22,31.237314224243164,41.27000045776367,41.380001068115234,40.880001068115234,40.97999954223633,4612100
2015-12-23,31.449237823486328,41.54999923706055,41.65999984741211,41.2599983215332,41.47999954223633,2436800
2015-12-24,31.26001739501953,41.29999923706055,41.540000915527344,41.29999923706055,41.43000030517578,938900
2015-12-28,31.418962478637695,41.5099983215332,41.59000015258789,41.189998626708984,41.22999954223633,2137200
2015-12-29,31.434112548828125,41.529998779296875,41.81999969482422,41.470001220703125,41.63999938964844,2133100
2015-12-30,31.381126403808594,41.459999084472656,41.75,41.40999984741211,41.54999923706055,2203000
2015-12-31,31.032943725585938,41.0,41.33000183105469,40.95000076293945,41.25,3417800
2016-01-04,30.73776626586914,40.61000061035156,40.66999816894531,40.279998779296875,40.529998779296875,5885400
2016-01-05,30.760465621948242,40.63999938964844,40.7599983215332,40.31999969482422,40.630001068115234,3855100
2016-01-06,30.653675079345703,40.189998626708984,40.290000915527344,39.84000015258789,40.02000045776367,7391200
2016-01-07,30.348590850830078,39.790000915527344,40.22999954223633,39.709999084472656,39.709999084472656,5704400
2016-01-08,30.356220245361328,39.79999923706055,40.18000030517578,39.75,39.939998626708984,4311100
2016-01-11,30.60029411315918,40.119998931884766,40.33000183105469,39.810001373291016,39.86000061035156,4573400
2016-01-12,31.04266929626465,40.70000076293945,40.709999084472656,40.209999084472656,40.310001373291016,4564000
2016-01-13,30.53927230834961,40.040000915527344,40.869998931884766,40.0,40.70000076293945,4812900
2016-01-14,30.607908248901367,40.130001068115234,40.40999984741211,39.83000183105469,40.16999816894531,5017600
2016-01-15,30.40199089050293,39.86000061035156,39.970001220703125,39.16999816894531,39.29999923706055,6213600
2016-01-19,30.478254318237305,39.959999084472656,40.310001373291016,39.56999969482422,40.13999938964844,4386200
2016-01-20,30.249441146850586,39.65999984741211,40.0,38.84000015258789,39.56999969482422,4772900
2016-01-21,30.0511417388916,39.400001525878906,39.869998931884766,38.959999084472656,39.79999923706055,6134100
2016-01-22,30.196043014526367,39.59000015258789,39.77000045776367,39.33000183105469,39.77000045776367,4372000
2016-01-25,29.822324752807617,39.099998474121094,39.63999938964844,38.970001220703125,39.61000061035156,6492600
2016-01-26,29.936725616455078,39.25,39.61000061035156,39.04999923706055,39.16999816894531,3829700
2016-01-27,29.98248291015625,39.310001373291016,39.599998474121094,39.06999969482422,39.310001373291016,3412100
2016-01-28,30.127399444580078,39.5,39.7599983215332,39.130001068115234,39.43000030517578,4967800
2016-01-29,30.363840103149414,39.810001373291016,39.959999084472656,39.40999984741211,39.56999969482422,6410100
2016-02-01,32.911319732666016,43.150001525878906,43.349998474121094,41.400001525878906,41.75,19429100
2016-02-02,32.636741638183594,42.790000915527344,43.2400016784668,42.349998474121094,42.52000045776367,13275900
2016-02-03,32.97235107421875,43.22999954223633,43.560001373291016,42.7400016784668,43.310001373291016,9384600
2016-02-04,33.13252258300781,43.439998626708984,43.7400016784668,43.0,43.15999984741211,6663100
2016-02-05,32.85030746459961,43.06999969482422,43.970001220703125,42.95000076293945,43.880001068115234,7310500
2016-02-08,32.88844299316406,43.119998931884766,43.209999084472656,42.560001373291016,42.75,6192900
2016-02-09,32.49946212768555,42.61000061035156,43.150001525878906,42.560001373291016,42.779998779296875,6732300
2016-02-10,32.57573318481445,42.709999084472656,43.380001068115234,42.61000061035156,42.95000076293945,6945600
2016-02-11,32.49946212768555,42.61000061035156,42.81999969482422,42.279998779296875,42.470001220703125,4739100
2016-02-12,32.95709991455078,43.209999084472656,43.33000183105469,42.56999969482422,42.77000045776367,4838600
2016-02-16,33.3765869140625,43.7599983215332,43.939998626708984,43.209999084472656,43.279998779296875,5512600
2016-02-17,33.8494758605957,44.380001068115234,44.529998779296875,43.65999984741211,43.93000030517578,4533400
2016-02-18,33.956260681152344,44.52000045776367,44.540000915527344,44.08000183105469,44.400001525878906,4169600
2016-02-19,34.314735412597656,44.9900016784668,45.11000061035156,44.34000015258789,44.36000061035156,5328900
2016-02-22,32.636741638183594,42.790000915527344,44.880001068115234,42.04999923706055,44.54999923706055,16023100
2016-02-23,32.72065353393555,42.900001525878906,43.150001525878906,42.47999954223633,42.849998474121094,5375400
2016-02-24,32.87321090698242,43.099998474121094,43.150001525878906,42.5,42.77000045776367,3690300
2016-02-25,33.22404861450195,43.560001373291016,43.709999084472656,43.0,43.11000061035156,3631100
2016-02-26,32.995235443115234,43.2599983215332,43.7400016784668,42.77000045776367,43.54999923706055,3888100
2016-02-29,33.65879440307617,44.130001068115234,44.31999969482422,43.09000015258789,43.349998474121094,6310100
2016-03-01,33.99440002441406,44.56999969482422,44.790000915527344,44.36000061035156,44.59000015258789,4581600
2016-03-02,34.34523391723633,45.029998779296875,45.06999969482422,44.2599983215332,44.43000030517578,3551200
2016-03-03,34.32235336303711,45.0,45.04999923706055,44.63999938964844,44.79999923706055,2667300
2016-03-04,34.33760452270508,45.02000045776367,45.34000015258789,44.720001220703125,44.810001373291016,2653000
2016-03-07,34.3909912109375,45.09000015258789,45.18000030517578,44.689998626708984,44.810001373291016,2504800
2016-03-08,34.223209381103516,44.869998931884766,45.38999938964844,44.77000045776367,45.040000915527344,3167400
2016-03-09,34.352874755859375,45.040000915527344,45.41999816894531,44.790000915527344,44.869998931884766,3558600
2016-03-10,34.39862823486328,45.099998474121094,45.61000061035156,44.709999084472656,45.27000045776367,6682700
2016-03-11,34.963043212890625,45.84000015258789,46.16999816894531,45.43000030517578,45.54999923706055,4269900
2016-03-14,34.932533264160156,45.79999923706055,45.93000030517578,45.529998779296875,45.630001068115234,3880600
2016-03-15,34.98591995239258,45.869998931884766,46.15999984741211,45.5099983215332,45.599998474121094,3683800
2016-03-16,35.11559295654297,46.040000915527344,46.16999816894531,45.58000183105469,45.790000915527344,2901500
2016-03-17,35.16899108886719,46.11000061035156,46.470001220703125,45.869998931884766,46.08000183105469,3563000
2016-03-18,35.565589904785156,46.630001068115234,46.65999984741211,46.0099983215332,46.130001068115234,9478200
2016-03-21,35.35202407836914,46.349998474121094,46.689998626708984,46.279998779296875,46.40999984741211,3504800
2016-03-22,35.34440231323242,46.34000015258789,46.650001525878906,46.15999984741211,46.25,3959300
2016-03-23,35.35202407836914,46.349998474121094,46.59000015258789,46.09000015258789,46.16999816894531,2954700
2016-03-24,35.26814270019531,46.2400016784668,46.41999816894531,46.099998474121094,46.2400016784668,4348000
2016-03-28,35.26814270019531,46.2400016784668,46.470001220703125,46.13999938964844,46.2599983215332,2512700
2016-03-29,35.435935974121094,46.459999084472656,46.58000183105469,46.029998779296875,46.25,3694500
2016-03-30,35.80449676513672,46.630001068115234,46.779998779296875,46.099998474121094,46.18000030517578,2940100
2016-03-31,35.881263732910156,46.72999954223633,46.900001525878906,46.52000045776367,46.619998931884766,3243900
2016-04-01,36.15001678466797,47.08000183105469,47.150001525878906,46.41999816894531,46.56999969482422,4026500
2016-04-04,36.080909729003906,46.9900016784668,47.150001525878906,46.709999084472656,47.04999923706055,2334600
2016-04-05,35.85824966430664,46.70000076293945,47.150001525878906,46.529998779296875,46.91999816894531,3600300
2016-04-06,36.073238372802734,46.97999954223633,47.08000183105469,46.529998779296875,46.790000915527344,3200400
2016-04-07,35.90431213378906,46.7599983215332,47.16999816894531,46.56999969482422,46.79999923706055,3181700
2016-04-08,36.042510986328125,46.939998626708984,47.04999923706055,46.779998779296875,46.84000015258789,2207000
2016-04-11,35.86591339111328,46.709999084472656,47.2400016784668,46.70000076293945,47.0,2355400
2016-04-12,36.05020523071289,46.95000076293945,47.0,46.63999938964844,46.63999938964844,2286700
2016-04-13,36.165367126464844,47.099998474121094,47.119998931884766,46.72999954223633,47.02000045776367,2874000
2016-04-14,35.78912353515625,46.61000061035156,47.11000061035156,46.56999969482422,47.040000915527344,2914600
2016-04-15,35.95039367675781,46.81999969482422,46.81999969482422,46.31999969482422,46.63999938964844,3374900
2016-04-18,35.99644470214844,46.880001068115234,46.91999816894531,46.540000915527344,46.83000183105469,2550800
2016-04-19,36.073238372802734,46.97999954223633,47.209999084472656,46.75,47.0,2564600
2016-04-20,35.89664077758789,46.75,47.029998779296875,46.709999084472656,46.970001220703125,3017900
2016-04-21,34.998260498046875,45.58000183105469,46.709999084472656,45.56999969482422,46.68000030517578,4886200
2016-04-22,35.14415740966797,45.77000045776367,45.779998779296875,45.189998626708984,45.66999816894531,3085300
2016-04-25,35.551109313964844,46.29999923706055,46.36000061035156,45.709999084472656,45.77000045776367,3219200
2016-04-26,35.551109313964844,46.29999923706055,46.709999084472656,46.220001220703125,46.38999938964844,2061900
2016-04-27,35.63555908203125,46.40999984741211,46.68000030517578,46.08000183105469,46.41999816894531,2384800
2016-04-28,35.5203857421875,46.2599983215332,46.619998931884766,46.15999984741211,46.209999084472656,3242000
2016-04-29,35.37450408935547,46.06999969482422,46.310001373291016,45.83000183105469,46.0099983215332,5061000
2016-05-02,37.32481384277344,48.61000061035156,48.650001525878906,46.790000915527344,46.86000061035156,7711700
2016-05-03,37.24803924560547,48.5099983215332,48.9900016784668,48.33000183105469,48.47999954223633,4571800
2016-05-04,37.255714416503906,48.52000045776367,48.88999938964844,48.310001373291016,48.470001220703125,3847100
2016-05-05,37.52444839477539,48.869998931884766,48.900001525878906,48.150001525878906,48.20000076293945,3152000
2016-05-06,37.90837478637695,49.369998931884766,49.4900016784668,48.7599983215332,48.90999984741211,4107700
2016-05-09,38.177120208740234,49.720001220703125,50.29999923706055,49.439998626708984,49.439998626708984,3833500
2016-05-10,38.522647857666016,50.16999816894531,50.2400016784668,49.7400016784668,49.779998779296875,2574400
2016-05-11,38.561038970947266,50.220001220703125,50.38999938964844,49.97999954223633,50.16999816894531,2683000
2016-05-12,38.530338287353516,50.18000030517578,50.68000030517578,50.0099983215332,50.31999969482422,3612300
2016-05-13,38.507301330566406,50.150001525878906,50.5,49.939998626708984,50.15999984741211,3394100
2016-05-16,38.5533561706543,50.209999084472656,50.5,50.0099983215332,50.11000061035156,2310700
2016-05-17,37.85462951660156,49.29999923706055,50.31999969482422,49.15999984741211,50.0099983215332,4348500
2016-05-18,37.3939323425293,48.70000076293945,49.22999954223633,48.45000076293945,49.08000183105469,4497800
2016-05-19,37.678035736083984,49.06999969482422,49.099998474121094,48.56999969482422,48.619998931884766,3488700
2016-05-20,37.27875518798828,48.54999923706055,49.31999969482422,48.45000076293945,49.130001068115234,4101500
2016-05-23,37.15589904785156,48.38999938964844,48.709999084472656,48.2599983215332,48.54999923706055,3467300
2016-05-24,37.40160369873047,48.709999084472656,48.880001068115234,48.40999984741211,48.54999923706055,3683600
2016-05-25,37.309471130371094,48.59000015258789,48.81999969482422,48.54999923706055,48.75,3948400
2016-05-26,37.50141906738281,48.84000015258789,48.9900016784668,48.619998931884766,48.709999084472656,3471200
2016-05-27,37.36322021484375,48.65999984741211,48.93000030517578,48.41999816894531,48.83000183105469,3323000
2016-05-31,36.94091033935547,48.11000061035156,48.880001068115234,48.099998474121094,48.68000030517578,7958300
2016-06-01,37.47838592529297,48.810001373291016,48.84000015258789,48.119998931884766,48.189998626708984,3972300
2016-06-02,37.43999099731445,48.7599983215332,48.83000183105469,48.5,48.65999984741211,3043300
2016-06-03,37.54749298095703,48.900001525878906,48.90999984741211,48.59000015258789,48.7599983215332,4232800
2016-06-06,37.45535659790039,48.779998779296875,49.13999938964844,48.630001068115234,49.0,3147700
2016-06-07,37.378570556640625,48.68000030517578,48.97999954223633,48.59000015258789,48.63999938964844,2005700
2016-06-08,37.378570556640625,48.68000030517578,48.72999954223633,48.4900016784668,48.72999954223633,2475300
2016-06-09,37.62428283691406,49.0,49.06999969482422,48.63999938964844,48.70000076293945,2396600
2016-06-10,37.45535659790039,48.779998779296875,48.97999954223633,48.5099983215332,48.869998931884766,2423600
2016-06-13,37.18661117553711,48.43000030517578,49.0099983215332,48.34000015258789,48.79999923706055,3221800
2016-06-14,37.21732711791992,48.470001220703125,48.619998931884766,48.209999084472656,48.36000061035156,2857600
2016-06-15,37.36322021484375,48.65999984741211,48.849998474121094,48.439998626708984,48.619998931884766,3035300
2016-06-16,38.20783996582031,49.7599983215332,49.79999923706055,48.529998779296875,48.630001068115234,4898400
2016-06-17,38.238555908203125,49.79999923706055,50.04999923706055,49.22999954223633,49.75,6269800
2016-06-20,38.35374069213867,49.95000076293945,50.400001525878906,49.880001068115234,50.18000030517578,3922300
2016-06-21,38.445858001708984,50.06999969482422,50.2400016784668,49.900001525878906,50.099998474121094,2894900
2016-06-22,38.36909103393555,49.970001220703125,50.16999816894531,49.70000076293945,50.029998779296875,2772100
2016-06-23,38.614784240722656,50.290000915527344,50.41999816894531,50.099998474121094,50.18000030517578,3527000
2016-06-24,38.33067321777344,49.91999816894531,50.16999816894531,49.0099983215332,49.290000915527344,15632300
2016-06-27,38.1694450378418,49.709999084472656,50.029998779296875,49.56999969482422,49.7599983215332,4444100
2016-06-28,38.01588439941406,49.5099983215332,49.790000915527344,49.06999969482422,49.709999084472656,4129900
2016-06-29,38.80400466918945,50.220001220703125,50.27000045776367,49.41999816894531,49.650001525878906,3873900
2016-06-30,39.20580291748047,50.7400016784668,50.75,50.099998474121094,50.2400016784668,5408800
2016-07-01,39.19807815551758,50.72999954223633,50.939998626708984,50.63999938964844,50.84000015258789,2574300
2016-07-05,39.56125259399414,51.20000076293945,51.58000183105469,50.709999084472656,50.75,7096100
2016-07-06,39.615325927734375,51.27000045776367,51.369998931884766,50.93000030517578,51.13999938964844,4877200
2016-07-07,39.55352020263672,51.189998626708984,51.4900016784668,51.0,51.400001525878906,3004100
2016-07-08,39.862579345703125,51.59000015258789,51.70000076293945,51.15999984741211,51.369998931884766,5515100
2016-07-11,39.901214599609375,51.63999938964844,51.810001373291016,51.47999954223633,51.59000015258789,2577100
2016-07-12,39.4685173034668,51.08000183105469,51.70000076293945,51.0,51.619998931884766,4218500
2016-07-13,40.202571868896484,52.029998779296875,52.060001373291016,51.09000015258789,51.209999084472656,3820600
2016-07-14,40.15619659423828,51.970001220703125,52.310001373291016,51.880001068115234,52.04999923706055,2652900
2016-07-15,40.19483947753906,52.02000045776367,52.099998474121094,51.790000915527344,52.08000183105469,2412200
2016-07-18,40.14847183227539,51.959999084472656,52.22999954223633,51.869998931884766,52.06999969482422,1638000
2016-07-19,40.29527282714844,52.150001525878906,52.16999816894531,51.900001525878906,51.970001220703125,2395300
2016-07-20,40.03257751464844,51.810001373291016,52.279998779296875,51.810001373291016,52.209999084472656,2545600
2016-07-21,39.978485107421875,51.7400016784668,51.84000015258789,51.56999969482422,51.70000076293945,2088100
2016-07-22,40.248924255371094,52.09000015258789,52.099998474121094,51.75,51.849998474121094,2517100
2016-07-25,40.27983474731445,52.130001068115234,52.2599983215332,51.970001220703125,52.13999938964844,2577800
2016-07-26,40.14847183227539,51.959999084472656,52.279998779296875,51.75,52.2400016784668,2914700
2016-07-27,39.8548583984375,51.58000183105469,52.130001068115234,51.43000030517578,51.90999984741211,3038800
2016-07-28,40.048038482666016,51.83000183105469,51.900001525878906,51.27000045776367,51.529998779296875,1873300
2016-07-29,40.01710891723633,51.790000915527344,51.97999954223633,51.47999954223633,51.650001525878906,3521400
2016-08-01,40.11756134033203,51.91999816894531,52.0,51.70000076293945,51.900001525878906,2021600
2016-08-02,40.133026123046875,51.939998626708984,52.130001068115234,51.65999984741211,51.9900016784668,2996000
2016-08-03,39.66168975830078,51.33000183105469,52.099998474121094,51.279998779296875,52.04999923706055,3227200
2016-08-04,39.79304122924805,51.5,51.75,51.22999954223633,51.2400016784668,3367900
2016-08-05,39.59986877441406,51.25,51.79999923706055,51.13999938964844,51.459999084472656,3123300
2016-08-08,39.56896209716797,51.209999084472656,51.5,51.18000030517578,51.29999923706055,2476900
2016-08-09,40.04030227661133,51.81999969482422,51.90999984741211,51.209999084472656,51.220001220703125,2446300
2016-08-10,40.04030227661133,51.81999969482422,52.0,51.59000015258789,51.880001068115234,1894200
2016-08-11,39.99394607543945,51.7599983215332,52.09000015258789,51.75,52.0,2350100
2016-08-12,40.341644287109375,52.209999084472656,52.2599983215332,51.81999969482422,51.81999969482422,3492000
2016-08-15,40.31846618652344,52.18000030517578,53.970001220703125,51.779998779296875,53.63999938964844,8573400
2016-08-16,40.248924255371094,52.09000015258789,52.5,51.56999969482422,51.650001525878906,6088700
2016-08-17,40.36483383178711,52.2400016784668,52.2400016784668,51.720001220703125,51.9900016784668,4094700
2016-08-18,40.534812927246094,52.459999084472656,52.54999923706055,52.2400016784668,52.29999923706055,2712000
2016-08-19,40.55026626586914,52.47999954223633,52.529998779296875,52.20000076293945,52.22999954223633,3218600
2016-08-22,40.89023971557617,52.91999816894531,52.939998626708984,52.41999816894531,52.5,2620400
2016-08-23,40.77434539794922,52.77000045776367,53.20000076293945,52.7400016784668,53.0,2272100
2016-08-24,40.503902435302734,52.41999816894531,52.720001220703125,52.31999969482422,52.58000183105469,2150500
2016-08-25,40.534812927246094,52.459999084472656,52.84000015258789,52.400001525878906,52.439998626708984,2141700
2016-08-26,40.27210235595703,52.119998931884766,52.709999084472656,51.9900016784668,52.52000045776367,2437700
2016-08-29,40.503902435302734,52.41999816894531,52.59000015258789,52.15999984741211,52.209999084472656,2492800
2016-08-30,40.12529754638672,51.93000030517578,52.439998626708984,51.84000015258789,52.41999816894531,2429500
2016-08-31,40.07121658325195,51.86000061035156,52.130001068115234,51.7599983215332,51.95000076293945,3603200
2016-09-01,40.22574996948242,52.060001373291016,52.060001373291016,51.68000030517578,51.9900016784668,4186700
2016-09-02,41.137508392333984,53.2400016784668,53.2599983215332,52.189998626708984,52.189998626708984,4000900
2016-09-06,41.30750274658203,53.459999084472656,53.540000915527344,52.849998474121094,53.13999938964844,3868400
2016-09-07,41.021610260009766,53.09000015258789,53.310001373291016,52.7400016784668,53.16999816894531,4484800
2016-09-08,40.65073013305664,52.61000061035156,53.06999969482422,52.5,53.02000045776367,4311700
2016-09-09,38.47947311401367,49.79999923706055,52.290000915527344,49.79999923706055,52.13999938964844,5414300
2016-09-12,38.91218948364258,50.36000061035156,50.5099983215332,49.59000015258789,49.7400016784668,4798500
2016-09-13,38.27084732055664,49.529998779296875,50.310001373291016,49.5,50.20000076293945,4287000
2016-09-14,38.34040832519531,49.619998931884766,49.75,49.29999923706055,49.63999938964844,7393600
2016-09-15,38.30949401855469,49.58000183105469,49.83000183105469,49.41999816894531,49.599998474121094,2954500
2016-09-16,38.15496826171875,49.380001068115234,49.459999084472656,49.099998474121094,49.459999084472656,4417300
2016-09-19,38.054508209228516,49.25,49.540000915527344,48.720001220703125,49.220001220703125,2638100
2016-09-20,37.94634246826172,49.11000061035156,49.5099983215332,49.040000915527344,49.45000076293945,2769900
2016-09-21,38.39449691772461,49.689998626708984,49.779998779296875,49.04999923706055,49.11000061035156,4598700
2016-09-22,38.64947509765625,50.02000045776367,50.16999816894531,49.790000915527344,49.939998626708984,3195600
2016-09-23,38.286319732666016,49.54999923706055,50.150001525878906,49.5,49.79999923706055,2923200
2016-09-26,37.76863098144531,48.880001068115234,49.310001373291016,48.720001220703125,49.279998779296875,4642900
2016-09-27,38.04678726196289,49.2400016784668,49.43000030517578,48.90999984741211,49.06999969482422,3360400
2016-09-28,38.201316833496094,49.439998626708984,49.470001220703125,49.119998931884766,49.25,2852500
2016-09-29,37.884521484375,49.029998779296875,49.52000045776367,48.97999954223633,49.45000076293945,3184700
2016-09-30,37.86906433105469,49.0099983215332,49.400001525878906,48.70000076293945,49.15999984741211,3490700
2016-10-03,37.799522399902344,48.91999816894531,49.0099983215332,48.52000045776367,49.0,3526600
2016-10-04,37.17366027832031,48.11000061035156,48.97999954223633,48.040000915527344,48.84000015258789,3915100
2016-10-05,37.15032958984375,47.77000045776367,48.0099983215332,47.439998626708984,47.83000183105469,5635800
2016-10-06,37.54694366455078,48.279998779296875,48.52000045776367,47.58000183105469,47.689998626708984,3396800
2016-10-07,37.38361740112305,48.06999969482422,48.38999938964844,47.869998931884766,48.34000015258789,2858600
2016-10-10,37.492515563964844,48.209999084472656,48.5099983215332,48.099998474121094,48.099998474121094,2640000
2016-10-11,37.336971282958984,48.0099983215332,48.310001373291016,47.86000061035156,48.20000076293945,2978100
2016-10-12,37.803585052490234,48.61000061035156,48.849998474121094,47.970001220703125,48.08000183105469,2978300
2016-10-13,37.99800109863281,48.86000061035156,49.04999923706055,48.33000183105469,48.439998626708984,2980000
2016-10-14,37.57805252075195,48.31999969482422,49.27000045776367,48.2599983215332,48.91999816894531,3737300
2016-10-17,37.53139877319336,48.2599983215332,48.4900016784668,48.220001220703125,48.36000061035156,3288100
2016-10-18,37.53917694091797,48.27000045776367,48.650001525878906,48.060001373291016,48.52000045776367,2058800
2016-10-19,37.27477264404297,47.93000030517578,48.36000061035156,47.709999084472656,48.20000076293945,3523800
2016-10-20,37.010337829589844,47.59000015258789,48.040000915527344,47.31999969482422,48.040000915527344,3054500
2016-10-21,36.93257522583008,47.4900016784668,47.619998931884766,47.25,47.47999954223633,3739500
2016-10-24,37.126983642578125,47.7400016784668,48.029998779296875,47.65999984741211,47.66999816894531,2484900
2016-10-25,36.89369583129883,47.439998626708984,47.90999984741211,47.310001373291016,47.86000061035156,3429000
2016-10-26,36.75369644165039,47.2599983215332,47.5,47.2400016784668,47.380001068115234,2356600
2016-10-27,36.901466369628906,47.45000076293945,47.56999969482422,47.150001525878906,47.310001373291016,3789900
2016-10-28,37.32141876220703,47.9900016784668,48.279998779296875,47.43000030517578,47.47999954223633,3530800
2016-10-31,37.42252731323242,48.119998931884766,48.279998779296875,47.97999954223633,48.11000061035156,2843200
2016-11-01,37.39141082763672,48.08000183105469,48.400001525878906,47.86000061035156,48.099998474121094,3669700
2016-11-02,37.15032958984375,47.77000045776367,48.15999984741211,47.650001525878906,48.04999923706055,3600300
2016-11-03,37.21254348754883,47.849998474121094,48.13999938964844,47.59000015258789,47.95000076293945,3417000
2016-11-04,37.360313415527344,48.040000915527344,48.13999938964844,47.689998626708984,47.849998474121094,6443000
2016-11-07,41.031009674072266,52.7599983215332,53.369998931884766,50.349998474121094,50.349998474121094,14925300
2016-11-08,42.14310073852539,54.189998626708984,54.65999984741211,52.9900016784668,53.08000183105469,9650600
2016-11-09,42.11977005004883,54.15999984741211,54.290000915527344,51.9900016784668,52.849998474121094,6068300
2016-11-10,41.388736724853516,53.220001220703125,53.95000076293945,53.029998779296875,53.84000015258789,5246300
2016-11-11,41.318756103515625,53.130001068115234,53.279998779296875,52.79999923706055,53.20000076293945,2810000
2016-11-14,41.598716735839844,53.4900016784668,53.869998931884766,52.75,52.90999984741211,5135000
2016-11-15,41.606502532958984,53.5,53.720001220703125,53.18000030517578,53.5,3721800
2016-11-16,41.318756103515625,53.130001068115234,53.439998626708984,52.59000015258789,52.88999938964844,4000500
2016-11-17,41.49761962890625,53.36000061035156,53.59000015258789,52.7599983215332,53.150001525878906,4295800
2016-11-18,41.32652282714844,53.13999938964844,53.65999984741211,53.02000045776367,53.22999954223633,4043900
2016-11-21,41.78537368774414,53.72999954223633,53.75,53.13999938964844,53.13999938964844,2808800
2016-11-22,42.0731086730957,54.099998474121094,54.41999816894531,53.630001068115234,53.7599983215332,4122900
2016-11-23,41.65315628051758,53.560001373291016,54.22999954223633,53.40999984741211,53.869998931884766,2383700
2016-11-25,41.94090270996094,53.93000030517578,54.099998474121094,53.709999084472656,53.779998779296875,1262900
2016-11-28,41.76980972290039,53.709999084472656,53.88999938964844,53.45000076293945,53.81999969482422,2582300
2016-11-29,41.90980529785156,53.88999938964844,54.16999816894531,53.66999816894531,53.75,2715900
2016-11-30,41.412086486816406,53.25,53.88999938964844,53.2400016784668,53.599998474121094,4459700
2016-12-01,41.29541778564453,53.099998474121094,53.150001525878906,52.709999084472656,53.02000045776367,3627900
2016-12-02,41.67648696899414,53.59000015258789,54.11000061035156,53.470001220703125,53.5,3961600
2016-12-05,41.59095001220703,53.47999954223633,53.91999816894531,53.369998931884766,53.61000061035156,3479300
2016-12-06,41.95646667480469,53.95000076293945,54.09000015258789,53.47999954223633,53.95000076293945,2781500
2016-12-07,42.40751266479492,54.529998779296875,54.720001220703125,53.86000061035156,54.0099983215332,3258400
2016-12-08,42.25198745727539,54.33000183105469,54.61000061035156,54.11000061035156,54.40999984741211,3078600
2016-12-09,42.88969039916992,55.150001525878906,55.290000915527344,54.130001068115234,54.7599983215332,3305500
2016-12-12,42.78859329223633,55.02000045776367,55.560001373291016,54.88999938964844,55.08000183105469,2916700
2016-12-13,43.25519561767578,55.619998931884766,56.0,55.2400016784668,55.349998474121094,4328100
2016-12-14,43.16965866088867,55.5099983215332,55.91999816894531,55.33000183105469,55.72999954223633,3322500
2016-12-15,43.511844635009766,55.95000076293945,56.099998474121094,55.33000183105469,55.45000076293945,3340800
2016-12-16,43.83069610595703,56.36000061035156,56.75,55.959999084472656,55.959999084472656,6873000
2016-12-19,44.02511978149414,56.61000061035156,57.06999969482422,56.11000061035156,56.25,3263500
2016-12-20,43.91624450683594,56.470001220703125,56.90999984741211,56.31999969482422,56.720001220703125,2553900
2016-12-21,43.752925872802734,56.2599983215332,56.790000915527344,56.2599983215332,56.4900016784668,1780400
2016-12-22,43.74515151977539,56.25,56.560001373291016,55.900001525878906,56.31999969482422,2459900
2016-12-23,43.729591369628906,56.22999954223633,56.38999938964844,56.02000045776367,56.279998779296875,1709600
2016-12-27,43.68293380737305,56.16999816894531,56.59000015258789,56.040000915527344,56.40999984741211,1545100
2016-12-28,43.34076690673828,55.72999954223633,56.33000183105469,55.59000015258789,56.16999816894531,1772800
2016-12-29,43.48851776123047,55.91999816894531,56.099998474121094,55.650001525878906,55.84000015258789,1686800
2016-12-30,43.06077194213867,55.369998931884766,56.060001373291016,55.209999084472656,55.91999816894531,2318500
2017-01-03,42.773033142089844,55.0,55.650001525878906,54.459999084472656,55.31999969482422,3877000
2017-01-04,43.164222717285156,55.16999816894531,55.33000183105469,54.720001220703125,54.720001220703125,2986700
2017-01-05,43.02339172363281,54.9900016784668,55.29999923706055,54.900001525878906,54.900001525878906,3629400
2017-01-06,43.328529357910156,55.380001068115234,55.65999984741211,54.77000045776367,54.86000061035156,4776500
2017-01-09,43.56324768066406,55.68000030517578,55.95000076293945,55.459999084472656,55.5,3933300
2017-01-10,43.289405822753906,55.33000183105469,55.650001525878906,55.150001525878906,55.560001373291016,2932800
2017-01-11,43.25810623168945,55.290000915527344,55.400001525878906,54.90999984741211,55.16999816894531,2866400
2017-01-12,42.95298767089844,54.900001525878906,55.290000915527344,54.66999816894531,55.119998931884766,2362500
2017-01-13,43.00775909423828,54.970001220703125,55.13999938964844,54.81999969482422,55.0,1794200
2017-01-17,42.937339782714844,54.880001068115234,55.119998931884766,54.59000015258789,54.650001525878906,2605500
2017-01-18,43.22682189941406,55.25,55.29999923706055,54.790000915527344,55.0,3412700
2017-01-19,41.95151901245117,53.619998931884766,55.349998474121094,53.5099983215332,55.34000015258789,6507800
2017-01-20,42.10017776489258,53.810001373291016,54.27000045776367,53.65999984741211,53.880001068115234,3790000
2017-01-23,41.87327575683594,53.52000045776367,53.79999923706055,53.349998474121094,53.79999923706055,2564500
2017-01-24,41.87327575683594,53.52000045776367,53.88999938964844,53.29999923706055,53.68000030517578,3681800
2017-01-25,41.50556564331055,53.04999923706055,53.869998931884766,53.0099983215332,53.59000015258789,2618000
2017-01-26,41.489925384521484,53.029998779296875,53.20000076293945,52.790000915527344,53.150001525878906,4063900
2017-01-27,41.23174285888672,52.70000076293945,53.2400016784668,52.65999984741211,53.16999816894531,3188900
2017-01-30,41.263038635253906,52.7400016784668,52.91999816894531,52.45000076293945,52.689998626708984,3992400
2017-01-31,41.04395294189453,52.459999084472656,52.970001220703125,52.40999984741211,52.72999954223633,4758200
2017-02-01,40.72318649291992,52.04999923706055,52.630001068115234,52.040000915527344,52.18000030517578,3448700
2017-02-02,40.98137283325195,52.380001068115234,52.70000076293945,52.18000030517578,52.470001220703125,3898500
2017-02-03,41.10655975341797,52.540000915527344,52.86000061035156,52.209999084472656,52.59000015258789,4546400
2017-02-06,40.058162689208984,51.20000076293945,53.209999084472656,49.900001525878906,53.20000076293945,9488300
2017-02-07,40.864017486572266,52.22999954223633,53.02000045776367,51.83000183105469,52.20000076293945,7421300
2017-02-08,40.55106735229492,51.83000183105469,52.130001068115234,51.66999816894531,52.04999923706055,3457900
2017-02-09,40.87965774536133,52.25,52.2599983215332,51.75,51.83000183105469,3741800
2017-02-10,41.16913604736328,52.619998931884766,52.70000076293945,52.02000045776367,52.189998626708984,3475900
2017-02-13,41.31779479980469,52.810001373291016,52.95000076293945,52.540000915527344,52.619998931884766,5567100
2017-02-14,41.255210876464844,52.72999954223633,52.81999969482422,52.43000030517578,52.70000076293945,3867100
2017-02-15,41.2708625793457,52.75,52.86000061035156,52.220001220703125,52.61000061035156,4361100
2017-02-16,41.176963806152344,52.630001068115234,52.790000915527344,52.41999816894531,52.7400016784668,3569600
2017-02-17,40.95790481567383,52.349998474121094,52.61000061035156,52.040000915527344,52.369998931884766,3766900
2017-02-21,41.31779479980469,52.810001373291016,52.869998931884766,52.5099983215332,52.5099983215332,2977200
2017-02-22,41.2708625793457,52.75,52.790000915527344,52.529998779296875,52.599998474121094,2677400
2017-02-23,41.38038635253906,52.88999938964844,53.02000045776367,52.619998931884766,52.84000015258789,2233200
2017-02-24,41.62294006347656,53.20000076293945,53.38999938964844,52.83000183105469,52.86000061035156,2482200
2017-02-27,41.349082946777344,52.849998474121094,53.220001220703125,52.7599983215332,53.04999923706055,2091100
2017-02-28,41.24738311767578,52.720001220703125,52.97999954223633,52.630001068115234,52.7599983215332,3764100
2017-03-01,41.58380889892578,53.150001525878906,53.310001373291016,52.599998474121094,53.11000061035156,3935800
2017-03-02,41.294334411621094,52.779998779296875,53.16999816894531,52.689998626708984,52.880001068115234,2593500
2017-03-03,40.83270263671875,52.189998626708984,52.70000076293945,51.869998931884766,52.619998931884766,3480800
2017-03-06,40.809242248535156,52.15999984741211,52.209999084472656,51.779998779296875,51.869998931884766,3191100
2017-03-07,40.91877746582031,52.29999923706055,52.529998779296875,52.13999938964844,52.150001525878906,2367500
2017-03-08,40.94226837158203,52.33000183105469,52.54999923706055,52.099998474121094,52.119998931884766,2829200
2017-03-09,41.01266098022461,52.41999816894531,52.63999938964844,52.130001068115234,52.349998474121094,2838200
2017-03-10,40.809242248535156,52.15999984741211,52.79999923706055,52.09000015258789,52.72999954223633,2338400
2017-03-13,40.59019088745117,51.880001068115234,52.20000076293945,51.5099983215332,52.04999923706055,2934100
2017-03-14,40.582366943359375,51.869998931884766,51.900001525878906,51.41999816894531,51.869998931884766,2548500
2017-03-15,41.13785171508789,52.58000183105469,52.689998626708984,51.88999938964844,52.02000045776367,3069200
2017-03-16,40.92660903930664,52.310001373291016,52.560001373291016,52.09000015258789,52.43000030517578,2495900
2017-03-17,41.263038635253906,52.7400016784668,53.029998779296875,52.13999938964844,52.45000076293945,8964700
2017-03-20,40.77796173095703,52.119998931884766,52.84000015258789,51.970001220703125,52.689998626708984,3730400
2017-03-21,40.52758026123047,51.79999923706055,52.2400016784668,51.7599983215332,52.04999923706055,2914500
2017-03-22,41.09873962402344,52.529998779296875,52.560001373291016,51.66999816894531,51.84000015258789,2363900
2017-03-23,41.1926155090332,52.650001525878906,53.0099983215332,52.22999954223633,52.43000030517578,2928900
2017-03-24,41.31779479980469,52.810001373291016,52.93000030517578,52.41999816894531,52.650001525878906,2941900
2017-03-27,40.71534729003906,52.040000915527344,52.689998626708984,51.779998779296875,52.58000183105469,2706800
2017-03-28,40.840545654296875,52.20000076293945,52.31999969482422,51.66999816894531,51.91999816894531,2255300
2017-03-29,40.53540802001953,51.810001373291016,52.08000183105469,51.61000061035156,52.060001373291016,2822700
2017-03-30,40.69971466064453,52.02000045776367,52.2599983215332,51.630001068115234,51.70000076293945,1921200
2017-03-31,40.62147521972656,51.91999816894531,52.16999816894531,51.90999984741211,51.939998626708984,2105700
2017-04-03,40.44152069091797,51.689998626708984,52.11000061035156,51.4900016784668,52.060001373291016,2185900
2017-04-04,40.378936767578125,51.61000061035156,51.70000076293945,51.400001525878906,51.599998474121094,2688500
2017-04-05,40.59941864013672,51.560001373291016,51.97999954223633,51.459999084472656,51.540000915527344,3047000
2017-04-06,40.66239929199219,51.63999938964844,51.83000183105469,51.470001220703125,51.58000183105469,2371400
2017-04-07,40.780517578125,51.790000915527344,51.880001068115234,51.54999923706055,51.65999984741211,2242100
2017-04-10,40.96949005126953,52.029998779296875,52.290000915527344,51.59000015258789,51.70000076293945,1957000
2017-04-11,41.008880615234375,52.08000183105469,52.189998626708984,51.880001068115234,52.0,2709900
2017-04-12,41.11123275756836,52.209999084472656,52.29999923706055,51.65999984741211,51.790000915527344,2385900
2017-04-13,40.86713790893555,51.900001525878906,52.31999969482422,51.900001525878906,52.18000030517578,1503900
2017-04-17,41.04037094116211,52.119998931884766,52.20000076293945,51.880001068115234,51.959999084472656,1870600
2017-04-18,41.26084899902344,52.400001525878906,52.61000061035156,51.959999084472656,52.02000045776367,2279000
2017-04-19,41.0324821472168,52.11000061035156,52.599998474121094,52.099998474121094,52.47999954223633,2150500
2017-04-20,41.30022048950195,52.45000076293945,52.560001373291016,52.0,52.119998931884766,2015300
2017-04-21,41.103363037109375,52.20000076293945,52.59000015258789,52.20000076293945,52.41999816894531,2332200
2017-04-24,41.623043060302734,52.86000061035156,52.93000030517578,52.470001220703125,52.58000183105469,1921500
2017-04-25,41.83565902709961,53.130001068115234,53.20000076293945,52.81999969482422,52.95000076293945,1809000
2017-04-26,41.898658752441406,53.209999084472656,53.459999084472656,53.09000015258789,53.20000076293945,2191900
2017-04-27,42.07188034057617,53.43000030517578,53.709999084472656,53.150001525878906,53.220001220703125,1708900
2017-04-28,41.63093566894531,52.869998931884766,53.279998779296875,52.66999816894531,53.279998779296875,2810100
2017-05-01,41.615177154541016,52.849998474121094,53.13999938964844,52.630001068115234,52.93000030517578,1948100
2017-05-02,41.63093566894531,52.869998931884766,53.0099983215332,52.77000045776367,52.90999984741211,2277000
2017-05-03,41.662418365478516,52.90999984741211,53.04999923706055,52.5,52.84000015258789,2158400
2017-05-04,42.9931640625,54.599998474121094,54.630001068115234,53.43000030517578,53.5099983215332,4491100
2017-05-05,43.55223846435547,55.310001373291016,55.380001068115234,54.65999984741211,54.779998779296875,4491600
2017-05-08,43.229393005371094,54.900001525878906,56.099998474121094,54.0099983215332,54.47999954223633,3909000
2017-05-09,43.23727798461914,54.90999984741211,55.220001220703125,54.810001373291016,55.0,3207100
2017-05-10,42.9459342956543,54.540000915527344,55.119998931884766,54.5099983215332,54.83000183105469,3266800
2017-05-11,43.316009521484375,55.0099983215332,55.25,54.209999084472656,54.369998931884766,3337100
2017-05-12,42.48134994506836,53.95000076293945,54.970001220703125,53.75,54.779998779296875,2379600
2017-05-15,42.55221939086914,54.040000915527344,54.16999816894531,53.68000030517578,53.75,2113900
2017-05-16,42.67033004760742,54.189998626708984,54.470001220703125,54.130001068115234,54.25,2458500
2017-05-17,42.83568572998047,54.400001525878906,54.63999938964844,53.79999923706055,54.189998626708984,3155400
2017-05-18,42.859310150146484,54.43000030517578,54.619998931884766,54.04999923706055,54.400001525878906,2735900
2017-05-19,42.97742462158203,54.58000183105469,54.689998626708984,54.20000076293945,54.40999984741211,5176200
2017-05-22,43.26876449584961,54.95000076293945,55.09000015258789,54.599998474121094,54.61000061035156,1846700
2017-05-23,42.70182418823242,54.22999954223633,54.939998626708984,54.130001068115234,54.84000015258789,3483900
2017-05-24,42.69395065307617,54.220001220703125,54.45000076293945,54.029998779296875,54.15999984741211,2165000
2017-05-25,42.741188049316406,54.279998779296875,54.439998626708984,53.91999816894531,54.29999923706055,2826200
2017-05-26,42.859310150146484,54.43000030517578,54.4900016784668,54.16999816894531,54.27000045776367,1707100
2017-05-30,42.67820358276367,54.20000076293945,54.380001068115234,53.95000076293945,54.36000061035156,2116500
2017-05-31,42.96168518066406,54.560001373291016,54.59000015258789,54.0099983215332,54.33000183105469,3648900
2017-06-01,43.62311553955078,55.400001525878906,55.400001525878906,54.619998931884766,54.72999954223633,2648200
2017-06-02,43.88294982910156,55.72999954223633,55.84000015258789,55.36000061035156,55.47999954223633,2412700
2017-06-05,43.678226470947266,55.470001220703125,55.72999954223633,55.369998931884766,55.56999969482422,2117500
2017-06-06,43.38687515258789,55.099998474121094,55.439998626708984,54.91999816894531,55.25,2660500
2017-06-07,43.111289978027344,54.75,55.150001525878906,54.5099983215332,55.06999969482422,2459800
2017-06-08,43.300262451171875,54.9900016784668,55.040000915527344,54.560001373291016,54.75,2775700
2017-06-09,43.457740783691406,55.189998626708984,55.290000915527344,54.869998931884766,55.0,1656100
2017-06-12,43.56010437011719,55.31999969482422,55.5099983215332,55.16999816894531,55.2400016784668,2338700
2017-06-13,43.60735321044922,55.380001068115234,55.5099983215332,55.09000015258789,55.22999954223633,1537800
2017-06-14,43.63883972167969,55.41999816894531,55.66999816894531,55.27000045776367,55.5099983215332,1704600
2017-06-15,43.7254753112793,55.529998779296875,55.68000030517578,54.91999816894531,55.029998779296875,2477100
2017-06-16,42.81993865966797,54.380001068115234,55.029998779296875,52.59000015258789,55.029998779296875,10213400
2017-06-19,42.914424896240234,54.5,54.650001525878906,53.970001220703125,54.61000061035156,4110900
2017-06-20,42.41047668457031,53.86000061035156,54.650001525878906,53.84000015258789,54.34000015258789,3641600
2017-06-21,42.00888442993164,53.349998474121094,54.08000183105469,53.22999954223633,53.849998474121094,2133100
2017-06-22,41.560062408447266,52.779998779296875,53.43000030517578,52.689998626708984,53.380001068115234,2535300
2017-06-23,39.30803298950195,49.91999816894531,52.029998779296875,49.5,51.720001220703125,11250300
2017-06-26,39.3316650390625,49.95000076293945,50.400001525878906,49.61000061035156,50.2599983215332,4781800
2017-06-27,38.79622268676758,49.27000045776367,50.09000015258789,49.220001220703125,49.93000030517578,3761600
2017-06-28,39.26866912841797,49.869998931884766,50.290000915527344,49.31999969482422,49.43000030517578,4101800
2017-06-29,39.26079559326172,49.86000061035156,50.2400016784668,49.7599983215332,49.95000076293945,4273400
2017-06-30,39.63088607788086,50.33000183105469,50.470001220703125,49.939998626708984,49.939998626708984,3792400
2017-07-03,39.79624557495117,50.540000915527344,50.75,50.400001525878906,50.4900016784668,2303400
2017-07-05,39.13838195800781,49.380001068115234,50.43000030517578,49.220001220703125,50.33000183105469,4398300
2017-07-06,38.92438507080078,49.11000061035156,49.45000076293945,49.02000045776367,49.25,3148000
2017-07-07,39.19387435913086,49.45000076293945,49.59000015258789,48.849998474121094,49.209999084472656,2900300
2017-07-10,39.130455017089844,49.369998931884766,49.560001373291016,48.91999816894531,49.4900016784668,3558900
2017-07-11,39.027427673339844,49.2400016784668,49.7599983215332,49.220001220703125,49.369998931884766,2700800
2017-07-12,39.788307189941406,50.20000076293945,50.380001068115234,49.54999923706055,49.54999923706055,3083600
2017-07-13,39.93891906738281,50.38999938964844,50.470001220703125,50.22999954223633,50.31999969482422,2556000
2017-07-14,40.081581115722656,50.56999969482422,50.72999954223633,50.45000076293945,50.540000915527344,2474000
2017-07-17,40.200462341308594,50.720001220703125,50.7599983215332,50.400001525878906,50.560001373291016,1850000
2017-07-18,39.93891906738281,50.38999938964844,50.779998779296875,50.31999969482422,50.66999816894531,1516700
2017-07-19,40.422386169433594,51.0,51.02000045776367,50.43000030517578,50.599998474121094,1726400
2017-07-20,40.279727935791016,50.81999969482422,51.13999938964844,50.65999984741211,50.9900016784668,2453800
2017-07-21,40.48581314086914,51.08000183105469,51.150001525878906,50.689998626708984,50.7400016784668,1570900
2017-07-24,40.85832977294922,51.54999923706055,51.790000915527344,50.93000030517578,51.060001373291016,2298000
2017-07-25,41.19121551513672,51.970001220703125,52.06999969482422,51.5,51.709999084472656,2379000
2017-07-26,41.30217742919922,52.11000061035156,52.31999969482422,51.95000076293945,52.0,1687200
2017-07-27,41.658843994140625,52.560001373291016,52.599998474121094,51.86000061035156,52.099998474121094,3028300
2017-07-28,41.41314697265625,52.25,52.5,51.91999816894531,52.209999084472656,2631400
2017-07-31,41.70639419555664,52.619998931884766,52.709999084472656,51.9900016784668,52.34000015258789,2805400
2017-08-01,41.6746940612793,52.58000183105469,52.900001525878906,52.439998626708984,52.83000183105469,2026200
2017-08-02,41.75394821166992,52.68000030517578,52.7599983215332,52.22999954223633,52.43000030517578,1665800
2017-08-03,41.29424285888672,52.099998474121094,53.029998779296875,51.97999954223633,52.7400016784668,2498200
2017-08-04,41.47654724121094,52.33000183105469,52.34000015258789,52.0,52.0,2286800
2017-08-07,41.595436096191406,52.47999954223633,52.65999984741211,52.290000915527344,52.459999084472656,2280600
2017-08-08,41.278404235839844,52.08000183105469,52.45000076293945,52.0099983215332,52.380001068115234,3290400
2017-08-09,40.676025390625,51.31999969482422,52.18000030517578,51.189998626708984,51.93000030517578,3388900
2017-08-10,40.31936264038086,50.869998931884766,51.31999969482422,50.84000015258789,51.25,2963400
2017-08-11,40.882102966308594,51.58000183105469,51.81999969482422,50.869998931884766,51.0099983215332,3803600
2017-08-14,40.49372100830078,51.09000015258789,51.93000030517578,50.04999923706055,51.93000030517578,4375500
2017-08-15,40.8900260925293,51.59000015258789,51.880001068115234,51.18000030517578,51.310001373291016,2946900
2017-08-16,40.57299041748047,51.189998626708984,51.849998474121094,51.16999816894531,51.7400016784668,3356800
2017-08-17,40.57299041748047,51.189998626708984,51.630001068115234,50.900001525878906,51.0,3383900
2017-08-18,40.557125091552734,51.16999816894531,51.529998779296875,50.83000183105469,51.0099983215332,2100700
2017-08-21,40.557125091552734,51.16999816894531,51.38999938964844,50.9900016784668,51.189998626708984,2229900
2017-08-22,40.905879974365234,51.61000061035156,51.65999984741211,51.20000076293945,51.31999969482422,1755900
2017-08-23,40.94551467895508,51.65999984741211,51.72999954223633,51.16999816894531,51.45000076293945,1875300
2017-08-24,40.596771240234375,51.220001220703125,52.650001525878906,51.20000076293945,52.56999969482422,5272800
2017-08-25,41.468624114990234,52.31999969482422,52.599998474121094,51.310001373291016,51.369998931884766,3897700
2017-08-28,41.325958251953125,52.13999938964844,52.220001220703125,51.81999969482422,52.0099983215332,3114400
2017-08-29,41.44484329223633,52.290000915527344,52.529998779296875,51.97999954223633,52.13999938964844,2537400
2017-08-30,41.77773666381836,52.709999084472656,53.0,52.15999984741211,52.310001373291016,3101200
2017-08-31,41.74603271484375,52.66999816894531,53.0,52.630001068115234,52.849998474121094,3134000
2017-09-01,41.983821868896484,52.970001220703125,53.13999938964844,52.720001220703125,52.95000076293945,1594100
2017-09-05,42.0234375,53.02000045776367,53.2400016784668,52.75,52.970001220703125,2141800
2017-09-06,41.936248779296875,52.90999984741211,53.099998474121094,52.66999816894531,53.06999969482422,2312700
2017-09-07,42.09476852416992,53.11000061035156,53.220001220703125,52.529998779296875,52.91999816894531,3028700
2017-09-08,41.944175720214844,52.91999816894531,53.150001525878906,52.54999923706055,52.84000015258789,1735800
2017-09-11,42.237430572509766,53.290000915527344,53.310001373291016,52.90999984741211,53.150001525878906,1440700
2017-09-12,41.88869094848633,52.849998474121094,53.36000061035156,52.779998779296875,53.349998474121094,3059400
2017-09-13,42.395957946777344,53.4900016784668,53.81999969482422,52.849998474121094,52.939998626708984,2579500
2017-09-14,41.75394821166992,52.68000030517578,53.41999816894531,52.18000030517578,53.33000183105469,3998000
2017-09-15,42.530704498291016,53.65999984741211,53.65999984741211,52.619998931884766,52.77000045776367,5034100
2017-09-18,42.74470138549805,53.93000030517578,53.97999954223633,53.41999816894531,53.54999923706055,3480500
2017-09-19,42.73677062988281,53.91999816894531,54.310001373291016,53.81999969482422,53.90999984741211,2354500
2017-09-20,43.10928726196289,54.38999938964844,54.459999084472656,53.90999984741211,54.2599983215332,2924000
2017-09-21,42.697139739990234,53.869998931884766,54.40999984741211,53.790000915527344,54.369998931884766,2064000
2017-09-22,42.300838470458984,53.369998931884766,53.939998626708984,53.31999969482422,53.869998931884766,2382000
2017-09-25,42.87150955200195,54.09000015258789,54.400001525878906,53.41999816894531,53.5,2370000
2017-09-26,42.88737106323242,54.11000061035156,54.470001220703125,53.81999969482422,54.150001525878906,2004900
2017-09-27,42.903221130371094,54.130001068115234,54.439998626708984,53.72999954223633,54.15999984741211,2228400
2017-09-28,42.83980178833008,54.04999923706055,54.380001068115234,53.83000183105469,54.04999923706055,2017600
2017-09-29,42.76055145263672,53.95000076293945,54.349998474121094,53.88999938964844,54.0,1807800
2017-10-02,42.78432846069336,53.97999954223633,54.22999954223633,53.90999984741211,53.959999084472656,1617300
2017-10-03,42.5941047668457,53.7400016784668,54.119998931884766,53.560001373291016,53.939998626708984,1476500
2017-10-04,42.99040985107422,54.2400016784668,54.439998626708984,53.63999938964844,53.900001525878906,2040200
2017-10-05,43.29344177246094,54.290000915527344,54.47999954223633,53.95000076293945,54.02000045776367,1647900
2017-10-06,43.245582580566406,54.22999954223633,54.369998931884766,54.02000045776367,54.060001373291016,1622800
2017-10-09,43.038246154785156,53.970001220703125,54.5,53.91999816894531,54.22999954223633,2716100
2017-10-10,43.006351470947266,53.93000030517578,54.43000030517578,53.900001525878906,54.02000045776367,1835000
2017-10-11,42.8867301940918,53.779998779296875,54.380001068115234,53.689998626708984,54.119998931884766,2066000
2017-10-12,43.28546142578125,54.279998779296875,54.40999984741211,53.599998474121094,53.77000045776367,1406800
2017-10-13,43.421024322509766,54.45000076293945,54.7400016784668,54.34000015258789,54.439998626708984,1333100
2017-10-16,43.66027069091797,54.75,54.88999938964844,54.36000061035156,54.470001220703125,1390100
2017-10-17,43.724063873291016,54.83000183105469,55.06999969482422,54.220001220703125,54.59000015258789,1329700
2017-10-18,43.75595474243164,54.869998931884766,55.040000915527344,54.540000915527344,54.86000061035156,1627300
2017-10-19,43.65229415893555,54.7400016784668,54.95000076293945,54.529998779296875,54.810001373291016,1933200
2017-10-20,43.771915435791016,54.88999938964844,55.04999923706055,54.56999969482422,54.88999938964844,1965700
2017-10-23,43.81975555419922,54.95000076293945,55.11000061035156,54.77000045776367,54.93000030517578,1447800
2017-10-24,43.65229415893555,54.7400016784668,55.08000183105469,54.70000076293945,54.970001220703125,1511300
2017-10-25,43.500770568847656,54.54999923706055,54.90999984741211,54.25,54.83000183105469,1902500
2017-10-26,43.74797821044922,54.86000061035156,54.9900016784668,54.619998931884766,54.619998931884766,1778300
2017-10-27,43.70013427734375,54.79999923706055,54.869998931884766,54.380001068115234,54.54999923706055,1773900
2017-10-30,43.61241149902344,54.689998626708984,54.7599983215332,54.34000015258789,54.599998474121094,2615300
2017-10-31,44.35403060913086,55.619998931884766,55.75,54.650001525878906,54.68000030517578,2933000
2017-11-01,44.30619812011719,55.560001373291016,55.86000061035156,55.060001373291016,55.52000045776367,2734100
2017-11-02,44.52948760986328,55.84000015258789,55.95000076293945,55.52000045776367,55.75,2019900
2017-11-03,45.183387756347656,56.65999984741211,57.22999954223633,55.849998474121094,56.0,4343600
2017-11-06,43.19773483276367,54.16999816894531,55.91999816894531,53.95000076293945,55.20000076293945,5300200
2017-11-07,41.93777847290039,52.59000015258789,54.310001373291016,52.29999923706055,54.209999084472656,4523600
2017-11-08,43.04622268676758,53.97999954223633,54.099998474121094,52.599998474121094,52.599998474121094,3613300
2017-11-09,43.078125,54.02000045776367,54.130001068115234,53.4900016784668,53.95000076293945,2627300
2017-11-10,43.213687896728516,54.189998626708984,54.369998931884766,53.77000045776367,53.95000076293945,1717900
2017-11-13,43.078125,54.02000045776367,54.40999984741211,53.849998474121094,54.13999938964844,2258500
2017-11-14,43.803810119628906,54.93000030517578,54.970001220703125,53.650001525878906,53.79999923706055,1931500
2017-11-15,43.14191818237305,54.099998474121094,54.880001068115234,54.02000045776367,54.880001068115234,1927900
2017-11-16,43.4449462890625,54.47999954223633,54.86000061035156,54.25,54.45000076293945,2002900
2017-11-17,43.771915435791016,54.88999938964844,55.13999938964844,54.29999923706055,54.31999969482422,2740900
2017-11-20,43.83570098876953,54.970001220703125,55.150001525878906,54.529998779296875,54.880001068115234,1737000
2017-11-21,43.580528259277344,54.650001525878906,54.970001220703125,54.54999923706055,54.880001068115234,1900000
2017-11-22,43.77988052368164,54.900001525878906,54.970001220703125,54.54999923706055,54.7400016784668,1216500
2017-11-24,43.795814514160156,54.91999816894531,55.20000076293945,54.75,55.0099983215332,621100
2017-11-27,43.987213134765625,55.15999984741211,55.310001373291016,54.869998931884766,54.900001525878906,1557900
2017-11-28,44.920230865478516,56.33000183105469,56.34000015258789,55.0,55.08000183105469,2317000
2017-11-29,46.012725830078125,57.70000076293945,58.029998779296875,56.2400016784668,56.2599983215332,3521700
2017-11-30,46.036643981933594,57.72999954223633,58.66999816894531,57.15999984741211,58.0,4420000
2017-12-01,46.07652282714844,57.779998779296875,57.84000015258789,57.02000045776367,57.63999938964844,2179000
2017-12-04,47.47206115722656,59.529998779296875,59.65999984741211,58.0,58.09000015258789,3382400
2017-12-05,47.2726936340332,59.279998779296875,59.38999938964844,58.619998931884766,59.279998779296875,3361400
2017-12-06,47.464088439941406,59.52000045776367,59.939998626708984,59.130001068115234,59.72999954223633,3402600
2017-12-07,48.572547912597656,60.90999984741211,61.29999923706055,59.5099983215332,59.599998474121094,3975700
2017-12-08,49.95212936401367,62.63999938964844,62.790000915527344,61.0099983215332,61.220001220703125,4431100
2017-12-11,49.425804138183594,61.97999954223633,62.369998931884766,61.65999984741211,62.029998779296875,2872900
2017-12-12,49.31415939331055,61.84000015258789,62.31999969482422,61.689998626708984,62.060001373291016,2543700
2017-12-13,49.13873291015625,61.619998931884766,62.08000183105469,61.560001373291016,61.689998626708984,2237600
2017-12-14,48.56456756591797,60.900001525878906,61.630001068115234,60.869998931884766,61.540000915527344,3086600
2017-12-15,48.60444259643555,60.95000076293945,61.220001220703125,60.68000030517578,61.02000045776367,5965600
2017-12-18,48.91545104980469,61.34000015258789,62.029998779296875,60.97999954223633,60.97999954223633,2454200
2017-12-19,48.660255432128906,61.02000045776367,62.040000915527344,60.91999816894531,61.56999969482422,2550200
2017-12-20,48.468875885009766,60.779998779296875,61.29999923706055,60.720001220703125,61.13999938964844,1596900
2017-12-21,48.31734848022461,60.59000015258789,61.13999938964844,60.52000045776367,61.060001373291016,1786400
2017-12-22,48.421024322509766,60.720001220703125,60.88999938964844,60.459999084472656,60.7400016784668,1627400
2017-12-26,48.45292282104492,60.7599983215332,61.060001373291016,60.63999938964844,60.869998931884766,969200
2017-12-27,48.53266525268555,60.86000061035156,61.0,60.75,60.90999984741211,1173800
2017-12-28,48.692161560058594,61.060001373291016,61.06999969482422,60.7599983215332,60.93000030517578,847000
2017-12-29,48.42900085449219,60.72999954223633,61.25,60.720001220703125,61.060001373291016,1111700
2018-01-02,48.24557876586914,60.5,61.34000015258789,60.459999084472656,60.689998626708984,2745700
2018-01-03,48.349273681640625,60.630001068115234,60.970001220703125,60.310001373291016,60.79999923706055,2537200
2018-01-04,48.8065185546875,60.84000015258789,61.08000183105469,59.93000030517578,60.2400016784668,3063400
2018-01-05,49.295867919921875,61.45000076293945,61.5,60.93000030517578,61.0,2640200
2018-01-08,49.400150299072266,61.58000183105469,61.86000061035156,61.099998474121094,61.4900016784668,2577400
2018-01-09,49.239707946777344,61.380001068115234,61.93000030517578,61.36000061035156,61.630001068115234,2388000
2018-01-10,49.21563720703125,61.349998474121094,61.52000045776367,60.36000061035156,60.849998474121094,3377100
2018-01-11,49.11135482788086,61.220001220703125,61.4900016784668,60.61000061035156,61.47999954223633,1744700
2018-01-12,49.239707946777344,61.380001068115234,61.91999816894531,61.09000015258789,61.38999938964844,3026100
2018-01-16,49.512454986572266,61.720001220703125,62.209999084472656,61.61000061035156,61.900001525878906,2438200
2018-01-17,49.89752197265625,62.20000076293945,62.58000183105469,61.869998931884766,62.08000183105469,1906800
2018-01-18,49.91355895996094,62.220001220703125,62.5,62.029998779296875,62.25,1897600
2018-01-19,50.70774841308594,63.209999084472656,63.29999923706055,62.40999984741211,62.52000045776367,2303900
2018-01-22,51.012596130371094,63.59000015258789,63.650001525878906,63.099998474121094,63.16999816894531,1647700
2018-01-23,50.81204605102539,63.34000015258789,63.77000045776367,63.130001068115234,63.459999084472656,1734300
2018-01-24,51.12489700317383,63.72999954223633,64.19000244140625,63.279998779296875,63.56999969482422,1907800
2018-01-25,51.33347702026367,63.9900016784668,64.16000366210938,63.7599983215332,63.86000061035156,1456700
2018-01-26,51.43776321411133,64.12000274658203,64.12000274658203,63.470001220703125,63.91999816894531,1446000
2018-01-29,50.85215759277344,63.38999938964844,64.2699966430664,63.38999938964844,64.19999694824219,1706000
2018-01-30,50.77995300292969,63.29999923706055,64.08999633789062,63.22999954223633,63.2599983215332,2078300
2018-01-31,50.43499755859375,62.869998931884766,64.16999816894531,62.65999984741211,63.47999954223633,4355200
2018-02-01,49.72905731201172,61.9900016784668,62.619998931884766,61.619998931884766,62.56999969482422,2517400
2018-02-02,49.07927703857422,61.18000030517578,62.27000045776367,61.0,61.88999938964844,4004200
2018-02-05,46.111080169677734,57.47999954223633,60.58000183105469,57.47999954223633,60.56999969482422,5834700
2018-02-06,47.843868255615234,59.63999938964844,59.970001220703125,56.0099983215332,56.41999816894531,4520600
2018-02-07,46.87318801879883,58.43000030517578,60.0099983215332,58.400001525878906,59.41999816894531,3559000
2018-02-08,45.72603225708008,57.0,58.650001525878906,56.959999084472656,58.630001068115234,3957600
2018-02-09,46.79296112060547,58.33000183105469,58.790000915527344,56.77000045776367,57.56999969482422,3106100
2018-02-12,46.63252639770508,58.130001068115234,59.11000061035156,58.029998779296875,58.7400016784668,3809400
2018-02-13,46.86516571044922,58.41999816894531,58.560001373291016,57.91999816894531,58.040000915527344,2106500
2018-02-14,46.80900955200195,58.349998474121094,58.5099983215332,58.0099983215332,58.27000045776367,2551300
2018-02-15,47.627262115478516,59.369998931884766,59.369998931884766,58.150001525878906,58.56999969482422,2078500
2018-02-16,48.13267135620117,60.0,60.25,59.08000183105469,59.25,2251800
2018-02-20,47.234188079833984,58.880001068115234,59.5,58.720001220703125,59.470001220703125,2477200
2018-02-21,46.969451904296875,58.54999923706055,59.54999923706055,58.54999923706055,58.939998626708984,1780100
2018-02-22,47.21813201904297,58.86000061035156,59.34000015258789,58.7599983215332,58.86000061035156,1565500
2018-02-23,47.875946044921875,59.68000030517578,59.68000030517578,58.86000061035156,58.939998626708984,1367100
2018-02-26,48.357269287109375,60.279998779296875,60.290000915527344,59.72999954223633,59.790000915527344,1823500
2018-02-27,48.01232147216797,59.849998474121094,60.970001220703125,59.849998474121094,60.279998779296875,2165000
2018-02-28,47.85188293457031,59.650001525878906,60.70000076293945,59.63999938964844,60.04999923706055,2724900
2018-03-01,47.69945526123047,59.459999084472656,60.369998931884766,59.119998931884766,59.59000015258789,3148000
2018-03-02,47.85990524291992,59.65999984741211,59.970001220703125,59.27000045776367,59.27000045776367,2380300
2018-03-05,48.16475296020508,60.040000915527344,60.15999984741211,59.09000015258789,59.560001373291016,2553500
2018-03-06,48.8305778503418,60.869998931884766,60.880001068115234,59.88999938964844,60.040000915527344,2136500
2018-03-07,48.23693084716797,60.130001068115234,60.40999984741211,59.93000030517578,60.27000045776367,2315100
2018-03-08,48.51771545410156,60.47999954223633,60.4900016784668,60.09000015258789,60.2400016784668,2483300
2018-03-09,49.159488677978516,61.279998779296875,61.290000915527344,60.47999954223633,60.689998626708984,1562400
2018-03-12,48.549808502197266,60.52000045776367,61.439998626708984,60.41999816894531,61.38999938964844,1814100
2018-03-13,48.694190979003906,60.70000076293945,61.2400016784668,60.58000183105469,60.79999923706055,1545200
2018-03-14,48.0363883972168,59.880001068115234,60.72999954223633,59.709999084472656,60.630001068115234,6084500
2018-03-15,47.63529586791992,59.380001068115234,59.88999938964844,59.18000030517578,59.79999923706055,3008000
2018-03-16,48.228919982910156,60.119998931884766,60.43000030517578,59.41999816894531,59.529998779296875,4533800
2018-03-19,48.27705383300781,60.18000030517578,60.310001373291016,59.91999816894531,60.11000061035156,4285200
2018-03-20,48.47760009765625,60.43000030517578,60.5,60.20000076293945,60.380001068115234,3001300
2018-03-21,48.37331771850586,60.29999923706055,60.630001068115234,60.119998931884766,60.40999984741211,4319000
2018-03-22,47.94813537597656,59.77000045776367,60.310001373291016,59.599998474121094,60.2400016784668,8655500
2018-03-23,47.587154388427734,59.31999969482422,60.13999938964844,59.220001220703125,59.880001068115234,3799600
2018-03-26,48.10056686401367,59.959999084472656,60.060001373291016,59.18000030517578,59.88999938964844,2900600
2018-03-27,47.619239807128906,59.36000061035156,60.20000076293945,58.970001220703125,60.20000076293945,3903200
2018-03-28,47.627262115478516,59.369998931884766,59.7400016784668,59.220001220703125,59.31999969482422,3276500
2018-03-29,48.10056686401367,59.959999084472656,60.20000076293945,59.4900016784668,59.540000915527344,2374900
2018-04-02,46.8170280456543,58.36000061035156,59.93000030517578,58.119998931884766,59.880001068115234,3255300
2018-04-03,47.68342208862305,59.439998626708984,59.52000045776367,58.5,58.560001373291016,2362000
2018-04-04,49.10333251953125,61.209999084472656,61.470001220703125,59.060001373291016,59.060001373291016,3631500
2018-04-05,48.667579650878906,60.310001373291016,61.2599983215332,60.13999938964844,61.040000915527344,3912000
2018-04-06,48.191471099853516,59.720001220703125,60.849998474121094,59.43000030517578,60.04999923706055,3295700
2018-04-09,48.29636764526367,59.849998474121094,60.369998931884766,59.2599983215332,59.95000076293945,3052200
2018-04-10,48.917728424072266,60.619998931884766,60.93000030517578,59.970001220703125,60.400001525878906,2688400
2018-04-11,48.83702850341797,60.52000045776367,60.959999084472656,60.2599983215332,60.38999938964844,1757100
2018-04-12,48.8289680480957,60.5099983215332,61.0099983215332,60.29999923706055,60.79999923706055,1686900
2018-04-13,48.75632858276367,60.41999816894531,60.630001068115234,60.189998626708984,60.47999954223633,2458500
2018-04-16,49.43417739868164,61.2599983215332,61.31999969482422,60.56999969482422,60.619998931884766,2821300
2018-04-17,50.434810638427734,62.5,62.599998474121094,61.31999969482422,61.650001525878906,2733300
2018-04-18,49.91028594970703,61.849998474121094,63.040000915527344,61.77000045776367,62.810001373291016,2653800
2018-04-19,49.692405700683594,61.58000183105469,61.880001068115234,61.06999969482422,61.65999984741211,2389700
2018-04-20,49.34541702270508,61.150001525878906,61.79999923706055,60.72999954223633,61.70000076293945,2640300
2018-04-23,49.49873352050781,61.34000015258789,61.599998474121094,61.099998474121094,61.29999923706055,1389500
2018-04-24,49.974849700927734,61.93000030517578,62.25,61.43000030517578,61.56999969482422,1941100
2018-04-25,50.394466400146484,62.45000076293945,62.650001525878906,61.61000061035156,61.810001373291016,2146300
2018-04-26,50.79793930053711,62.95000076293945,63.33000183105469,62.130001068115234,62.619998931884766,2060800
2018-04-27,51.144927978515625,63.380001068115234,63.45000076293945,62.75,63.0,1469700
2018-04-30,50.46709442138672,62.540000915527344,63.68000030517578,62.31999969482422,63.529998779296875,2942300
2018-05-01,50.910911560058594,63.09000015258789,63.459999084472656,62.2400016784668,62.529998779296875,4113600
2018-05-02,50.684959411621094,62.810001373291016,63.2400016784668,62.150001525878906,62.880001068115234,4189200
2018-05-03,50.17658233642578,62.18000030517578,62.72999954223633,61.720001220703125,62.68000030517578,4349600
2018-05-04,50.26534652709961,62.290000915527344,62.83000183105469,61.77000045776367,61.95000076293945,9179300
2018-05-07,51.22562026977539,63.47999954223633,64.7699966430664,61.349998474121094,62.630001068115234,5174700
2018-05-08,50.628482818603516,62.7400016784668,63.45000076293945,62.36000061035156,63.130001068115234,4543700
2018-05-09,51.24176788330078,63.5,63.61000061035156,62.709999084472656,62.790000915527344,3301400
2018-05-10,50.628482818603516,62.7400016784668,63.869998931884766,62.650001525878906,63.79999923706055,2196100
2018-05-11,50.69303894042969,62.81999969482422,63.18000030517578,62.56999969482422,62.720001220703125,2490800
2018-05-14,50.757598876953125,62.900001525878906,63.130001068115234,62.650001525878906,63.029998779296875,2274600
2018-05-15,50.79793930053711,62.95000076293945,63.209999084472656,62.52000045776367,62.650001525878906,2985000
2018-05-16,51.12071990966797,63.349998474121094,63.40999984741211,62.970001220703125,63.04999923706055,2520300
2018-05-17,51.532264709472656,63.86000061035156,63.97999954223633,63.2400016784668,63.47999954223633,1911900
2018-05-18,51.274044036865234,63.540000915527344,64.0,63.41999816894531,63.959999084472656,2178200
2018-05-21,51.354740142822266,63.63999938964844,64.06999969482422,63.560001373291016,63.720001220703125,1418400
2018-05-22,51.39509582519531,63.689998626708984,64.0999984741211,63.61000061035156,63.77000045776367,1799300
2018-05-23,51.72594451904297,64.0999984741211,64.13999938964844,63.5,63.540000915527344,1496400
2018-05-24,52.121337890625,64.58999633789062,64.66999816894531,63.88999938964844,64.11000061035156,1472200
2018-05-25,52.46833038330078,65.0199966430664,65.4000015258789,64.5199966430664,64.62000274658203,1934000
2018-05-29,52.573246002197266,65.1500015258789,65.22000122070312,64.73999786376953,64.91000366210938,1977700
2018-05-30,53.29951095581055,66.05000305175781,66.51000213623047,65.30999755859375,65.56999969482422,2428000
2018-05-31,52.476409912109375,65.02999877929688,66.20999908447266,64.95999908447266,65.80000305175781,2695000
2018-06-01,52.783050537109375,65.41000366210938,65.80999755859375,65.1500015258789,65.2699966430664,1796800
2018-06-04,53.049346923828125,65.73999786376953,66.12999725341797,65.33000183105469,65.44999694824219,1911200
2018-06-05,53.121978759765625,65.83000183105469,65.97000122070312,65.33000183105469,65.66999816894531,2693700
2018-06-06,53.08162307739258,65.77999877929688,66.0,65.41999816894531,66.0,1511900
2018-06-07,53.06549072265625,65.76000213623047,66.1500015258789,65.5999984741211,65.5999984741211,1685400
2018-06-08,53.38020706176758,66.1500015258789,66.22000122070312,65.76000213623047,65.83999633789062,1546400
2018-06-11,53.59001159667969,66.41000366210938,66.62999725341797,66.05999755859375,66.1500015258789,2476400
2018-06-12,53.43667221069336,66.22000122070312,66.61000061035156,65.94000244140625,66.58000183105469,3182700
2018-06-13,53.17039489746094,65.88999938964844,66.44999694824219,65.87999725341797,66.44999694824219,2437900
2018-06-14,53.64650344848633,66.4800033569336,66.52999877929688,65.9000015258789,65.9000015258789,2510900
2018-06-15,53.977352142333984,66.88999938964844,66.95999908447266,66.08000183105469,66.18000030517578,3680000
2018-06-18,53.8643684387207,66.75,66.8499984741211,66.3499984741211,66.61000061035156,2032300
2018-06-19,53.98542404174805,66.9000015258789,66.97000122070312,66.41000366210938,66.51000213623047,1129600
2018-06-20,54.40503692626953,67.41999816894531,67.54000091552734,66.91000366210938,67.13999938964844,1312900
2018-06-21,54.937625885009766,68.08000183105469,68.30999755859375,67.37000274658203,67.6500015258789,1797400
2018-06-22,54.70359802246094,67.79000091552734,68.33999633789062,67.55000305175781,68.33999633789062,2239400
2018-06-25,55.05867004394531,68.2300033569336,68.43000030517578,67.66999816894531,67.72000122070312,2164100
2018-06-26,55.04252624511719,68.20999908447266,68.37000274658203,67.68000030517578,68.31999969482422,1197200
2018-06-27,54.92150115966797,68.05999755859375,68.63999938964844,67.95999908447266,68.33999633789062,1492100
2018-06-28,55.1555061340332,68.3499984741211,68.87000274658203,68.0199966430664,68.05000305175781,2004800
2018-06-29,55.10708236694336,68.29000091552734,68.80000305175781,68.05000305175781,68.37000274658203,2008900
2018-07-02,54.84080123901367,67.95999908447266,68.48999786376953,67.6500015258789,68.11000061035156,1578700
2018-07-03,55.308841705322266,68.54000091552734,68.86000061035156,68.01000213623047,68.18000030517578,851800
2018-07-05,56.26605987548828,69.36000061035156,69.37999725341797,68.33000183105469,68.36000061035156,1667300
2018-07-06,56.282291412353516,69.37999725341797,69.6500015258789,69.0999984741211,69.16000366210938,1442100
2018-07-09,56.241737365722656,69.33000183105469,69.79000091552734,69.13999938964844,69.54000091552734,1695100
2018-07-10,56.501319885253906,69.6500015258789,69.91000366210938,69.2699966430664,69.38999938964844,1422400
2018-07-11,56.29850769042969,69.4000015258789,69.63999938964844,68.97000122070312,69.58000183105469,1769800
2018-07-12,56.65545654296875,69.83999633789062,69.94000244140625,69.4000015258789,69.56999969482422,1348100
2018-07-13,57.385555267333984,70.73999786376953,70.83000183105469,69.58000183105469,69.75,1552000
2018-07-16,57.182735443115234,70.48999786376953,70.87000274658203,70.31999969482422,70.61000061035156,1894500
2018-07-17,57.65325164794922,71.06999969482422,71.31999969482422,70.44999694824219,70.44999694824219,2104900
2018-07-18,57.04484176635742,70.31999969482422,71.30000305175781,70.22000122070312,71.08000183105469,2767600
2018-07-19,57.49909973144531,70.87999725341797,71.05000305175781,70.08000183105469,70.44999694824219,2577600
2018-07-20,57.596458435058594,71.0,71.2300033569336,70.68000030517578,70.69999694824219,1886800
2018-07-23,57.48289489746094,70.86000061035156,71.55999755859375,70.72000122070312,71.0999984741211,1574400
2018-07-24,56.97183609008789,70.2300033569336,70.79000091552734,69.87000274658203,70.33999633789062,2544600
2018-07-25,57.53968811035156,70.93000030517578,70.97000122070312,70.05999755859375,70.23999786376953,1781000
2018-07-26,58.19676971435547,71.73999786376953,71.93000030517578,71.12000274658203,71.12000274658203,1891100
2018-07-27,57.98585510253906,71.4800033569336,71.97000122070312,71.3499984741211,71.83000183105469,1793800
2018-07-30,54.08388900756836,66.66999816894531,71.02999877929688,65.77999877929688,70.91000366210938,8065400
2018-07-31,54.5219612121582,67.20999908447266,67.54000091552734,66.30000305175781,66.52999877929688,5212300
2018-08-01,54.40837478637695,67.06999969482422,67.61000061035156,66.6500015258789,67.20999908447266,3021100
2018-08-02,55.19526290893555,68.04000091552734,68.25,66.86000061035156,66.94999694824219,3220600
2018-08-03,55.62520980834961,68.56999969482422,68.83000183105469,68.11000061035156,68.16999816894531,1749800
2018-08-06,56.55810546875,69.72000122070312,70.08999633789062,68.87999725341797,68.87999725341797,3598800
2018-08-07,56.420204162597656,69.55000305175781,69.98999786376953,69.29000091552734,69.93000030517578,2186500
2018-08-08,56.66355514526367,69.8499984741211,70.08999633789062,69.36000061035156,69.55999755859375,2088000
2018-08-09,56.80958557128906,70.02999877929688,70.68000030517578,69.8499984741211,69.9800033569336,1744700
2018-08-10,55.55220413208008,68.4800033569336,69.55999755859375,68.16000366210938,68.81999969482422,3870900
2018-08-13,59.0161018371582,72.75,74.05000305175781,71.08999633789062,71.08999633789062,8091200
2018-08-14,60.18424606323242,74.19000244140625,74.73999786376953,72.44000244140625,73.18000030517578,3969600
2018-08-15,60.75206756591797,74.88999938964844,75.12999725341797,73.05000305175781,73.73999786376953,3553400
2018-08-16,59.932769775390625,73.87999725341797,75.33000183105469,73.3499984741211,75.19999694824219,3430400
2018-08-17,60.703426361083984,74.83000183105469,75.0,73.62000274658203,73.94000244140625,5075300
2018-08-20,60.98736572265625,75.18000030517578,75.23999786376953,74.43000030517578,74.91000366210938,2841900
2018-08-21,60.33027267456055,74.37000274658203,75.20999908447266,74.12000274658203,75.12999725341797,2887700
2018-08-22,60.9062385559082,75.08000183105469,75.19999694824219,74.3499984741211,74.5199966430664,1810400
2018-08-23,61.011688232421875,75.20999908447266,75.5,74.93000030517578,75.0,2386300
2018-08-24,61.474098205566406,75.77999877929688,75.9800033569336,75.1500015258789,75.43000030517578,2928500
2018-08-27,60.468170166015625,74.54000091552734,75.41999816894531,74.3499984741211,75.2699966430664,2233300
2018-08-28,60.354610443115234,74.4000015258789,75.0,74.27999877929688,74.54000091552734,1972500
2018-08-29,60.17613983154297,74.18000030517578,74.88999938964844,73.66999816894531,74.58000183105469,2901300
2018-08-30,60.005775451660156,73.97000122070312,74.45999908447266,73.9000015258789,74.12999725341797,2079800
2018-08-31,60.695316314697266,74.81999969482422,74.88999938964844,73.98999786376953,74.1500015258789,1880600
2018-09-04,61.12525939941406,75.3499984741211,75.43000030517578,74.4000015258789,74.4000015258789,1925600
2018-09-05,60.841331481933594,75.0,75.26000213623047,74.80000305175781,75.12999725341797,3278200
2018-09-06,60.816986083984375,74.97000122070312,75.12000274658203,74.52999877929688,74.52999877929688,3722700
2018-09-07,60.597965240478516,74.69999694824219,75.37999725341797,74.62000274658203,74.80000305175781,3809500
2018-09-10,60.873775482177734,75.04000091552734,75.72000122070312,74.77999877929688,74.91000366210938,4904900
2018-09-11,60.8007698059082,74.94999694824219,75.31999969482422,74.81999969482422,75.29000091552734,3453800
2018-09-12,60.4276123046875,74.48999786376953,75.08000183105469,73.77999877929688,74.91000366210938,5501500
2018-09-13,59.70563507080078,73.5999984741211,74.47000122070312,73.45999908447266,74.0,3812200
2018-09-14,59.656944274902344,73.54000091552734,73.75,73.01000213623047,73.3499984741211,3520300
2018-09-17,59.616390228271484,73.48999786376953,73.70999908447266,72.91000366210938,73.70999908447266,2288000
2018-09-18,59.259456634521484,73.05000305175781,73.7300033569336,72.97000122070312,73.58999633789062,2590300
2018-09-19,59.15399932861328,72.91999816894531,73.4000015258789,72.70999908447266,73.02999877929688,1853700
2018-09-20,59.454158782958984,73.29000091552734,73.51000213623047,72.77999877929688,73.12999725341797,1641900
2018-09-21,59.19456100463867,72.97000122070312,73.37000274658203,72.5999984741211,73.25,3550900
2018-09-24,59.17833709716797,72.94999694824219,73.33999633789062,72.72000122070312,72.95999908447266,3670100
2018-09-25,59.26756286621094,73.05999755859375,73.58999633789062,72.94000244140625,72.9800033569336,1461000
2018-09-26,59.17020797729492,72.94000244140625,73.5,72.9000015258789,73.12999725341797,2413200
2018-09-27,59.08098602294922,72.83000183105469,73.30999755859375,72.41000366210938,72.80000305175781,1769900
2018-09-28,59.42170333862305,73.25,73.68000030517578,72.76000213623047,72.91000366210938,2159200
2018-10-01,59.243247985839844,73.02999877929688,73.91000366210938,72.94000244140625,73.5,2535000
2018-10-02,59.44602966308594,73.27999877929688,73.68000030517578,73.06999969482422,73.0999984741211,1560600
2018-10-03,58.90253448486328,72.61000061035156,73.7300033569336,72.48999786376953,73.45999908447266,2042200
2018-10-04,58.81283950805664,72.13999938964844,72.41000366210938,71.7699966430664,72.19000244140625,1374800
2018-10-05,58.723182678222656,72.02999877929688,72.45999908447266,71.7699966430664,71.97000122070312,2409900
2018-10-08,59.24492645263672,72.66999816894531,72.79000091552734,72.0199966430664,72.06999969482422,1553000
2018-10-09,58.5356559753418,71.80000305175781,72.55000305175781,71.73999786376953,72.30000305175781,2722800
2018-10-10,57.40245819091797,70.41000366210938,71.9800033569336,70.36000061035156,71.68000030517578,3131700
2018-10-11,55.83715057373047,68.48999786376953,70.4800033569336,68.45999908447266,70.41999816894531,3074700
2018-10-12,56.1061897277832,68.81999969482422,69.30000305175781,68.12000274658203,69.13999938964844,2169700
2018-10-15,56.22031784057617,68.95999908447266,69.44999694824219,68.62000274658203,68.62000274658203,1741600
2018-10-16,57.18232345581055,70.13999938964844,70.26000213623047,69.02999877929688,69.25,1516200
2018-10-17,57.37797927856445,70.37999725341797,70.5,69.76000213623047,70.19999694824219,1774800
2018-10-18,57.516597747802734,70.55000305175781,71.08999633789062,70.2300033569336,70.5199966430664,1600400
2018-10-19,57.96497344970703,71.0999984741211,71.36000061035156,70.5999984741211,71.05000305175781,2441800
2018-10-22,57.712257385253906,70.79000091552734,71.44000244140625,70.51000213623047,71.2699966430664,1755500
2018-10-23,58.291072845458984,71.5,71.80999755859375,69.98999786376953,70.30999755859375,2528600
2018-10-24,58.68240737915039,71.9800033569336,73.41999816894531,71.36000061035156,71.45999908447266,2742000
2018-10-25,58.46228790283203,71.70999908447266,72.29000091552734,71.43000030517578,72.08000183105469,2785200
2018-10-26,56.90513610839844,69.80000305175781,71.41000366210938,69.37999725341797,71.23999786376953,2334500
2018-10-29,57.32905960083008,70.31999969482422,71.68000030517578,69.68000030517578,70.26000213623047,2906400
2018-10-30,58.70686721801758,72.01000213623047,72.08000183105469,70.3499984741211,70.58999633789062,2599200
2018-10-31,58.15248489379883,71.33000183105469,72.47000122070312,71.08000183105469,72.26000213623047,2565300
2018-11-01,58.52751541137695,71.79000091552734,72.20999908447266,70.73999786376953,71.22000122070312,2479500
2018-11-02,58.119873046875,71.29000091552734,72.18000030517578,70.7300033569336,71.87999725341797,3201100
2018-11-05,52.6331672668457,64.55999755859375,65.70999908447266,63.189998626708984,64.9000015258789,9316400
2018-11-06,52.54348373413086,64.44999694824219,65.30999755859375,63.93000030517578,64.55999755859375,4382200
2018-11-07,54.17401123046875,66.44999694824219,66.79000091552734,64.62000274658203,64.70999908447266,3921200
2018-11-08,54.26368713378906,66.55999755859375,67.04000091552734,66.16000366210938,66.20999908447266,3106500
2018-11-09,54.46751022338867,66.80999755859375,67.62999725341797,66.43000030517578,66.5999984741211,3497800
2018-11-12,54.92405319213867,67.37000274658203,67.98999786376953,66.76000213623047,66.87999725341797,2977600
2018-11-13,54.50826644897461,66.86000061035156,67.8499984741211,66.55999755859375,67.25,2702500
2018-11-14,54.1903190612793,66.47000122070312,67.04000091552734,66.18000030517578,67.0199966430664,2689700
2018-11-15,53.98649978637695,66.22000122070312,66.27999877929688,65.36000061035156,66.16999816894531,2852200
2018-11-16,54.125099182128906,66.38999938964844,66.94999694824219,66.1500015258789,66.3499984741211,5857000
2018-11-19,53.82345962524414,66.0199966430664,66.33000183105469,65.75,65.94000244140625,3374400
2018-11-20,53.06525421142578,65.08999633789062,66.12000274658203,64.2699966430664,64.2699966430664,3210100
2018-11-21,52.56795120239258,64.4800033569336,65.83999633789062,64.0999984741211,65.43000030517578,3399500
2018-11-23,52.910369873046875,64.9000015258789,65.41000366210938,64.47000122070312,64.80000305175781,1583600
2018-11-26,52.910369873046875,64.9000015258789,65.36000061035156,64.27999877929688,65.19000244140625,2790000
2018-11-27,53.25278091430664,65.31999969482422,65.43000030517578,64.73999786376953,65.01000213623047,3808800
2018-11-28,54.50011444091797,66.8499984741211,66.87000274658203,65.4000015258789,65.4000015258789,4548200
2018-11-29,55.062652587890625,67.54000091552734,67.79000091552734,66.63999938964844,66.63999938964844,2625900
2018-11-30,54.94852066040039,67.4000015258789,67.66000366210938,66.2699966430664,67.44000244140625,6067800
2018-12-03,54.65502166748047,67.04000091552734,67.41000366210938,66.4000015258789,67.3499984741211,4039300
2018-12-04,53.91313552856445,66.12999725341797,67.18000030517578,66.0199966430664,66.87999725341797,5719300
2018-12-06,53.75823974609375,65.94000244140625,66.0,64.0999984741211,65.83000183105469,4944700
2018-12-07,53.0081901550293,65.0199966430664,66.04000091552734,64.58000183105469,65.81999969482422,2817100
2018-12-10,52.910369873046875,64.9000015258789,65.44000244140625,63.939998626708984,65.0,3014400
2018-12-11,53.236473083496094,65.30000305175781,65.80999755859375,64.83000183105469,65.36000061035156,2564500
2018-12-12,53.44028091430664,65.55000305175781,66.30999755859375,65.30000305175781,66.05000305175781,1809200
2018-12-13,53.79084396362305,65.9800033569336,66.37000274658203,65.51000213623047,65.51000213623047,2514600
2018-12-14,53.35874557495117,65.44999694824219,66.33000183105469,65.19000244140625,65.56999969482422,2856200
2018-12-17,52.34783935546875,64.20999908447266,65.45999908447266,63.880001068115234,65.41000366210938,2985400
2018-12-18,52.19293212890625,64.0199966430664,64.88999938964844,63.65999984741211,64.44000244140625,2825900
2018-12-19,51.7608528137207,63.4900016784668,64.6500015258789,63.189998626708984,64.25,2893600
2018-12-20,50.39936447143555,61.81999969482422,63.38999938964844,61.209999084472656,63.2400016784668,4475300
2018-12-21,49.641170501708984,60.88999938964844,62.779998779296875,60.849998474121094,61.5099983215332,7082200
2018-12-24,48.87482452392578,59.95000076293945,60.869998931884766,59.91999816894531,60.779998779296875,1467800
2018-12-26,49.918357849121094,61.22999954223633,61.36000061035156,59.439998626708984,60.130001068115234,5111400
2018-12-27,50.58686828613281,62.04999923706055,62.04999923706055,59.970001220703125,61.040000915527344,3334400
2018-12-28,50.774383544921875,62.279998779296875,62.900001525878906,61.58000183105469,62.380001068115234,2523700
2018-12-31,51.08418273925781,62.65999984741211,62.83000183105469,62.04999923706055,62.439998626708984,1947400
2019-01-02,50.58686828613281,62.04999923706055,62.25,61.439998626708984,62.15999984741211,2221600
2019-01-03,50.348941802978516,61.369998931884766,61.95000076293945,60.97999954223633,61.59000015258789,3554700
2019-01-04,50.742759704589844,61.849998474121094,62.59000015258789,61.470001220703125,61.560001373291016,3017100
2019-01-07,50.70173645019531,61.79999923706055,62.459999084472656,61.66999816894531,61.869998931884766,3021700
2019-01-08,51.5057373046875,62.779998779296875,62.970001220703125,61.939998626708984,62.06999969482422,2739500
2019-01-09,51.259605407714844,62.47999954223633,62.77000045776367,62.04999923706055,62.599998474121094,4280500
2019-01-10,51.8995361328125,63.2599983215332,63.279998779296875,62.02000045776367,62.349998474121094,2033100
2019-01-11,51.71904754638672,63.040000915527344,63.130001068115234,62.540000915527344,62.959999084472656,2151100
2019-01-14,51.64521026611328,62.95000076293945,63.349998474121094,62.0,62.619998931884766,3873600
2019-01-15,51.456512451171875,62.720001220703125,63.040000915527344,62.45000076293945,62.81999969482422,2415300
2019-01-16,51.07091522216797,62.25,62.33000183105469,61.33000183105469,61.970001220703125,2832500
2019-01-17,51.062713623046875,62.2400016784668,62.439998626708984,61.970001220703125,62.040000915527344,2910600
2019-01-18,51.4236946105957,62.68000030517578,63.279998779296875,62.130001068115234,62.63999938964844,2600300
2019-01-22,51.40728759765625,62.65999984741211,62.869998931884766,62.02000045776367,62.7599983215332,3277000
2019-01-23,51.595985412597656,62.88999938964844,63.25,62.689998626708984,62.689998626708984,3308600
2019-01-24,51.300628662109375,62.529998779296875,62.599998474121094,61.81999969482422,62.599998474121094,3109400
2019-01-25,50.88221740722656,62.02000045776367,63.209999084472656,61.88999938964844,62.630001068115234,2248500
2019-01-28,51.087318420410156,62.27000045776367,62.290000915527344,61.4900016784668,61.959999084472656,2233800
2019-01-29,50.906837463378906,62.04999923706055,62.540000915527344,61.79999923706055,62.08000183105469,2447000
2019-01-30,51.604190826416016,62.900001525878906,63.09000015258789,62.130001068115234,62.189998626708984,2756300
2019-01-31,52.38357925415039,63.849998474121094,63.880001068115234,62.459999084472656,62.709999084472656,6043800
2019-02-01,52.153865814208984,63.56999969482422,64.01000213623047,63.27000045776367,63.70000076293945,6437200
2019-02-04,54.67255401611328,66.63999938964844,67.33999633789062,65.6500015258789,65.87000274658203,9543900
2019-02-05,53.61420440673828,65.3499984741211,65.7300033569336,64.91000366210938,65.30000305175781,8140600
2019-02-06,53.597801208496094,65.33000183105469,65.7300033569336,64.7699966430664,65.47000122070312,5278700
2019-02-07,53.41730499267578,65.11000061035156,65.2699966430664,64.76000213623047,64.87999725341797,6167000
2019-02-08,54.311561584472656,66.19999694824219,66.2300033569336,64.95999908447266,65.02999877929688,6063100
2019-02-11,54.38540267944336,66.29000091552734,66.51000213623047,66.0199966430664,66.33000183105469,3605300
2019-02-12,54.91868209838867,66.94000244140625,66.98999786376953,66.19000244140625,66.29000091552734,4097900
2019-02-13,54.582298278808594,66.52999877929688,66.9800033569336,66.20999908447266,66.9800033569336,3369900
2019-02-14,54.60691833496094,66.55999755859375,66.94000244140625,65.69000244140625,66.2300033569336,2800100
2019-02-15,55.41092300415039,67.54000091552734,67.55000305175781,66.69000244140625,67.04000091552734,4517300
2019-02-19,54.97609329223633,67.01000213623047,67.6500015258789,66.80000305175781,67.6500015258789,3169800
2019-02-20,55.255043029785156,67.3499984741211,67.52999877929688,66.7300033569336,67.0999984741211,2774500
2019-02-21,55.1648063659668,67.23999786376953,67.48999786376953,66.66999816894531,67.41000366210938,1975700
2019-02-22,55.23862838745117,67.33000183105469,67.38999938964844,66.5,66.68000030517578,1942000
2019-02-25,55.181209564208984,67.26000213623047,67.8499984741211,67.01000213623047,67.69999694824219,2995100
2019-02-26,55.30427551269531,67.41000366210938,67.56999969482422,66.79000091552734,67.33000183105469,2625300
2019-02-27,55.058135986328125,67.11000061035156,67.3499984741211,66.79000091552734,67.05000305175781,2105500
2019-02-28,55.41911315917969,67.55000305175781,67.88999938964844,67.22000122070312,67.36000061035156,2546300
2019-03-01,55.44373321533203,67.58000183105469,67.86000061035156,67.1500015258789,67.7699966430664,2061600
2019-03-04,55.058135986328125,67.11000061035156,67.73999786376953,66.56999969482422,67.5999984741211,3198000
2019-03-05,54.62331771850586,66.58000183105469,67.12000274658203,66.30000305175781,67.0,2295600
2019-03-06,54.377197265625,66.27999877929688,66.62000274658203,65.7699966430664,66.62000274658203,1928700
2019-03-07,54.04082107543945,65.87000274658203,66.41999816894531,65.58999633789062,66.02999877929688,1686800
2019-03-08,53.966983795166016,65.77999877929688,65.91000366210938,65.23999786376953,65.7300033569336,2190200
2019-03-11,54.52486801147461,66.45999908447266,66.48999786376953,65.68000030517578,65.87000274658203,1955300
2019-03-12,54.29514694213867,66.18000030517578,66.48999786376953,66.0999984741211,66.48999786376953,2800500
2019-03-13,54.51666259765625,66.44999694824219,66.69999694824219,66.13999938964844,66.29000091552734,2084000
2019-03-14,54.24592590332031,66.12000274658203,66.63999938964844,66.04000091552734,66.62999725341797,2253900
2019-03-15,54.36897659301758,66.2699966430664,66.6500015258789,65.81999969482422,65.98999786376953,7788600
2019-03-18,54.52486801147461,66.45999908447266,66.52999877929688,66.12000274658203,66.19999694824219,2387600
2019-03-19,54.29514694213867,66.18000030517578,66.79000091552734,66.0,66.69999694824219,2730800
2019-03-20,53.66343688964844,65.41000366210938,66.30000305175781,65.37000274658203,66.1500015258789,1878500
2019-03-21,54.07365036010742,65.91000366210938,66.12000274658203,65.29000091552734,65.33999633789062,1948000
2019-03-22,53.78649139404297,65.55999755859375,66.55000305175781,65.55000305175781,66.08999633789062,1668800
2019-03-25,54.311561584472656,66.19999694824219,66.30999755859375,65.38999938964844,65.38999938964844,3695600
2019-03-26,54.377197265625,66.27999877929688,66.58000183105469,65.94999694824219,66.4000015258789,2638000
2019-03-27,53.85213088989258,65.63999938964844,66.4000015258789,65.37000274658203,66.19999694824219,2266600
2019-03-28,54.36079025268555,66.26000213623047,66.38999938964844,65.55000305175781,65.87999725341797,1737000
2019-03-29,54.77099609375,66.76000213623047,66.80999755859375,66.05999755859375,66.30000305175781,2309500
2019-04-01,54.78740692138672,66.77999877929688,67.1500015258789,66.54000091552734,67.1500015258789,1774100
2019-04-02,54.41822052001953,66.33000183105469,66.94000244140625,66.27999877929688,66.83999633789062,1859700
2019-04-03,54.5330696105957,66.47000122070312,66.79000091552734,66.16000366210938,66.62000274658203,1845800
2019-04-04,55.1767692565918,66.86000061035156,66.94000244140625,65.97000122070312,66.2300033569336,2490500
2019-04-05,55.40785598754883,67.13999938964844,67.25,66.73999786376953,66.94999694824219,1781700
2019-04-08,55.490379333496094,67.23999786376953,67.44000244140625,66.94999694824219,67.13999938964844,3677100
2019-04-09,55.25930404663086,66.95999908447266,67.3499984741211,66.83999633789062,67.08999633789062,1367000
2019-04-10,55.6389274597168,67.41999816894531,67.54000091552734,66.83000183105469,66.87999725341797,1533600
2019-04-11,56.216609954833984,68.12000274658203,68.20999908447266,67.41999816894531,67.5999984741211,1963500
2019-04-12,56.95108413696289,69.01000213623047,69.01000213623047,67.93000030517578,68.18000030517578,2615700
2019-04-15,57.46274185180664,69.62999725341797,69.91000366210938,69.08999633789062,69.08999633789062,3194500
2019-04-16,57.85060119628906,70.0999984741211,70.19000244140625,69.58000183105469,69.7300033569336,2143000
2019-04-17,58.29624938964844,70.63999938964844,70.88999938964844,70.30999755859375,70.38999938964844,2548000
2019-04-18,58.585086822509766,70.98999786376953,72.0,70.5999984741211,70.69999694824219,2410500
2019-04-22,58.246742248535156,70.58000183105469,71.02999877929688,70.31999969482422,70.83999633789062,2023400
2019-04-23,58.09819030761719,70.4000015258789,70.73999786376953,70.19000244140625,70.6500015258789,2020000
2019-04-24,57.825843811035156,70.06999969482422,70.72000122070312,69.9800033569336,70.51000213623047,2588900
2019-04-25,57.24817657470703,69.37000274658203,69.94999694824219,69.19000244140625,69.83000183105469,1473100
2019-04-26,57.02534484863281,69.0999984741211,69.83000183105469,68.91999816894531,69.58999633789062,1715100
2019-04-29,57.53702163696289,69.72000122070312,69.83000183105469,69.01000213623047,69.18000030517578,2194800
2019-04-30,58.07342529296875,70.37000274658203,70.5199966430664,69.55999755859375,69.79000091552734,2444100
2019-05-01,57.74333572387695,69.97000122070312,70.93000030517578,69.97000122070312,70.6500015258789,2263600
2019-05-02,58.45305633544922,70.83000183105469,70.97000122070312,70.0199966430664,70.0999984741211,2516700
2019-05-03,58.19720458984375,70.5199966430664,71.16999816894531,70.38999938964844,70.91000366210938,3076500
2019-05-06,60.20261001586914,72.94999694824219,72.98999786376953,70.93000030517578,71.0,4149800
2019-05-07,60.161338806152344,72.9000015258789,73.37999725341797,72.48999786376953,72.83000183105469,2409600
2019-05-08,60.22737121582031,72.9800033569336,73.38999938964844,72.41999816894531,72.66000366210938,2559900
2019-05-09,60.697757720947266,73.55000305175781,73.73999786376953,72.66999816894531,72.66999816894531,2492900
2019-05-10,61.06086730957031,73.98999786376953,74.08999633789062,72.75,73.56999969482422,1905300
2019-05-13,60.54920959472656,73.37000274658203,73.7300033569336,72.70999908447266,73.22000122070312,2160200
2019-05-14,60.76377868652344,73.62999725341797,73.94000244140625,73.26000213623047,73.33999633789062,2068300
2019-05-15,60.98659896850586,73.9000015258789,74.13999938964844,73.08999633789062,73.33999633789062,1594500
2019-05-16,61.597286224365234,74.63999938964844,74.97000122070312,73.73999786376953,74.12999725341797,2923800
2019-05-17,61.83660888671875,74.93000030517578,75.26000213623047,74.18000030517578,74.27999877929688,2493600
2019-05-20,61.86136245727539,74.95999908447266,75.66999816894531,74.80000305175781,74.91000366210938,2041900
2019-05-21,62.29874801635742,75.48999786376953,75.6500015258789,75.04000091552734,75.44000244140625,1595200
2019-05-22,62.23273468017578,75.41000366210938,75.75,75.18000030517578,75.41000366210938,1525900
2019-05-23,61.630306243896484,74.68000030517578,75.3499984741211,74.37999725341797,75.22000122070312,1684100
2019-05-24,61.935665130615234,75.05000305175781,75.31999969482422,74.73999786376953,75.08999633789062,2137000
2019-05-28,61.52302169799805,74.55000305175781,75.44999694824219,74.44999694824219,75.20999908447266,2393400
2019-05-29,61.39095687866211,74.38999938964844,74.76000213623047,74.11000061035156,74.75,3038900
2019-05-30,61.498260498046875,74.5199966430664,75.0,74.36000061035156,74.66999816894531,2005500
2019-05-31,56.794288635253906,68.81999969482422,74.45999908447266,68.23999786376953,73.97000122070312,7696700
2019-06-03,56.90980911254883,68.95999908447266,69.16999816894531,67.97000122070312,68.6500015258789,3549900
2019-06-04,57.27293395996094,69.4000015258789,69.73999786376953,68.69000244140625,69.05000305175781,3979100
2019-06-05,58.4612922668457,70.83999633789062,70.93000030517578,69.33000183105469,70.0999984741211,3163900
2019-06-06,58.552093505859375,70.94999694824219,71.19999694824219,70.05999755859375,70.94999694824219,2299300
2019-06-07,59.0059700012207,71.5,71.87000274658203,70.31999969482422,71.11000061035156,2276900
2019-06-10,59.187530517578125,71.72000122070312,72.25,71.5999984741211,71.80000305175781,1350800
2019-06-11,60.04579162597656,72.76000213623047,72.95999908447266,71.62999725341797,71.70999908447266,2341000
2019-06-12,60.22737121582031,72.9800033569336,73.79000091552734,72.76000213623047,72.95999908447266,1294700
2019-06-13,59.847740173339844,72.5199966430664,73.26000213623047,72.33000183105469,72.97000122070312,1975800
2019-06-14,59.62491989135742,72.25,73.08000183105469,72.25,72.80000305175781,1614800
2019-06-17,59.28656768798828,71.83999633789062,72.37999725341797,71.69000244140625,72.25,1640700
2019-06-18,59.15451431274414,71.68000030517578,72.44999694824219,71.55999755859375,72.16999816894531,1382400
2019-06-19,58.667625427246094,71.08999633789062,71.77999877929688,69.97000122070312,71.62999725341797,2163100
2019-06-20,58.41178894042969,70.77999877929688,71.31999969482422,70.38999938964844,71.19999694824219,2292500
2019-06-21,58.30451583862305,70.6500015258789,70.9800033569336,70.47000122070312,70.80000305175781,3988300
2019-06-24,58.684120178222656,71.11000061035156,71.69999694824219,70.66000366210938,70.66000366210938,1863900
2019-06-25,59.1710319519043,71.69999694824219,71.86000061035156,70.86000061035156,71.12999725341797,1728500
2019-06-26,58.02392578125,70.30999755859375,71.56999969482422,70.2300033569336,71.55999755859375,1685800
2019-06-27,58.131187438964844,70.44000244140625,70.66000366210938,69.72000122070312,70.29000091552734,1618600
2019-06-28,58.36227035522461,70.72000122070312,70.97000122070312,70.41000366210938,70.55000305175781,2487000
2019-07-01,58.32926559448242,70.68000030517578,71.29000091552734,70.37999725341797,70.95999908447266,1747100
2019-07-02,58.9399528503418,71.41999816894531,71.76000213623047,70.62999725341797,70.80999755859375,1953000
2019-07-03,59.53739929199219,71.75,71.94999694824219,71.25,71.41999816894531,2171400
2019-07-05,59.53739929199219,71.75,71.94000244140625,71.44000244140625,71.5,1739800
2019-07-08,59.74484634399414,72.0,72.25,71.4000015258789,71.75,2359600
2019-07-09,59.32166290283203,71.48999786376953,72.31999969482422,71.33000183105469,72.05000305175781,3776700
2019-07-10,59.794639587402344,72.05999755859375,72.0999984741211,71.33999633789062,71.70999908447266,2020000
2019-07-11,59.728271484375,71.9800033569336,72.31999969482422,71.72000122070312,71.94000244140625,1771100
2019-07-12,60.234413146972656,72.58999633789062,72.86000061035156,71.91999816894531,72.06999969482422,2197800
2019-07-15,60.44186782836914,72.83999633789062,73.13999938964844,72.6500015258789,72.79000091552734,1619000
2019-07-16,60.28421401977539,72.6500015258789,73.04000091552734,72.58000183105469,72.9000015258789,1647800
2019-07-17,59.53739929199219,71.75,72.79000091552734,71.44000244140625,72.79000091552734,2405100
2019-07-18,59.6452751159668,71.87999725341797,71.9800033569336,71.11000061035156,71.77999877929688,1637000
2019-07-19,58.798885345458984,70.86000061035156,72.33999633789062,70.81999969482422,71.91000366210938,1390000
2019-07-22,58.29273223876953,70.25,71.18000030517578,70.23999786376953,71.05000305175781,1575000
2019-07-23,58.22634506225586,70.16999816894531,70.61000061035156,69.55999755859375,70.55999755859375,2395900
2019-07-24,58.18486022949219,70.12000274658203,71.54000091552734,69.73999786376953,71.18000030517578,2124200
2019-07-25,58.193138122558594,70.12999725341797,70.41000366210938,69.86000061035156,70.12999725341797,1816800
2019-07-26,58.823795318603516,70.88999938964844,71.19000244140625,70.0999984741211,70.25,1505200
2019-07-29,58.04378890991211,69.94999694824219,71.12999725341797,69.83000183105469,70.95999908447266,2269900
2019-07-30,57.77825164794922,69.62999725341797,69.9800033569336,69.1500015258789,69.97000122070312,2200800
2019-07-31,56.898681640625,68.56999969482422,69.61000061035156,67.88999938964844,69.4000015258789,4220100
2019-08-01,57.197410583496094,68.93000030517578,69.44000244140625,68.20999908447266,68.5,4134100
2019-08-02,57.17251968383789,68.9000015258789,69.26000213623047,68.3499984741211,68.91000366210938,2641200
2019-08-05,55.71208190917969,67.13999938964844,68.55999755859375,66.77999877929688,68.51000213623047,8527900
2019-08-06,56.9152717590332,68.58999633789062,69.05000305175781,66.88999938964844,67.4000015258789,4876900
2019-08-07,57.977394104003906,69.87000274658203,70.08000183105469,67.54000091552734,68.18000030517578,2854600
2019-08-08,58.608055114746094,70.62999725341797,70.83999633789062,69.52999877929688,69.87999725341797,3855300
2019-08-09,58.076961517333984,69.98999786376953,70.87999725341797,69.98999786376953,70.54000091552734,4744800
2019-08-12,59.902523040771484,72.19000244140625,73.4000015258789,71.01000213623047,72.19000244140625,5190900
2019-08-13,60.87336730957031,73.36000061035156,73.66000366210938,71.11000061035156,71.11000061035156,3140400
2019-08-14,59.97718811035156,72.27999877929688,73.44999694824219,72.22000122070312,73.04000091552734,3144100
2019-08-15,59.952301025390625,72.25,72.9000015258789,71.91000366210938,72.9000015258789,2532600
2019-08-16,60.54145812988281,72.95999908447266,73.31999969482422,72.56999969482422,72.7300033569336,6745300
2019-08-19,61.0725212097168,73.5999984741211,74.0,73.43000030517578,73.56999969482422,2845700
2019-08-20,60.40869140625,72.80000305175781,73.81999969482422,72.68000030517578,73.5,2310200
2019-08-21,59.952301025390625,72.25,73.0999984741211,72.02999877929688,72.97000122070312,3049100
2019-08-22,60.815277099609375,73.29000091552734,73.48999786376953,72.5,72.63999938964844,2103200
2019-08-23,60.40869140625,72.80000305175781,73.79000091552734,72.44000244140625,73.12000274658203,2421000
2019-08-26,60.865047454833984,73.3499984741211,73.44999694824219,72.68000030517578,72.98999786376953,2038100
2019-08-27,61.29656982421875,73.87000274658203,74.37999725341797,73.58999633789062,73.68000030517578,3325600
2019-08-28,61.74464416503906,74.41000366210938,74.54000091552734,73.19999694824219,73.22000122070312,2334000
2019-08-29,61.81103515625,74.48999786376953,74.94999694824219,73.97000122070312,74.69000244140625,2458800
2019-08-30,61.67825698852539,74.33000183105469,75.1500015258789,74.27999877929688,74.58999633789062,2124800
2019-09-03,61.794437408447266,74.47000122070312,74.55999755859375,73.80999755859375,74.0,1972600
2019-09-04,62.29228210449219,75.06999969482422,75.25,74.55000305175781,75.08999633789062,1981400
2019-09-05,61.71975326538086,74.37999725341797,75.81999969482422,74.30999755859375,75.80000305175781,2737800
2019-09-06,62.823368072509766,75.70999908447266,75.9800033569336,74.66999816894531,74.7699966430664,3098800
2019-09-09,63.65315246582031,76.70999908447266,76.98999786376953,75.58999633789062,75.76000213623047,3783900
2019-09-10,63.68636703491211,76.75,77.18000030517578,76.0199966430664,76.47000122070312,3164400
2019-09-11,63.951900482177734,77.06999969482422,77.41000366210938,76.66000366210938,76.94999694824219,2937600
2019-09-12,64.49124908447266,77.72000122070312,78.33000183105469,77.37999725341797,77.5,2355400
2019-09-13,64.9559326171875,78.27999877929688,78.4000015258789,77.3499984741211,77.5,2068200
2019-09-16,64.05146026611328,77.19000244140625,78.44999694824219,76.98999786376953,77.94999694824219,2711700
2019-09-17,65.03890991210938,78.37999725341797,78.70999908447266,77.05999755859375,77.05999755859375,3500300
2019-09-18,65.43720245361328,78.86000061035156,79.13999938964844,78.29000091552734,78.38999938964844,3148800
2019-09-19,65.04719543457031,78.38999938964844,79.33000183105469,78.33000183105469,78.9000015258789,2232300
2019-09-20,64.92273712158203,78.23999786376953,78.87999725341797,77.98999786376953,78.58999633789062,10313500
2019-09-23,65.30443572998047,78.69999694824219,79.0,78.12999725341797,78.12999725341797,2903500
2019-09-24,65.22975158691406,78.61000061035156,79.29000091552734,78.55999755859375,78.91000366210938,3167400
2019-09-25,65.321044921875,78.72000122070312,79.01000213623047,78.51000213623047,78.70999908447266,2152500
2019-09-26,65.38742065429688,78.80000305175781,79.41000366210938,78.58000183105469,78.98999786376953,1708900
2019-09-27,65.44550323486328,78.87000274658203,79.08999633789062,78.18000030517578,78.98999786376953,1483900
2019-09-30,65.88529205322266,79.4000015258789,79.52999877929688,78.77999877929688,79.06999969482422,1854400
2019-10-01,65.85210418701172,79.36000061035156,79.73999786376953,78.80000305175781,79.55999755859375,1802900
2019-10-02,65.246337890625,78.62999725341797,79.31999969482422,78.33000183105469,79.31999969482422,2026700
2019-10-03,65.00452423095703,77.94999694824219,78.52999877929688,77.3499984741211,77.9800033569336,2941200
2019-10-04,65.17130279541016,78.1500015258789,78.30999755859375,77.52999877929688,78.01000213623047,3930400
2019-10-07,65.22968292236328,78.22000122070312,78.43000030517578,77.44000244140625,77.8499984741211,1810900
2019-10-08,64.68762969970703,77.56999969482422,78.3499984741211,77.4800033569336,78.04000091552734,3954400
2019-10-09,65.17130279541016,78.1500015258789,78.6500015258789,77.86000061035156,77.87999725341797,2288600
2019-10-10,65.23802947998047,78.2300033569336,78.7300033569336,77.77999877929688,77.97000122070312,1483800
2019-10-11,65.77172088623047,78.87000274658203,79.3499984741211,78.36000061035156,78.4800033569336,2876300
2019-10-14,65.87181091308594,78.98999786376953,79.33000183105469,78.73999786376953,79.08000183105469,3729100
2019-10-15,65.94686889648438,79.08000183105469,79.5,78.81999969482422,79.5,1719700
2019-10-16,65.80509948730469,78.91000366210938,79.54000091552734,78.75,78.94999694824219,3409500
2019-10-17,66.05525970458984,79.20999908447266,79.43000030517578,78.80999755859375,79.04000091552734,1919000
2019-10-18,65.99689483642578,79.13999938964844,79.5999984741211,78.9800033569336,79.19000244140625,1495100
2019-10-21,66.26374816894531,79.45999908447266,79.61000061035156,78.95999908447266,79.13999938964844,1391600
2019-10-22,65.88013458251953,79.0,79.69999694824219,78.93000030517578,79.5999984741211,1623700
2019-10-23,65.7467041015625,78.83999633789062,79.55999755859375,78.7300033569336,79.1500015258789,1508000
2019-10-24,65.83844757080078,78.94999694824219,79.13999938964844,78.33999633789062,78.83999633789062,2891300
2019-10-25,66.02191925048828,79.16999816894531,79.61000061035156,79.02999877929688,79.1500015258789,1675700
2019-10-28,65.76338195800781,78.86000061035156,79.47000122070312,78.5999984741211,79.19000244140625,1666300
2019-10-29,65.97189331054688,79.11000061035156,79.37000274658203,78.38999938964844,78.80000305175781,2023500
2019-10-30,66.42218780517578,79.6500015258789,79.66999816894531,78.91000366210938,79.23999786376953,1351600
2019-10-31,66.60565948486328,79.87000274658203,79.9000015258789,79.2300033569336,79.69000244140625,3394100
2019-11-01,67.78148651123047,81.27999877929688,81.5999984741211,79.94000244140625,80.0,3590600
2019-11-04,67.3895263671875,80.80999755859375,81.27999877929688,78.47000122070312,80.86000061035156,3423300
2019-11-05,66.78077697753906,80.08000183105469,81.23999786376953,79.87999725341797,80.83999633789062,2766100
2019-11-06,67.59803771972656,81.05999755859375,81.22000122070312,79.6500015258789,79.6500015258789,2130700
2019-11-07,67.464599609375,80.9000015258789,81.30000305175781,80.69000244140625,80.88999938964844,1821000
2019-11-08,67.04765319824219,80.4000015258789,80.91000366210938,80.13999938964844,80.80000305175781,1753000
2019-11-11,66.83914184570312,80.1500015258789,80.55999755859375,79.83000183105469,80.25,1436800
2019-11-12,66.9642333984375,80.30000305175781,80.5999984741211,79.7699966430664,80.41000366210938,1314800
2019-11-13,67.73146057128906,81.22000122070312,81.30999755859375,80.12999725341797,80.12999725341797,1884500
2019-11-14,67.9649658203125,81.5,81.69999694824219,80.91999816894531,81.4800033569336,1868300
2019-11-15,68.05670166015625,81.61000061035156,81.9000015258789,81.13999938964844,81.8499984741211,3907100
2019-11-18,67.29780578613281,80.69999694824219,81.04000091552734,79.63999938964844,80.12000274658203,3514300
2019-11-19,66.95589447021484,80.29000091552734,81.41000366210938,80.19000244140625,81.0,2684700
2019-11-20,66.56394958496094,79.81999969482422,80.62000274658203,79.52999877929688,80.2699966430664,2126500
2019-11-21,66.06361389160156,79.22000122070312,79.80999755859375,79.0,79.44999694824219,2451100
2019-11-22,65.93018341064453,79.05999755859375,79.37999725341797,78.62999725341797,79.30999755859375,1152300
2019-11-25,66.56394958496094,79.81999969482422,79.94000244140625,78.6500015258789,78.7300033569336,2170200
2019-11-26,67.2561264038086,80.6500015258789,80.69999694824219,79.75,80.12000274658203,2716400
2019-11-27,67.59803771972656,81.05999755859375,81.22000122070312,80.55000305175781,80.69999694824219,1239700
2019-11-29,67.17272186279297,80.55000305175781,81.45999908447266,80.47000122070312,81.1500015258789,825200
2019-12-02,67.39786529541016,80.81999969482422,80.83999633789062,79.86000061035156,80.48999786376953,1807500
2019-12-03,67.79818725585938,81.30000305175781,81.33999633789062,80.23999786376953,80.45999908447266,2692600
2019-12-04,68.37357330322266,81.98999786376953,82.0,80.73999786376953,81.11000061035156,2266100
2019-12-05,69.19083404541016,82.97000122070312,82.98999786376953,81.88999938964844,82.08000183105469,2577600
2019-12-06,69.0240478515625,82.7699966430664,83.43000030517578,82.6500015258789,83.37999725341797,1656800
2019-12-09,69.32425689697266,83.12999725341797,83.2300033569336,82.4800033569336,82.56999969482422,1466600
2019-12-10,68.82388305664062,82.52999877929688,83.37999725341797,82.5,83.12999725341797,1852400
2019-12-11,69.11576080322266,82.87999725341797,82.91000366210938,82.12999725341797,82.4800033569336,1574400
2019-12-12,69.44100189208984,83.2699966430664,83.7699966430664,82.88999938964844,83.30000305175781,1543800
2019-12-13,69.6661605834961,83.54000091552734,83.5999984741211,82.66000366210938,82.83000183105469,1808900
2019-12-16,70.24159240722656,84.2300033569336,84.30999755859375,83.37999725341797,83.80999755859375,1429300
2019-12-17,70.1665267944336,84.13999938964844,84.56999969482422,84.0999984741211,84.30999755859375,2221400
2019-12-18,70.1081314086914,84.06999969482422,84.66000366210938,83.94000244140625,84.3499984741211,3406700
2019-12-19,70.45838928222656,84.48999786376953,84.63999938964844,83.70999908447266,84.06999969482422,2031400
2019-12-20,71.25064086914062,85.44000244140625,85.45999908447266,84.48999786376953,84.9800033569336,3299100
2019-12-23,71.13388061523438,85.30000305175781,85.6500015258789,85.16000366210938,85.5199966430664,1460600
2019-12-24,71.20059204101562,85.37999725341797,85.5199966430664,84.97000122070312,85.25,424900
2019-12-26,71.33402252197266,85.54000091552734,85.6500015258789,85.2300033569336,85.38999938964844,1045400
2019-12-27,71.50079345703125,85.73999786376953,85.94000244140625,85.55000305175781,85.88999938964844,1192200
2019-12-30,71.55086517333984,85.80000305175781,85.9800033569336,85.36000061035156,85.62000274658203,979900
2019-12-31,71.33402252197266,85.54000091552734,85.79000091552734,84.8499984741211,85.58999633789062,1530600
2020-01-02,70.9735336303711,84.66000366210938,85.12999725341797,83.9800033569336,85.05999755859375,2121900
2020-01-03,70.71365356445312,84.3499984741211,84.72000122070312,83.93000030517578,84.19999694824219,1759900
2020-01-06,70.62142944335938,84.23999786376953,84.25,83.5,84.1500015258789,1916800
2020-01-07,70.05135345458984,83.55999755859375,84.3499984741211,83.4000015258789,84.23999786376953,1701400
2020-01-08,70.86454772949219,84.52999877929688,84.95999908447266,83.62000274658203,83.88999938964844,2945900
2020-01-09,70.94840240478516,84.62999725341797,85.12999725341797,84.44000244140625,84.73999786376953,1914800
2020-01-10,71.1915054321289,84.91999816894531,85.08999633789062,84.70999908447266,84.73999786376953,1593600
2020-01-13,70.18549346923828,83.72000122070312,85.0199966430664,83.27999877929688,84.9000015258789,3467300
2020-01-14,69.07890319824219,82.4000015258789,83.41000366210938,82.19000244140625,83.04000091552734,2797700
2020-01-15,69.2884750366211,82.6500015258789,83.36000061035156,82.25,82.86000061035156,2806800
2020-01-16,69.29688262939453,82.66000366210938,83.44999694824219,82.5199966430664,83.27999877929688,2588300
2020-01-17,69.43099212646484,82.81999969482422,83.87999725341797,82.51000213623047,83.1500015258789,4796900
2020-01-21,69.77471923828125,83.2300033569336,83.47000122070312,82.5,82.54000091552734,2821400
2020-01-22,69.69927215576172,83.13999938964844,84.12000274658203,83.08000183105469,83.62000274658203,2410600
2020-01-23,70.0765151977539,83.58999633789062,83.80000305175781,82.75,82.86000061035156,1863100
2020-01-24,69.271728515625,82.62999725341797,83.83999633789062,82.23999786376953,83.66000366210938,1902300
2020-01-27,69.02857971191406,82.33999633789062,82.56999969482422,81.66000366210938,82.1500015258789,1547000
2020-01-28,69.30522918701172,82.66999816894531,82.7699966430664,82.19999694824219,82.38999938964844,1557800
2020-01-29,68.65132904052734,81.88999938964844,82.95999908447266,81.8499984741211,82.83999633789062,1377900
2020-01-30,69.44775390625,82.83999633789062,82.9000015258789,81.44000244140625,81.69000244140625,2051000
2020-01-31,68.86091613769531,82.13999938964844,83.25,81.9000015258789,82.6500015258789,2786000
2020-02-03,64.28361511230469,76.68000030517578,81.20999908447266,76.20999908447266,81.20999908447266,5033600
2020-02-04,62.925506591796875,75.05999755859375,76.16000366210938,74.55999755859375,76.16000366210938,5782000
2020-02-05,63.462032318115234,75.69999694824219,75.87999725341797,74.38999938964844,75.08999633789062,3465600
2020-02-06,64.23332214355469,76.62000274658203,76.75,75.69999694824219,75.91999816894531,2867200
2020-02-07,64.85369110107422,77.36000061035156,77.36000061035156,76.56999969482422,76.94000244140625,2903000
2020-02-10,64.51834869384766,76.95999908447266,77.75,76.58000183105469,77.33000183105469,2539100
2020-02-11,63.93989181518555,76.2699966430664,76.86000061035156,75.77999877929688,76.69999694824219,2287400
2020-02-12,64.9375228881836,77.45999908447266,77.62999725341797,76.19999694824219,76.26000213623047,2503700
2020-02-13,65.33992004394531,77.94000244140625,78.62999725341797,77.5999984741211,77.62999725341797,2382600
2020-02-14,65.56625366210938,78.20999908447266,78.4800033569336,77.94999694824219,78.2300033569336,1613600
2020-02-18,64.40937042236328,76.83000183105469,78.48999786376953,76.63999938964844,78.05999755859375,3264600
2020-02-19,63.881202697753906,76.19999694824219,77.18000030517578,76.01000213623047,76.80999755859375,1553100
2020-02-20,64.30876159667969,76.70999908447266,77.04000091552734,76.0,76.27999877929688,1398400
2020-02-21,64.58541870117188,77.04000091552734,77.30999755859375,76.44999694824219,76.69999694824219,1883500
2020-02-24,63.32789993286133,75.54000091552734,76.80000305175781,75.4000015258789,76.62999725341797,1951100
2020-02-25,62.07878494262695,74.05000305175781,76.22000122070312,73.91000366210938,75.6500015258789,3031200
2020-02-26,61.089561462402344,72.87000274658203,74.6500015258789,72.69000244140625,74.31999969482422,3585000
2020-02-27,58.415260314941406,69.68000030517578,72.44000244140625,69.66000366210938,72.25,4305100
2020-02-28,55.87510299682617,66.6500015258789,68.26000213623047,65.5199966430664,67.97000122070312,5831700
2020-03-02,58.415260314941406,69.68000030517578,69.88999938964844,67.0199966430664,67.11000061035156,5055000
2020-03-03,57.426021575927734,68.5,73.26000213623047,67.47000122070312,69.37999725341797,4131900
2020-03-04,59.228450775146484,70.6500015258789,70.66999816894531,67.77999877929688,69.16999816894531,3063900
2020-03-05,56.71343231201172,67.6500015258789,69.94000244140625,66.95999908447266,69.19000244140625,3987200
2020-03-06,56.12660217285156,66.94999694824219,67.30000305175781,65.12999725341797,66.0199966430664,3331300
2020-03-09,51.34808349609375,61.25,63.779998779296875,60.25,62.5,4898600
2020-03-10,52.32893371582031,62.41999816894531,62.86000061035156,59.560001373291016,62.709999084472656,4385700
2020-03-11,46.23423385620117,55.150001525878906,61.689998626708984,54.43000030517578,60.970001220703125,7360200
2020-03-12,36.47600555419922,43.5099983215332,51.54999923706055,43.4900016784668,49.91999816894531,9736200
2020-03-13,39.46047592163086,47.06999969482422,49.41999816894531,43.2599983215332,48.599998474121094,15153300
2020-03-16,31.647192001342773,37.75,42.400001525878906,37.5,40.720001220703125,10264200
2020-03-17,29.392070770263672,35.060001373291016,38.380001068115234,32.040000915527344,38.02000045776367,17467700
2020-03-18,26.189620971679688,31.239999771118164,33.619998931884766,26.0,33.619998931884766,26221600
2020-03-19,31.11064910888672,37.11000061035156,40.47999954223633,28.760000228881836,31.049999237060547,11766500
2020-03-20,29.618417739868164,35.33000183105469,45.68000030517578,35.20000076293945,41.689998626708984,13695300
2020-03-23,30.406450271606445,36.27000045776367,36.939998626708984,32.369998931884766,34.58000183105469,11719200
2020-03-24,32.6783447265625,38.97999954223633,43.0,37.880001068115234,39.29999923706055,10948100
2020-03-25,38.270042419433594,45.650001525878906,47.02000045776367,39.43000030517578,39.540000915527344,10269100
2020-03-26,44.83422088623047,53.47999954223633,54.029998779296875,47.0,47.209999084472656,10600600
2020-03-27,42.29405975341797,50.45000076293945,53.119998931884766,48.880001068115234,50.029998779296875,9237800
2020-03-30,38.85688400268555,46.349998474121094,49.9900016784668,45.45000076293945,49.560001373291016,7373500
2020-03-31,38.253273010253906,45.630001068115234,48.18000030517578,45.54999923706055,46.04999923706055,5556500
2020-04-01,35.101131439208984,41.869998931884766,42.70000076293945,39.0099983215332,41.97999954223633,7411600
2020-04-02,34.990970611572266,41.290000915527344,43.47999954223633,40.40999984741211,40.9900016784668,4878000
2020-04-03,33.47403335571289,39.5,41.0,37.20000076293945,40.599998474121094,6871400
2020-04-06,38.14345169067383,45.0099983215332,45.540000915527344,41.529998779296875,42.04999923706055,6654500
2020-04-07,39.041744232177734,46.06999969482422,49.619998931884766,45.75,48.63999938964844,6634800
2020-04-08,40.041725158691406,47.25,50.0,46.45000076293945,47.279998779296875,5878200
2020-04-09,42.024749755859375,49.59000015258789,52.68000030517578,48.77000045776367,49.040000915527344,6390700
2020-04-13,39.87223434448242,47.04999923706055,49.810001373291016,45.470001220703125,49.650001525878906,3125500
2020-04-14,40.94850158691406,48.31999969482422,49.91999816894531,47.349998474121094,48.02000045776367,3717000
2020-04-15,39.06716537475586,46.099998474121094,46.41999816894531,44.099998474121094,45.68000030517578,4823600
2020-04-16,38.76210021972656,45.7400016784668,47.16999816894531,44.400001525878906,46.06999969482422,6002300
2020-04-17,42.63490676879883,50.310001373291016,51.25,49.189998626708984,49.5099983215332,8095300
2020-04-20,42.041709899902344,49.61000061035156,50.689998626708984,48.70000076293945,49.38999938964844,3801800
2020-04-21,41.609500885009766,49.099998474121094,50.04999923706055,48.150001525878906,48.79999923706055,6099900
2020-04-22,43.51625061035156,51.349998474121094,52.439998626708984,49.40999984741211,50.25,4984700
2020-04-23,42.16033935546875,49.75,51.349998474121094,48.709999084472656,49.11000061035156,8693900
2020-04-24,44.98233413696289,53.08000183105469,54.36000061035156,50.459999084472656,50.70000076293945,7246300
2020-04-27,46.541629791259766,54.91999816894531,55.5,53.20000076293945,53.5,7303200
2020-04-28,47.321266174316406,55.84000015258789,57.9900016784668,55.790000915527344,56.29999923706055,7775300
2020-04-29,49.66021728515625,58.599998474121094,58.9900016784668,57.16999816894531,58.209999084472656,5109800
2020-04-30,47.685672760009766,56.27000045776367,58.099998474121094,55.880001068115234,57.54999923706055,7067500
2020-05-01,44.711143493652344,52.7599983215332,54.86000061035156,52.5,54.5,3836900
2020-05-04,45.617916107177734,53.83000183105469,54.029998779296875,51.560001373291016,51.90999984741211,4510100
2020-05-05,42.82981872558594,50.540000915527344,55.5,50.380001068115234,54.650001525878906,7369700
2020-05-06,43.96539306640625,51.880001068115234,52.08000183105469,50.20000076293945,50.97999954223633,6033900
2020-05-07,44.30438232421875,52.279998779296875,53.56999969482422,51.15999984741211,52.06999969482422,4513300
2020-05-08,45.16029357910156,53.290000915527344,53.47999954223633,52.02000045776367,53.08000183105469,2470500
2020-05-11,43.812862396240234,51.70000076293945,53.27000045776367,51.38999938964844,53.27000045776367,3776700
2020-05-12,41.76203536987305,49.279998779296875,52.650001525878906,49.25,51.88999938964844,4616600
2020-05-13,39.56715774536133,46.689998626708984,49.290000915527344,45.869998931884766,49.25,5348100
2020-05-14,40.660362243652344,47.97999954223633,48.08000183105469,44.16999816894531,45.560001373291016,5468900
2020-05-15,40.35529327392578,47.619998931884766,47.84000015258789,46.2599983215332,47.43000030517578,7648800
2020-05-18,44.66030502319336,52.70000076293945,53.66999816894531,50.25,50.290000915527344,6195600
2020-05-19,43.54167556762695,51.380001068115234,53.439998626708984,50.470001220703125,52.40999984741211,3769800
2020-05-20,44.5586051940918,52.58000183105469,53.2400016784668,52.04999923706055,52.7400016784668,3562500
2020-05-21,44.47386169433594,52.47999954223633,53.84000015258789,52.13999938964844,52.59000015258789,3555100
2020-05-22,43.85523223876953,51.75,52.79999923706055,51.16999816894531,52.790000915527344,3537500
2020-05-26,46.70264434814453,55.11000061035156,55.630001068115234,53.130001068115234,53.75,4736800
2020-05-27,48.261940002441406,56.95000076293945,57.75,55.36000061035156,56.0,5737800
2020-05-28,47.414493560791016,55.95000076293945,57.599998474121094,55.369998931884766,57.52000045776367,4973700
2020-05-29,46.74501037597656,55.15999984741211,56.59000015258789,54.45000076293945,55.27000045776367,9024400
2020-06-01,48.45685958862305,57.18000030517578,57.77000045776367,55.59000015258789,56.13999938964844,3068200
2020-06-02,47.999229431152344,56.63999938964844,57.68000030517578,56.11000061035156,57.310001373291016,2869800
2020-06-03,50.083946228027344,59.099998474121094,59.650001525878906,57.900001525878906,57.9900016784668,3076400
2020-06-04,49.6517448425293,58.59000015258789,59.47999954223633,57.34000015258789,58.59000015258789,2880100
2020-06-05,52.194068908691406,61.59000015258789,64.37999725341797,61.13999938964844,63.369998931884766,6726900
2020-06-08,54.329627990722656,64.11000061035156,65.01000213623047,63.18000030517578,65.01000213623047,6450100
2020-06-09,52.02459716796875,61.38999938964844,62.88999938964844,60.150001525878906,62.88999938964844,5418700
2020-06-10,48.29584884643555,56.9900016784668,61.58000183105469,56.93000030517578,61.470001220703125,6988000
2020-06-11,45.22808074951172,53.369998931884766,55.34000015258789,53.02000045776367,53.86000061035156,6348400
2020-06-12,45.9823112487793,54.2599983215332,56.150001525878906,52.70000076293945,55.66999816894531,4364300
2020-06-15,46.507728576660156,54.880001068115234,55.0,51.810001373291016,52.4900016784668,4326600
2020-06-16,47.90602111816406,56.529998779296875,57.77000045776367,55.369998931884766,56.68000030517578,4707100
2020-06-17,46.16875076293945,54.47999954223633,56.63999938964844,54.369998931884766,56.63999938964844,2544100
2020-06-18,47.39754104614258,55.93000030517578,56.0,53.25,54.0,3470700
2020-06-19,45.9823112487793,54.2599983215332,56.93000030517578,54.150001525878906,56.88999938964844,5948500
2020-06-22,46.60942077636719,55.0,55.189998626708984,52.869998931884766,53.95000076293945,3270500
2020-06-23,49.389034271240234,58.279998779296875,59.7400016784668,56.68000030517578,56.68000030517578,7164200
2020-06-24,46.507728576660156,54.880001068115234,57.099998474121094,53.529998779296875,56.689998626708984,5383600
2020-06-25,46.60942077636719,55.0,55.58000183105469,53.7599983215332,54.13999938964844,2793400
2020-06-26,44.32131576538086,52.29999923706055,54.70000076293945,52.2599983215332,54.70000076293945,6824500
2020-06-29,46.117897033691406,54.41999816894531,54.95000076293945,52.15999984741211,52.95000076293945,2971100
2020-06-30,46.321292877197266,54.65999984741211,55.20000076293945,53.5099983215332,54.0,4668300
2020-07-01,45.88550567626953,53.70000076293945,55.2400016784668,52.75,54.400001525878906,3393500
2020-07-02,46.193115234375,54.060001373291016,55.939998626708984,53.97999954223633,54.880001068115234,4925000
2020-07-06,45.93677520751953,53.7599983215332,55.540000915527344,53.47999954223633,55.150001525878906,2530100
2020-07-07,45.30446243286133,53.02000045776367,53.70000076293945,52.16999816894531,53.45000076293945,2827100
2020-07-08,45.38137435913086,53.11000061035156,54.04999923706055,52.56999969482422,52.959999084472656,3457000
2020-07-09,43.56132507324219,50.97999954223633,52.880001068115234,50.18000030517578,52.849998474121094,3704200
2020-07-10,44.697776794433594,52.310001373291016,52.38999938964844,50.029998779296875,51.029998779296875,2442300
2020-07-13,44.808868408203125,52.439998626708984,53.900001525878906,51.689998626708984,52.65999984741211,3136800
2020-07-14,45.25319290161133,52.959999084472656,53.220001220703125,51.470001220703125,52.04999923706055,2607900
2020-07-15,47.37230682373047,55.439998626708984,55.720001220703125,54.209999084472656,54.29999923706055,2938300
2020-07-16,46.67162322998047,54.619998931884766,55.650001525878906,54.34000015258789,55.06999969482422,1944200
2020-07-17,46.28710174560547,54.16999816894531,55.06999969482422,53.81999969482422,55.02000045776367,1727500
2020-07-20,45.31300735473633,53.029998779296875,54.349998474121094,52.5,53.52000045776367,2727200
2020-07-21,46.75707244873047,54.720001220703125,55.25,53.540000915527344,53.619998931884766,2329000
2020-07-22,47.28684997558594,55.34000015258789,56.349998474121094,54.2400016784668,54.709999084472656,2289900
2020-07-23,46.945064544677734,54.939998626708984,55.45000076293945,54.369998931884766,55.15999984741211,2855000
2020-07-24,46.945064544677734,54.939998626708984,55.09000015258789,54.33000183105469,54.540000915527344,2070900
2020-07-27,46.13330841064453,53.9900016784668,54.79999923706055,53.77000045776367,54.59000015258789,2373100
2020-07-28,45.71461486816406,53.5,54.2599983215332,53.29999923706055,53.84000015258789,1957800
2020-07-29,46.13330841064453,53.9900016784668,54.349998474121094,53.08000183105469,53.720001220703125,2633000
2020-07-30,45.7915153503418,53.59000015258789,53.599998474121094,52.33000183105469,53.04999923706055,2101400
2020-07-31,45.15919494628906,52.849998474121094,53.45000076293945,52.209999084472656,53.16999816894531,3070000
2020-08-03,44.543975830078125,52.130001068115234,52.790000915527344,50.900001525878906,52.72999954223633,2901800
2020-08-04,46.235843658447266,54.11000061035156,54.189998626708984,52.130001068115234,52.599998474121094,3407900
2020-08-05,46.98778533935547,54.9900016784668,55.099998474121094,54.02000045776367,54.58000183105469,4392000
2020-08-06,48.19260025024414,56.400001525878906,57.72999954223633,54.68000030517578,54.90999984741211,3328400
2020-08-07,49.38886260986328,57.79999923706055,58.720001220703125,55.689998626708984,55.79999923706055,4447500
2020-08-10,51.35417175292969,60.099998474121094,60.529998779296875,58.209999084472656,58.2599983215332,4006000
2020-08-11,51.986488342285156,60.84000015258789,62.52000045776367,58.2599983215332,58.599998474121094,7641300
2020-08-12,51.01237106323242,59.70000076293945,61.380001068115234,59.470001220703125,61.099998474121094,3189700
2020-08-13,50.07244873046875,58.599998474121094,60.11000061035156,58.439998626708984,59.099998474121094,2320200
2020-08-14,50.87565612792969,59.540000915527344,60.0,57.849998474121094,58.439998626708984,3852700
2020-08-17,51.01237106323242,59.70000076293945,60.119998931884766,59.08000183105469,59.84000015258789,2656900
2020-08-18,50.91839599609375,59.59000015258789,60.599998474121094,59.06999969482422,59.83000183105469,2866400
2020-08-19,49.62812805175781,58.08000183105469,59.369998931884766,57.880001068115234,59.2599983215332,2321700
2020-08-20,49.49995422363281,57.93000030517578,58.380001068115234,56.959999084472656,57.599998474121094,2167800
2020-08-21,49.09834671020508,57.459999084472656,57.959999084472656,57.209999084472656,57.939998626708984,2599400
2020-08-24,50.850032806396484,59.5099983215332,59.529998779296875,57.20000076293945,57.95000076293945,2734500
2020-08-25,49.73065948486328,58.20000076293945,59.790000915527344,57.279998779296875,59.7599983215332,4052200
2020-08-26,49.13251876831055,57.5,58.209999084472656,56.220001220703125,57.5,4352200
2020-08-27,51.29436111450195,60.029998779296875,60.91999816894531,57.79999923706055,57.84000015258789,3195700
2020-08-28,52.883689880371094,61.88999938964844,62.0,60.060001373291016,60.25,2564100
2020-08-31,51.38834762573242,60.13999938964844,62.0,60.11000061035156,61.52000045776367,2428300
2020-09-01,51.35417175292969,60.099998474121094,60.38999938964844,58.91999816894531,59.560001373291016,2488800
2020-09-02,51.986488342285156,60.84000015258789,61.119998931884766,59.619998931884766,60.33000183105469,2049900
2020-09-03,51.58487319946289,60.369998931884766,62.16999816894531,59.91999816894531,61.18000030517578,2646700
2020-09-04,51.38834762573242,60.13999938964844,61.689998626708984,59.540000915527344,60.97999954223633,2228800
2020-09-08,50.82439422607422,59.47999954223633,60.58000183105469,59.2400016784668,59.5099983215332,2549500
2020-09-09,52.482078552246094,61.41999816894531,61.939998626708984,59.02000045776367,60.0,4225300
2020-09-10,52.78969192504883,61.779998779296875,63.11000061035156,61.38999938964844,61.869998931884766,3657800
2020-09-11,53.2340202331543,62.29999923706055,62.619998931884766,61.77000045776367,61.900001525878906,2861300
2020-09-14,55.17369079589844,64.56999969482422,64.87000274658203,62.439998626708984,62.75,2167400
2020-09-15,55.882911682128906,65.4000015258789,65.6500015258789,64.2300033569336,64.69000244140625,3150700
2020-09-16,58.318172454833984,68.25,68.86000061035156,65.44999694824219,65.61000061035156,5170500
2020-09-17,58.44635009765625,68.4000015258789,69.08999633789062,67.36000061035156,67.51000213623047,4434500
2020-09-18,57.788387298583984,67.62999725341797,69.5199966430664,67.41000366210938,68.56999969482422,4585800
2020-09-21,54.72936248779297,64.05000305175781,66.0999984741211,63.40999984741211,65.05000305175781,4036700
2020-09-22,54.7037239074707,64.0199966430664,64.81999969482422,63.2599983215332,64.33000183105469,2854600
2020-09-23,51.71305465698242,60.52000045776367,64.98999786376953,60.2599983215332,64.12000274658203,3427300
2020-09-24,52.601715087890625,61.560001373291016,62.349998474121094,58.939998626708984,60.34000015258789,2954200
2020-09-25,52.98622131347656,62.0099983215332,62.209999084472656,60.529998779296875,60.83000183105469,2543400
2020-09-28,52.849510192871094,61.849998474121094,63.47999954223633,61.77000045776367,63.08000183105469,2163400
2020-09-29,52.26845932006836,61.16999816894531,61.9900016784668,60.810001373291016,61.650001525878906,2135900
2020-09-30,53.165672302246094,62.220001220703125,63.08000183105469,61.54999923706055,61.54999923706055,2257100
2020-10-01,53.89726638793945,62.619998931884766,63.029998779296875,61.47999954223633,62.31999969482422,2034400
2020-10-02,54.37065124511719,63.16999816894531,63.40999984741211,60.95000076293945,61.380001068115234,1709300
2020-10-05,54.689117431640625,63.540000915527344,63.939998626708984,62.36000061035156,63.63999938964844,1704100
2020-10-06,55.661705017089844,64.66999816894531,65.7300033569336,63.83000183105469,64.06999969482422,3698600
2020-10-07,57.04743957519531,66.27999877929688,66.47000122070312,65.30000305175781,65.30000305175781,2066100
2020-10-08,58.390132904052734,67.83999633789062,67.87000274658203,66.44000244140625,66.63999938964844,2362300
2020-10-09,58.51063919067383,67.9800033569336,69.2699966430664,67.6500015258789,68.0,2594100
2020-10-12,58.08029556274414,67.4800033569336,68.04000091552734,67.11000061035156,67.87000274658203,2060800
2020-10-13,56.01459884643555,65.08000183105469,66.80999755859375,65.02999877929688,66.80999755859375,2313900
2020-10-14,57.58107376098633,66.9000015258789,67.75,65.20999908447266,65.20999908447266,2229000
2020-10-15,57.30564880371094,66.58000183105469,67.3499984741211,65.95999908447266,66.0,1970700
2020-10-16,56.61708450317383,65.77999877929688,67.05000305175781,65.75,66.9000015258789,2620700
2020-10-19,55.377681732177734,64.33999633789062,66.37000274658203,64.2300033569336,65.83000183105469,2333300
2020-10-20,55.58424377441406,64.58000183105469,65.69000244140625,64.3499984741211,65.19999694824219,1565800
2020-10-21,54.91289138793945,63.79999923706055,64.8499984741211,63.47999954223633,64.54000091552734,1495500
2020-10-22,56.126487731933594,65.20999908447266,65.23999786376953,63.31999969482422,64.08000183105469,1793000
2020-10-23,55.77360153198242,64.80000305175781,65.7300033569336,63.77000045776367,65.62000274658203,1717400
2020-10-26,52.330772399902344,60.79999923706055,63.900001525878906,60.33000183105469,63.83000183105469,3163100
2020-10-27,50.21345138549805,58.34000015258789,61.150001525878906,58.33000183105469,60.59000015258789,3537800
2020-10-28,47.157958984375,54.790000915527344,57.5,54.72999954223633,56.79999923706055,4212400
2020-10-29,47.58831024169922,55.290000915527344,56.18000030517578,53.849998474121094,54.619998931884766,3873700
2020-10-30,47.60551834106445,55.310001373291016,55.41999816894531,53.93000030517578,54.970001220703125,4689900
2020-11-02,49.137569427490234,57.09000015258789,57.459999084472656,55.279998779296875,56.15999984741211,3665300
2020-11-03,51.857391357421875,60.25,61.15999984741211,58.70000076293945,59.66999816894531,4172100
2020-11-04,52.27914810180664,60.7400016784668,62.40999984741211,60.52000045776367,60.90999984741211,3185900
2020-11-05,52.35660171508789,60.83000183105469,61.720001220703125,60.04999923706055,60.939998626708984,3106200
2020-11-06,52.38243865966797,60.86000061035156,61.66999816894531,60.310001373291016,61.189998626708984,1627000
2020-11-09,61.1788330078125,71.08000183105469,76.7300033569336,67.05999755859375,67.0999984741211,8057900
2020-11-10,62.211673736572266,72.27999877929688,73.94000244140625,71.0199966430664,73.30999755859375,3917800
2020-11-11,58.949607849121094,68.48999786376953,72.5,67.77999877929688,71.83999633789062,3571200
2020-11-12,58.53645324707031,68.01000213623047,69.1500015258789,67.30000305175781,67.72000122070312,3006500
2020-11-13,61.57473373413086,71.54000091552734,71.76000213623047,68.73999786376953,68.73999786376953,3103800
2020-11-16,64.52694702148438,74.97000122070312,75.04000091552734,72.30999755859375,74.7699966430664,3843800
2020-11-17,63.890037536621094,74.2300033569336,75.11000061035156,73.0,73.72000122070312,2861400
2020-11-18,61.69523239135742,71.68000030517578,74.77999877929688,71.6500015258789,74.12000274658203,3601700
2020-11-19,61.9620475769043,71.98999786376953,72.56999969482422,70.83999633789062,71.33999633789062,3257200
2020-11-20,60.249263763427734,70.0,71.44999694824219,69.58000183105469,71.41999816894531,2912400
2020-11-23,61.37677764892578,71.30999755859375,71.62000274658203,69.87999725341797,70.61000061035156,2093400
2020-11-24,62.35798645019531,72.44999694824219,73.81999969482422,72.04000091552734,72.63999938964844,2318700
2020-11-25,61.69523239135742,71.68000030517578,72.55999755859375,70.83000183105469,72.20999908447266,2498200
2020-11-27,61.31654357910156,71.23999786376953,72.29000091552734,70.8499984741211,71.3499984741211,865300
2020-11-30,61.359580993652344,71.29000091552734,71.31999969482422,69.87999725341797,70.72000122070312,3650300
2020-12-01,63.20148849487305,73.43000030517578,74.06999969482422,71.41999816894531,71.41999816894531,3007500
2020-12-02,62.616180419921875,72.75,73.26000213623047,72.01000213623047,72.80999755859375,3102000
2020-12-03,64.27735137939453,74.68000030517578,75.75,72.30000305175781,72.77999877929688,3494400
2020-12-04,67.23817443847656,78.12000274658203,78.13999938964844,74.88999938964844,75.2699966430664,4305500
2020-12-07,65.30159759521484,75.87000274658203,77.97000122070312,75.31999969482422,76.91000366210938,2723800
2020-12-08,66.033203125,76.72000122070312,77.05000305175781,75.26000213623047,75.73999786376953,1746600
2020-12-09,65.76637268066406,76.41000366210938,77.0,75.62999725341797,76.5999984741211,2630200
2020-12-10,66.48072814941406,77.23999786376953,77.5,75.45999908447266,75.7300033569336,2750700
2020-12-11,65.3101806640625,75.87999725341797,77.5,75.37999725341797,76.68000030517578,4403300
2020-12-14,63.20148849487305,73.43000030517578,76.62000274658203,73.30999755859375,76.62000274658203,3452600
2020-12-15,63.95887756347656,74.30999755859375,74.69999694824219,72.80000305175781,73.87999725341797,2728700
2020-12-16,63.58878707885742,73.87999725341797,74.3499984741211,72.58999633789062,74.30999755859375,3116400
2020-12-17,64.07079315185547,74.44000244140625,75.91999816894531,74.22000122070312,74.56999969482422,2844500
2020-12-18,62.211673736572266,72.27999877929688,74.38999938964844,71.91000366210938,74.33000183105469,7618400
2020-12-21,62.37519836425781,72.47000122070312,73.0,70.31999969482422,70.5199966430664,4483600
2020-12-22,61.90180969238281,71.91999816894531,72.47000122070312,71.05999755859375,72.26000213623047,2173700
2020-12-23,62.719478607177734,72.87000274658203,73.43000030517578,72.51000213623047,72.66000366210938,1752900
2020-12-24,62.332176208496094,72.41999816894531,72.80000305175781,71.5,72.73999786376953,730200
2020-12-28,63.54575729370117,73.83000183105469,74.37999725341797,72.7300033569336,72.8499984741211,1975900
2020-12-29,62.68505096435547,72.83000183105469,75.23999786376953,72.70999908447266,74.19000244140625,1409000
2020-12-30,63.08097839355469,73.29000091552734,73.5199966430664,72.69000244140625,72.70999908447266,1108100
2020-12-31,63.915863037109375,74.26000213623047,74.47000122070312,72.66000366210938,73.43000030517578,1163700
2021-01-04,62.23748016357422,72.30999755859375,74.37999725341797,70.75,74.13999938964844,2497300
2021-01-05,62.633392333984375,72.7699966430664,73.7699966430664,72.0199966430664,72.0199966430664,1662600
2021-01-06,65.41346740722656,76.0,76.05999755859375,73.01000213623047,73.23999786376953,3641900
2021-01-07,65.44810485839844,75.58999633789062,76.38999938964844,74.48999786376953,75.94000244140625,4195100
2021-01-08,67.14515686035156,77.55000305175781,77.81999969482422,75.20999908447266,75.52999877929688,3682900
2021-01-11,67.14515686035156,77.55000305175781,78.83999633789062,75.86000061035156,76.45999908447266,3023800
2021-01-12,67.85513305664062,78.37000274658203,79.95999908447266,77.0199966430664,77.23999786376953,3281400
2021-01-13,65.92431640625,76.13999938964844,78.3499984741211,76.12999725341797,78.3499984741211,2262000
2021-01-14,65.37885284423828,75.51000213623047,77.5,74.95999908447266,76.5999984741211,2659600
2021-01-15,65.43079376220703,75.56999969482422,76.04000091552734,74.72000122070312,75.25,2049700
2021-01-19,64.82472229003906,74.87000274658203,76.20999908447266,74.81999969482422,76.04000091552734,1772400
2021-01-20,66.68624877929688,77.0199966430664,77.19000244140625,74.1500015258789,74.55000305175781,2274600
2021-01-21,66.52174377441406,76.83000183105469,77.23999786376953,76.31999969482422,76.9000015258789,1988300
2021-01-22,65.10177612304688,75.19000244140625,76.61000061035156,75.1500015258789,76.36000061035156,1539100
2021-01-25,63.20560836791992,73.0,74.12999725341797,71.87999725341797,73.0,4094700
2021-01-26,64.2186279296875,74.16999816894531,75.63999938964844,73.66000366210938,74.0199966430664,2061100
2021-01-27,62.357093811035156,72.0199966430664,74.19000244140625,71.58999633789062,73.25,2671500
2021-01-28,64.2013168334961,74.1500015258789,75.2699966430664,72.19999694824219,72.77999877929688,1960100
2021-01-29,61.915531158447266,71.51000213623047,73.80000305175781,71.37999725341797,73.80000305175781,2685100
2021-02-01,61.96746826171875,71.56999969482422,72.62999725341797,71.08999633789062,72.36000061035156,2128900
2021-02-02,63.23157501220703,73.02999877929688,73.80000305175781,69.95999908447266,70.0,5352600
2021-02-03,66.14942932128906,76.4000015258789,76.7699966430664,72.76000213623047,72.81999969482422,4967700
2021-02-04,66.25331115722656,76.5199966430664,77.30000305175781,75.80999755859375,76.38999938964844,2419900
2021-02-05,66.73821258544922,77.08000183105469,78.36000061035156,76.4800033569336,77.66000366210938,1908200
2021-02-08,66.59964752197266,76.91999816894531,78.05000305175781,76.29000091552734,77.4000015258789,1412500
2021-02-09,65.98493957519531,76.20999908447266,77.19000244140625,75.31999969482422,76.94000244140625,1864900
2021-02-10,65.92431640625,76.13999938964844,77.61000061035156,75.76000213623047,76.73999786376953,1461500
2021-02-11,65.99360656738281,76.22000122070312,76.81999969482422,75.52999877929688,76.26000213623047,1218900
2021-02-12,66.01089477539062,76.23999786376953,76.66000366210938,75.38999938964844,75.79000091552734,1207700
2021-02-16,66.14078521728516,76.38999938964844,76.80000305175781,75.5,76.22000122070312,2091600
2021-02-17,64.84204864501953,74.88999938964844,76.08000183105469,74.47000122070312,76.08000183105469,2094600
2021-02-18,64.87667083740234,74.93000030517578,75.16000366210938,73.87999725341797,74.02999877929688,1452700
2021-02-19,66.41783905029297,76.70999908447266,77.2699966430664,75.04000091552734,75.2300033569336,2005700
2021-02-22,68.10623168945312,78.66000366210938,79.30999755859375,75.94999694824219,75.94999694824219,2122300
2021-02-23,68.51316833496094,79.12999725341797,80.0999984741211,78.31999969482422,78.73999786376953,2304500
2021-02-24,70.11494445800781,80.9800033569336,81.54000091552734,78.66000366210938,78.87000274658203,3194800
2021-02-25,69.61276245117188,80.4000015258789,81.80000305175781,79.87999725341797,81.29000091552734,3596500
2021-02-26,68.946044921875,79.62999725341797,81.52999877929688,79.0199966430664,80.04000091552734,3146000
2021-03-01,70.05432891845703,80.91000366210938,81.87999725341797,80.18000030517578,80.44999694824219,2284400
2021-03-02,69.29241180419922,80.02999877929688,81.30000305175781,79.83000183105469,80.8499984741211,2210800
2021-03-03,70.56517791748047,81.5,82.5,80.2300033569336,80.37999725341797,2525500
2021-03-04,68.76424407958984,79.41999816894531,81.69999694824219,78.19999694824219,81.30999755859375,2746800
2021-03-05,70.81626892089844,81.79000091552734,82.0,78.36000061035156,80.75,2231400
2021-03-08,70.73833465576172,81.69999694824219,83.19000244140625,81.62999725341797,82.16000366210938,2683100
2021-03-09,68.7123031616211,79.36000061035156,81.69999694824219,79.05999755859375,81.3499984741211,3654700
2021-03-10,70.33141326904297,81.2300033569336,81.52999877929688,79.08999633789062,79.31999969482422,2352100
2021-03-11,70.15821838378906,81.02999877929688,81.87999725341797,80.43000030517578,81.6500015258789,1921800
2021-03-12,72.21025848388672,83.4000015258789,83.44999694824219,81.38999938964844,81.7300033569336,1866500
2021-03-15,72.07170867919922,83.23999786376953,83.97000122070312,82.72000122070312,83.19000244140625,2304200
2021-03-16,69.6560287475586,80.44999694824219,82.63999938964844,80.16999816894531,82.37999725341797,2428800
2021-03-17,69.92445373535156,80.76000213623047,81.8499984741211,80.26000213623047,80.94000244140625,1643000
2021-03-18,68.24475860595703,78.81999969482422,81.08000183105469,78.75,81.05000305175781,1981600
2021-03-19,69.00666809082031,79.69999694824219,80.72000122070312,77.55999755859375,78.54000091552734,4882500
2021-03-22,68.05426025390625,78.5999984741211,79.87000274658203,77.70999908447266,79.5,2151900
2021-03-23,67.34426879882812,77.77999877929688,78.2699966430664,76.41000366210938,77.86000061035156,3149000
2021-03-24,67.23172760009766,77.6500015258789,79.93000030517578,77.5999984741211,78.41999816894531,1612800
2021-03-25,68.91143035888672,79.58999633789062,79.86000061035156,76.69000244140625,76.91000366210938,1685400
2021-03-26,69.81190490722656,80.62999725341797,81.0,79.6500015258789,80.16999816894531,1560700
2021-03-29,68.42655944824219,79.02999877929688,80.83000183105469,78.26000213623047,80.38999938964844,1563400
2021-03-30,69.17118072509766,79.88999938964844,80.66000366210938,78.7699966430664,78.7699966430664,2242900
2021-03-31,68.56167602539062,78.73999786376953,79.9800033569336,78.70999908447266,79.61000061035156,2080000
2021-04-01,67.90861511230469,77.98999786376953,78.98999786376953,77.7699966430664,78.6500015258789,2391600
2021-04-05,69.03186798095703,79.27999877929688,79.66999816894531,78.3499984741211,78.83999633789062,3052700
2021-04-06,70.74722290039062,81.25,82.20999908447266,79.01000213623047,79.08999633789062,1927800
2021-04-07,70.22477722167969,80.6500015258789,81.72000122070312,80.47000122070312,81.16999816894531,1522300
2021-04-08,70.18994140625,80.61000061035156,80.72000122070312,79.75,79.83999633789062,1178900
2021-04-09,70.40763092041016,80.86000061035156,81.68000030517578,80.08000183105469,81.19000244140625,1311100
2021-04-12,71.0258560180664,81.56999969482422,81.75,80.55999755859375,80.94999694824219,1079000
2021-04-13,70.07676696777344,80.4800033569336,80.93000030517578,79.63999938964844,80.5,1457100
2021-04-14,70.12028503417969,80.52999877929688,81.75,80.29000091552734,80.29000091552734,1216700
2021-04-15,70.1638412475586,80.58000183105469,81.18000030517578,80.23999786376953,80.97000122070312,1226600
2021-04-16,70.1463851928711,80.55999755859375,81.72000122070312,80.31999969482422,81.05000305175781,2057900
2021-04-19,70.59918212890625,81.08000183105469,81.16999816894531,80.12000274658203,80.62000274658203,1455900
2021-04-20,69.9287109375,80.30999755859375,80.68000030517578,79.29000091552734,80.51000213623047,1906500
2021-04-21,71.74856567382812,82.4000015258789,82.43000030517578,80.25,80.38999938964844,1640700
2021-04-22,71.73116302490234,82.37999725341797,83.11000061035156,81.79000091552734,82.11000061035156,1634800
2021-04-23,71.9575424194336,82.63999938964844,83.69000244140625,81.75,82.33000183105469,1885600
2021-04-26,71.6440658569336,82.27999877929688,83.1500015258789,81.75,83.08000183105469,1540400
2021-04-27,72.52350616455078,83.29000091552734,84.18000030517578,82.63999938964844,83.02999877929688,1862300
2021-04-28,72.47997283935547,83.23999786376953,84.5199966430664,83.1500015258789,83.38999938964844,1380000
2021-04-29,73.28974914550781,84.16999816894531,84.62999725341797,83.23999786376953,83.7699966430664,1438500
2021-04-30,73.77737426757812,84.7300033569336,85.13999938964844,83.87000274658203,84.25,1871700
2021-05-03,73.17655944824219,84.04000091552734,85.1500015258789,83.8499984741211,85.0,2397300
2021-05-04,72.42772674560547,83.18000030517578,83.73999786376953,81.61000061035156,82.47000122070312,3169100
2021-05-05,72.30584716796875,83.04000091552734,84.0999984741211,82.25,83.44999694824219,2061200
2021-05-06,74.34333801269531,85.37999725341797,85.52999877929688,82.87999725341797,82.87999725341797,3141600
2021-05-07,75.1095962524414,86.26000213623047,86.7300033569336,84.80999755859375,85.23999786376953,2327300
2021-05-10,74.5697250366211,85.63999938964844,86.61000061035156,85.41000366210938,86.5,1618800
2021-05-11,73.12432098388672,83.9800033569336,85.37999725341797,83.16000366210938,85.05999755859375,1942500
2021-05-12,71.15646362304688,81.72000122070312,84.19000244140625,81.56999969482422,83.55000305175781,2253300
2021-05-13,72.37549591064453,83.12000274658203,83.62999725341797,81.5,81.5,1466900
2021-05-14,73.14173126220703,84.0,84.36000061035156,83.19999694824219,83.37999725341797,1482000
2021-05-17,73.25491333007812,84.12999725341797,84.62000274658203,83.3499984741211,84.33999633789062,1363200
2021-05-18,72.19263458251953,82.91000366210938,84.4800033569336,82.87000274658203,84.0,1834600
2021-05-19,70.65144348144531,81.13999938964844,82.30000305175781,80.86000061035156,82.05999755859375,1962000
2021-05-20,69.80683135986328,80.16999816894531,82.58000183105469,78.43000030517578,81.08999633789062,5446700
2021-05-21,70.10287475585938,80.51000213623047,81.30000305175781,79.75,80.6500015258789,4025500
2021-05-24,69.98099517822266,80.37000274658203,81.22000122070312,79.8499984741211,80.93000030517578,2684100
2021-05-25,70.97359466552734,81.51000213623047,83.0199966430664,80.26000213623047,80.43000030517578,2550400
2021-05-26,70.60789489746094,81.08999633789062,81.87000274658203,80.98999786376953,81.4000015258789,2836600
2021-05-27,70.04193878173828,80.44000244140625,81.75,80.2699966430664,81.45999908447266,3801200
2021-05-28,70.529541015625,81.0,81.12000274658203,80.30000305175781,80.45999908447266,1655600
2021-06-01,70.92134857177734,81.44999694824219,81.94999694824219,80.88999938964844,81.76000213623047,1494400
2021-06-02,70.25089263916016,80.68000030517578,82.12000274658203,80.36000061035156,81.55000305175781,2555900
2021-06-03,69.91132354736328,80.29000091552734,80.58999633789062,79.44999694824219,80.36000061035156,2310200
2021-06-04,69.31919860839844,79.61000061035156,80.80000305175781,79.02999877929688,80.55000305175781,1962500
2021-06-07,69.51078796386719,79.83000183105469,80.19000244140625,79.05999755859375,79.86000061035156,2525200
2021-06-08,69.9287109375,80.30999755859375,80.5199966430664,79.66999816894531,79.7699966430664,3153600
2021-06-09,69.18859100341797,79.45999908447266,80.56999969482422,79.37000274658203,80.5199966430664,1863900
2021-06-10,68.72710418701172,78.93000030517578,79.5999984741211,78.38999938964844,79.38999938964844,1805000
2021-06-11,69.54558563232422,79.87000274658203,79.94999694824219,78.87000274658203,79.19999694824219,1600600
2021-06-14,69.13636016845703,79.4000015258789,80.30999755859375,78.80000305175781,80.11000061035156,1374000
2021-06-15,68.97962951660156,79.22000122070312,79.83999633789062,79.11000061035156,79.62000274658203,1434800
2021-06-16,67.4297103881836,77.44000244140625,79.2699966430664,77.41000366210938,79.11000061035156,1872400
2021-06-17,66.21070098876953,76.04000091552734,77.83999633789062,75.69999694824219,77.7699966430664,2107200
2021-06-18,65.05259704589844,74.70999908447266,75.44999694824219,74.19999694824219,75.02999877929688,4668600
2021-06-21,67.36005401611328,77.36000061035156,77.38999938964844,75.08000183105469,75.4000015258789,3017300
2021-06-22,67.1597671508789,77.12999725341797,77.7300033569336,75.97000122070312,77.1500015258789,2654800
2021-06-23,67.28167724609375,77.2699966430664,77.86000061035156,76.9000015258789,77.18000030517578,1225400
2021-06-24,67.24685668945312,77.2300033569336,77.66000366210938,76.98999786376953,77.5199966430664,1592100
2021-06-25,67.08141326904297,77.04000091552734,77.66999816894531,76.87999725341797,77.31999969482422,3911500
2021-06-28,66.36742401123047,76.22000122070312,77.05000305175781,75.70999908447266,77.05000305175781,3179900
2021-06-29,65.89723205566406,75.68000030517578,76.79000091552734,75.63999938964844,76.41999816894531,1793600
2021-06-30,67.69964599609375,77.75,77.86000061035156,75.58999633789062,75.69000244140625,2865900
2021-07-01,67.29667663574219,76.81999969482422,77.88999938964844,76.56999969482422,77.56999969482422,2581500
2021-07-02,67.09518432617188,76.58999633789062,77.04000091552734,76.48999786376953,76.88999938964844,2999500
2021-07-06,66.0001449584961,75.33999633789062,76.69999694824219,75.30000305175781,76.3499984741211,4453700
2021-07-07,65.57088470458984,74.8499984741211,75.66000366210938,74.2699966430664,75.37000274658203,2087000
2021-07-08,65.08030700683594,74.29000091552734,74.76000213623047,73.51000213623047,74.23999786376953,2193200
2021-07-09,66.70096588134766,76.13999938964844,76.5199966430664,74.83000183105469,75.27999877929688,1601800
2021-07-12,65.90377044677734,75.2300033569336,75.72000122070312,74.9000015258789,75.26000213623047,2006000
2021-07-13,64.22179412841797,73.30999755859375,74.91000366210938,73.08999633789062,74.88999938964844,2181900
2021-07-14,64.1429672241211,73.22000122070312,74.44000244140625,73.16000366210938,73.5,1698600
2021-07-15,63.591060638427734,72.58999633789062,73.27999877929688,72.05000305175781,72.70999908447266,2476600
2021-07-16,62.70627975463867,71.58000183105469,73.29000091552734,71.3499984741211,73.29000091552734,2656400
2021-07-19,61.73387145996094,70.47000122070312,70.62000274658203,68.9000015258789,70.23999786376953,4545400
2021-07-20,63.6611328125,72.66999816894531,73.16000366210938,70.61000061035156,70.70999908447266,3652900
2021-07-21,64.18675994873047,73.2699966430664,74.36000061035156,73.18000030517578,73.3499984741211,2820900
2021-07-22,63.039154052734375,71.95999908447266,73.13999938964844,71.80000305175781,73.13999938964844,1893300
2021-07-23,63.83634567260742,72.87000274658203,73.16000366210938,71.93000030517578,72.2699966430664,1955800
2021-07-26,64.23054504394531,73.31999969482422,73.62000274658203,72.47000122070312,72.47000122070312,1302300
2021-07-27,64.46707916259766,73.58999633789062,73.91000366210938,72.58999633789062,72.91000366210938,2004300
2021-07-28,64.51964569091797,73.6500015258789,74.48999786376953,72.87000274658203,74.0199966430664,1544900
2021-07-29,65.77238464355469,75.08000183105469,76.0,74.37999725341797,74.5999984741211,2183500
2021-07-30,65.00147247314453,74.19999694824219,75.62999725341797,73.97000122070312,74.66999816894531,3047200
2021-08-02,64.1079330444336,73.18000030517578,75.66000366210938,73.1500015258789,74.62000274658203,1680000
2021-08-03,63.56477737426758,72.55999755859375,73.44999694824219,71.55000305175781,73.36000061035156,2677200
2021-08-04,62.855194091796875,71.75,72.29000091552734,71.29000091552734,71.87999725341797,2241500
2021-08-05,64.40576171875,73.5199966430664,73.55000305175781,72.08000183105469,72.26000213623047,1978900
2021-08-06,64.75617980957031,73.91999816894531,74.55999755859375,73.55000305175781,74.16000366210938,2038100
2021-08-09,64.34445190429688,73.44999694824219,75.16999816894531,73.27999877929688,75.01000213623047,2619000
2021-08-10,68.54064178466797,78.23999786376953,78.69999694824219,75.2300033569336,77.0,4547500
2021-08-11,68.47055053710938,78.16000366210938,78.7300033569336,77.61000061035156,78.69999694824219,2437300
2021-08-12,69.01367950439453,78.77999877929688,78.9000015258789,77.69999694824219,77.98999786376953,2531900
2021-08-13,69.59187316894531,79.44000244140625,79.7699966430664,78.44999694824219,78.91000366210938,1945800
2021-08-16,69.4955062866211,79.33000183105469,79.68000030517578,78.61000061035156,79.0999984741211,2068300
2021-08-17,68.91732788085938,78.66999816894531,79.63999938964844,78.54000091552734,78.87000274658203,2109200
2021-08-18,67.40179443359375,76.94000244140625,78.56999969482422,76.83000183105469,78.2699966430664,1654500
2021-08-19,66.18412017822266,75.55000305175781,77.13999938964844,74.30999755859375,76.16999816894531,2956400
2021-08-20,67.27037811279297,76.79000091552734,77.05999755859375,74.7300033569336,75.41999816894531,1935900
2021-08-23,67.94493103027344,77.55999755859375,77.91999816894531,76.25,77.13999938964844,2652100
2021-08-24,68.724609375,78.44999694824219,78.58999633789062,77.37999725341797,77.72000122070312,2046400
2021-08-25,69.33781433105469,79.1500015258789,79.41999816894531,78.12999725341797,78.30000305175781,1796800
2021-08-26,69.22395324707031,79.0199966430664,79.30999755859375,78.47000122070312,79.16000366210938,1683000
2021-08-27,70.30146026611328,80.25,80.73999786376953,79.0,79.33999633789062,2760300
2021-08-30,69.19766235351562,78.98999786376953,80.44000244140625,78.61000061035156,80.29000091552734,1370400
2021-08-31,69.77583312988281,79.6500015258789,79.80000305175781,78.7699966430664,79.37000274658203,2441000
2021-09-01,69.19766235351562,78.98999786376953,79.9000015258789,78.69999694824219,79.80000305175781,1677200
2021-09-02,68.64576721191406,78.36000061035156,79.5999984741211,77.98999786376953,79.08999633789062,1464400
2021-09-03,67.76097869873047,77.3499984741211,78.18000030517578,77.23999786376953,78.12000274658203,1903400
2021-09-07,67.57698822021484,77.13999938964844,77.43000030517578,76.29000091552734,77.01000213623047,1662100
2021-09-08,66.9375,76.41000366210938,77.5,75.98999786376953,77.19999694824219,1924300
2021-09-09,68.30411529541016,77.97000122070312,78.25,75.69999694824219,76.08000183105469,3111100
2021-09-10,67.06891632080078,76.55999755859375,78.43000030517578,76.52999877929688,78.30999755859375,2015400
2021-09-13,67.3404769897461,76.87000274658203,77.3499984741211,76.44000244140625,76.9800033569336,1602800
2021-09-14,66.38560485839844,75.77999877929688,77.26000213623047,75.26000213623047,77.23999786376953,1614600
2021-09-15,66.81484985351562,76.2699966430664,76.4000015258789,75.23999786376953,75.55999755859375,1509500
2021-09-16,67.24411010742188,76.76000213623047,77.19000244140625,76.13999938964844,76.3499984741211,1470400
2021-09-17,66.65715789794922,76.08999633789062,76.87999725341797,75.41000366210938,76.41999816894531,3756800
2021-09-20,66.70096588134766,76.13999938964844,76.55000305175781,74.5199966430664,74.94999694824219,2202300
2021-09-21,66.99006652832031,76.47000122070312,77.01000213623047,75.80000305175781,76.27999877929688,1795600
2021-09-22,68.06757354736328,77.69999694824219,77.83999633789062,76.75,77.13999938964844,2531000
2021-09-23,69.89849090576172,79.79000091552734,80.58999633789062,77.55000305175781,77.58000183105469,2788900
2021-09-24,70.50296783447266,80.4800033569336,80.94000244140625,79.37999725341797,79.91000366210938,4347400
2021-09-27,71.53665924072266,81.66000366210938,82.54000091552734,80.4800033569336,80.80000305175781,2426000
2021-09-28,70.69567108154297,80.69999694824219,82.75,80.51000213623047,81.52999877929688,1867900
2021-09-29,70.89716339111328,80.93000030517578,81.76000213623047,80.13999938964844,80.69999694824219,1954900
2021-09-30,69.17010498046875,78.5,80.9800033569336,78.41000366210938,80.9800033569336,2539200
2021-10-01,71.21436309814453,80.81999969482422,81.44000244140625,78.88999938964844,78.88999938964844,1848100
2021-10-04,71.7430648803711,81.41999816894531,81.66000366210938,80.45999908447266,80.72000122070312,2852500
2021-10-05,71.14386749267578,80.73999786376953,81.68000030517578,80.41999816894531,81.6500015258789,2480400
2021-10-06,71.46989440917969,81.11000061035156,81.5199966430664,79.48999786376953,80.30000305175781,1608600
2021-10-07,73.02071380615234,82.87000274658203,82.91999816894531,81.30999755859375,81.62000274658203,3015900
2021-10-08,73.44368743896484,83.3499984741211,83.73999786376953,82.19999694824219,82.8499984741211,4229300
2021-10-11,73.01191711425781,82.86000061035156,83.75,82.2699966430664,83.1500015258789,1463300
2021-10-12,73.18812561035156,83.05999755859375,83.83999633789062,82.08999633789062,82.66999816894531,1795000
2021-10-13,72.1131591796875,81.83999633789062,82.83999633789062,80.43000030517578,82.69999694824219,1603400
2021-10-14,72.45679473876953,82.2300033569336,82.7699966430664,81.88999938964844,82.22000122070312,1418000
2021-10-15,72.44798278808594,82.22000122070312,83.83000183105469,82.12999725341797,83.05999755859375,1791700
2021-10-18,71.6373062133789,81.30000305175781,82.05999755859375,80.86000061035156,81.38999938964844,1474100
2021-10-19,71.67256164550781,81.33999633789062,81.7300033569336,79.48999786376953,81.68000030517578,2066400
2021-10-20,70.33321380615234,79.81999969482422,81.58000183105469,79.68000030517578,81.33999633789062,2737600
2021-10-21,70.1657943725586,79.62999725341797,80.76000213623047,79.33000183105469,79.9000015258789,1567100
2021-10-22,69.3287124633789,78.68000030517578,79.98999786376953,78.63999938964844,79.54000091552734,1418400
2021-10-25,68.77360534667969,78.05000305175781,79.37999725341797,77.93000030517578,78.02999877929688,1822800
2021-10-26,67.88362121582031,77.04000091552734,78.19000244140625,76.30000305175781,77.97000122070312,2681500
2021-10-27,67.33729553222656,76.41999816894531,77.76000213623047,76.2699966430664,77.12999725341797,1799800
2021-10-28,67.53117370605469,76.63999938964844,77.12999725341797,75.93000030517578,76.37000274658203,1375000
2021-10-29,67.76026916503906,76.9000015258789,77.22000122070312,76.04000091552734,76.33000183105469,2769600
2021-11-01,69.0555648803711,78.37000274658203,79.12999725341797,77.11000061035156,77.20999908447266,1781100
2021-11-02,68.38587188720703,77.61000061035156,78.61000061035156,77.44000244140625,78.61000061035156,1523400
2021-11-03,68.18321228027344,77.37999725341797,78.4000015258789,77.19999694824219,77.38999938964844,1751100
2021-11-04,68.4739761352539,77.70999908447266,78.73999786376953,77.43000030517578,77.58000183105469,1839500
2021-11-05,71.64613342285156,81.30999755859375,81.5,78.75,78.75,2562100
2021-11-08,70.85311126708984,80.41000366210938,81.79000091552734,79.83999633789062,81.5,2710100
2021-11-09,70.13935089111328,79.5999984741211,81.77999877929688,77.79000091552734,79.62999725341797,3931200
2021-11-10,69.21417236328125,78.55000305175781,79.69999694824219,77.2699966430664,79.30000305175781,2572500
2021-11-11,68.35064697265625,77.56999969482422,79.12999725341797,77.16999816894531,78.4000015258789,1984700
2021-11-12,67.15227508544922,76.20999908447266,78.0,76.19000244140625,77.63999938964844,2039300
2021-11-15,67.34613800048828,76.43000030517578,77.30000305175781,76.01000213623047,76.5999984741211,1757500
2021-11-16,67.43424224853516,76.52999877929688,76.54000091552734,75.31999969482422,76.47000122070312,2872200
2021-11-17,66.66764831542969,75.66000366210938,76.94000244140625,75.33000183105469,76.12000274658203,2314900
2021-11-18,66.0244140625,74.93000030517578,76.0199966430664,74.26000213623047,75.69999694824219,2408600
2021-11-19,65.354736328125,74.16999816894531,74.77999877929688,73.01000213623047,74.58000183105469,3266400
2021-11-22,66.412109375,75.37000274658203,76.05000305175781,74.19000244140625,74.72000122070312,1880500
2021-11-23,67.41661834716797,76.51000213623047,76.94999694824219,75.19999694824219,75.62999725341797,2862400
2021-11-24,67.25802612304688,76.33000183105469,76.4800033569336,75.33999633789062,76.01000213623047,1684400
2021-11-26,64.08589172363281,72.7300033569336,74.48999786376953,72.05999755859375,73.62999725341797,2905200
2021-11-29,64.50003814697266,73.19999694824219,73.98999786376953,72.4800033569336,73.26000213623047,2489900
2021-11-30,61.71559524536133,70.04000091552734,72.8499984741211,69.91000366210938,72.31999969482422,4560000
2021-12-01,59.97972869873047,68.06999969482422,72.25,68.05000305175781,71.45999908447266,4241500
2021-12-02,61.83894348144531,70.18000030517578,70.83000183105469,68.33000183105469,68.7300033569336,3153800
2021-12-03,61.66273498535156,69.9800033569336,70.81999969482422,69.55000305175781,70.66999816894531,2680100
2021-12-06,64.31497955322266,72.98999786376953,74.80999755859375,71.11000061035156,71.16000366210938,4385100
2021-12-07,64.2532958984375,72.91999816894531,74.5,72.80999755859375,73.51000213623047,2934600
2021-12-08,64.7643814086914,73.5,74.05000305175781,73.01000213623047,73.33999633789062,2424000
2021-12-09,65.09038543701172,73.87000274658203,73.87999725341797,72.70999908447266,73.0999984741211,2718000
2021-12-10,64.9141616821289,73.66999816894531,74.9000015258789,73.29000091552734,74.43000030517578,1622100
2021-12-13,64.65862274169922,73.37999725341797,74.05999755859375,72.33999633789062,73.36000061035156,3390400
2021-12-14,64.781982421875,73.5199966430664,74.0999984741211,72.83999633789062,73.45999908447266,3534300
2021-12-15,65.7071762084961,74.56999969482422,75.12999725341797,73.1500015258789,74.19000244140625,3153500
2021-12-16,65.21376037597656,74.01000213623047,75.31999969482422,73.9000015258789,74.56999969482422,2670200
2021-12-17,63.539573669433594,72.11000061035156,74.62000274658203,71.86000061035156,73.19000244140625,7433900
2021-12-20,62.74653244018555,71.20999908447266,71.70999908447266,69.83000183105469,70.62000274658203,3357900
2021-12-21,65.63671112060547,74.48999786376953,74.62999725341797,71.58000183105469,71.79000091552734,3724900
2021-12-22,66.3239974975586,75.2699966430664,75.30000305175781,74.11000061035156,74.30000305175781,1950100
2021-12-23,67.53997802734375,76.6500015258789,77.0,75.43000030517578,75.81999969482422,2438900
2021-12-27,68.29779052734375,77.51000213623047,77.58999633789062,76.06999969482422,76.36000061035156,1412600
2021-12-28,69.0114974975586,78.31999969482422,78.66000366210938,77.44999694824219,77.44999694824219,1588300
2021-12-29,68.67666625976562,77.94000244140625,78.63999938964844,77.7699966430664,78.19999694824219,1122400
2021-12-30,68.72953796386719,78.0,78.66000366210938,77.77999877929688,78.08000183105469,719900
2021-12-31,69.21417236328125,78.55000305175781,79.0,77.7699966430664,78.0,1402700
2022-01-03,69.56661224365234,78.94999694824219,78.98999786376953,78.08999633789062,78.27999877929688,1951100
2022-01-04,71.26722717285156,80.87999725341797,81.19000244140625,79.31999969482422,79.44999694824219,2537000
2022-01-05,70.66805267333984,80.19999694824219,81.58999633789062,79.93000030517578,81.1500015258789,2825600
2022-01-06,70.61487579345703,79.66999816894531,80.91999816894531,79.5999984741211,80.0,2006500
2022-01-07,71.3150863647461,80.45999908447266,80.94000244140625,79.6500015258789,79.68000030517578,3688100
2022-01-10,70.29579162597656,79.30999755859375,80.80000305175781,77.56999969482422,80.69000244140625,2610100
2022-01-11,69.51581573486328,78.43000030517578,79.80000305175781,77.83000183105469,79.51000213623047,2772300
2022-01-12,69.3030776977539,78.19000244140625,79.30999755859375,77.58000183105469,78.51000213623047,3320200
2022-01-13,71.2796401977539,80.41999816894531,80.9800033569336,78.58000183105469,78.66000366210938,2372900
2022-01-14,70.72124481201172,79.79000091552734,79.94999694824219,78.63999938964844,78.91000366210938,2334500
2022-01-18,69.95011901855469,78.91999816894531,80.1500015258789,78.37999725341797,79.38999938964844,2573100
2022-01-19,68.85991668701172,77.69000244140625,79.0,77.37999725341797,78.5,2005900
2022-01-20,69.16127014160156,78.02999877929688,79.37000274658203,77.41000366210938,77.5,3066400
2022-01-21,68.61174774169922,77.41000366210938,78.93000030517578,77.08000183105469,78.31999969482422,3234100
2022-01-24,68.39901733398438,77.16999816894531,77.54000091552734,73.97000122070312,75.87000274658203,3126500
2022-01-25,68.31037902832031,77.06999969482422,77.91000366210938,74.20999908447266,76.0199966430664,2585800
2022-01-26,68.30152130126953,77.05999755859375,79.27999877929688,76.12999725341797,77.61000061035156,2659000
2022-01-27,67.94701385498047,76.66000366210938,79.05999755859375,76.2699966430664,77.66999816894531,2228700
2022-01-28,68.80674743652344,77.62999725341797,77.76000213623047,75.3499984741211,76.51000213623047,2305000
2022-01-31,69.26763153076172,78.1500015258789,78.25,76.7300033569336,76.76000213623047,2215200
2022-02-01,70.4287338256836,79.45999908447266,79.87999725341797,78.5199966430664,79.0,2457100
2022-02-02,70.89848327636719,79.98999786376953,80.31999969482422,78.94000244140625,79.0,2297400
2022-02-03,70.22489166259766,79.2300033569336,80.12999725341797,79.0199966430664,79.6500015258789,1634800
2022-02-04,69.80830383300781,78.76000213623047,79.37000274658203,77.26000213623047,78.55000305175781,1805700
2022-02-07,70.83646392822266,79.91999816894531,80.62999725341797,79.18000030517578,79.38999938964844,2836400
2022-02-08,72.09506225585938,81.33999633789062,81.62000274658203,74.80000305175781,75.04000091552734,5428100
2022-02-09,72.13938903808594,81.38999938964844,84.38999938964844,81.19999694824219,81.75,4061200
2022-02-10,73.51321411132812,82.94000244140625,83.05000305175781,80.66000366210938,81.41999816894531,2852700
2022-02-11,73.18527221679688,82.56999969482422,84.2699966430664,82.06999969482422,83.0199966430664,2677500
2022-02-14,72.67118072509766,81.98999786376953,83.37999725341797,80.81999969482422,82.9000015258789,3162000
2022-02-15,74.76295471191406,84.3499984741211,84.5199966430664,82.86000061035156,83.0,2427400
2022-02-16,75.84429931640625,85.56999969482422,85.98999786376953,84.22000122070312,84.22000122070312,2594600
2022-02-17,74.68319702148438,84.26000213623047,85.26000213623047,83.94000244140625,84.7699966430664,2193800
2022-02-18,74.05388641357422,83.55000305175781,85.36000061035156,83.19000244140625,83.94999694824219,2034100
2022-02-22,74.66545104980469,84.23999786376953,84.80000305175781,82.7699966430664,83.81999969482422,2214100
2022-02-23,74.53250885009766,84.08999633789062,85.31999969482422,83.62000274658203,84.58000183105469,2682300
2022-02-24,75.30362701416016,84.95999908447266,85.26000213623047,82.12999725341797,83.0999984741211,3450600
2022-02-25,77.33334350585938,87.25,87.30000305175781,85.11000061035156,85.44000244140625,2444100
2022-02-28,77.20039367675781,87.0999984741211,87.55000305175781,85.7300033569336,86.22000122070312,2798800
2022-03-01,76.35835266113281,86.1500015258789,87.2699966430664,85.20999908447266,86.73999786376953,2570200
2022-03-02,78.32605743408203,88.37000274658203,89.22000122070312,86.44000244140625,86.5,3393500
2022-03-03,77.18267822265625,87.08000183105469,89.12000274658203,86.58000183105469,88.62999725341797,2011000
2022-03-04,75.30362701416016,84.95999908447266,86.18000030517578,82.83000183105469,85.73999786376953,3960900
2022-03-07,68.9131088256836,77.75,84.86000061035156,77.58999633789062,84.83999633789062,5409500
2022-03-08,66.75041198730469,75.30999755859375,79.31999969482422,75.2300033569336,77.76000213623047,6094400
2022-03-09,70.69464111328125,79.76000213623047,80.6500015258789,77.7699966430664,78.0,3307300
2022-03-10,70.88963317871094,79.9800033569336,80.41999816894531,77.70999908447266,78.08000183105469,2338800
2022-03-11,68.97513580322266,77.81999969482422,81.37000274658203,77.70999908447266,80.73999786376953,1768600
2022-03-14,68.03561401367188,76.76000213623047,78.75,75.95999908447266,78.4000015258789,1737500
2022-03-15,68.94857025146484,77.79000091552734,79.30999755859375,77.37999725341797,78.02999877929688,2113500
2022-03-16,70.978271484375,80.08000183105469,80.11000061035156,78.12999725341797,78.30000305175781,2381100
2022-03-17,70.68578338623047,79.75,79.9800033569336,78.77999877929688,79.30000305175781,2082100
2022-03-18,72.00641632080078,81.23999786376953,81.37999725341797,78.62999725341797,79.72000122070312,4020200
2022-03-21,71.5721206665039,80.75,81.81999969482422,79.45999908447266,81.20999908447266,2087000
2022-03-22,71.89119720458984,81.11000061035156,82.0199966430664,80.6500015258789,81.23999786376953,1755500
2022-03-23,71.28849029541016,80.43000030517578,80.87999725341797,79.76000213623047,80.63999938964844,1976600
2022-03-24,72.26348114013672,81.52999877929688,81.76000213623047,80.20999908447266,80.80999755859375,1350600
2022-03-25,71.71395111083984,80.91000366210938,82.19999694824219,80.23999786376953,81.68000030517578,1297200
2022-03-28,71.74053955078125,80.94000244140625,81.16999816894531,79.81999969482422,80.66999816894531,1244400
2022-03-29,73.65503692626953,83.0999984741211,83.5199966430664,81.98999786376953,82.0199966430664,1810000
2022-03-30,73.55753326416016,82.98999786376953,84.04000091552734,82.47000122070312,82.5,2903800
2022-03-31,72.78202056884766,81.6500015258789,83.0199966430664,81.62999725341797,82.43000030517578,2229300
2022-04-01,73.45948791503906,82.41000366210938,82.47000122070312,81.38999938964844,81.80999755859375,2725500
2022-04-04,73.87843322753906,82.87999725341797,83.68000030517578,81.58000183105469,82.37000274658203,2389900
2022-04-05,73.53970336914062,82.5,83.43000030517578,81.61000061035156,82.55999755859375,1774500
2022-04-06,74.02105712890625,83.04000091552734,83.22000122070312,81.30999755859375,82.25,2278100
2022-04-07,74.5915298461914,83.68000030517578,83.7300033569336,82.80999755859375,83.26000213623047,3071200
2022-04-08,76.27627563476562,85.56999969482422,86.56999969482422,84.1500015258789,84.7300033569336,3078000
2022-04-11,75.5096664428711,84.70999908447266,86.11000061035156,84.56999969482422,85.37000274658203,2910800
2022-04-12,75.38487243652344,84.56999969482422,86.33000183105469,84.2300033569336,84.69999694824219,2772400
2022-04-13,77.25680541992188,86.66999816894531,86.72000122070312,84.66000366210938,85.08000183105469,1921300
2022-04-14,76.90023040771484,86.2699966430664,87.6500015258789,86.25,86.91000366210938,1593500
2022-04-18,76.579345703125,85.91000366210938,86.31999969482422,85.01000213623047,85.25,1633500
2022-04-19,78.531494140625,88.0999984741211,88.45999908447266,85.58000183105469,86.0999984741211,1954300
2022-04-20,79.42289733886719,89.0999984741211,89.5999984741211,88.3499984741211,88.9000015258789,1797100
2022-04-21,79.99336242675781,89.73999786376953,91.52999877929688,89.2300033569336,90.0,3290600
2022-04-22,79.15546417236328,88.80000305175781,90.18000030517578,88.66999816894531,89.44000244140625,2367600
2022-04-25,79.99336242675781,89.73999786376953,89.94000244140625,87.38999938964844,88.68000030517578,2360800
2022-04-26,78.1303482055664,87.6500015258789,89.88999938964844,87.55999755859375,89.88999938964844,1881600
2022-04-27,78.19276428222656,87.72000122070312,89.27999877929688,87.11000061035156,87.61000061035156,2116800
2022-04-28,78.72757720947266,88.31999969482422,88.44000244140625,87.06999969482422,88.23999786376953,1844000
2022-04-29,76.196044921875,85.4800033569336,88.88999938964844,85.23999786376953,88.2300033569336,3457000
2022-05-02,75.89298248291016,85.13999938964844,86.4000015258789,83.3499984741211,86.38999938964844,2545900
2022-05-03,76.44566345214844,85.76000213623047,86.2300033569336,84.0999984741211,85.72000122070312,2299400
2022-05-04,76.83785247802734,86.19999694824219,86.36000061035156,83.9000015258789,85.5,3093600
2022-05-05,74.54696655273438,83.62999725341797,85.41000366210938,82.95999908447266,84.87999725341797,2732700
2022-05-06,73.52188110351562,82.4800033569336,83.66999816894531,81.08999633789062,83.37999725341797,2389300
2022-05-09,72.27394104003906,81.08000183105469,82.7699966430664,80.62999725341797,81.41000366210938,3430900
2022-05-10,76.70414733886719,86.05000305175781,90.73999786376953,85.5,89.0,6798900
2022-05-11,74.93026733398438,84.05999755859375,87.29000091552734,83.66000366210938,86.37000274658203,4074800
2022-05-12,73.63775634765625,82.61000061035156,84.13999938964844,81.13999938964844,84.13999938964844,2663800
2022-05-13,75.52751159667969,84.7300033569336,85.70999908447266,83.37000274658203,83.41000366210938,2017100
2022-05-16,75.35812377929688,84.54000091552734,85.27999877929688,84.13999938964844,84.70999908447266,1419700
2022-05-17,76.5882568359375,85.91999816894531,86.05999755859375,84.63999938964844,85.33000183105469,1490700
2022-05-18,71.9441146850586,80.70999908447266,85.2699966430664,80.37999725341797,84.91000366210938,1983300
2022-05-19,70.49114990234375,79.08000183105469,80.41999816894531,78.02999877929688,79.87000274658203,2667000
2022-05-20,68.61922454833984,76.9800033569336,79.88999938964844,75.25,79.5999984741211,3277400
2022-05-23,70.05437469482422,78.58999633789062,78.61000061035156,76.33999633789062,77.66999816894531,1612400
2022-05-24,68.735107421875,77.11000061035156,78.0199966430664,75.76000213623047,77.83000183105469,2749600
2022-05-25,70.54461669921875,79.13999938964844,79.66999816894531,77.06999969482422,77.1500015258789,2323600
2022-05-26,73.84278106689453,82.83999633789062,83.63999938964844,81.22000122070312,81.87000274658203,2635200
2022-05-27,75.30465698242188,84.4800033569336,84.66999816894531,82.83999633789062,82.86000061035156,1927000
2022-05-31,75.03724670410156,84.18000030517578,84.72000122070312,83.02999877929688,84.12000274658203,2564700
2022-06-01,74.208251953125,83.25,84.61000061035156,82.68000030517578,84.12000274658203,1923500
2022-06-02,75.16204071044922,84.31999969482422,84.33999633789062,82.79000091552734,83.45999908447266,1461900
2022-06-03,75.09963989257812,84.25,84.37999725341797,83.4000015258789,83.7699966430664,1536600
2022-06-06,75.51860046386719,84.72000122070312,85.72000122070312,84.08000183105469,85.01000213623047,1092500
2022-06-07,75.86624908447266,85.11000061035156,85.22000122070312,83.26000213623047,83.38999938964844,1229000
2022-06-08,75.91080474853516,85.16000366210938,85.98999786376953,84.4000015258789,84.43000030517578,1843800
2022-06-09,73.53079223632812,82.48999786376953,85.11000061035156,82.45999908447266,84.83999633789062,1446200
2022-06-10,73.01378631591797,81.91000366210938,82.7699966430664,80.12000274658203,80.79000091552734,2083900
2022-06-13,71.0616455078125,79.72000122070312,81.43000030517578,79.2699966430664,80.08999633789062,1999600
2022-06-14,71.43603515625,80.13999938964844,81.02999877929688,79.73999786376953,79.97000122070312,2179600
2022-06-15,72.00650024414062,80.77999877929688,82.27999877929688,79.80999755859375,80.81999969482422,1662900
2022-06-16,69.92066192626953,78.44000244140625,79.55000305175781,77.79000091552734,79.55000305175781,2064800
2022-06-17,70.21480560302734,78.7699966430664,79.47000122070312,78.22000122070312,78.69000244140625,4620700
2022-06-21,71.37361907958984,80.06999969482422,80.5,79.12000274658203,80.08999633789062,1814700
2022-06-22,69.79586791992188,78.30000305175781,79.31999969482422,77.9000015258789,79.12000274658203,2405500
2022-06-23,72.05107879638672,80.83000183105469,80.91999816894531,78.81999969482422,79.91000366210938,2233300
2022-06-24,76.27627563476562,85.56999969482422,85.62000274658203,81.22000122070312,81.55999755859375,2761500
2022-06-27,76.74870300292969,86.0999984741211,86.7699966430664,84.73999786376953,85.93000030517578,2416900
2022-06-28,75.81275177001953,85.05000305175781,87.31999969482422,84.79000091552734,86.47000122070312,1906200
2022-06-29,76.03559875488281,85.30000305175781,86.87999725341797,85.20999908447266,86.25,2425500
2022-06-30,75.9459457397461,84.70999908447266,85.08000183105469,82.93000030517578,84.2300033569336,2443500
2022-07-01,77.38936614990234,86.31999969482422,86.44000244140625,84.52999877929688,84.61000061035156,2649900
2022-07-05,76.38523864746094,85.19999694824219,85.87999725341797,84.73999786376953,85.29000091552734,3203900
2022-07-06,76.04456329345703,84.81999969482422,85.72000122070312,84.55999755859375,85.0999984741211,3259600
2022-07-07,77.14730834960938,86.05000305175781,86.0999984741211,84.4000015258789,85.26000213623047,2703400
2022-07-08,77.23697662353516,86.1500015258789,87.43000030517578,85.86000061035156,86.22000122070312,1962600
2022-07-11,77.40728759765625,86.33999633789062,86.81999969482422,85.41000366210938,85.7699966430664,1414800
2022-07-12,77.4521484375,86.38999938964844,87.63999938964844,86.04000091552734,86.31999969482422,1537700
2022-07-13,77.34454345703125,86.2699966430664,87.08000183105469,84.91000366210938,85.48999786376953,1503200
2022-07-14,77.76590728759766,86.73999786376953,86.87999725341797,84.94999694824219,85.08999633789062,1586300
2022-07-15,78.55487823486328,87.62000274658203,88.23999786376953,87.33999633789062,88.02999877929688,1846500
2022-07-18,77.416259765625,86.3499984741211,88.54000091552734,86.0,88.18000030517578,2504600
2022-07-19,78.32177734375,87.36000061035156,88.2699966430664,86.3499984741211,87.30000305175781,2741000
2022-07-20,79.10176849365234,88.2300033569336,88.83999633789062,87.7300033569336,87.7300033569336,2009700
2022-07-21,77.92729949951172,86.91999816894531,88.12999725341797,86.58000183105469,87.83999633789062,2569700
2022-07-22,77.87350463867188,86.86000061035156,87.73999786376953,86.12999725341797,87.08000183105469,2343200
2022-07-25,78.7700424194336,87.86000061035156,87.94999694824219,86.88999938964844,87.19999694824219,1496200
2022-07-26,77.26385498046875,86.18000030517578,87.47000122070312,86.05999755859375,87.08000183105469,2714200
2022-07-27,77.4342041015625,86.37000274658203,87.02999877929688,85.7300033569336,86.72000122070312,3168400
2022-07-28,78.25004577636719,87.27999877929688,87.33000183105469,86.08000183105469,86.25,2669400
2022-07-29,76.11627960205078,84.9000015258789,87.16999816894531,84.54000091552734,86.95999908447266,4015300
2022-08-01,77.10248565673828,86.0,86.3499984741211,83.77999877929688,84.45999908447266,2862100
2022-08-02,76.57352447509766,85.41000366210938,86.05000305175781,84.88999938964844,85.91999816894531,2314500
2022-08-03,77.46111297607422,86.4000015258789,86.68000030517578,85.27999877929688,85.5,2126200
2022-08-04,77.36249542236328,86.29000091552734,86.86000061035156,85.62999725341797,86.2699966430664,1791800
2022-08-05,77.32660675048828,86.25,86.47000122070312,85.06999969482422,85.5,1829200
2022-08-08,77.76590728759766,86.73999786376953,87.29000091552734,86.08000183105469,86.47000122070312,2368800
2022-08-09,73.82112884521484,82.33999633789062,86.19000244140625,82.12999725341797,84.43000030517578,3609100
2022-08-10,73.26530456542969,81.72000122070312,84.06999969482422,81.36000061035156,83.62000274658203,3312800
2022-08-11,73.74942779541016,82.26000213623047,83.45999908447266,81.98999786376953,82.66000366210938,2227100
2022-08-12,75.9997329711914,84.7699966430664,84.80999755859375,82.27999877929688,82.27999877929688,3205300
2022-08-15,76.3493881225586,85.16000366210938,85.6500015258789,84.37999725341797,84.37999725341797,1854300
2022-08-16,77.37145233154297,86.30000305175781,86.36000061035156,84.76000213623047,85.5,1947100
2022-08-17,76.71697998046875,85.56999969482422,86.04000091552734,85.0199966430664,85.7699966430664,1738600
2022-08-18,77.38936614990234,86.31999969482422,86.33999633789062,84.54000091552734,85.86000061035156,1299900
2022-08-19,77.71212768554688,86.68000030517578,87.16999816894531,85.83999633789062,85.8499984741211,2052000
2022-08-22,76.08939361572266,84.87000274658203,85.95999908447266,84.44999694824219,85.79000091552734,1580400
2022-08-23,76.45697021484375,85.27999877929688,85.72000122070312,84.45999908447266,84.45999908447266,1649500
2022-08-24,77.14730834960938,86.05000305175781,86.12999725341797,85.2699966430664,85.62999725341797,1503000
2022-08-25,77.4521484375,86.38999938964844,87.16999816894531,85.93000030517578,86.27999877929688,1683700
2022-08-26,74.9776840209961,83.62999725341797,86.88999938964844,83.41000366210938,86.36000061035156,1916700
2022-08-29,74.48458862304688,83.08000183105469,84.02999877929688,82.27999877929688,82.94000244140625,1615500
2022-08-30,74.05423736572266,82.5999984741211,83.70999908447266,82.47000122070312,83.55999755859375,1513900
2022-08-31,73.71356201171875,82.22000122070312,83.27999877929688,82.22000122070312,82.91000366210938,2131600
2022-09-01,73.3818359375,81.8499984741211,82.06999969482422,80.30999755859375,82.06999969482422,2554700
2022-09-02,72.42254638671875,80.77999877929688,82.6500015258789,80.44000244140625,82.58999633789062,1882900
2022-09-06,72.1087417602539,80.43000030517578,81.41999816894531,79.93000030517578,81.3499984741211,2389800
2022-09-07,74.32321166992188,82.9000015258789,83.05999755859375,80.55000305175781,80.55999755859375,1921200
2022-09-08,74.44873809814453,83.04000091552734,83.22000122070312,81.66999816894531,82.45999908447266,1561400
2022-09-09,75.21077728271484,83.88999938964844,84.61000061035156,83.08999633789062,83.41000366210938,1567300
2022-09-12,75.5245590209961,84.23999786376953,85.11000061035156,83.94999694824219,84.27999877929688,1415300
2022-09-13,72.31494903564453,80.66000366210938,83.5999984741211,80.38999938964844,82.8499984741211,1483600
2022-09-14,71.19426727294922,79.41000366210938,80.77999877929688,78.33999633789062,80.54000091552734,2387400
2022-09-15,71.41841125488281,79.66000366210938,80.36000061035156,79.06999969482422,79.30999755859375,1527400
2022-09-16,70.10049438476562,78.19000244140625,79.54000091552734,77.69000244140625,79.37999725341797,2922300
2022-09-19,71.53497314453125,79.79000091552734,79.86000061035156,77.58999633789062,77.58999633789062,1521500
2022-09-20,71.3018569946289,79.52999877929688,79.61000061035156,78.41000366210938,79.12999725341797,1545400
2022-09-21,70.3335952758789,78.44999694824219,80.51000213623047,78.43000030517578,80.01000213623047,1934800
2022-09-22,69.3742904663086,77.37999725341797,78.26000213623047,76.83999633789062,78.22000122070312,3234800
2022-09-23,67.16880798339844,74.91999816894531,76.68000030517578,73.97000122070312,76.68000030517578,2274200
2022-09-26,66.00331115722656,73.62000274658203,75.2300033569336,73.2300033569336,74.62000274658203,2087900
2022-09-27,65.42953491210938,72.9800033569336,74.83000183105469,72.36000061035156,74.63999938964844,1746600
2022-09-28,66.12882995605469,73.76000213623047,74.13999938964844,72.73999786376953,73.58999633789062,2492800
2022-09-29,64.084716796875,71.4800033569336,73.33000183105469,71.0199966430664,73.06999969482422,2421300
2022-09-30,63.394378662109375,70.70999908447266,72.55999755859375,70.61000061035156,71.56999969482422,3073900
2022-10-03,64.63159942626953,72.08999633789062,72.61000061035156,71.01000213623047,71.5199966430664,2628500
2022-10-04,67.24052429199219,75.0,75.12999725341797,73.30999755859375,73.30999755859375,3503600
2022-10-05,67.68880462646484,75.5,75.87999725341797,74.19999694824219,74.3499984741211,2639100
2022-10-06,66.11863708496094,73.2699966430664,75.33999633789062,73.08000183105469,74.9800033569336,2268700
2022-10-07,65.1440658569336,72.19000244140625,72.83000183105469,71.75,72.58000183105469,2106100
2022-10-10,65.69451904296875,72.80000305175781,73.4000015258789,71.87000274658203,72.62000274658203,2259900
2022-10-11,66.29007720947266,73.45999908447266,73.75,72.29000091552734,72.79000091552734,2413600
2022-10-12,65.79376983642578,72.91000366210938,74.41000366210938,72.87000274658203,73.37999725341797,2385100
2022-10-13,67.2015151977539,74.47000122070312,74.94000244140625,71.0199966430664,71.70999908447266,2144400
2022-10-14,66.54275512695312,73.73999786376953,75.5999984741211,73.5,75.16000366210938,1932100
2022-10-17,68.20317077636719,75.58000183105469,75.69999694824219,74.41000366210938,74.79000091552734,2080000
2022-10-18,69.48457336425781,77.0,77.7300033569336,76.01000213623047,76.91999816894531,3246000
2022-10-19,69.89066314697266,77.44999694824219,78.1500015258789,76.93000030517578,77.11000061035156,3072300
2022-10-20,69.66505432128906,77.19999694824219,78.25,76.55000305175781,77.69999694824219,4385400
2022-10-21,72.23686981201172,80.05000305175781,80.27999877929688,76.93000030517578,77.44999694824219,2481800
2022-10-24,73.55437469482422,81.51000213623047,81.81999969482422,80.33000183105469,80.5199966430664,2947600
2022-10-25,74.46581268310547,82.5199966430664,83.12999725341797,81.08999633789062,81.3499984741211,2611900
2022-10-26,75.39527893066406,83.55000305175781,84.20999908447266,82.55000305175781,82.9800033569336,2770900
2022-10-27,75.57575988769531,83.75,84.41999816894531,83.38999938964844,84.12000274658203,3035000
2022-10-28,77.58810424804688,85.9800033569336,86.30000305175781,83.80000305175781,84.19000244140625,2767500
2022-10-31,78.11150360107422,86.55999755859375,87.41000366210938,85.41999816894531,85.41999816894531,4793900
2022-11-01,75.90062713623047,84.11000061035156,85.16000366210938,82.56999969482422,84.23999786376953,4799600
2022-11-02,73.50023651123047,81.44999694824219,83.69000244140625,81.30000305175781,83.20999908447266,4634500
2022-11-03,73.31976318359375,81.25,82.16999816894531,80.13999938964844,80.91000366210938,2557200
2022-11-04,74.22216033935547,82.25,82.55999755859375,80.68000030517578,82.08999633789062,3976300
2022-11-07,75.09748077392578,83.22000122070312,83.44999694824219,82.19999694824219,82.41000366210938,2497700
2022-11-08,75.2779541015625,83.41999816894531,83.94000244140625,82.66000366210938,83.55999755859375,2180900
2022-11-09,74.86286926269531,82.95999908447266,84.18000030517578,82.79000091552734,83.37999725341797,2494100
2022-11-10,76.01792907714844,84.23999786376953,85.44999694824219,83.58000183105469,85.16000366210938,3298300
2022-11-11,76.22549438476562,84.47000122070312,85.11000061035156,83.5999984741211,85.04000091552734,3500400
2022-11-14,76.37889862060547,84.63999938964844,85.76000213623047,83.76000213623047,84.37000274658203,3483800
2022-11-15,75.30504608154297,83.44999694824219,85.88999938964844,82.9800033569336,85.55000305175781,2436000
2022-11-16,76.08109283447266,84.30999755859375,84.70999908447266,83.37999725341797,83.44000244140625,1361000
2022-11-17,75.8916015625,84.0999984741211,84.19000244140625,83.31999969482422,83.47000122070312,1328600
2022-11-18,76.75789642333984,85.05999755859375,86.0,84.54000091552734,85.5999984741211,2396500
2022-11-21,76.91129302978516,85.2300033569336,85.62000274658203,84.68000030517578,85.0199966430664,2184400
2022-11-22,77.79566192626953,86.20999908447266,86.33999633789062,85.44999694824219,85.77999877929688,1408500
2022-11-23,77.66029357910156,86.05999755859375,86.98999786376953,85.9000015258789,86.63999938964844,1034800
2022-11-25,78.01222229003906,86.44999694824219,86.54000091552734,85.86000061035156,86.0999984741211,615400
2022-11-28,77.54297637939453,85.93000030517578,86.87999725341797,85.4000015258789,85.88999938964844,2645500
2022-11-29,76.78497314453125,85.08999633789062,86.36000061035156,84.94000244140625,86.0,1632200
2022-11-30,78.06637573242188,86.51000213623047,86.52999877929688,84.52999877929688,84.83000183105469,2932400
2022-12-01,77.64225006103516,86.04000091552734,87.20999908447266,85.91000366210938,86.94000244140625,1994300
2022-12-02,77.00154876708984,85.33000183105469,85.37000274658203,84.29000091552734,85.1500015258789,1398600
2022-12-05,76.821044921875,85.12999725341797,85.4800033569336,84.41999816894531,84.5,1272000
2022-12-06,76.03598022460938,84.26000213623047,85.75,84.04000091552734,85.61000061035156,1113700
2022-12-07,75.97281646728516,84.19000244140625,84.76000213623047,83.70999908447266,84.19999694824219,1450400
2022-12-08,75.72013092041016,83.91000366210938,84.38999938964844,83.4800033569336,84.37000274658203,1719600
2022-12-09,74.20410919189453,82.2300033569336,83.5199966430664,82.13999938964844,83.37999725341797,1767800
2022-12-12,75.0162582397461,83.12999725341797,83.1500015258789,82.05999755859375,82.44999694824219,1853100
2022-12-13,74.45677185058594,82.51000213623047,84.79000091552734,82.05000305175781,84.7699966430664,2505700
2022-12-14,74.12290954589844,82.13999938964844,83.0199966430664,81.23999786376953,82.58999633789062,1857400
2022-12-15,70.64866638183594,78.29000091552734,79.95999908447266,77.4800033569336,79.23999786376953,3778500
2022-12-16,71.0006103515625,78.68000030517578,79.0,77.3499984741211,77.91000366210938,4403400
2022-12-19,70.30575561523438,77.91000366210938,79.47000122070312,76.97000122070312,79.01000213623047,2799100
2022-12-20,70.6396484375,78.27999877929688,78.68000030517578,77.44999694824219,77.86000061035156,1890800
2022-12-21,69.61090850830078,77.13999938964844,78.88999938964844,76.97000122070312,78.79000091552734,3313200
2022-12-22,69.68309783935547,77.22000122070312,77.22000122070312,75.76000213623047,76.5199966430664,1769700
2022-12-23,70.46819305419922,78.08999633789062,78.13999938964844,76.87999725341797,77.12999725341797,1094600
2022-12-27,70.35989379882812,77.97000122070312,78.4000015258789,77.16999816894531,78.20999908447266,2213800
2022-12-28,69.47554779052734,76.98999786376953,78.37000274658203,76.73999786376953,78.2300033569336,2655600
2022-12-29,69.34019470214844,76.83999633789062,77.58999633789062,76.80000305175781,77.20999908447266,1555300
2022-12-30,68.98824310302734,76.44999694824219,76.55000305175781,75.56999969482422,76.3499984741211,2006300
2023-01-03,68.57315826416016,75.98999786376953,76.61000061035156,75.13999938964844,76.44999694824219,2002500
2023-01-04,69.19580841064453,76.68000030517578,76.72000122070312,75.54000091552734,76.19999694824219,2438700
2023-01-05,69.26846313476562,76.2699966430664,76.80999755859375,75.70999908447266,76.2300033569336,2092900
2023-01-06,71.48448181152344,78.70999908447266,78.93000030517578,76.70999908447266,77.20999908447266,1909600
2023-01-09,71.9294662475586,79.19999694824219,79.80000305175781,78.94999694824219,79.06999969482422,2678900
2023-01-10,72.61971282958984,79.95999908447266,80.12999725341797,79.06999969482422,79.37999725341797,2150900
2023-01-11,73.20097351074219,80.5999984741211,80.62999725341797,79.77999877929688,80.38999938964844,1714200
2023-01-12,72.88311767578125,80.25,81.5,80.13999938964844,81.12000274658203,2215400
2023-01-13,72.95575714111328,80.33000183105469,80.47000122070312,79.38999938964844,79.91000366210938,1827000
2023-01-17,72.53799438476562,79.87000274658203,80.80000305175781,79.5199966430664,80.12999725341797,2021900
2023-01-18,70.20391845703125,77.30000305175781,80.22000122070312,77.22000122070312,80.04000091552734,2292500
2023-01-19,69.90421295166016,76.97000122070312,77.33000183105469,76.47000122070312,76.97000122070312,2036100
2023-01-20,70.68526458740234,77.83000183105469,77.8499984741211,76.73999786376953,77.36000061035156,2494000
2023-01-23,71.97489166259766,79.25,79.5,77.62000274658203,77.91000366210938,1835700
2023-01-24,70.93955993652344,78.11000061035156,82.37999725341797,77.94000244140625,82.37999725341797,2291600
2023-01-25,71.88407897949219,79.1500015258789,79.30999755859375,77.30000305175781,77.30000305175781,2192000
2023-01-26,71.1484375,78.33999633789062,79.41999816894531,78.23999786376953,79.29000091552734,1805500
2023-01-27,70.73973846435547,77.88999938964844,78.55000305175781,77.43000030517578,78.26000213623047,2477100
2023-01-30,70.93047332763672,78.0999984741211,78.91000366210938,77.51000213623047,77.6500015258789,4297500
2023-01-31,70.3492202758789,77.45999908447266,77.5,73.68000030517578,75.5,9251600
2023-02-01,70.76699829101562,77.91999816894531,78.30000305175781,76.69999694824219,77.87999725341797,4641000
2023-02-02,70.04951477050781,77.12999725341797,77.79000091552734,75.5999984741211,77.58999633789062,3885400
2023-02-03,69.6771469116211,76.72000122070312,77.29000091552734,76.29000091552734,77.13999938964844,3302700
2023-02-06,69.8497314453125,76.91000366210938,77.25,76.33000183105469,76.44999694824219,3143500
2023-02-07,70.16758728027344,77.26000213623047,77.44000244140625,75.25,76.48999786376953,2544000
2023-02-08,69.22303771972656,76.22000122070312,77.26000213623047,75.68000030517578,76.83999633789062,2785500
2023-02-09,69.4410171508789,76.45999908447266,77.02999877929688,76.12999725341797,76.4800033569336,1980800
2023-02-10,70.45820617675781,77.58000183105469,77.5999984741211,76.33999633789062,76.62000274658203,1787200
2023-02-13,71.04852294921875,78.2300033569336,78.2300033569336,77.38999938964844,77.66999816894531,1545900
2023-02-14,70.63985443115234,77.77999877929688,78.26000213623047,77.05000305175781,78.26000213623047,1483500
2023-02-15,70.27656555175781,77.37999725341797,77.48999786376953,76.72000122070312,77.33999633789062,1838700
2023-02-16,70.35832214355469,77.47000122070312,78.01000213623047,76.94999694824219,76.94999694824219,1457100
2023-02-17,71.48448181152344,78.70999908447266,78.72000122070312,77.27999877929688,77.62999725341797,1884700
2023-02-21,69.75888061523438,76.80999755859375,78.36000061035156,76.66999816894531,78.30999755859375,2320400
2023-02-22,70.35832214355469,77.47000122070312,78.12999725341797,76.7300033569336,77.01000213623047,1787800
2023-02-23,69.52275848388672,76.55000305175781,77.72000122070312,76.23999786376953,77.44999694824219,1673900
2023-02-24,68.8688735961914,75.83000183105469,76.44000244140625,75.62000274658203,75.9800033569336,1844200
2023-02-27,68.75078582763672,75.69999694824219,76.77999877929688,75.51000213623047,76.33999633789062,1247400
2023-02-28,67.72451782226562,74.56999969482422,75.8499984741211,74.56999969482422,75.5999984741211,2864800
2023-03-01,68.19678497314453,75.08999633789062,75.12999725341797,73.79000091552734,74.01000213623047,1900800
2023-03-02,68.61456298828125,75.55000305175781,75.62999725341797,74.88999938964844,75.08000183105469,1656200
2023-03-03,69.25938415527344,76.26000213623047,76.5,75.52999877929688,75.9800033569336,1602300
2023-03-06,69.34113311767578,76.3499984741211,76.80000305175781,75.91999816894531,75.97000122070312,1760500
2023-03-07,68.67813873291016,75.62000274658203,76.56999969482422,75.47000122070312,76.4000015258789,1410700
2023-03-08,67.96971893310547,74.83999633789062,74.88999938964844,73.87000274658203,74.87999725341797,2249700
2023-03-09,67.48839569091797,74.30999755859375,76.06999969482422,74.11000061035156,75.5199966430664,1803500
2023-03-10,66.41670989990234,73.12999725341797,74.33000183105469,72.70999908447266,74.12999725341797,1804500
2023-03-13,67.07060241699219,73.8499984741211,74.26000213623047,72.0199966430664,72.23999786376953,2627500
2023-03-14,67.8062744140625,74.66000366210938,75.0,73.87000274658203,74.58999633789062,2485600
2023-03-15,68.09689331054688,74.9800033569336,75.0,73.33000183105469,73.63999938964844,2886600
2023-03-16,67.66094207763672,74.5,74.8499984741211,73.47000122070312,74.7699966430664,2755100
2023-03-17,66.24415588378906,72.94000244140625,74.08999633789062,72.33999633789062,74.08000183105469,5389300
2023-03-20,67.28858947753906,74.08999633789062,74.5199966430664,73.05000305175781,73.27999877929688,2189800
2023-03-21,68.29668426513672,75.19999694824219,75.47000122070312,74.3499984741211,74.55999755859375,2243600
2023-03-22,67.26133728027344,74.05999755859375,75.56999969482422,74.05000305175781,75.13999938964844,1604400
2023-03-23,66.5075454711914,73.2300033569336,74.58999633789062,72.9800033569336,74.05000305175781,2007300
2023-03-24,67.78809356689453,74.63999938964844,74.73999786376953,72.8499984741211,73.02999877929688,1907500
2023-03-27,69.05956268310547,76.04000091552734,76.4000015258789,75.25,75.30000305175781,2337700
2023-03-28,69.35020446777344,76.36000061035156,76.88999938964844,76.05999755859375,76.26000213623047,1997000
2023-03-29,70.28565216064453,77.38999938964844,77.62999725341797,76.80000305175781,76.87000274658203,2464900
2023-03-30,69.876953125,76.94000244140625,77.87000274658203,76.8499984741211,77.66000366210938,1611900
2023-03-31,70.14032745361328,77.2300033569336,77.41000366210938,76.6500015258789,77.4000015258789,2802100
2023-04-03,70.9849624633789,78.16000366210938,78.3499984741211,77.27999877929688,77.3499984741211,1504500
2023-04-04,70.60353088378906,77.73999786376953,79.0199966430664,77.48999786376953,78.33000183105469,1688200
2023-04-05,70.78631591796875,77.44999694824219,77.76000213623047,76.87999725341797,77.30000305175781,1863200
2023-04-06,70.6218032836914,77.2699966430664,77.95999908447266,77.05999755859375,77.36000061035156,2125500
2023-04-10,71.02394104003906,77.70999908447266,77.87000274658203,76.69000244140625,76.7300033569336,1519200
2023-04-11,71.58146667480469,78.31999969482422,78.47000122070312,77.70999908447266,77.98999786376953,1304400
2023-04-12,68.39173889160156,74.83000183105469,78.33999633789062,74.76000213623047,78.31999969482422,3844700
2023-04-13,68.23636627197266,74.66000366210938,74.88999938964844,73.54000091552734,74.5,4499800
2023-04-14,67.15790557861328,73.4800033569336,74.77999877929688,73.12999725341797,74.6500015258789,3038400
2023-04-17,68.80301666259766,75.27999877929688,75.27999877929688,73.70999908447266,73.94999694824219,2657500
2023-04-18,68.33690643310547,74.7699966430664,75.44999694824219,74.2699966430664,75.37000274658203,1411500
2023-04-19,68.32776641845703,74.76000213623047,75.18000030517578,74.62999725341797,74.98999786376953,2201000
2023-04-20,67.99872589111328,74.4000015258789,74.76000213623047,74.16999816894531,74.73999786376953,1434900
2023-04-21,69.05892181396484,75.55999755859375,75.69000244140625,74.58999633789062,74.69000244140625,2156500
2023-04-24,69.00408935546875,75.5,75.94000244140625,75.19999694824219,75.44999694824219,1221900
2023-04-25,68.51968383789062,74.97000122070312,75.83999633789062,74.91999816894531,75.25,1961800
2023-04-26,67.60572814941406,73.97000122070312,75.62999725341797,73.63999938964844,74.62999725341797,2545100
2023-04-27,68.6202392578125,75.08000183105469,75.12000274658203,73.9000015258789,74.11000061035156,1495200
2023-04-28,70.13740539550781,76.73999786376953,77.04000091552734,74.9800033569336,75.0,2717000
2023-05-01,70.21051025390625,76.81999969482422,77.87999725341797,76.61000061035156,76.87999725341797,3616300
2023-05-02,69.27827453613281,75.80000305175781,76.62999725341797,72.81999969482422,76.62999725341797,5818900
2023-05-03,68.83959197998047,75.31999969482422,75.87999725341797,74.91000366210938,75.13999938964844,3587500
2023-05-04,69.04977416992188,75.55000305175781,76.0,74.72000122070312,75.41000366210938,2757000
2023-05-05,70.16481018066406,76.7699966430664,76.77999877929688,75.80999755859375,76.19000244140625,1930200
2023-05-08,69.5342025756836,76.08000183105469,77.13999938964844,75.80999755859375,77.04000091552734,1749000
2023-05-09,69.44278717041016,75.9800033569336,76.37999725341797,75.18000030517578,75.91999816894531,2061000
2023-05-10,67.07561492919922,73.38999938964844,76.41999816894531,73.29000091552734,76.2699966430664,3421200
2023-05-11,67.32240295410156,73.66000366210938,73.80000305175781,71.9000015258789,72.95999908447266,3154700
2023-05-12,68.21808624267578,74.63999938964844,74.77999877929688,73.73999786376953,73.97000122070312,2213600
2023-05-15,68.04442596435547,74.44999694824219,74.70999908447266,73.93000030517578,74.5199966430664,2024400
2023-05-16,67.1030502319336,73.41999816894531,74.13999938964844,73.3499984741211,74.13999938964844,1666100
2023-05-17,66.99336242675781,73.30000305175781,73.72000122070312,72.69999694824219,73.4800033569336,1531300
2023-05-18,66.8928451538086,73.19000244140625,73.37999725341797,72.19000244140625,73.12000274658203,1967400
2023-05-19,66.8379898071289,73.12999725341797,73.83000183105469,72.87999725341797,73.55000305175781,3050100
2023-05-22,65.6224365234375,71.80000305175781,73.37999725341797,71.69999694824219,73.12000274658203,2510100
2023-05-23,64.70848083496094,70.80000305175781,71.54000091552734,70.37000274658203,71.25,3262200
2023-05-24,65.12889862060547,71.26000213623047,71.5199966430664,70.54000091552734,70.68000030517578,2669200
2023-05-25,64.44341278076172,70.51000213623047,71.30999755859375,69.95999908447266,70.61000061035156,3002100
2023-05-26,64.63534545898438,70.72000122070312,71.02999877929688,70.26000213623047,70.51000213623047,2352100
2023-05-30,63.53858947753906,69.5199966430664,70.80000305175781,69.22000122070312,70.20999908447266,2859000
2023-05-31,63.931602478027344,69.94999694824219,70.19000244140625,69.37000274658203,69.58000183105469,4130100
2023-06-01,65.14716339111328,71.27999877929688,71.48999786376953,70.12000274658203,70.30999755859375,3330900
2023-06-02,66.39016723632812,72.63999938964844,72.73999786376953,71.43000030517578,71.8499984741211,2011800
2023-06-05,66.29876708984375,72.54000091552734,72.81999969482422,71.63999938964844,72.52999877929688,2163300
2023-06-06,66.6003646850586,72.87000274658203,72.98999786376953,72.01000213623047,72.26000213623047,1576400
2023-06-07,66.43585968017578,72.69000244140625,73.1500015258789,71.5,71.87000274658203,2782600
2023-06-08,65.87832641601562,72.08000183105469,72.70999908447266,71.52999877929688,72.70999908447266,2519400
2023-06-09,66.29876708984375,72.54000091552734,72.7300033569336,71.75,72.02999877929688,1694300
2023-06-12,66.10684204101562,72.33000183105469,72.86000061035156,71.93000030517578,72.80000305175781,2165300
2023-06-13,66.49983978271484,72.76000213623047,72.94000244140625,71.75,72.0199966430664,3087200
2023-06-14,66.56380462646484,72.83000183105469,73.69000244140625,72.52999877929688,73.30000305175781,2063200
2023-06-15,67.08477020263672,73.4000015258789,73.58999633789062,72.5999984741211,72.98999786376953,2960900
2023-06-16,67.07561492919922,73.38999938964844,73.80000305175781,72.77999877929688,73.33000183105469,4398900
2023-06-20,66.24394226074219,72.4800033569336,73.37999725341797,72.45999908447266,73.02999877929688,1978100
2023-06-21,66.35360717773438,72.5999984741211,72.80000305175781,71.91000366210938,72.25,1673200
2023-06-22,66.93854522705078,73.23999786376953,73.3499984741211,72.7699966430664,73.23999786376953,1380400
2023-06-23,66.21650695800781,72.44999694824219,73.37000274658203,72.16999816894531,73.16999816894531,2640100
2023-06-26,66.14339447021484,72.37000274658203,72.81999969482422,72.0,72.48999786376953,3403900
2023-06-27,67.06649017333984,73.37999725341797,73.69000244140625,72.26000213623047,72.30999755859375,2443600
2023-06-28,66.6003646850586,72.87000274658203,73.27999877929688,72.29000091552734,73.18000030517578,1905900
2023-06-29,66.8379898071289,73.12999725341797,73.16999816894531,72.41999816894531,72.70999908447266,1767500
2023-06-30,67.81593322753906,74.19999694824219,74.30000305175781,73.13999938964844,73.55000305175781,2517600
2023-07-03,68.82129669189453,75.30000305175781,75.31999969482422,73.80999755859375,73.94000244140625,1386900
2023-07-05,67.8890380859375,74.27999877929688,74.94000244140625,73.87999725341797,74.94000244140625,2689800
2023-07-06,68.25711059570312,74.18000030517578,74.44999694824219,73.04000091552734,73.5199966430664,2624900
2023-07-07,68.3951416015625,74.33000183105469,74.9800033569336,74.02999877929688,74.02999877929688,2614100
2023-07-10,68.15589904785156,74.06999969482422,75.04000091552734,73.76000213623047,74.4000015258789,2106300
2023-07-11,68.082275390625,73.98999786376953,74.72000122070312,73.79000091552734,74.23999786376953,2457100
2023-07-12,67.93505859375,73.83000183105469,74.52999877929688,73.69000244140625,74.4000015258789,2122300
2023-07-13,67.43817901611328,73.29000091552734,74.0199966430664,73.26000213623047,73.9000015258789,2093300
2023-07-14,67.26334381103516,73.0999984741211,73.47000122070312,72.41999816894531,73.0999984741211,2136100
2023-07-17,67.54859924316406,73.41000366210938,73.68000030517578,72.6500015258789,72.88999938964844,1543000
2023-07-18,66.69286346435547,72.4800033569336,73.63999938964844,72.31999969482422,73.19000244140625,2616800
2023-07-19,68.22950744628906,74.1500015258789,74.27999877929688,72.6500015258789,72.6500015258789,2598700
2023-07-20,69.34290313720703,75.36000061035156,75.37999725341797,74.08999633789062,74.5199966430664,2032800
2023-07-21,69.19567108154297,75.19999694824219,75.83000183105469,75.05000305175781,75.66999816894531,2369200
2023-07-24,69.75697326660156,75.80999755859375,76.19999694824219,75.44999694824219,75.44999694824219,2517600
2023-07-25,69.4901123046875,75.5199966430664,75.66000366210938,74.56999969482422,75.52999877929688,2123500
2023-07-26,69.42572021484375,75.44999694824219,76.25,75.13999938964844,75.66000366210938,1725700
2023-07-27,69.47171783447266,75.5,76.0999984741211,75.44000244140625,75.66999816894531,2148900
2023-07-28,69.98699951171875,76.05999755859375,76.62000274658203,75.88999938964844,75.97000122070312,2597200
2023-07-31,70.21703338623047,76.30999755859375,76.55000305175781,76.0,76.26000213623047,5923700
2023-08-01,70.07903289794922,76.16000366210938,78.25,74.30999755859375,76.91999816894531,4859300
2023-08-02,69.59134674072266,75.62999725341797,76.58999633789062,74.97000122070312,75.58999633789062,2037100
2023-08-03,68.29393005371094,74.22000122070312,75.62000274658203,74.16000366210938,75.08999633789062,3089400
2023-08-04,67.89825439453125,73.79000091552734,74.87000274658203,73.70999908447266,74.30999755859375,2677200
2023-08-07,68.2479248046875,74.16999816894531,74.36000061035156,73.62000274658203,73.86000061035156,1396000
2023-08-08,67.27255249023438,73.11000061035156,74.06999969482422,72.83999633789062,73.87000274658203,1685100
2023-08-09,67.65900421142578,73.52999877929688,74.0,73.08000183105469,73.19999694824219,1826800
2023-08-10,66.31558990478516,72.06999969482422,73.80000305175781,71.83999633789062,73.55999755859375,2208800
2023-08-11,66.2143783569336,71.95999908447266,72.44999694824219,71.61000061035156,72.11000061035156,1778000
2023-08-14,65.2850112915039,70.94999694824219,72.19999694824219,70.7699966430664,72.0,2499500
2023-08-15,65.52424621582031,71.20999908447266,71.37000274658203,70.18000030517578,70.54000091552734,2230600
2023-08-16,66.32478332519531,72.08000183105469,73.58999633789062,71.44000244140625,71.55999755859375,2968900
2023-08-17,65.75430297851562,71.45999908447266,72.75,71.41999816894531,72.22000122070312,2009400
2023-08-18,65.76350402832031,71.47000122070312,72.0199966430664,71.08999633789062,71.20999908447266,4652500
2023-08-21,65.39543151855469,71.06999969482422,71.54000091552734,70.6500015258789,71.27999877929688,1703100
2023-08-22,64.59490203857422,70.19999694824219,71.05000305175781,69.76000213623047,70.76000213623047,2090600
2023-08-23,64.70531463623047,70.31999969482422,70.5199966430664,69.91000366210938,70.11000061035156,2801500
2023-08-24,64.31886291503906,69.9000015258789,70.95999908447266,69.77999877929688,70.0999984741211,2676500
2023-08-25,64.19002532958984,69.76000213623047,70.66999816894531,69.61000061035156,70.33999633789062,2250200
2023-08-28,64.66851806640625,70.27999877929688,70.41999816894531,69.76000213623047,70.0,1786500
2023-08-29,64.85253143310547,70.4800033569336,70.58999633789062,69.48999786376953,70.3499984741211,1940300
2023-08-30,64.49366760253906,70.08999633789062,70.79000091552734,70.01000213623047,70.63999938964844,2202000
2023-08-31,64.08881378173828,69.6500015258789,70.37999725341797,69.63999938964844,70.13999938964844,2551400
2023-09-01,64.67770385742188,70.29000091552734,70.54000091552734,69.86000061035156,69.87999725341797,2007500
2023-09-05,63.1778678894043,68.66000366210938,70.0,68.18000030517578,70.0,3467200
2023-09-06,62.98461151123047,68.44999694824219,69.1500015258789,68.23999786376953,68.58999633789062,3112900
2023-09-07,63.637939453125,69.16000366210938,69.30999755859375,68.48999786376953,68.62999725341797,2595700
2023-09-08,64.36485290527344,69.94999694824219,69.98999786376953,68.87000274658203,69.19000244140625,2496200
2023-09-11,64.56729125976562,70.16999816894531,70.80999755859375,69.86000061035156,70.0199966430664,2221700
2023-09-12,64.36485290527344,69.94999694824219,70.36000061035156,69.73999786376953,70.3499984741211,1859100
2023-09-13,64.32804107666016,69.91000366210938,70.19000244140625,69.41999816894531,70.12999725341797,1686800
2023-09-14,65.39543151855469,71.06999969482422,71.2300033569336,70.23999786376953,70.23999786376953,1704700
2023-09-15,65.34942626953125,71.0199966430664,71.6500015258789,70.95999908447266,71.18000030517578,4145900
2023-09-18,65.16539764404297,70.81999969482422,71.11000061035156,70.31999969482422,71.05000305175781,1785900
2023-09-19,64.8801498413086,70.51000213623047,71.26000213623047,70.38999938964844,70.83000183105469,1754600
2023-09-20,64.95375061035156,70.58999633789062,71.11000061035156,70.51000213623047,70.68000030517578,2054900
2023-09-21,63.96917724609375,69.5199966430664,70.58999633789062,69.48999786376953,70.47000122070312,2384400
2023-09-22,63.15024185180664,68.62999725341797,69.63999938964844,68.5999984741211,69.44999694824219,2339500
2023-09-25,63.297481536865234,68.79000091552734,68.88999938964844,68.02999877929688,68.25,1891300
2023-09-26,60.9418830871582,66.2300033569336,68.48999786376953,66.20999908447266,68.33000183105469,3073000
2023-09-27,60.00331115722656,65.20999908447266,66.2300033569336,64.81999969482422,66.16999816894531,3133700
2023-09-28,61.20872497558594,66.5199966430664,66.62999725341797,65.20999908447266,65.44000244140625,3222500
2023-09-29,60.77626037597656,66.05000305175781,67.27999877929688,65.94999694824219,67.01000213623047,2625300
2023-10-02,59.97572708129883,65.18000030517578,66.01000213623047,64.9000015258789,66.01000213623047,2450700
2023-10-03,59.1475830078125,64.27999877929688,65.23999786376953,63.880001068115234,64.7699966430664,2283800
2023-10-04,59.810089111328125,65.0,65.19000244140625,64.0999984741211,64.54000091552734,2650400
2023-10-05,59.02190017700195,63.650001525878906,64.76000213623047,63.63999938964844,64.47000122070312,2440500
2023-10-06,58.37279510498047,62.95000076293945,63.52000045776367,62.2400016784668,63.41999816894531,3282300
2023-10-09,58.81789016723633,63.43000030517578,63.599998474121094,62.400001525878906,62.630001068115234,2315200
2023-10-10,59.5968132019043,64.2699966430664,64.62000274658203,63.68000030517578,63.68000030517578,3065000
2023-10-11,59.42063522338867,64.08000183105469,64.7699966430664,63.470001220703125,64.69999694824219,2650900
2023-10-12,58.1317024230957,62.689998626708984,64.19000244140625,62.45000076293945,64.12999725341797,3412500
2023-10-13,58.66025161743164,63.2599983215332,63.47999954223633,62.61000061035156,62.61000061035156,2845600
2023-10-16,59.71736526489258,64.4000015258789,64.51000213623047,63.18000030517578,63.599998474121094,2248600
2023-10-17,60.1439208984375,64.86000061035156,65.04000091552734,64.16000366210938,64.4000015258789,2235600
2023-10-18,60.440650939941406,65.18000030517578,65.36000061035156,64.33999633789062,64.75,2356200
2023-10-19,60.88574981689453,65.66000366210938,66.5,65.20999908447266,65.2699966430664,2914700
2023-10-20,60.6724739074707,65.43000030517578,66.27999877929688,65.31999969482422,65.87999725341797,2841300
2023-10-23,60.27373123168945,65.0,65.86000061035156,64.95999908447266,65.0,2183800
2023-10-24,60.57046890258789,65.31999969482422,66.08000183105469,65.30999755859375,65.3499984741211,2292500
2023-10-25,60.959930419921875,65.73999786376953,66.05000305175781,65.33000183105469,65.43000030517578,2006200
2023-10-26,60.709556579589844,65.47000122070312,66.31999969482422,65.41999816894531,65.93000030517578,2156000
2023-10-27,59.800819396972656,64.48999786376953,65.70999908447266,64.41000366210938,65.23999786376953,2895000
2023-10-30,60.77447509765625,65.54000091552734,65.9000015258789,64.63999938964844,64.63999938964844,3971200
2023-10-31,61.655399322509766,66.48999786376953,67.08999633789062,64.27999877929688,66.18000030517578,6214700
2023-11-01,60.87648010253906,65.6500015258789,66.38999938964844,65.47000122070312,66.36000061035156,4885900
2023-11-02,60.87648010253906,65.6500015258789,66.7699966430664,65.19000244140625,66.12000274658203,3462300
2023-11-03,62.14686584472656,67.0199966430664,67.33000183105469,66.02999877929688,66.27999877929688,2330400
2023-11-06,61.961402893066406,66.81999969482422,67.55000305175781,66.62999725341797,67.13999938964844,2033500
2023-11-07,62.647579193115234,67.55999755859375,67.61000061035156,66.55000305175781,66.77999877929688,2402100
2023-11-08,62.156131744384766,67.02999877929688,67.91999816894531,66.61000061035156,67.5999984741211,3121100
2023-11-09,61.84085464477539,66.69000244140625,67.4000015258789,66.2699966430664,67.33999633789062,2397800
2023-11-10,62.44358444213867,67.33999633789062,67.38999938964844,66.30000305175781,66.97000122070312,1984800
2023-11-13,62.34159851074219,67.2300033569336,67.44999694824219,66.87000274658203,67.29000091552734,1821000
2023-11-14,63.955078125,68.97000122070312,69.11000061035156,67.7699966430664,67.77999877929688,3263900
2023-11-15,65.37382507324219,70.5,70.9800033569336,69.33000183105469,69.33000183105469,3940500
2023-11-16,65.53145599365234,70.66999816894531,70.76000213623047,70.0999984741211,70.16000366210938,3850700
2023-11-17,65.73545837402344,70.88999938964844,71.02999877929688,70.52999877929688,70.94999694824219,3271300
2023-11-20,66.08782958984375,71.2699966430664,71.5999984741211,70.20999908447266,70.83999633789062,3160400
2023-11-21,66.11565399169922,71.30000305175781,71.5,70.66999816894531,71.11000061035156,2568700
2023-11-22,66.79256439208984,72.02999877929688,72.13999938964844,71.08999633789062,71.29000091552734,2398800
2023-11-24,66.90384674072266,72.1500015258789,72.41000366210938,71.91999816894531,72.16999816894531,1023900
2023-11-27,66.67202758789062,71.9000015258789,72.23999786376953,71.56999969482422,72.13999938964844,2146500
2023-11-28,66.60710906982422,71.83000183105469,72.36000061035156,71.55999755859375,71.9000015258789,2267800
2023-11-29,66.49583435058594,71.70999908447266,72.2699966430664,71.5199966430664,72.0,2244900
2023-11-30,66.92239379882812,72.16999816894531,72.20999908447266,71.27999877929688,71.55000305175781,4219300
2023-12-01,67.5065689086914,72.80000305175781,72.91000366210938,72.0199966430664,72.4000015258789,2985600
2023-12-04,67.69204711914062,73.0,73.44000244140625,72.30999755859375,72.5,2963100
2023-12-05,67.88677978515625,73.20999908447266,73.3499984741211,72.81999969482422,73.04000091552734,2828000
2023-12-06,67.73841094970703,73.05000305175781,73.6500015258789,72.93000030517578,73.37000274658203,1935500
2023-12-07,68.78624725341797,74.18000030517578,74.38999938964844,73.36000061035156,73.73999786376953,2224600
2023-12-08,68.46168518066406,73.83000183105469,74.2300033569336,73.61000061035156,74.08000183105469,3689900
2023-12-11,68.5544204711914,73.93000030517578,74.3499984741211,73.61000061035156,74.16999816894531,2389200
2023-12-12,68.2576904296875,73.61000061035156,74.1500015258789,73.36000061035156,73.9800033569336,2063100
2023-12-13,69.86189270019531,75.33999633789062,75.5,73.3499984741211,73.72000122070312,4800100
2023-12-14,68.8048095703125,74.19999694824219,75.69999694824219,74.01000213623047,75.22000122070312,8326300
2023-12-15,68.19278717041016,73.54000091552734,74.19999694824219,73.05999755859375,73.94000244140625,6944200
2023-12-18,67.56221771240234,72.86000061035156,73.9800033569336,72.76000213623047,73.9800033569336,2727500
2023-12-19,67.97022247314453,73.30000305175781,73.44000244140625,72.7300033569336,72.76000213623047,2170700
2023-12-20,67.92387390136719,73.25,73.56999969482422,72.55000305175781,73.06999969482422,3242900
2023-12-21,68.1834945678711,73.52999877929688,73.91000366210938,73.19000244140625,73.54000091552734,2851600
2023-12-22,68.1834945678711,73.52999877929688,74.33000183105469,73.48999786376953,73.81999969482422,2247600
2023-12-26,67.99803924560547,73.33000183105469,73.61000061035156,73.25,73.36000061035156,1307800
2023-12-27,67.71986389160156,73.02999877929688,73.30999755859375,72.75,73.0999984741211,2190100
2023-12-28,67.72914123535156,73.04000091552734,73.36000061035156,72.91000366210938,73.05000305175781,1856700
2023-12-29,67.8125991821289,73.12999725341797,73.33000183105469,72.66000366210938,72.83999633789062,1912300
2024-01-02,69.00879669189453,74.41999816894531,74.7699966430664,72.9000015258789,72.95999908447266,3218700
2024-01-03,69.52806854248047,74.9800033569336,75.7699966430664,74.44000244140625,75.0,3766900
2024-01-04,70.12552642822266,75.12000274658203,75.44999694824219,74.44000244140625,74.76000213623047,3639100
2024-01-05,70.62028503417969,75.6500015258789,76.0,74.75,75.19000244140625,2740100
2024-01-08,70.58294677734375,75.61000061035156,75.97000122070312,74.83000183105469,75.55999755859375,3047300
2024-01-09,70.554931640625,75.58000183105469,75.66999816894531,75.0,75.08999633789062,2074600
2024-01-10,70.04150390625,75.02999877929688,75.9800033569336,75.0199966430664,75.41000366210938,3392300
2024-01-11,70.43357849121094,75.44999694824219,75.51000213623047,74.80999755859375,75.0,2456800
2024-01-12,70.7136459350586,75.75,75.9800033569336,75.25,75.72000122070312,2862300
2024-01-16,69.9201431274414,74.9000015258789,75.66000366210938,74.75,75.52999877929688,2428700
2024-01-17,69.7054443359375,74.66999816894531,75.51000213623047,74.55000305175781,74.61000061035156,2368300
2024-01-18,70.2001953125,75.19999694824219,75.4000015258789,74.33000183105469,74.69000244140625,2926400
2024-01-19,70.20953369140625,75.20999908447266,75.5199966430664,74.63999938964844,75.43000030517578,2908300
2024-01-22,70.58294677734375,75.61000061035156,76.05999755859375,75.08000183105469,75.38999938964844,2772500
2024-01-23,70.4989242553711,75.5199966430664,76.31999969482422,75.5,75.83999633789062,3287400
2024-01-24,70.00416564941406,74.98999786376953,76.08000183105469,74.58999633789062,76.0,4243300
2024-01-25,70.26554870605469,75.2699966430664,75.94000244140625,74.88999938964844,75.94000244140625,3187200
2024-01-26,70.15352630615234,75.1500015258789,75.63999938964844,74.94000244140625,75.41000366210938,3096900
2024-01-29,70.17218780517578,75.16999816894531,75.37000274658203,74.88999938964844,75.12999725341797,3721600
2024-01-30,75.44654083251953,80.81999969482422,80.97000122070312,75.36000061035156,75.55000305175781,7413400
2024-01-31,75.54923248291016,80.93000030517578,81.47000122070312,80.05000305175781,80.81999969482422,7354200
2024-02-01,76.8841552734375,82.36000061035156,82.55000305175781,80.63999938964844,80.79000091552734,4367600
2024-02-02,76.06266784667969,81.4800033569336,82.88999938964844,81.44999694824219,82.5,3831400
2024-02-05,75.46522521972656,80.83999633789062,81.4800033569336,80.27999877929688,80.9800033569336,4134700
2024-02-06,75.06380462646484,80.41000366210938,81.19999694824219,80.30999755859375,80.73999786376953,2493400
2024-02-07,74.37300872802734,79.66999816894531,80.45999908447266,79.5,80.2699966430664,3461600
2024-02-08,74.0462646484375,79.31999969482422,79.77999877929688,78.75,79.75,4603600
2024-02-09,74.26100158691406,79.55000305175781,79.62999725341797,79.0199966430664,79.33000183105469,2198500
2024-02-12,74.71839904785156,80.04000091552734,80.1500015258789,79.5,79.66999816894531,2288500
2024-02-13,73.87825012207031,79.13999938964844,80.81999969482422,78.36000061035156,79.91000366210938,2355600
2024-02-14,73.74755096435547,79.0,79.44999694824219,78.54000091552734,79.16999816894531,2282200
2024-02-15,74.102294921875,79.37999725341797,79.54000091552734,78.75,79.08999633789062,3363500
2024-02-16,74.21431732177734,79.5,80.01000213623047,78.94999694824219,79.30999755859375,2168100
2024-02-20,73.81291198730469,79.06999969482422,80.4000015258789,78.94000244140625,79.63999938964844,2731600
2024-02-21,74.38235473632812,79.68000030517578,80.19000244140625,79.33999633789062,79.33999633789062,3094800
2024-02-22,75.0918197631836,80.44000244140625,80.56999969482422,78.97000122070312,79.41000366210938,3334200
2024-02-23,75.44654083251953,80.81999969482422,81.37000274658203,80.19000244140625,80.62000274658203,3057200
2024-02-26,75.46522521972656,80.83999633789062,81.41000366210938,80.4800033569336,80.81999969482422,2586700
2024-02-27,75.74527740478516,81.13999938964844,81.3499984741211,80.61000061035156,80.77999877929688,2340900
2024-02-28,75.30651092529297,80.66999816894531,81.56999969482422,80.5199966430664,81.22000122070312,2215500
2024-02-29,75.58658599853516,80.97000122070312,81.33000183105469,80.43000030517578,80.72000122070312,3926600
2024-03-01,74.64371490478516,79.95999908447266,80.83000183105469,79.63999938964844,80.80999755859375,2209200
2024-03-04,74.2236557006836,79.51000213623047,79.94000244140625,79.30000305175781,79.5199966430664,2310700
2024-03-05,74.28899383544922,79.58000183105469,80.2699966430664,79.38999938964844,79.8499984741211,2227700
2024-03-06,73.90624237060547,79.16999816894531,80.45999908447266,79.02999877929688,79.77999877929688,2655500
2024-03-07,74.5597152709961,79.87000274658203,79.91000366210938,79.18000030517578,79.5999984741211,2846700
2024-03-08,75.2038345336914,80.55999755859375,80.79000091552734,79.5,79.5,2715900
2024-03-11,74.69972229003906,80.0199966430664,80.5,79.86000061035156,80.0,2435200
2024-03-12,74.80242919921875,80.12999725341797,80.47000122070312,79.88999938964844,80.04000091552734,1819600
2024-03-13,75.16648864746094,80.5199966430664,80.88999938964844,80.08999633789062,80.25,2225900
2024-03-14,74.7090835571289,80.02999877929688,80.55000305175781,79.66999816894531,80.41000366210938,2655800
2024-03-15,75.53990173339844,80.91999816894531,80.94000244140625,79.69000244140625,79.7300033569336,5421100
2024-03-18,75.29718780517578,80.66000366210938,81.41999816894531,80.55000305175781,81.01000213623047,3287200
2024-03-19,75.92264556884766,81.33000183105469,81.63999938964844,80.8499984741211,81.0,2550200
2024-03-20,75.77326965332031,81.16999816894531,81.66000366210938,80.44000244140625,81.20999908447266,1748100
2024-03-21,76.2120361328125,81.63999938964844,81.77999877929688,80.63999938964844,81.19999694824219,2287900
2024-03-22,76.16532897949219,81.58999633789062,81.69000244140625,81.3499984741211,81.61000061035156,2002200
2024-03-25,75.50257110595703,80.87999725341797,81.97000122070312,80.58000183105469,81.75,2452400
2024-03-26,75.521240234375,80.9000015258789,81.62000274658203,80.79000091552734,81.0999984741211,2017400
2024-03-27,76.4920883178711,81.94000244140625,82.33000183105469,80.93000030517578,81.4000015258789,1973100
2024-03-28,75.7826156616211,81.18000030517578,82.2300033569336,81.08999633789062,82.08000183105469,3203400
2024-04-01,75.21316528320312,80.56999969482422,81.33000183105469,80.55000305175781,80.87999725341797,2284200
2024-04-02,75.08247375488281,80.43000030517578,81.08000183105469,80.31999969482422,80.6500015258789,2289600
2024-04-03,74.6343994140625,79.94999694824219,80.5199966430664,79.80000305175781,80.31999969482422,2645300
2024-04-04,71.9101791381836,76.55000305175781,79.86000061035156,76.51000213623047,79.81999969482422,5211400
2024-04-05,72.02289581298828,76.66999816894531,76.91999816894531,75.54000091552734,76.36000061035156,3576100
2024-04-08,72.08863830566406,76.73999786376953,76.91999816894531,76.16999816894531,76.37000274658203,2466500
2024-04-09,72.81198120117188,77.51000213623047,77.5199966430664,76.76000213623047,77.0,2075400
2024-04-10,72.2953109741211,76.95999908447266,77.43000030517578,76.68000030517578,77.08999633789062,2098900
2024-04-11,71.92894744873047,76.56999969482422,77.22000122070312,76.41000366210938,77.06999969482422,2063700
2024-04-12,70.68896484375,75.25,76.41000366210938,75.12999725341797,76.11000061035156,2027500
2024-04-15,71.06471252441406,75.6500015258789,76.11000061035156,75.19000244140625,75.80999755859375,2106700
2024-04-16,71.23381042480469,75.83000183105469,76.16000366210938,75.41000366210938,75.79000091552734,2269800
2024-04-17,70.8674545288086,75.44000244140625,76.48999786376953,74.66000366210938,76.33999633789062,2142500
2024-04-18,71.05531311035156,75.63999938964844,76.04000091552734,75.44000244140625,75.75,2184800
2024-04-19,72.07925415039062,76.7300033569336,76.7699966430664,75.80999755859375,76.0199966430664,2530100
2024-04-22,72.63349151611328,77.31999969482422,77.69999694824219,76.61000061035156,77.08999633789062,2600700
2024-04-23,72.2953109741211,76.95999908447266,77.70999908447266,76.80999755859375,77.63999938964844,2129600
2024-04-24,72.6053237915039,77.29000091552734,77.52999877929688,76.5999984741211,76.80000305175781,1765200
2024-04-25,72.39865112304688,77.06999969482422,77.94999694824219,76.5999984741211,77.37999725341797,2326700
2024-04-26,72.39865112304688,77.06999969482422,77.7699966430664,76.55999755859375,77.52999877929688,2072300
2024-04-29,72.53955841064453,77.22000122070312,77.91000366210938,76.9000015258789,77.08000183105469,3088500
2024-04-30,69.81533813476562,74.31999969482422,76.06999969482422,74.16000366210938,74.44999694824219,7972700
2024-05-01,68.62230682373047,73.05000305175781,74.79000091552734,72.88999938964844,74.19000244140625,4975000
2024-05-02,69.74957275390625,74.25,74.4800033569336,73.05999755859375,73.26000213623047,3087900
2024-05-03,70.79228973388672,75.36000061035156,75.55000305175781,74.1500015258789,74.23999786376953,2709700
2024-05-06,70.90502166748047,75.4800033569336,75.80000305175781,74.83999633789062,75.54000091552734,2567400
2024-05-07,71.21503448486328,75.80999755859375,75.97000122070312,75.44000244140625,75.7300033569336,3333300
2024-05-08,70.0971450805664,74.62000274658203,76.27999877929688,74.44999694824219,75.51000213623047,2943400
2024-05-09,70.59501647949219,75.1500015258789,75.3499984741211,74.43000030517578,74.55000305175781,2185800
2024-05-10,71.55318450927734,76.16999816894531,76.26000213623047,74.94999694824219,75.19000244140625,1793400
2024-05-13,70.98017883300781,75.55999755859375,76.83000183105469,75.52999877929688,76.29000091552734,2495400
2024-05-14,71.2901611328125,75.88999938964844,76.16000366210938,75.51000213623047,75.87999725341797,2299300
2024-05-15,71.36532592773438,75.97000122070312,76.08999633789062,75.45999908447266,75.7300033569336,1974600
2024-05-16,71.61894989013672,76.23999786376953,76.91000366210938,76.08999633789062,76.27999877929688,3626900
2024-05-17,71.3089599609375,75.91000366210938,76.37999725341797,75.5999984741211,76.25,3781600
2024-05-20,70.5104751586914,75.05999755859375,75.95999908447266,75.0,75.8499984741211,2206000
2024-05-21,70.75471496582031,75.31999969482422,75.58000183105469,74.95999908447266,75.36000061035156,2621700
2024-05-22,68.32170867919922,72.7300033569336,76.25,72.26000213623047,75.31999969482422,5922400
2024-05-23,68.4532241821289,72.87000274658203,73.73999786376953,72.33999633789062,72.5,3513300
2024-05-24,68.52835845947266,72.94999694824219,73.20999908447266,72.12999725341797,73.0999984741211,2249300
2024-05-28,68.07746887207031,72.47000122070312,73.58000183105469,72.13999938964844,73.1500015258789,4072200
2024-05-29,67.1380844116211,71.47000122070312,72.88999938964844,71.44000244140625,72.18000030517578,4139300
2024-05-30,67.30717468261719,71.6500015258789,71.93000030517578,71.5199966430664,71.70999908447266,2767600
2024-05-31,68.40625762939453,72.81999969482422,72.8499984741211,71.25,71.55999755859375,6278700
2024-06-03,68.75382995605469,73.19000244140625,73.52999877929688,72.33000183105469,72.48999786376953,2807000
2024-06-04,68.29351043701172,72.69999694824219,73.43000030517578,72.52999877929688,73.05000305175781,2917800
2024-06-05,67.86139678955078,72.23999786376953,73.0999984741211,71.9800033569336,72.72000122070312,3224400
2024-06-06,68.25595092773438,72.66000366210938,72.87999725341797,71.93000030517578,72.20999908447266,2750300
2024-06-07,68.25595092773438,72.66000366210938,72.98999786376953,72.4000015258789,72.55999755859375,2223000
2024-06-10,67.87080383300781,72.25,72.62000274658203,71.9000015258789,72.41000366210938,2313900
2024-06-11,67.3729248046875,71.72000122070312,72.25,71.6500015258789,71.97000122070312,2574600
2024-06-12,66.81867980957031,71.12999725341797,72.3499984741211,71.08000183105469,71.9800033569336,2582000
2024-06-13,66.734130859375,71.04000091552734,71.37999725341797,70.13999938964844,71.08000183105469,2449600
2024-06-14,66.40534973144531,70.69000244140625,70.93000030517578,70.22000122070312,70.73999786376953,2201500
2024-06-17,68.51898956298828,72.94000244140625,73.2699966430664,70.70999908447266,70.72000122070312,3777200
2024-06-18,68.27473449707031,72.68000030517578,73.58999633789062,72.54000091552734,73.22000122070312,4875600
2024-06-20,68.34049987792969,72.75,73.52999877929688,72.58999633789062,72.68000030517578,5447700
2024-06-21,68.90412139892578,73.3499984741211,73.69000244140625,72.56999969482422,73.0199966430664,8655300
2024-06-24,70.0595703125,74.58000183105469,74.69000244140625,73.18000030517578,73.18000030517578,4613900
2024-06-25,69.94683837890625,74.45999908447266,74.91999816894531,74.19999694824219,74.45999908447266,4569200
2024-06-26,67.89897155761719,72.27999877929688,74.36000061035156,72.13999938964844,74.19999694824219,3583200
2024-06-27,68.07746887207031,72.47000122070312,72.68000030517578,72.0,72.20999908447266,2393200
2024-06-28,67.06291961669922,71.38999938964844,72.66999816894531,71.05999755859375,72.45999908447266,15189200
2024-07-01,65.64445495605469,69.87999725341797,71.87000274658203,69.73999786376953,71.72000122070312,2456100
2024-07-02,66.31141662597656,70.58999633789062,70.6500015258789,69.47000122070312,69.91999816894531,2540000
2024-07-03,65.80415344238281,70.05000305175781,70.87000274658203,70.05000305175781,70.3499984741211,1781900
2024-07-05,66.00286102294922,69.75,69.86000061035156,69.0999984741211,69.55000305175781,2308700
2024-07-08,65.91770935058594,69.66000366210938,70.37000274658203,69.25,70.0,1673300
2024-07-09,65.44456481933594,69.16000366210938,69.79000091552734,69.12999725341797,69.61000061035156,2050400
2024-07-10,65.89877319335938,69.63999938964844,69.76000213623047,69.02999877929688,69.41000366210938,2314700
2024-07-11,67.83863830566406,71.69000244140625,71.9800033569336,69.73999786376953,69.76000213623047,3187500
2024-07-12,68.29285430908203,72.16999816894531,72.4000015258789,71.70999908447266,72.0,1854700
2024-07-15,67.94273376464844,71.80000305175781,72.36000061035156,71.55000305175781,71.70999908447266,1930400
2024-07-16,69.10665130615234,73.02999877929688,73.06999969482422,71.37999725341797,71.87999725341797,2685300
2024-07-17,71.01813507080078,75.05000305175781,75.2300033569336,72.70999908447266,72.79000091552734,3012800
2024-07-18,70.36520385742188,74.36000061035156,75.68000030517578,74.30999755859375,74.38999938964844,1993900
2024-07-19,69.66495513916016,73.62000274658203,74.7699966430664,73.5,74.7699966430664,2038500
2024-07-22,69.66495513916016,73.62000274658203,73.9000015258789,73.01000213623047,73.5,2320600
2024-07-23,69.24860382080078,73.18000030517578,73.77999877929688,73.06999969482422,73.69000244140625,2028300
2024-07-24,67.37495422363281,71.19999694824219,72.80000305175781,70.41999816894531,72.80000305175781,4224200
2024-07-25,68.24554443359375,72.12000274658203,72.63999938964844,71.19999694824219,71.19999694824219,3329000
2024-07-26,68.93630981445312,72.8499984741211,73.5199966430664,72.19999694824219,72.5,3196600
2024-07-29,69.32429504394531,73.26000213623047,73.5199966430664,71.5,71.94000244140625,3777900
2024-07-30,72.33346557617188,76.44000244140625,77.05999755859375,72.73999786376953,74.75,6630900
2024-07-31,72.53218078613281,76.6500015258789,76.94000244140625,75.69000244140625,76.6500015258789,6846700
2024-08-01,71.73731994628906,75.80999755859375,77.48999786376953,75.5999984741211,76.98999786376953,2609000
2024-08-02,72.58895874023438,76.70999908447266,76.7699966430664,75.22000122070312,76.05999755859375,3313100
2024-08-05,70.61123657226562,74.62000274658203,77.25,74.08000183105469,76.26000213623047,4128400
2024-08-06,71.1506118774414,75.19000244140625,76.2699966430664,74.54000091552734,74.83000183105469,2727000
2024-08-07,71.20738220214844,75.25,76.45999908447266,75.19999694824219,75.75,3170300
2024-08-08,71.49127197265625,75.55000305175781,76.4800033569336,75.30999755859375,75.30999755859375,2672700
2024-08-09,71.56697082519531,75.62999725341797,75.86000061035156,74.80999755859375,75.36000061035156,2258800
2024-08-12,71.19792175292969,75.23999786376953,75.83999633789062,74.91000366210938,75.61000061035156,1657100
2024-08-13,71.3209457397461,75.37000274658203,75.48999786376953,74.44999694824219,75.3499984741211,2023700
2024-08-14,71.92657470703125,76.01000213623047,76.45999908447266,75.41000366210938,75.5999984741211,3134300
2024-08-15,71.68999481201172,75.76000213623047,76.70999908447266,75.0999984741211,76.5,2768200
2024-08-16,72.45647430419922,76.56999969482422,76.5999984741211,75.43000030517578,75.86000061035156,2197200
2024-08-19,72.77821350097656,76.91000366210938,77.02999877929688,76.33999633789062,76.48999786376953,2028200
2024-08-20,72.42808532714844,76.54000091552734,77.19999694824219,76.4800033569336,76.83000183105469,1409500
2024-08-21,72.98638153076172,77.12999725341797,77.27999877929688,76.62000274658203,77.0,1774500
2024-08-22,73.4122314453125,77.58000183105469,77.69000244140625,76.73999786376953,77.18000030517578,1808800
2024-08-23,73.01478576660156,77.16000366210938,77.83000183105469,76.91000366210938,77.79000091552734,2004900
2024-08-26,72.85391998291016,76.98999786376953,77.75,76.81999969482422,77.52999877929688,2246500
2024-08-27,72.10633850097656,76.19999694824219,77.0199966430664,76.16000366210938,77.01000213623047,2861800
2024-08-28,72.55110168457031,76.66999816894531,77.04000091552734,76.02999877929688,76.19999694824219,2519200
2024-08-29,73.36489868164062,77.52999877929688,77.86000061035156,76.30000305175781,76.63999938964844,2882700
2024-08-30,73.78126525878906,77.97000122070312,78.16000366210938,77.51000213623047,77.91999816894531,2346500
2024-09-03,74.06513214111328,78.2699966430664,78.98999786376953,77.83000183105469,77.91999816894531,2379100
2024-09-04,74.50990295410156,78.73999786376953,78.98999786376953,77.93000030517578,78.12000274658203,2330300
2024-09-05,74.73700714111328,78.9800033569336,79.29000091552734,77.80000305175781,79.12000274658203,4558200
2024-09-06,74.3584976196289,78.58000183105469,79.6500015258789,78.41000366210938,79.0,2155000
2024-09-09,74.1976318359375,78.41000366210938,79.12000274658203,78.37000274658203,78.52999877929688,2783100
2024-09-10,74.28279113769531,78.5,78.94999694824219,78.02999877929688,78.4800033569336,2783300
2024-09-11,72.1158218383789,76.20999908447266,78.29000091552734,76.19999694824219,78.0199966430664,4125100
2024-09-12,72.83499145507812,76.97000122070312,76.98999786376953,75.79000091552734,76.22000122070312,3308100
2024-09-13,72.4091567993164,76.5199966430664,77.22000122070312,75.88999938964844,76.80000305175781,3384500
2024-09-16,72.9769287109375,77.12000274658203,77.95999908447266,76.91000366210938,76.98999786376953,4535600
2024-09-17,73.6014633178711,77.77999877929688,78.29000091552734,76.66999816894531,76.70999908447266,3056300
2024-09-18,70.5355224609375,74.54000091552734,78.5999984741211,74.33000183105469,77.79000091552734,6904000
2024-09-19,70.15702819824219,74.13999938964844,75.20999908447266,73.69000244140625,74.9800033569336,5793400
2024-09-20,71.1506118774414,75.19000244140625,75.48999786376953,73.83000183105469,74.30999755859375,10651600
2024-09-23,72.0874252319336,76.18000030517578,76.37000274658203,74.5999984741211,75.05000305175781,4741200
2024-09-24,72.3050765991211,76.41000366210938,76.58000183105469,75.47000122070312,76.27999877929688,4512900
2024-09-25,72.63626861572266,76.76000213623047,77.08000183105469,76.19000244140625,76.87999725341797,3701100
2024-09-26,73.77179718017578,77.95999908447266,78.12999725341797,76.7300033569336,76.80000305175781,2950400
2024-09-27,73.48792266845703,77.66000366210938,78.5199966430664,76.7699966430664,78.16000366210938,4084000
2024-09-30,73.86642456054688,78.05999755859375,78.38999938964844,77.06999969482422,77.97000122070312,3355400
2024-10-01,73.56361389160156,77.73999786376953,78.5999984741211,77.2699966430664,78.0,4126300
2024-10-02,73.22296905517578,77.37999725341797,77.97000122070312,77.08999633789062,77.26000213623047,2664200
2024-10-03,72.0495834350586,76.13999938964844,77.62999725341797,76.06999969482422,77.20999908447266,3056700
2024-10-04,71.8399887084961,75.41000366210938,76.33000183105469,75.23999786376953,75.97000122070312,2791800
2024-10-07,71.19218444824219,74.7300033569336,75.44000244140625,74.5,75.30000305175781,2508500
2024-10-08,71.7542495727539,75.31999969482422,75.41000366210938,74.02999877929688,74.7699966430664,1628300
2024-10-09,71.0778579711914,74.61000061035156,75.5199966430664,74.41999816894531,75.3499984741211,2976600
2024-10-10,70.30621337890625,73.80000305175781,74.62000274658203,73.37000274658203,74.54000091552734,2946400
2024-10-11,70.89685821533203,74.41999816894531,74.87999725341797,73.62000274658203,73.80999755859375,4012000
2024-10-14,71.65898895263672,75.22000122070312,75.75,74.12999725341797,74.52999877929688,2743500
2024-10-15,71.98287963867188,75.55999755859375,76.54000091552734,75.45999908447266,75.62999725341797,3757000
2024-10-16,72.18294525146484,75.7699966430664,76.16000366210938,75.02999877929688,75.05999755859375,4676400
2024-10-17,71.81141662597656,75.37999725341797,75.87999725341797,75.0999984741211,75.87999725341797,1889000
2024-10-18,71.96383666992188,75.54000091552734,75.80999755859375,75.16999816894531,75.7300033569336,3048200
2024-10-21,71.17313385009766,74.70999908447266,75.98999786376953,74.63999938964844,75.38999938964844,2437700
2024-10-22,71.23029327392578,74.7699966430664,74.95999908447266,74.30000305175781,74.72000122070312,1917500
2024-10-23,71.09691619873047,74.62999725341797,74.80999755859375,74.1500015258789,74.5,2148100
2024-10-24,70.8587417602539,74.37999725341797,74.62999725341797,72.66999816894531,74.5,3539900
2024-10-25,70.42052459716797,73.91999816894531,74.79000091552734,73.77999877929688,74.52999877929688,2512500
2024-10-28,71.544677734375,75.0999984741211,75.38999938964844,74.27999877929688,74.44000244140625,3446500
2024-10-29,70.65868377685547,74.16999816894531,75.51000213623047,72.48999786376953,73.79000091552734,5900200
2024-10-30,70.73490142822266,74.25,74.88999938964844,73.19999694824219,73.86000061035156,4986600
2024-10-31,71.40176391601562,74.94999694824219,75.3499984741211,74.16000366210938,74.41999816894531,3574000
2024-11-01,71.47798156738281,75.02999877929688,75.44999694824219,74.73999786376953,75.0999984741211,2640700
2024-11-04,71.80188751220703,75.37000274658203,75.62999725341797,74.88999938964844,74.88999938964844,3185300
2024-11-05,72.73548889160156,76.3499984741211,76.3499984741211,75.16999816894531,75.18000030517578,2016100
2024-11-06,73.3642578125,77.01000213623047,78.30000305175781,76.0999984741211,76.83000183105469,6023800
2024-11-07,73.23088073730469,76.87000274658203,77.52999877929688,76.37999725341797,77.22000122070312,2623900
2024-11-08,73.72624969482422,77.38999938964844,78.11000061035156,76.7699966430664,76.7699966430664,2237200
2024-11-11,74.2502212524414,77.94000244140625,78.61000061035156,77.33999633789062,77.5,2175000
2024-11-12,73.63099670410156,77.29000091552734,78.33999633789062,77.25,77.77999877929688,2363300
2024-11-13,73.03081512451172,76.66000366210938,77.4000015258789,75.75,77.30000305175781,2571600
2024-11-14,71.41129302978516,74.95999908447266,77.0999984741211,74.83000183105469,76.80999755859375,2841600
2024-11-15,71.40176391601562,74.94999694824219,75.5999984741211,74.69999694824219,74.97000122070312,2636600
2024-11-18,72.17342376708984,75.76000213623047,75.87999725341797,74.33999633789062,75.06999969482422,2877300
2024-11-19,70.87779998779297,74.4000015258789,75.45999908447266,74.30999755859375,75.22000122070312,2850900
2024-11-20,70.1442642211914,73.62999725341797,74.2699966430664,73.31999969482422,74.16999816894531,2724600
2024-11-21,71.52561950683594,75.08000183105469,75.3499984741211,73.66000366210938,74.13999938964844,3309700
2024-11-22,72.2020034790039,75.79000091552734,76.16000366210938,75.20999908447266,75.61000061035156,2472100
2024-11-25,73.24039459228516,76.87999725341797,77.44000244140625,76.0199966430664,76.37999725341797,2985800
2024-11-26,72.77359008789062,76.38999938964844,77.08999633789062,76.16999816894531,76.94999694824219,2710200
2024-11-27,73.02128601074219,76.6500015258789,77.36000061035156,76.58999633789062,76.80000305175781,1672600
2024-11-29,73.45950317382812,77.11000061035156,77.12999725341797,76.2300033569336,76.33999633789062,1533400
2024-12-02,72.65927124023438,76.2699966430664,76.6500015258789,75.56999969482422,76.63999938964844,2240900
2024-12-03,75.72683715820312,79.48999786376953,79.58000183105469,76.33999633789062,76.55999755859375,4943100
2024-12-04,76.56517791748047,80.37000274658203,80.44000244140625,79.02999877929688,79.16000366210938,3777400
2024-12-05,77.89889526367188,81.7699966430664,81.77999877929688,79.8499984741211,80.22000122070312,5859500
2024-12-06,76.90814208984375,80.7300033569336,82.2300033569336,80.48999786376953,81.9800033569336,4833300
2024-12-09,77.23204803466797,81.06999969482422,81.72000122070312,80.2699966430664,80.52999877929688,4357700
2024-12-10,76.9938735961914,80.81999969482422,81.30000305175781,80.0999984741211,80.94999694824219,3695500
2024-12-11,76.54612731933594,80.3499984741211,81.25,80.2300033569336,81.08000183105469,2101100
2024-12-12,75.98406219482422,79.76000213623047,80.69000244140625,77.33999633789062,80.51000213623047,1817300
2024-12-13,76.1745834350586,79.95999908447266,80.22000122070312,79.23999786376953,80.02999877929688,2509100
2024-12-16,75.49819946289062,79.25,80.54000091552734,79.25,79.94000244140625,1976400
2024-12-17,74.3359603881836,78.02999877929688,79.29000091552734,77.87999725341797,78.81999969482422,3239300
2024-12-18,73.43093872070312,77.08000183105469,78.66000366210938,76.93000030517578,77.93000030517578,3057900
2024-12-19,72.92603302001953,76.55000305175781,77.55999755859375,76.41000366210938,76.83000183105469,2551100
2024-12-20,73.32614135742188,76.97000122070312,77.2699966430664,75.83000183105469,76.30000305175781,7354000
2024-12-23,73.24992370605469,76.88999938964844,77.05000305175781,75.81999969482422,76.58000183105469,2545500
2024-12-24,73.85962677001953,77.52999877929688,77.55999755859375,76.55999755859375,76.83000183105469,903300
2024-12-26,73.65003967285156,77.30999755859375,77.43000030517578,76.83999633789062,77.06999969482422,1199700
2024-12-27,73.30709075927734,76.94999694824219,77.56999969482422,76.58000183105469,76.77999877929688,1279300
2024-12-30,72.74502563476562,76.36000061035156,76.69000244140625,75.68000030517578,76.69000244140625,1604600
2024-12-31,72.84027099609375,76.45999908447266,76.94000244140625,76.20999908447266,76.44000244140625,1133800
2025-01-02,72.12578582763672,75.70999908447266,77.08000183105469,75.63999938964844,76.87000274658203,1643800
2025-01-03,72.34638214111328,75.43000030517578,75.5999984741211,74.48999786376953,75.29000091552734,1727200
2025-01-06,71.6845932006836,74.73999786376953,75.72000122070312,74.62999725341797,75.66999816894531,1690700
2025-01-07,71.50236511230469,74.55000305175781,75.66000366210938,74.37000274658203,75.0,1885300
2025-01-08,71.79010009765625,74.8499984741211,74.87999725341797,73.6500015258789,74.30999755859375,1976400
2025-01-10,70.58159637451172,73.58999633789062,74.80999755859375,73.45999908447266,74.47000122070312,2460200
2025-01-13,70.69670104980469,73.70999908447266,74.13999938964844,73.4000015258789,73.7699966430664,2537000
2025-01-14,70.91729736328125,73.94000244140625,74.30000305175781,73.2300033569336,74.16999816894531,2306200
2025-01-15,70.97483825683594,74.0,75.05999755859375,73.94999694824219,74.6500015258789,2853900
2025-01-16,70.22673034667969,73.22000122070312,74.4800033569336,72.62000274658203,74.02999877929688,3015300
2025-01-17,70.08285522460938,73.06999969482422,74.0999984741211,72.94999694824219,73.54000091552734,3555600
2025-01-21,70.4856948852539,73.48999786376953,73.97000122070312,72.80999755859375,73.12000274658203,3298700
2025-01-22,70.4185562133789,73.41999816894531,73.91999816894531,73.05000305175781,73.22000122070312,3525500
2025-01-23,70.68710327148438,73.69999694824219,74.05000305175781,73.13999938964844,73.13999938964844,3461600
2025-01-24,71.71336364746094,74.7699966430664,74.9000015258789,73.2300033569336,73.23999786376953,3675300
2025-01-27,73.71792602539062,76.86000061035156,77.02999877929688,75.16999816894531,75.48999786376953,4931000
2025-01-28,69.32516479492188,72.27999877929688,74.55000305175781,71.5199966430664,73.80000305175781,9594900
2025-01-29,68.97987365722656,71.91999816894531,73.30000305175781,71.8499984741211,72.79000091552734,7762100
2025-01-30,70.3418197631836,73.33999633789062,73.48999786376953,71.66999816894531,72.19999694824219,5146200
2025-01-31,69.93899536132812,72.91999816894531,73.5999984741211,72.4000015258789,72.94999694824219,4673400
2025-02-03,69.35393524169922,72.30999755859375,73.37999725341797,71.91999816894531,72.31999969482422,3914800
2025-02-04,68.48114013671875,71.4000015258789,72.1500015258789,70.5999984741211,72.12000274658203,5480000
2025-02-05,68.48114013671875,71.4000015258789,71.5999984741211,70.55999755859375,71.47000122070312,4047600
2025-02-06,68.34685516357422,71.26000213623047,72.0999984741211,70.93000030517578,71.97000122070312,2303200
2025-02-07,68.21258544921875,71.12000274658203,71.62000274658203,70.88999938964844,71.25,3078300
2025-02-10,67.33018493652344,70.19999694824219,71.31999969482422,69.94000244140625,71.19000244140625,3778900
2025-02-11,67.65628814697266,70.54000091552734,70.7699966430664,69.98999786376953,70.01000213623047,2205800
2025-02-12,67.33978271484375,70.20999908447266,70.68000030517578,69.93000030517578,69.98999786376953,2549900
2025-02-13,68.93191528320312,71.87000274658203,71.9000015258789,69.91999816894531,70.55000305175781,3086100
2025-02-14,68.19340515136719,71.0999984741211,72.2699966430664,70.9800033569336,71.75,2542000
2025-02-18,67.13836669921875,70.0,71.37999725341797,69.77999877929688,71.0199966430664,5046300
2025-02-19,67.80015563964844,70.69000244140625,71.04000091552734,70.05000305175781,70.41999816894531,6876000
2025-02-20,68.30848693847656,71.22000122070312,71.25,70.44000244140625,70.5199966430664,6024500
2025-02-21,70.22673034667969,73.22000122070312,73.37999725341797,71.0,71.11000061035156,5381500
2025-02-24,70.63915252685547,73.6500015258789,74.13999938964844,72.86000061035156,73.13999938964844,2833400
2025-02-25,71.39685821533203,74.44000244140625,74.56999969482422,73.51000213623047,73.80000305175781,4436600
2025-02-26,71.1954345703125,74.2300033569336,74.73999786376953,73.66999816894531,74.73999786376953,2823900
2025-02-27,71.6654052734375,74.72000122070312,75.11000061035156,73.94000244140625,74.08999633789062,2390700
2025-02-28,72.4518814086914,75.54000091552734,76.05999755859375,74.80000305175781,75.2300033569336,6466000
2025-03-03,72.59575653076172,75.69000244140625,76.55000305175781,75.37000274658203,75.69999694824219,3373800
2025-03-04,71.85723876953125,74.91999816894531,77.37000274658203,74.83000183105469,75.86000061035156,5317700
2025-03-05,71.39685821533203,74.44000244140625,75.62999725341797,74.12999725341797,74.66000366210938,3359400
2025-03-06,72.02027893066406,75.08999633789062,75.5,73.87999725341797,73.87999725341797,3498500
2025-03-07,73.42060852050781,76.55000305175781,76.94000244140625,74.3499984741211,74.75,5424500
2025-03-10,73.97688293457031,77.12999725341797,78.81999969482422,76.38999938964844,76.87999725341797,3913300
2025-03-11,71.47357177734375,74.5199966430664,76.97000122070312,74.30999755859375,76.87999725341797,3736900
2025-03-12,70.62956237792969,73.63999938964844,74.30999755859375,73.02999877929688,73.77999877929688,2691700
2025-03-13,69.68963623046875,72.66000366210938,73.83000183105469,72.44000244140625,73.83000183105469,2656900
2025-03-14,70.27468872070312,73.2699966430664,73.37999725341797,72.04000091552734,72.45999908447266,2075800
2025-03-17,71.67500305175781,74.7300033569336,75.02999877929688,73.08999633789062,73.3499984741211,2206500
2025-03-18,71.32013702392578,74.36000061035156,75.08999633789062,74.23999786376953,74.4800033569336,1950600
2025-03-19,69.43065643310547,72.38999938964844,74.33999633789062,71.23999786376953,73.7699966430664,5902600
2025-03-20,68.27972412109375,71.19000244140625,72.33000183105469,70.88999938964844,72.25,5122400
2025-03-21,68.20299530029297,71.11000061035156,71.30000305175781,70.25,70.95999908447266,4898000
2025-03-24,68.50990295410156,71.43000030517578,71.83999633789062,71.16000366210938,71.27999877929688,2659100
2025-03-25,67.51242065429688,70.38999938964844,71.26000213623047,70.0,70.93000030517578,3403200
2025-03-26,69.77594757080078,72.75,72.80000305175781,70.80000305175781,71.05000305175781,3190800
2025-03-27,71.01321411132812,74.04000091552734,74.12999725341797,72.75,73.16000366210938,2689200
2025-03-28,71.07074737548828,74.0999984741211,74.3499984741211,73.61000061035156,74.30000305175781,2140500
2025-03-31,71.97232818603516,75.04000091552734,75.30999755859375,74.30999755859375,74.33000183105469,3351700
2025-04-01,72.3367919921875,75.41999816894531,75.56999969482422,74.61000061035156,75.20999908447266,2482400
2025-04-02,72.22171020507812,75.30000305175781,75.87999725341797,74.80999755859375,75.51000213623047,3069600
2025-04-03,72.32720184326172,75.41000366210938,76.23999786376953,74.94000244140625,75.47000122070312,5029600
2025-04-04,68.98605346679688,71.44000244140625,74.73999786376953,71.26000213623047,74.66000366210938,5117200
2025-04-07,67.07406616210938,69.45999908447266,71.12000274658203,68.6500015258789,70.37999725341797,4539300
2025-04-08,65.66422271728516,68.0,71.11000061035156,67.37999725341797,71.11000061035156,4452500
2025-04-09,68.6287612915039,71.06999969482422,71.33999633789062,67.12000274658203,67.62999725341797,5273300
2025-04-10,67.28650665283203,69.68000030517578,70.87000274658203,68.25,70.55999755859375,4374900
2025-04-11,68.01074981689453,70.43000030517578,71.04000091552734,69.25,69.93000030517578,2453200
2025-04-14,69.37230682373047,71.83999633789062,71.98999786376953,70.37000274658203,70.75,2469600
2025-04-15,68.83154296875,71.27999877929688,72.30000305175781,71.20999908447266,71.5199966430664,2322700
2025-04-16,68.26182556152344,70.69000244140625,71.91000366210938,70.38999938964844,71.69000244140625,2478900
2025-04-17,69.27574157714844,71.73999786376953,72.51000213623047,70.87999725341797,70.87999725341797,2762500
2025-04-21,68.98605346679688,71.44000244140625,71.80999755859375,70.79000091552734,71.7300033569336,2198400
2025-04-22,70.77250671386719,73.29000091552734,73.5199966430664,71.9000015258789,71.97000122070312,3340300
2025-04-23,70.3862533569336,72.88999938964844,74.30999755859375,72.27999877929688,73.5,4577700
2025-04-24,70.04827117919922,72.54000091552734,73.12999725341797,72.05999755859375,72.44999694824219,2649200
2025-04-25,68.49357604980469,70.93000030517578,72.44000244140625,70.44000244140625,71.94999694824219,3720500
2025-04-28,68.00108337402344,70.41999816894531,71.48999786376953,70.01000213623047,70.83000183105469,5022700
2025-04-29,67.8272705078125,70.23999786376953,71.19999694824219,68.0,68.36000061035156,5940200
2025-04-30,68.94743347167969,71.4000015258789,71.55000305175781,69.61000061035156,70.62000274658203,4730600
2025-05-01,67.7403564453125,70.1500015258789,71.04000091552734,70.05999755859375,70.83999633789062,2919900
2025-05-02,68.31975555419922,70.75,71.41000366210938,70.26000213623047,70.87000274658203,2512100
2025-05-05,68.20387268066406,70.62999725341797,70.94999694824219,70.08999633789062,70.73999786376953,2542900
2025-05-06,67.60517120361328,70.01000213623047,70.55000305175781,69.73999786376953,70.23999786376953,2801900
2025-05-07,68.08800506591797,70.51000213623047,70.9800033569336,69.93000030517578,69.93000030517578,2462500
2025-05-08,69.14055633544922,71.5999984741211,72.5999984741211,70.55999755859375,70.63999938964844,3097800
2025-05-09,68.31975555419922,70.75,71.75,70.69999694824219,71.58000183105469,2401000
2025-05-12,69.459228515625,71.93000030517578,71.9800033569336,70.6500015258789,71.1500015258789,3377700
2025-05-13,68.3680419921875,70.80000305175781,72.0199966430664,70.77999877929688,71.94999694824219,3162700
2025-05-14,68.68669891357422,71.12999725341797,71.5199966430664,70.3499984741211,70.77999877929688,3425600
2025-05-15,69.86479187011719,72.3499984741211,72.3499984741211,70.87999725341797,70.87999725341797,2603700
2025-05-16,69.95170593261719,72.44000244140625,72.7699966430664,72.08000183105469,72.45999908447266,3218800
2025-05-19,70.49247741699219,73.0,73.0,71.9800033569336,72.18000030517578,2024100
2025-05-20,71.18773651123047,73.72000122070312,74.04000091552734,72.76000213623047,73.05000305175781,2625500
2025-05-21,69.74891662597656,72.2300033569336,73.62999725341797,72.16999816894531,73.22000122070312,2543500
2025-05-22,69.50751495361328,71.9800033569336,72.37000274658203,71.37999725341797,72.16000366210938,2772200
2025-05-23,69.01502990722656,71.47000122070312,71.73999786376953,71.0,71.0,2628400
2025-05-27,69.79721069335938,72.27999877929688,72.54000091552734,71.72000122070312,72.0,2943300
2025-05-28,69.05364990234375,71.51000213623047,73.05999755859375,71.44000244140625,72.22000122070312,2003600
2025-05-29,69.59441375732422,72.06999969482422,72.19000244140625,71.30999755859375,71.48999786376953,2588900
2025-05-30,70.49247741699219,73.0,73.79000091552734,71.66999816894531,72.0,5362900
2025-06-02,70.55039978027344,73.05999755859375,73.20999908447266,72.36000061035156,72.62999725341797,2811800
2025-06-03,71.10082244873047,73.62999725341797,73.69000244140625,72.69999694824219,72.7699966430664,2655100
2025-06-04,70.3958969116211,72.9000015258789,73.72000122070312,72.87999725341797,73.61000061035156,2198700
2025-06-05,71.23601531982422,73.7699966430664,73.9000015258789,72.33999633789062,72.61000061035156,3009300
2025-06-06,71.94094848632812,74.5,75.25,74.12000274658203,74.36000061035156,2722700
2025-06-09,72.6458740234375,75.2300033569336,75.70999908447266,74.43000030517578,74.55000305175781,3375000
2025-06-10,72.91624450683594,75.51000213623047,76.08000183105469,75.23999786376953,75.30999755859375,2461200
2025-06-11,72.17269897460938,74.73999786376953,75.5999984741211,74.47000122070312,75.27999877929688,2136600
2025-06-12,72.80036163330078,75.38999938964844,75.47000122070312,74.19999694824219,74.51000213623047,2420500
2025-06-13,71.7381591796875,74.29000091552734,75.48999786376953,74.0199966430664,75.08000183105469,2255200
2025-06-16,72.18235778808594,74.75,75.4000015258789,74.13999938964844,74.77999877929688,2924100
2025-06-17,71.69953155517578,74.25,74.80000305175781,74.11000061035156,74.51000213623047,2351100
2025-06-18,71.42914581298828,73.97000122070312,74.77999877929688,73.91000366210938,74.33000183105469,2826200
2025-06-20,72.11476135253906,74.68000030517578,75.08000183105469,74.0,74.1500015258789,4904800
2025-06-23,73.3025131225586,75.91000366210938,76.0,74.68000030517578,74.87999725341797,2632200
2025-06-24,73.26388549804688,75.87000274658203,76.37999725341797,75.5199966430664,76.18000030517578,2309100
2025-06-25,72.47205352783203,75.05000305175781,75.9800033569336,74.94000244140625,75.61000061035156,2601000
2025-06-26,71.96991729736328,74.52999877929688,75.3499984741211,74.2699966430664,75.05999755859375,2265400
2025-06-27,72.43342590332031,75.01000213623047,75.23999786376953,74.5,74.61000061035156,3546200
2025-06-30,73.13834381103516,75.73999786376953,75.94000244140625,75.02999877929688,75.22000122070312,4262500
2025-07-01,74.70270538330078,77.36000061035156,77.69999694824219,75.30000305175781,75.97000122070312,3167100
2025-07-02,75.01170349121094,77.68000030517578,77.77999877929688,76.79000091552734,77.3499984741211,2768800
2025-07-03,75.05060577392578,77.18000030517578,77.29000091552734,76.29000091552734,76.9000015258789,1878000
2025-07-07,74.59356689453125,76.70999908447266,77.33000183105469,76.2300033569336,77.0199966430664,2760200
2025-07-08,74.41854858398438,76.52999877929688,77.16000366210938,76.41000366210938,76.95999908447266,2118700
2025-07-09,74.22406005859375,76.33000183105469,76.55000305175781,75.91000366210938,76.44999694824219,1672700
2025-07-10,75.3228759765625,77.45999908447266,78.16000366210938,76.08000183105469,76.19000244140625,2435200
2025-07-11,74.71998596191406,76.83999633789062,77.72000122070312,76.3499984741211,77.37000274658203,3049100
2025-07-14,75.55625915527344,77.69999694824219,77.75,76.62999725341797,76.7699966430664,2550900
2025-07-15,74.26295471191406,76.37000274658203,78.19999694824219,76.31999969482422,77.58000183105469,2713200
2025-07-16,75.16729736328125,77.30000305175781,77.5,76.30000305175781,76.79000091552734,2844700
2025-07-17,75.76046752929688,77.91000366210938,78.05999755859375,76.56999969482422,77.33000183105469,3322900
2025-07-18,76.24667358398438,78.41000366210938,78.80999755859375,77.97000122070312,78.04000091552734,2333200
2025-07-21,76.5481185913086,78.72000122070312,79.20999908447266,78.37000274658203,78.5,2305900
2025-07-22,77.9872817993164,80.19999694824219,80.2300033569336,78.9000015258789,78.9000015258789,2428000
2025-07-23,78.53184509277344,80.76000213623047,81.44000244140625,80.19999694824219,80.3499984741211,2633900
2025-07-24,77.65666961669922,79.86000061035156,81.01000213623047,79.86000061035156,81.01000213623047,2707700
2025-07-25,78.08452606201172,80.30000305175781,80.63999938964844,79.73999786376953,79.93000030517578,2951700
2025-07-28,78.13314056396484,80.3499984741211,80.93000030517578,79.87000274658203,80.02999877929688,4450700
2025-07-29,76.21749877929688,78.37999725341797,79.8499984741211,75.79000091552734,78.16000366210938,7259800
2025-07-30,77.89977264404297,80.11000061035156,80.75,78.7300033569336,78.77999877929688,4225300
2025-07-31,77.40383911132812,79.5999984741211,80.2699966430664,78.80000305175781,79.45999908447266,3101200
2025-08-01,77.67611694335938,79.87999725341797,79.9800033569336,78.86000061035156,79.77999877929688,2101300
2025-08-04,77.27742767333984,79.47000122070312,80.43000030517578,79.23999786376953,79.8499984741211,2092900
2025-08-05,77.06349182128906,79.25,79.94999694824219,79.08999633789062,79.25,3928100
2025-08-06,79.22224426269531,81.47000122070312,81.4800033569336,79.25,79.4000015258789,5291100
2025-08-07,78.15259552001953,80.37000274658203,82.16000366210938,79.54000091552734,81.76000213623047,4288800
2025-08-08,78.42486572265625,80.6500015258789,81.0199966430664,79.76000213623047,80.45999908447266,3584600
2025-08-11,77.6663818359375,79.87000274658203,80.79000091552734,79.27999877929688,80.77999877929688,3374000
2025-08-12,78.52210235595703,80.75,80.9000015258789,79.91000366210938,80.04000091552734,2512900
2025-08-13,79.9223861694336,82.19000244140625,82.63999938964844,80.2300033569336,80.7699966430664,3916400
2025-08-14,78.9596939086914,81.19999694824219,82.08999633789062,80.80999755859375,81.91000366210938,2315400
2025-08-15,77.32604217529297,79.5199966430664,81.36000061035156,79.45999908447266,81.36000061035156,3937800
2025-08-18,77.0343246459961,79.22000122070312,79.91999816894531,78.5999984741211,79.54000091552734,2489100
2025-08-19,77.29686737060547,79.48999786376953,80.2699966430664,79.23999786376953,79.47000122070312,2232500
2025-08-20,78.74576568603516,80.9800033569336,81.0199966430664,79.69999694824219,79.86000061035156,2720000
2025-08-21,77.5205307006836,79.72000122070312,80.68000030517578,79.4800033569336,80.55000305175781,2048100
2025-08-22,78.07479858398438,80.29000091552734,80.44000244140625,79.20999908447266,79.80999755859375,2428600
2025-08-25,77.14129638671875,79.33000183105469,80.20999908447266,79.08000183105469,80.0,2370000
2025-08-26,77.4330062866211,79.62999725341797,79.70999908447266,79.19999694824219,79.19999694824219,3970500
2025-08-27,78.08452606201172,80.30000305175781,80.66000366210938,79.80000305175781,79.91000366210938,3134200
2025-08-28,77.39410400390625,79.58999633789062,80.47000122070312,79.11000061035156,80.30000305175781,1527000
2025-08-29,78.24983215332031,80.47000122070312,80.61000061035156,79.76000213623047,79.7699966430664,2139600
2025-09-02,78.32763671875,80.55000305175781,81.19999694824219,80.33000183105469,80.33999633789062,1917900
2025-09-03,78.80411529541016,81.04000091552734,82.4000015258789,79.83000183105469,80.08999633789062,3985400
2025-09-04,80.23355102539062,82.51000213623047,82.55999755859375,81.0,81.52999877929688,3068600
2025-09-05,80.17520141601562,82.44999694824219,83.16999816894531,81.55999755859375,82.43000030517578,2675000
2025-09-08,79.300048828125,81.55000305175781,82.19999694824219,80.33000183105469,82.08000183105469,3043600
2025-09-09,78.61935424804688,80.8499984741211,81.47000122070312,80.19999694824219,81.19999694824219,1451500
2025-09-10,77.9775619506836,80.19000244140625,80.73999786376953,79.77999877929688,80.30999755859375,2135800
2025-09-11,78.80411529541016,81.04000091552734,81.33999633789062,79.97000122070312,80.27999877929688,2403100
2025-09-12,79.0472183227539,81.29000091552734,81.5999984741211,80.27999877929688,81.12999725341797,2415700
2025-09-15,77.6663818359375,79.87000274658203,81.2300033569336,79.86000061035156,81.13999938964844,2104000
2025-09-16,79.28058624267578,81.52999877929688,81.6500015258789,79.87000274658203,79.93000030517578,4449200
2025-09-17,80.18492889404297,82.45999908447266,82.8499984741211,81.45999908447266,81.80000305175781,3524900
2025-09-18,79.66954803466797,81.93000030517578,82.33999633789062,80.94999694824219,81.91999816894531,3594900
2025-09-19,80.11685943603516,82.38999938964844,83.23999786376953,81.97000122070312,82.19000244140625,7527000
2025-09-22,79.12500762939453,81.37000274658203,82.51000213623047,81.22000122070312,82.25,2391800
2025-09-23,79.95155334472656,82.22000122070312,82.27999877929688,81.20999908447266,81.44000244140625,2670200
2025-09-24,79.56259155273438,81.81999969482422,82.56999969482422,81.6500015258789,82.12999725341797,2330100
2025-09-25,78.88189697265625,81.12000274658203,82.20999908447266,80.4000015258789,82.1500015258789,3910600
2025-09-26,79.67927551269531,81.94000244140625,82.08000183105469,81.0199966430664,81.2300033569336,3008500
2025-09-29,79.58202362060547,81.83999633789062,82.2300033569336,80.33999633789062,81.94999694824219,2278700
2025-09-30,80.0682373046875,82.33999633789062,82.4800033569336,81.4000015258789,81.56999969482422,2863200
2025-10-01,80.53499603271484,82.81999969482422,82.98999786376953,81.91999816894531,82.0,2952200
2025-10-02,80.97257995605469,83.2699966430664,83.47000122070312,82.3499984741211,82.3499984741211,2700000
2025-10-03,80.4049072265625,82.1500015258789,83.12999725341797,82.12999725341797,82.72000122070312,2227400
2025-10-06,79.11294555664062,80.83000183105469,81.97000122070312,80.72000122070312,81.83999633789062,2204300
2025-10-07,78.25164031982422,79.94999694824219,81.08000183105469,79.25,80.91999816894531,3385100
2025-10-08,77.08692169189453,78.76000213623047,79.97000122070312,77.87000274658203,79.94000244140625,3169300
2025-10-09,76.38220977783203,78.04000091552734,79.2300033569336,77.9800033569336,79.01000213623047,2433500
2025-10-10,76.78350067138672,78.44999694824219,79.02999877929688,78.02999877929688,78.30000305175781,2020800
2025-10-13,76.6073226928711,78.2699966430664,78.62000274658203,77.47000122070312,77.95999908447266,1788400
2025-10-14,78.4375991821289,80.13999938964844,80.19000244140625,78.16999816894531,78.41000366210938,2025500
2025-10-15,78.38866424560547,80.08999633789062,81.79000091552734,79.87999725341797,80.13999938964844,3474900
2025-10-16,77.15542602539062,78.83000183105469,80.27999877929688,78.51000213623047,80.0199966430664,2954700
2025-10-17,78.21249389648438,79.91000366210938,79.97000122070312,78.61000061035156,79.30999755859375,2504000
2025-10-20,78.20269775390625,79.9000015258789,80.2300033569336,79.66999816894531,79.9000015258789,1921400
2025-10-21,77.4784164428711,79.16000366210938,80.38999938964844,79.08000183105469,80.12000274658203,2680900
2025-10-22,76.93031311035156,78.5999984741211,79.80000305175781,78.54000091552734,78.97000122070312,2716300
2025-10-23,76.54859924316406,78.20999908447266,78.66000366210938,77.68000030517578,78.43000030517578,3856400
2025-10-24,75.70687103271484,77.3499984741211,78.61000061035156,77.1500015258789,78.41000366210938,2228200
2025-10-27,76.34306335449219,78.0,78.04000091552734,76.80999755859375,77.01000213623047,4052500
2025-10-28,74.27788543701172,75.88999938964844,77.69999694824219,75.0,77.0,5540200
2025-10-29,72.71187591552734,74.29000091552734,75.68000030517578,74.11000061035156,75.31999969482422,4057100
2025-10-30,73.11315155029297,74.69999694824219,75.19999694824219,74.05000305175781,74.37999725341797,5229500
2025-10-31,72.70208740234375,74.27999877929688,74.77999877929688,73.81999969482422,74.19000244140625,3396400
2025-11-03,71.35139465332031,72.9000015258789,73.94999694824219,72.62000274658203,73.9000015258789,3679300
2025-11-04,71.54714965820312,73.0999984741211,73.61000061035156,72.76000213623047,72.80000305175781,2845800
2025-11-05,71.62545013427734,73.18000030517578,73.4000015258789,72.58000183105469,73.29000091552734,3480200
2025-11-06,71.36119842529297,72.91000366210938,73.69000244140625,72.87000274658203,73.18000030517578,2894800
2025-11-07,73.58296203613281,75.18000030517578,75.26000213623047,73.0,73.48999786376953,3697000
2025-11-10,72.9957046508789,74.58000183105469,75.2699966430664,74.13999938964844,75.16999816894531,2748800
2025-11-11,73.8863754272461,75.48999786376953,75.62000274658203,74.04000091552734,74.3499984741211,3251000
2025-11-12,73.81787109375,75.41999816894531,76.16000366210938,75.37000274658203,75.69000244140625,3005500
2025-11-13,73.47530364990234,75.06999969482422,75.87000274658203,74.98999786376953,75.37000274658203,2743100
2025-11-14,73.12295532226562,74.70999908447266,75.75,74.26000213623047,75.30000305175781,2542900
2025-11-17,73.53402709960938,75.12999725341797,75.70999908447266,74.76000213623047,75.36000061035156,3167400
2025-11-18,74.28767395019531,75.9000015258789,76.12000274658203,75.19999694824219,75.5999984741211,2619500
2025-11-19,74.12128448486328,75.7300033569336,76.08999633789062,75.13999938964844,75.94000244140625,2362700
2025-11-20,73.87659454345703,75.4800033569336,76.26000213623047,75.12999725341797,75.87999725341797,2824400
2025-11-21,75.00215911865234,76.62999725341797,77.45999908447266,75.70999908447266,75.9800033569336,3416000
2025-11-24,73.11315155029297,74.69999694824219,76.52999877929688,74.19999694824219,76.19999694824219,4249300
2025-11-25,74.2974624633789,75.91000366210938,76.29000091552734,75.02999877929688,75.02999877929688,3981000
2025-11-26,74.28767395019531,75.9000015258789,76.4800033569336,75.69999694824219,75.8499984741211,3219600
2025-11-28,74.58129119873047,76.19999694824219,76.80000305175781,75.4800033569336,75.7300033569336,1825200
2025-12-01,74.2974624633789,75.91000366210938,76.30999755859375,75.30999755859375,75.91999816894531,3748700
2025-12-02,72.85868835449219,74.44000244140625,75.66000366210938,73.87000274658203,75.61000061035156,4761300
2025-12-03,71.80162048339844,73.36000061035156,75.26000213623047,73.30999755859375,74.63999938964844,3753800
2025-12-04,71.87992858886719,73.44000244140625,74.0999984741211,73.0,73.81999969482422,3072300
2025-12-05,71.54714965820312,73.0999984741211,73.94000244140625,73.06999969482422,73.25,3181500
2025-12-08,71.16543579101562,72.70999908447266,73.3499984741211,72.26000213623047,73.12999725341797,2661200
2025-12-09,71.04798126220703,72.58999633789062,73.43000030517578,72.55000305175781,72.6500015258789,3585200
2025-12-10,72.00716400146484,73.56999969482422,73.62000274658203,72.41999816894531,72.69999694824219,3390600
2025-12-11,72.65315246582031,74.2300033569336,74.54000091552734,73.5199966430664,73.87999725341797,3015400
2025-12-12,72.76081085205078,74.33999633789062,74.55000305175781,73.83000183105469,74.23999786376953,2195400
2025-12-15,73.82765197753906,75.43000030517578,76.62999725341797,74.33999633789062,74.61000061035156,3268400
2025-12-16,73.52424621582031,75.12000274658203,76.08999633789062,74.87000274658203,75.87000274658203,2931100
2025-12-17,74.14086151123047,75.75,75.94000244140625,75.05000305175781,75.20999908447266,2271000
2025-12-18,73.47530364990234,75.06999969482422,76.01000213623047,74.87999725341797,75.72000122070312,3753700
2025-12-19,72.90762329101562,74.48999786376953,75.25,74.48999786376953,75.13999938964844,5962500
2025-12-22,72.9957046508789,74.58000183105469,74.80999755859375,73.98999786376953,74.16999816894531,2010100
2025-12-23,72.41824340820312,73.98999786376953,74.6500015258789,73.7300033569336,74.4800033569336,2111200
2025-12-24,72.67272186279297,74.25,74.43000030517578,73.9000015258789,74.13999938964844,956100
2025-12-26,72.65315246582031,74.2300033569336,74.45999908447266,73.9800033569336,74.16999816894531,1155900
2025-12-29,72.87826538085938,74.45999908447266,74.5199966430664,74.08999633789062,74.41000366210938,1952500
2025-12-30,72.623779296875,74.19999694824219,74.5199966430664,74.08999633789062,74.19000244140625,1334000
2025-12-31,72.12461853027344,73.69000244140625,74.25,73.66999816894531,74.11000061035156,1480800
2026-01-02,71.60205078125,72.62000274658203,73.08999633789062,71.8499984741211,72.93000030517578,3105300
2026-01-05,71.76966094970703,72.79000091552734,73.1500015258789,71.2300033569336,71.97000122070312,4067600
2026-01-06,71.9964370727539,73.0199966430664,73.16000366210938,72.31999969482422,72.55999755859375,3042800
2026-01-07,71.10906219482422,72.12000274658203,73.73999786376953,72.08999633789062,73.26000213623047,4176800
2026-01-08,73.22891235351562,74.2699966430664,74.7699966430664,71.8499984741211,72.05000305175781,3206800
2026-01-09,73.23876953125,74.27999877929688,74.52999877929688,73.5199966430664,74.23999786376953,2379000
2026-01-12,73.28807830810547,74.33000183105469,75.08999633789062,73.98999786376953,74.68000030517578,4053300
2026-01-13,74.99382019042969,76.05999755859375,76.2699966430664,74.4000015258789,74.4000015258789,5125400
2026-01-14,76.02910614013672,77.11000061035156,77.70999908447266,76.22000122070312,76.22000122070312,4909300
2026-01-15,78.0700912475586,79.18000030517578,79.25,76.86000061035156,77.1500015258789,5675900
2026-01-16,77.69542694091797,78.80000305175781,78.9800033569336,77.69000244140625,78.66999816894531,3608500
2026-01-20,75.44737243652344,76.5199966430664,78.55000305175781,76.33999633789062,78.44999694824219,5418200
2026-01-21,75.85162353515625,76.93000030517578,77.3499984741211,76.5199966430664,76.77999877929688,2773500
2026-01-22,75.76288604736328,76.83999633789062,77.33000183105469,76.43000030517578,76.91000366210938,2936000
2026-01-23,75.1417236328125,76.20999908447266,77.0,75.83000183105469,76.63999938964844,3359900
2026-01-26,74.5698471069336,75.62999725341797,77.12999725341797,75.61000061035156,77.02999877929688,4302100
2026-01-27,82.74364471435547,83.91999816894531,83.95999908447266,77.30999755859375,78.91999816894531,11004300
2026-01-28,82.33940124511719,83.51000213623047,85.33000183105469,82.91000366210938,84.0,5696000
2026-01-29,82.93098449707031,84.11000061035156,84.16999816894531,83.0,83.7699966430664,4081700
2026-01-30,82.67462921142578,83.8499984741211,84.33000183105469,83.08000183105469,84.02999877929688,5243100
2026-02-02,81.6985092163086,82.86000061035156,84.37999725341797,82.62999725341797,84.12000274658203,5313200
2026-02-03,83.433837890625,84.62000274658203,84.91999816894531,82.0199966430664,82.61000061035156,4443800
2026-02-04,83.46341705322266,84.6500015258789,85.58000183105469,83.86000061035156,85.0,4249800
2026-02-05,83.433837890625,84.62000274658203,85.9000015258789,84.38999938964844,84.73999786376953,3739800
2026-02-06,85.31706237792969,86.52999877929688,86.72000122070312,84.56999969482422,84.77999877929688,3286500
2026-02-09,85.25790405273438,86.47000122070312,87.3499984741211,86.08000183105469,86.55000305175781,3888700
2026-02-10,86.39179229736328,87.62000274658203,88.37000274658203,86.18000030517578,86.47000122070312,3747900
2026-02-11,86.80589294433594,88.04000091552734,88.66000366210938,86.8499984741211,87.0,5503900
2026-02-12,88.6496810913086,89.91000366210938,91.4000015258789,88.2699966430664,88.2699966430664,8640500
2026-02-13,89.29056549072266,90.55999755859375,91.37000274658203,89.01000213623047,89.76000213623047,4028000
2026-02-17,88.44261932373047,89.69999694824219,91.8499984741211,88.91000366210938,91.43000030517578,4259500
2026-02-18,88.02851104736328,89.27999877929688,90.36000061035156,89.0,89.47000122070312,3430000
2026-02-19,88.41304016113281,89.66999816894531,90.05999755859375,88.97000122070312,89.37000274658203,2586700
2026-02-20,88.86659240722656,90.12999725341797,90.29000091552734,89.37000274658203,90.01000213623047,2645500
2026-02-23,88.17640686035156,89.43000030517578,90.81999969482422,88.87000274658203,89.91999816894531,3754500
2026-02-24,88.61024475097656,89.87000274658203,90.16999816894531,88.91999816894531,89.5,2442600
2026-02-25,87.88060760498047,89.12999725341797,89.69000244140625,88.0,89.54000091552734,2257200
2026-02-26,87.87075805664062,89.12000274658203,90.33000183105469,88.8499984741211,89.5999984741211,3031900
2026-02-27,89.88216400146484,91.16000366210938,91.19000244140625,89.01000213623047,89.13999938964844,3742300
2026-03-02,89.2116928100586,90.4800033569336,91.45999908447266,89.87999725341797,90.87000274658203,2466400
2026-03-03,86.77632141113281,88.01000213623047,89.9800033569336,87.66999816894531,89.37000274658203,4025500
2026-03-04,86.40164184570312,87.62999725341797,88.44000244140625,86.41999816894531,88.44000244140625,4058400
2026-03-05,84.57757568359375,85.77999877929688,87.19999694824219,85.58999633789062,86.0199966430664,4767500
2026-03-06,84.03528594970703,85.2300033569336,85.76000213623047,84.0,84.94999694824219,4052700
2026-03-09,83.51271057128906,84.69999694824219,84.86000061035156,82.76000213623047,84.55000305175781,3190800
2026-03-10,83.10845947265625,84.29000091552734,85.44999694824219,83.80999755859375,84.44999694824219,2643700
2026-03-11,83.37467193603516,84.55999755859375,84.63999938964844,83.4800033569336,83.91999816894531,2946600
2026-03-12,83.71977233886719,84.91000366210938,85.87999725341797,83.5199966430664,83.72000122070312,2959500
2026-03-13,84.29164123535156,85.48999786376953,85.91999816894531,84.8499984741211,85.55000305175781,2585300
2026-03-16,83.33523559570312,84.5199966430664,85.73999786376953,84.45999908447266,85.62999725341797,2343900
2026-03-17,83.10845947265625,84.29000091552734,85.30000305175781,84.1500015258789,84.93000030517578,2275000
2026-03-18,81.3534164428711,82.51000213623047,84.13999938964844,82.4800033569336,83.81999969482422,2573600
2026-03-19,80.52518463134766,81.66999816894531,82.80000305175781,80.98999786376953,82.45999908447266,2658900
2026-03-20,80.18995666503906,81.33000183105469,82.70999908447266,81.0199966430664,82.04000091552734,4954600
2026-03-23,80.45616912841797,81.5999984741211,82.93000030517578,81.5199966430664,82.5,3115500
2026-03-24,81.185791015625,82.33999633789062,82.8499984741211,80.8499984741211,81.16000366210938,3246000
2026-03-25,81.63935089111328,82.80000305175781,83.23999786376953,81.41000366210938,82.80000305175781,3005800
2026-03-26,81.48158264160156,82.63999938964844,83.69000244140625,82.05999755859375,82.16000366210938,2023700
2026-03-27,80.65336608886719,81.80000305175781,82.72000122070312,81.63999938964844,82.62000274658203,2616000
2026-03-30,68.32858276367188,69.30000305175781,75.26000213623047,68.20999908447266,74.83999633789062,24642400
2026-03-31,70.33012390136719,71.33000183105469,71.43000030517578,68.19000244140625,69.3499984741211,15501500
2026-04-01,71.1583480834961,72.16999816894531,72.55000305175781,71.06999969482422,71.68000030517578,9668200
2026-04-02,70.69145202636719,71.16000366210938,72.25,70.41999816894531,71.08999633789062,6761300
2026-04-06,72.75775146484375,73.23999786376953,73.27999877929688,70.62000274658203,70.69999694824219,6396000
2026-04-07,72.75775146484375,73.23999786376953,73.87999725341797,72.0199966430664,72.56999969482422,4914800
2026-04-08,74.65518188476562,75.1500015258789,75.33000183105469,73.81999969482422,73.81999969482422,5962200
2026-04-09,74.49623107910156,74.98999786376953,75.19999694824219,73.88999938964844,74.69999694824219,3875300
2026-04-10,72.34051513671875,72.81999969482422,75.3499984741211,71.62000274658203,75.0,9906400
2026-04-13,72.87696075439453,73.36000061035156,73.7300033569336,72.62999725341797,73.0199966430664,6922400
2026-04-14,73.552490234375,74.04000091552734,74.37000274658203,73.4800033569336,73.54000091552734,6018500
2026-04-15,73.6021499633789,74.08999633789062,74.9800033569336,73.66000366210938,74.0,8039000
2026-04-16,73.56242370605469,74.05000305175781,74.5999984741211,73.05000305175781,74.19999694824219,5914500
2026-04-17,75.7677993774414,76.2699966430664,76.62999725341797,74.12000274658203,74.13999938964844,5748100
2026-04-20,75.75787353515625,76.26000213623047,77.02999877929688,75.91999816894531,76.44000244140625,3169800
2026-04-21,74.29754638671875,74.79000091552734,76.9000015258789,74.75,76.79000091552734,3493400
2026-04-22,75.03267669677734,75.52999877929688,75.72000122070312,74.66999816894531,75.1500015258789,3874100
2026-04-23,75.31082916259766,75.80999755859375,76.33999633789062,75.30999755859375,75.75,4341000
2026-04-24,76.05589294433594,76.55999755859375,76.83000183105469,75.08000183105469,75.5199966430664,4798600
2026-04-27,74.8637924194336,75.36000061035156,76.7300033569336,74.91999816894531,76.3499984741211,5394700
2026-04-28,72.88690185546875,73.37000274658203,74.41000366210938,71.55999755859375,74.0,8000400
2026-04-29,73.48294830322266,73.97000122070312,74.16000366210938,72.5,72.5,5738400
2026-04-30,74.21807098388672,74.70999908447266,75.12000274658203,74.04000091552734,74.04000091552734,4713800
2026-05-01,73.56242370605469,74.05000305175781,75.4800033569336,73.88999938964844,75.05000305175781,3489300
2026-05-04,72.01268768310547,72.48999786376953,74.30000305175781,72.18000030517578,73.5,3692000
2026-05-05,72.36038208007812,72.83999633789062,73.30999755859375,72.26000213623047,72.55000305175781,2624100
2026-05-06,72.84716033935547,73.33000183105469,74.05999755859375,73.02999877929688,73.66000366210938,4327800
2026-05-07,72.4001235961914,72.87999725341797,73.06999969482422,71.58000183105469,72.98999786376953,5008700
2026-05-08,71.96302032470703,72.44000244140625,73.69999694824219,72.41999816894531,73.2699966430664,3654800
2026-05-11,72.0921630859375,72.56999969482422,72.93000030517578,72.0199966430664,72.36000061035156,3191200
2026-05-12,72.49946594238281,72.9800033569336,73.41999816894531,71.94000244140625,72.66999816894531,2863700
2026-05-13,72.70808410644531,73.19000244140625,73.66000366210938,72.5999984741211,72.66999816894531,3219500
2026-05-14,72.56900787353516,73.05000305175781,73.81999969482422,72.98999786376953,73.62000274658203,2418900
2026-05-15,72.0921630859375,72.56999969482422,73.22000122070312,72.44000244140625,73.05999755859375,5034900
2026-05-18,73.03590393066406,73.5199966430664,73.75,72.4800033569336,72.80999755859375,3707200
2026-05-19,74.69491577148438,75.19000244140625,75.79000091552734,72.95999908447266,73.58000183105469,3642700
2026-05-20,74.963134765625,75.45999908447266,75.83999633789062,74.23999786376953,74.88999938964844,3081500
2026-05-21,76.49299621582031,77.0,77.0999984741211,73.33999633789062,74.0,3771100
2026-05-22,75.78767395019531,76.29000091552734,77.08999633789062,75.91000366210938,76.91999816894531,3331600
2026-05-26,74.82405853271484,75.31999969482422,76.26000213623047,74.94999694824219,75.9000015258789,2873200
2026-05-27,74.72471618652344,75.22000122070312,76.19999694824219,75.08000183105469,75.5999984741211,2983700
2026-05-28,75.42010498046875,75.91999816894531,76.41999816894531,74.93000030517578,76.2699966430664,2759200
2026-05-29,75.31082916259766,75.80999755859375,76.06999969482422,75.18000030517578,75.70999908447266,5236200
2026-06-01,73.2345962524414,73.72000122070312,75.30000305175781,73.41999816894531,74.83000183105469,3315600
2026-06-02,73.61209106445312,74.0999984741211,74.62000274658203,73.02999877929688,73.54000091552734,3634900
2026-06-03,74.74458312988281,75.23999786376953,75.33000183105469,73.6500015258789,73.70999908447266,2912100
2026-06-04,73.86044311523438,74.3499984741211,76.4000015258789,74.23999786376953,76.1500015258789,2426700
2026-06-05,75.78767395019531,76.29000091552734,76.4000015258789,74.5,74.62000274658203,3605300
2026-06-08,75.97642517089844,76.4800033569336,76.86000061035156,76.0,76.05000305175781,2801500
2026-06-09,77.03937530517578,77.55000305175781,78.18000030517578,76.0,76.33999633789062,2490300
2026-06-10,78.02285766601562,78.54000091552734,79.08000183105469,77.79000091552734,78.31999969482422,2761700
2026-06-11,79.11561584472656,79.63999938964844,80.11000061035156,78.41000366210938,78.41000366210938,3582500
2026-06-12,78.6685791015625,79.19000244140625,80.19999694824219,78.94999694824219,80.19999694824219,2490800
2026-06-15,79.165283203125,79.69000244140625,79.72000122070312,78.33999633789062,78.95999908447266,4565200
2026-06-16,78.91693115234375,79.44000244140625,80.63999938964844,78.94000244140625,80.08000183105469,2775000
2026-06-17,78.47982788085938,79.0,79.5,78.48999786376953,78.9800033569336,3692500
2026-06-18,78.18180084228516,78.69999694824219,80.37000274658203,78.41999816894531,80.37000274658203,6460800
2026-06-22,77.46654510498047,77.9800033569336,79.19999694824219,77.94000244140625,78.68000030517578,3759100
2026-06-23,78.75798034667969,79.27999877929688,79.58000183105469,78.25,78.97000122070312,3641500
2026-06-24,80.05935668945312,80.58999633789062,81.05999755859375,78.88999938964844,79.66999816894531,3804300
2026-06-25,80.31764221191406,80.8499984741211,82.12999725341797,80.45999908447266,80.55999755859375,3345300
2026-06-26,82.27467346191406,82.81999969482422,82.91999816894531,81.63999938964844,81.94999694824219,5704700
2026-06-29,82.85086059570312,83.4000015258789,83.55000305175781,82.27999877929688,82.69999694824219,3334400
2026-06-30,83.02967071533203,83.58000183105469,83.6500015258789,82.44999694824219,82.9000015258789,4263700
2026-07-01,82.97999572753906,83.52999877929688,83.7699966430664,82.7699966430664,83.02999877929688,4021300
2026-07-02,84.83000183105469,84.83000183105469,84.87000274658203,82.91999816894531,83.06999969482422,3651600
2026-07-06,84.2300033569336,84.2300033569336,84.83999633789062,83.04000091552734,84.41000366210938,4154300
2026-07-07,84.62000274658203,84.62000274658203,85.30999755859375,83.04000091552734,83.54000091552734,2882300
2026-07-08,83.16999816894531,83.16999816894531,84.72000122070312,82.83999633789062,84.69000244140625,2527900
2026-07-09,82.02999877929688,82.02999877929688,84.12999725341797,81.80000305175781,83.36000061035156,5367000
2026-07-10,83.83000183105469,83.83000183105469,83.94000244140625,82.13999938964844,82.33000183105469,2635900
2026-07-13,83.45999908447266,83.45999908447266,84.80999755859375,83.37000274658203,84.13999938964844,2014800
2026-07-14,82.8499984741211,82.8499984741211,83.56999969482422,82.08999633789062,83.55000305175781,2786300
2026-07-15,80.7300033569336,80.7300033569336,82.86000061035156,80.2699966430664,82.55000305175781,2819200
2026-07-16,82.25,82.25,82.7300033569336,81.1500015258789,81.27999877929688,2428700
2026-07-17,81.69000244140625,81.69000244140625,84.0999984741211,81.13999938964844,83.06999969482422,3495300
2026-07-20,80.77999877929688,80.77999877929688,82.62999725341797,80.7300033569336,82.44000244140625,2200800
2026-07-21,81.22000122070312,81.22000122070312,81.79000091552734,79.91000366210938,80.30000305175781,2202200
2026-07-22,82.12000274658203,82.12000274658203,83.05000305175781,81.11000061035156,81.66000366210938,2793400
2026-07-23,81.7300033569336,81.7300033569336,81.9000015258789,80.1500015258789,80.1500015258789,2165900
2026-07-24,83.11000061035156,83.11000061035156,83.2300033569336,81.95999908447266,82.19999694824219,2213500
2026-07-27,84.08999633789062,84.08999633789062,84.36000061035156,83.16999816894531,83.19000244140625,2057300
2026-07-28,85.19999694824219,85.19999694824219,86.6500015258789,84.58999633789062,85.25,3853100
2026-07-29,85.31999969482422,85.31999969482422,85.9000015258789,84.80999755859375,85.06999969482422,3315900
2026-07-30,84.70999908447266,84.70999908447266,85.12000274658203,83.55000305175781,84.7300033569336,2851200
2026-07-31,85.23999786376953,85.23999786376953,85.69999694824219,84.06999969482422,84.44999694824219,3328600
2026-08-03,84.9800033569336,84.9800033569336,86.44000244140625,81.80000305175781,85.43000030517578,10093600
2026-08-04,82.79000091552734,82.79000091552734,84.97000122070312,80.43000030517578,84.72000122070312,8141100
2026-08-05,84.20999908447266,84.20999908447266,85.04000091552734,83.43000030517578,84.0,5206400
2026-08-06,84.3499984741211,84.3499984741211,85.16000366210938,83.76000213623047,85.0,3522800
2026-08-07,84.29000091552734,84.29000091552734,84.30000305175781,82.86000061035156,83.73999786376953,3278900
2026-08-10,83.87000274658203,83.87000274658203,84.76000213623047,83.33000183105469,83.94000244140625,3309600
2026-08-11,84.26000213623047,84.26000213623047,84.52999877929688,83.38999938964844,83.38999938964844,3001500
2026-08-12,84.69000244140625,84.69000244140625,85.29000091552734,83.38999938964844,83.58999633789062,3730500
2026-08-13,83.55000305175781,83.55000305175781,85.4000015258789,83.37999725341797,84.98999786376953,2646400
2026-08-14,82.98999786376953,82.98999786376953,84.0,82.86000061035156,83.43000030517578,2767900
2026-08-17,81.8499984741211,81.8499984741211,82.44999694824219,81.72000122070312,82.12999725341797,2175700
2026-08-18,81.95999908447266,81.95999908447266,83.01000213623047,81.9000015258789,82.94000244140625,1970900
2026-08-19,82.45999908447266,82.45999908447266,83.1500015258789,81.93000030517578,82.5,2048100
2026-08-20,83.05999755859375,83.05999755859375,84.70999908447266,82.37000274658203,82.4000015258789,3022100
2026-08-21,84.0999984741211,84.0999984741211,84.29000091552734,83.4000015258789,83.61000061035156,2171400
2026-08-24,83.86000061035156,83.86000061035156,85.25,83.73999786376953,84.08999633789062,1746800
