Date,Adj Close,Close,High,Low,Open,Volume
2015-01-02,105.78790283203125,110.97000122070312,112.54000091552734,109.73999786376953,112.05000305175781,628500
2015-01-05,103.6239013671875,108.69999694824219,111.1500015258789,107.76000213623047,110.41999816894531,801600
2015-01-06,103.66203308105469,108.73999786376953,110.04000091552734,108.05999755859375,108.52999877929688,1022200
2015-01-07,106.76026916503906,111.98999786376953,112.02999877929688,109.77999877929688,110.30000305175781,914500
2015-01-08,107.85655975341797,113.13999938964844,113.47000122070312,112.0999984741211,112.6500015258789,1006000
2015-01-09,107.58011627197266,112.8499984741211,113.61000061035156,112.2699966430664,113.33000183105469,747300
2015-01-12,101.27875518798828,106.23999786376953,113.62000274658203,106.12000274658203,113.4800033569336,1161900
2015-01-13,101.28829193115234,106.25,107.87999725341797,104.55999755859375,107.30999755859375,1260500
2015-01-14,99.43891143798828,104.30999755859375,105.19999694824219,102.55999755859375,105.19999694824219,1172400
2015-01-15,100.72588348388672,105.66000366210938,106.11000061035156,103.37000274658203,104.37000274658203,846100
2015-01-16,103.16632843017578,108.22000122070312,108.37000274658203,105.29000091552734,105.30999755859375,975500
2015-01-20,102.1272201538086,107.12999725341797,108.98999786376953,106.1500015258789,108.51000213623047,938500
2015-01-21,103.23302459716797,108.29000091552734,108.95999908447266,106.01000213623047,106.52999877929688,666100
2015-01-22,105.21589660644531,110.37000274658203,110.8499984741211,107.69000244140625,108.66000366210938,628700
2015-01-23,101.53618621826172,106.51000213623047,110.93000030517578,106.4000015258789,110.18000030517578,1153700
2015-01-26,102.80404663085938,107.83999633789062,107.93000030517578,105.29000091552734,107.5199966430664,1108000
2015-01-27,101.85077667236328,106.83999633789062,108.0199966430664,106.5999984741211,106.9800033569336,607000
2015-01-28,100.74494934082031,105.68000030517578,107.38999938964844,105.54000091552734,107.30000305175781,829700
2015-01-29,100.51612091064453,105.44000244140625,106.2699966430664,103.38999938964844,106.16999816894531,883900
2015-01-30,97.7420425415039,102.52999877929688,105.01000213623047,102.3499984741211,104.58999633789062,591000
2015-02-02,98.32355499267578,103.13999938964844,103.68000030517578,101.19999694824219,102.86000061035156,848200
2015-02-03,99.96322631835938,104.86000061035156,105.66000366210938,102.19000244140625,102.3499984741211,881100
2015-02-04,100.31594848632812,105.2300033569336,106.19999694824219,103.51000213623047,104.36000061035156,590900
2015-02-05,100.87838745117188,105.81999969482422,106.30999755859375,105.12000274658203,105.12000274658203,429400
2015-02-06,100.08715057373047,104.98999786376953,106.73999786376953,104.5999984741211,106.25,451600
2015-02-09,98.97178649902344,103.81999969482422,104.9800033569336,103.29000091552734,104.75,431100
2015-02-10,101.1262435913086,106.08000183105469,106.36000061035156,104.12000274658203,104.87999725341797,639200
2015-02-11,101.17389678955078,106.12999725341797,106.68000030517578,105.20999908447266,105.69999694824219,371000
2015-02-12,99.22918701171875,104.08999633789062,106.5999984741211,103.45999908447266,106.38999938964844,963100
2015-02-13,100.02996063232422,104.93000030517578,104.98999786376953,102.86000061035156,103.80999755859375,817900
2015-02-17,101.8031005859375,106.79000091552734,106.79000091552734,104.5,104.79000091552734,401400
2015-02-18,101.95564270019531,106.94999694824219,107.47000122070312,105.94000244140625,106.98999786376953,305800
2015-02-19,102.17488861083984,107.18000030517578,107.91999816894531,106.5999984741211,106.9000015258789,275100
2015-02-20,102.83268737792969,107.87000274658203,108.33000183105469,106.01000213623047,107.2699966430664,683900
2015-02-23,103.32837677001953,108.38999938964844,108.83999633789062,107.2699966430664,107.86000061035156,1024800
2015-02-24,103.45230865478516,108.5199966430664,109.94000244140625,108.05000305175781,108.38999938964844,658600
2015-02-25,104.09101104736328,109.19000244140625,109.63999938964844,107.66000366210938,108.5199966430664,413300
2015-02-26,107.33522033691406,112.48999786376953,113.06999969482422,108.54000091552734,109.0199966430664,1113000
2015-02-27,108.15579223632812,113.3499984741211,114.87999725341797,112.30000305175781,112.48999786376953,892600
2015-03-02,109.24354553222656,114.48999786376953,117.61000061035156,112.87000274658203,113.3499984741211,874200
2015-03-03,107.56421661376953,112.7300033569336,114.26000213623047,111.8499984741211,113.87999725341797,572200
2015-03-04,110.44583129882812,115.75,118.3499984741211,111.7300033569336,112.44000244140625,1413700
2015-03-05,109.61568450927734,114.87999725341797,116.86000061035156,113.55000305175781,115.76000213623047,634900
2015-03-06,108.8237075805664,114.05000305175781,116.12000274658203,113.80000305175781,114.45999908447266,549600
2015-03-09,108.32756805419922,113.52999877929688,114.5199966430664,113.0199966430664,114.2300033569336,601400
2015-03-10,107.80277252197266,112.9800033569336,114.11000061035156,111.7300033569336,112.43000030517578,598800
2015-03-11,108.69967651367188,113.91999816894531,115.08000183105469,112.76000213623047,113.29000091552734,531100
2015-03-12,109.2340087890625,114.4800033569336,115.23999786376953,113.87999725341797,114.41999816894531,746300
2015-03-13,108.85233306884766,114.08000183105469,115.08000183105469,113.27999877929688,114.08999633789062,389700
2015-03-16,110.87519836425781,116.19999694824219,116.43000030517578,114.73999786376953,114.9000015258789,668300
2015-03-17,110.84659576416016,116.16999816894531,116.44999694824219,115.05999755859375,115.97000122070312,641600
2015-03-18,111.915283203125,117.29000091552734,117.68000030517578,115.62999725341797,116.18000030517578,783100
2015-03-19,113.28929901123047,118.7300033569336,119.12000274658203,116.98999786376953,117.23999786376953,546100
2015-03-20,113.31790924072266,118.76000213623047,119.93000030517578,118.29000091552734,119.48999786376953,653100
2015-03-23,115.7701187133789,121.33000183105469,121.75,119.12000274658203,119.12000274658203,610400
2015-03-24,114.50104522705078,120.0,121.37999725341797,119.2300033569336,121.01000213623047,471600
2015-03-25,112.5736312866211,117.9800033569336,121.94999694824219,117.77999877929688,120.13999938964844,886900
2015-03-26,111.96296691894531,117.33999633789062,118.25,116.33000183105469,117.69999694824219,617600
2015-03-27,112.68814849853516,118.0999984741211,118.37999725341797,117.41000366210938,117.41000366210938,506300
2015-03-30,114.4724349975586,119.97000122070312,120.45999908447266,119.08999633789062,119.08999633789062,500400
2015-03-31,112.31600189208984,117.70999908447266,120.06999969482422,117.58999633789062,119.19999694824219,929700
2015-04-01,107.78368377685547,112.95999908447266,116.62999725341797,109.83000183105469,115.9000015258789,3473700
2015-04-02,111.34272766113281,116.69000244140625,116.95999908447266,112.4000015258789,112.86000061035156,1279600
2015-04-06,112.69769287109375,118.11000061035156,119.2699966430664,115.58000183105469,115.97000122070312,851200
2015-04-07,112.5163803100586,117.91999816894531,119.9000015258789,117.77999877929688,118.44000244140625,533500
2015-04-08,113.52783966064453,118.9800033569336,119.87000274658203,117.55000305175781,118.12999725341797,752600
2015-04-09,113.2606430053711,118.69999694824219,119.69999694824219,117.30000305175781,118.69000244140625,556300
2015-04-10,113.01255798339844,118.44000244140625,119.1500015258789,117.51000213623047,118.6500015258789,299500
2015-04-13,112.96485900878906,118.38999938964844,119.72000122070312,118.25,118.7300033569336,377400
2015-04-14,113.69002532958984,119.1500015258789,119.66000366210938,116.93000030517578,118.02999877929688,447000
2015-04-15,115.54110717773438,121.08999633789062,122.05000305175781,120.16000366210938,120.16999816894531,545100
2015-04-16,114.48200225830078,119.9800033569336,121.23999786376953,119.31999969482422,120.86000061035156,420700
2015-04-17,114.29116821289062,119.77999877929688,120.16999816894531,118.62999725341797,119.19999694824219,467000
2015-04-20,115.38845825195312,120.93000030517578,121.08999633789062,119.29000091552734,120.0199966430664,445900
2015-04-21,115.40753936767578,120.94999694824219,121.80000305175781,120.2300033569336,121.27999877929688,511100
2015-04-22,115.52201843261719,121.06999969482422,121.41000366210938,119.70999908447266,120.95999908447266,508800
2015-04-23,116.9819107055664,122.5999984741211,122.7699966430664,120.41000366210938,121.2300033569336,649000
2015-04-24,117.06781005859375,122.69000244140625,123.41000366210938,122.1500015258789,122.70999908447266,384200
2015-04-27,114.73963928222656,120.25,123.12999725341797,120.02999877929688,123.12999725341797,651500
2015-04-28,116.25676727294922,121.83999633789062,123.0,117.23999786376953,122.77999877929688,1120000
2015-04-29,114.22434997558594,119.70999908447266,122.06999969482422,118.63999938964844,121.80000305175781,668700
2015-04-30,111.59083557128906,116.94999694824219,120.37999725341797,116.66000366210938,119.51000213623047,1060800
2015-05-01,111.45726013183594,116.80999755859375,118.16999816894531,116.25,117.72000122070312,835800
2015-05-04,113.90947723388672,119.37999725341797,119.83000183105469,117.02999877929688,117.25,786000
2015-05-05,110.94200897216797,116.2699966430664,119.94000244140625,115.8499984741211,119.54000091552734,743500
2015-05-06,110.08323669433594,115.37000274658203,116.77999877929688,114.76000213623047,116.6500015258789,623500
2015-05-07,113.06025695800781,118.48999786376953,118.75,115.18000030517578,115.18000030517578,957800
2015-05-08,115.10220336914062,120.62999725341797,120.79000091552734,119.06999969482422,119.56999969482422,680700
2015-05-11,116.53347778320312,122.12999725341797,122.94999694824219,120.23999786376953,120.58999633789062,724300
2015-05-12,114.06214904785156,119.54000091552734,121.68000030517578,119.1500015258789,121.25,497600
2015-05-13,114.35794830322266,119.8499984741211,120.61000061035156,119.2300033569336,120.12000274658203,605000
2015-05-14,116.51441955566406,122.11000061035156,123.08999633789062,120.23999786376953,120.94999694824219,637900
2015-05-15,116.64797973632812,122.25,122.48999786376953,121.13999938964844,122.2699966430664,614600
2015-05-18,119.99712371826172,125.76000213623047,126.05000305175781,121.97000122070312,122.33999633789062,818000
2015-05-19,122.04861450195312,127.91000366210938,129.30999755859375,125.4800033569336,125.83000183105469,790900
2015-05-20,120.97037506103516,126.77999877929688,128.25999450683594,126.75,127.80000305175781,1071600
2015-05-21,120.88451385498047,126.69000244140625,127.68000030517578,126.16000366210938,126.5999984741211,757300
2015-05-22,120.98947143554688,126.80000305175781,128.27999877929688,125.9800033569336,126.62000274658203,451400
2015-05-26,120.87495422363281,126.68000030517578,127.7699966430664,126.12999725341797,126.87000274658203,606600
2015-05-27,125.68402862548828,131.72000122070312,131.8000030517578,127.58999633789062,127.58999633789062,1515700
2015-05-28,124.07976531982422,129.94000244140625,132.02999877929688,129.0,131.1199951171875,1281300
2015-05-29,123.73603057861328,129.5800018310547,131.30999755859375,128.92999267578125,129.66000366210938,654900
2015-06-01,125.12059783935547,131.02999877929688,131.24000549316406,128.92999267578125,130.02000427246094,678500
2015-06-02,123.497314453125,129.3300018310547,130.8800048828125,129.2100067138672,130.3000030517578,470700
2015-06-03,123.28721618652344,129.11000061035156,129.8800048828125,128.47000122070312,129.4600067138672,540400
2015-06-04,121.49199676513672,127.2300033569336,128.94000244140625,127.0199966430664,128.6999969482422,524400
2015-06-05,121.68296813964844,127.43000030517578,128.2899932861328,126.12999725341797,127.54000091552734,497800
2015-06-08,120.75672149658203,126.45999908447266,128.00999450683594,126.4000015258789,127.2300033569336,340600
2015-06-09,121.69254302978516,127.44000244140625,127.6500015258789,126.3499984741211,126.54000091552734,619300
2015-06-10,125.4166259765625,131.33999633789062,132.1300048828125,127.69000244140625,127.87000274658203,1126000
2015-06-11,126.36199951171875,132.3300018310547,132.77999877929688,131.0,131.55999755859375,730900
2015-06-12,124.3662338256836,130.24000549316406,132.4499969482422,130.1300048828125,131.57000732421875,462100
2015-06-15,125.282958984375,131.1999969482422,131.55999755859375,128.8800048828125,129.99000549316406,553700
2015-06-16,124.19438934326172,130.05999755859375,131.85000610351562,129.67999267578125,131.0,428200
2015-06-17,125.3689193725586,131.2899932861328,132.0,130.11000061035156,130.72000122070312,401300
2015-06-18,126.15192413330078,132.11000061035156,132.6999969482422,130.67999267578125,131.60000610351562,446600
2015-06-19,128.6442108154297,134.72000122070312,135.16000366210938,131.80999755859375,132.0500030517578,961900
2015-06-22,129.0739288330078,135.1699981689453,136.25999450683594,134.92999267578125,135.38999938964844,728200
2015-06-23,128.30999755859375,134.3699951171875,135.7899932861328,134.0800018310547,135.05999755859375,609400
2015-06-24,124.78641510009766,130.67999267578125,134.60000610351562,130.1999969482422,134.36000061035156,953400
2015-06-25,134.43096923828125,140.77999877929688,144.0,130.6300048828125,130.6300048828125,4001300
2015-06-26,136.25479125976562,142.69000244140625,143.0500030517578,141.11000061035156,141.38999938964844,1293100
2015-06-29,134.94654846191406,141.32000732421875,143.89999389648438,140.64999389648438,141.08999633789062,775000
2015-06-30,135.69139099121094,142.10000610351562,143.05999755859375,141.25,143.05999755859375,738200
2015-07-01,136.63670349121094,143.08999633789062,144.0,142.64999389648438,143.4600067138672,696700
2015-07-02,136.27391052246094,142.7100067138672,143.85000610351562,142.05999755859375,143.3300018310547,611500
2015-07-06,135.9874267578125,142.41000366210938,143.3300018310547,141.60000610351562,141.94000244140625,800300
2015-07-07,135.26165771484375,141.64999389648438,143.0,139.42999267578125,142.5399932861328,883100
2015-07-08,133.6669464111328,139.97999572753906,141.25,139.13999938964844,140.39999389648438,665700
2015-07-09,134.5359344482422,140.88999938964844,141.8800048828125,140.25999450683594,141.5,508900
2015-07-10,135.36669921875,141.75999450683594,142.69000244140625,141.33999633789062,141.82000732421875,487000
2015-07-13,136.55075073242188,143.0,143.67999267578125,141.8300018310547,143.24000549316406,553400
2015-07-14,136.91366577148438,143.3800048828125,144.14999389648438,142.30999755859375,142.91000366210938,504800
2015-07-15,136.00648498535156,142.42999267578125,143.5,141.72000122070312,143.5,523200
2015-07-16,134.87969970703125,141.25,141.8300018310547,139.42999267578125,141.4199981689453,788800
2015-07-17,134.86056518554688,141.22999572753906,142.0399932861328,140.1300048828125,141.83999633789062,520600
2015-07-20,135.60540771484375,142.00999450683594,142.3300018310547,140.5500030517578,141.4600067138672,421900
2015-07-21,133.9248504638672,140.25,142.05999755859375,139.5,141.61000061035156,386000
2015-07-22,134.6600799560547,141.02000427246094,141.6199951171875,139.9600067138672,140.1999969482422,350300
2015-07-23,135.39532470703125,141.7899932861328,142.63999938964844,141.35000610351562,141.74000549316406,405200
2015-07-24,134.63143920898438,140.99000549316406,141.8800048828125,140.30999755859375,141.4499969482422,500900
2015-07-27,133.9630126953125,140.2899932861328,141.07000732421875,139.35000610351562,140.8000030517578,645700
2015-07-28,134.99427795410156,141.3699951171875,141.50999450683594,138.27000427246094,140.74000549316406,430100
2015-07-29,135.8918914794922,142.30999755859375,142.5399932861328,140.6999969482422,141.55999755859375,492000
2015-07-30,135.0611572265625,141.44000244140625,142.2100067138672,140.3699951171875,141.6999969482422,690300
2015-07-31,138.68020629882812,145.22999572753906,148.27999877929688,143.00999450683594,143.00999450683594,1402700
2015-08-03,139.22445678710938,145.8000030517578,146.8300018310547,145.4199981689453,145.9499969482422,658000
2015-08-04,139.64466857910156,146.24000549316406,147.6999969482422,145.80999755859375,146.77999877929688,507400
2015-08-05,137.46754455566406,143.9600067138672,148.57000732421875,140.8800048828125,146.57000732421875,1222200
2015-08-06,136.09243774414062,142.52000427246094,145.0,140.47999572753906,143.92999267578125,768100
2015-08-07,136.30252075195312,142.74000549316406,143.82000732421875,140.97000122070312,143.0,420000
2015-08-10,136.81813049316406,143.27999877929688,145.08999633789062,142.6199951171875,143.6999969482422,397500
2015-08-11,135.02291870117188,141.39999389648438,142.91000366210938,139.89999389648438,142.44000244140625,497300
2015-08-12,135.68179321289062,142.08999633789062,142.4199981689453,138.77000427246094,140.64999389648438,534100
2015-08-13,135.86325073242188,142.27999877929688,143.74000549316406,141.72000122070312,143.1999969482422,391200
2015-08-14,136.63670349121094,143.08999633789062,143.3800048828125,142.2100067138672,142.39999389648438,567700
2015-08-17,138.93804931640625,145.5,145.8699951171875,142.00999450683594,142.6699981689453,398300
2015-08-18,138.89024353027344,145.4499969482422,145.80999755859375,144.17999267578125,145.00999450683594,499600
2015-08-19,139.3868865966797,145.97000122070312,146.8000030517578,143.6999969482422,144.74000549316406,531200
2015-08-20,134.77467346191406,141.13999938964844,145.49000549316406,141.10000610351562,144.6300048828125,595800
2015-08-21,134.34498596191406,140.69000244140625,141.89999389648438,137.75,139.7899932861328,1168900
2015-08-24,126.85852813720703,132.85000610351562,138.11000061035156,131.97999572753906,133.1199951171875,1490700
2015-08-25,126.21875762939453,132.17999267578125,136.99000549316406,132.1199951171875,135.57000732421875,906600
2015-08-26,130.72584533691406,136.89999389648438,137.44000244140625,132.0500030517578,135.47000122070312,1103400
2015-08-27,134.61231994628906,140.97000122070312,141.50999450683594,137.83999633789062,138.02000427246094,756500
2015-08-28,134.13453674316406,140.3699951171875,140.67999267578125,138.58999633789062,140.27000427246094,514900
2015-08-31,131.04800415039062,137.13999938964844,141.5800018310547,136.80999755859375,140.1699981689453,535900
2015-09-01,125.92610931396484,131.77999877929688,135.0399932861328,131.0800018310547,134.72999572753906,955400
2015-09-02,130.28355407714844,136.33999633789062,136.36000061035156,132.07000732421875,132.77999877929688,778300
2015-09-03,129.1846466064453,135.19000244140625,138.5500030517578,134.77999877929688,137.1199951171875,531200
2015-09-04,129.02215576171875,135.02000427246094,135.80999755859375,133.27000427246094,134.16000366210938,609100
2015-09-08,131.67874145507812,137.8000030517578,138.5500030517578,136.00999450683594,137.3699951171875,523700
2015-09-09,129.0413360595703,135.0399932861328,139.32000732421875,134.82000732421875,138.83999633789062,590700
2015-09-10,128.71644592285156,134.6999969482422,136.11000061035156,134.27000427246094,135.1199951171875,549400
2015-09-11,127.29257202148438,133.2100067138672,134.6199951171875,131.60000610351562,134.0399932861328,1210300
2015-09-14,129.25157165527344,135.25999450683594,135.49000549316406,133.3300018310547,133.89999389648438,750300
2015-09-15,129.29928588867188,135.30999755859375,135.82000732421875,134.1699981689453,135.52999877929688,490800
2015-09-16,130.2644500732422,136.32000732421875,137.0,135.27999877929688,135.82000732421875,585500
2015-09-17,132.8349151611328,139.00999450683594,141.19000244140625,136.19000244140625,136.60000610351562,702900
2015-09-18,131.13406372070312,137.22999572753906,139.8300018310547,136.7899932861328,138.42999267578125,1261700
2015-09-21,132.81582641601562,138.99000549316406,139.10000610351562,137.05999755859375,138.02999877929688,894100
2015-09-22,133.1311798095703,139.32000732421875,139.5399932861328,136.2100067138672,137.25999450683594,852600
2015-09-23,133.10250854492188,139.2899932861328,141.02000427246094,137.6300048828125,139.50999450683594,624400
2015-09-24,127.64617156982422,133.5800018310547,138.75,133.13999938964844,138.52000427246094,1174600
2015-09-25,124.24430847167969,130.02000427246094,135.3699951171875,129.1699981689453,134.72000122070312,723600
2015-09-28,119.34217071533203,124.88999938964844,129.91000366210938,121.63999938964844,129.5399932861328,1333100
2015-09-29,115.77789306640625,121.16000366210938,125.38999938964844,119.80999755859375,124.83999633789062,2377600
2015-09-30,119.26573944091797,124.80999755859375,125.12999725341797,122.83000183105469,122.9000015258789,1261000
2015-10-01,120.8424301147461,126.45999908447266,127.61000061035156,124.16999816894531,125.95999908447266,1116400
2015-10-02,121.53045654296875,127.18000030517578,127.29000091552734,123.6500015258789,123.68000030517578,768600
2015-10-05,124.53099060058594,130.32000732421875,131.7100067138672,128.1199951171875,128.1199951171875,797800
2015-10-06,122.2184829711914,127.9000015258789,130.85000610351562,126.80000305175781,129.72000122070312,694000
2015-10-07,123.88119506835938,129.63999938964844,130.22999572753906,125.88999938964844,127.9000015258789,784300
2015-10-08,121.7789077758789,127.44000244140625,129.4199981689453,125.5199966430664,128.94000244140625,727900
2015-10-09,122.79182434082031,128.5,128.8699951171875,126.06999969482422,127.68000030517578,475800
2015-10-12,123.52764892578125,129.27000427246094,129.41000366210938,127.04000091552734,128.41000366210938,332100
2015-10-13,122.084716796875,127.76000213623047,130.42999267578125,127.52999877929688,128.7100067138672,481100
2015-10-14,120.68000030517578,126.29000091552734,129.24000549316406,125.80000305175781,128.13999938964844,416200
2015-10-15,119.66708374023438,125.2300033569336,125.83999633789062,117.04000091552734,121.16000366210938,2051700
2015-10-16,122.76316833496094,128.47000122070312,129.47999572753906,125.94000244140625,125.94000244140625,1150300
2015-10-19,123.65184783935547,129.39999389648438,129.5800018310547,127.54000091552734,128.07000732421875,512000
2015-10-20,122.46691131591797,128.16000366210938,130.88999938964844,127.66999816894531,129.6300048828125,509100
2015-10-21,119.89643859863281,125.47000122070312,129.0500030517578,122.93000030517578,128.8800048828125,862600
2015-10-22,106.76677703857422,111.7300033569336,117.2699966430664,107.26000213623047,116.91999816894531,4052900
2015-10-23,110.79930114746094,115.94999694824219,117.1500015258789,112.93000030517578,112.93000030517578,1512800
2015-10-26,112.65313720703125,117.88999938964844,118.05000305175781,114.55999755859375,115.62000274658203,1318000
2015-10-27,110.88531494140625,116.04000091552734,119.37000274658203,114.88999938964844,117.55000305175781,1715300
2015-10-28,115.31922149658203,120.68000030517578,121.66999816894531,110.30999755859375,113.26000213623047,1777100
2015-10-29,116.74302673339844,122.16999816894531,122.79000091552734,119.79000091552734,120.4000015258789,1162200
2015-10-30,116.66654205322266,122.08999633789062,123.56999969482422,121.95999908447266,122.02999877929688,831800
2015-11-02,119.58108520507812,125.13999938964844,125.75,122.2699966430664,122.2699966430664,702700
2015-11-03,117.38326263427734,122.83999633789062,125.13999938964844,121.93000030517578,124.1500015258789,732700
2015-11-04,119.47595977783203,125.02999877929688,125.25,122.68000030517578,123.16000366210938,672500
2015-11-05,117.45012664794922,122.91000366210938,125.13999938964844,121.33999633789062,124.83000183105469,791400
2015-11-06,120.26909637451172,125.86000061035156,126.19999694824219,122.1500015258789,122.79000091552734,585000
2015-11-09,118.91215515136719,124.44000244140625,125.91999816894531,122.55999755859375,125.36000061035156,420700
2015-11-10,119.54286193847656,125.0999984741211,125.69000244140625,123.08000183105469,124.52999877929688,491600
2015-11-11,115.44343566894531,120.80999755859375,125.62999725341797,120.6500015258789,125.62999725341797,398200
2015-11-12,112.3951187133789,117.62000274658203,120.55000305175781,117.5,120.41000366210938,684200
2015-11-13,114.44005584716797,119.76000213623047,120.30000305175781,115.9000015258789,117.1500015258789,733400
2015-11-16,114.88919830322266,120.2300033569336,120.7300033569336,119.04000091552734,119.56999969482422,1025000
2015-11-17,117.21125793457031,122.66000366210938,123.6500015258789,119.4800033569336,120.2699966430664,667600
2015-11-18,118.91215515136719,124.44000244140625,124.58999633789062,122.54000091552734,122.9800033569336,622100
2015-11-19,113.79027557373047,119.08000183105469,122.79000091552734,118.47000122070312,118.69000244140625,1236200
2015-11-20,117.058349609375,122.5,122.77999877929688,119.7300033569336,119.80999755859375,583900
2015-11-23,117.91839599609375,123.4000015258789,125.26000213623047,121.52999877929688,122.73999786376953,633200
2015-11-24,118.7879409790039,124.30999755859375,124.4800033569336,122.0199966430664,122.56999969482422,980800
2015-11-25,118.2528305053711,123.75,124.94999694824219,122.5,124.11000061035156,539000
2015-11-27,119.15179443359375,124.58999633789062,125.37000274658203,123.54000091552734,124.11000061035156,191100
2015-11-30,116.21581268310547,121.5199966430664,125.30000305175781,121.18000030517578,124.86000061035156,852300
2015-12-01,119.85950469970703,125.33000183105469,125.48999786376953,122.69000244140625,122.69000244140625,624600
2015-12-02,117.57382202148438,122.94000244140625,125.87999725341797,122.66999816894531,125.05999755859375,440000
2015-12-03,113.00247192382812,118.16000366210938,123.41999816894531,116.70999908447266,123.08000183105469,911400
2015-12-04,114.23614501953125,119.44999694824219,120.4000015258789,117.91000366210938,118.76000213623047,653100
2015-12-07,111.9791488647461,117.08999633789062,119.58999633789062,116.45999908447266,119.33000183105469,528200
2015-12-08,115.0299301147461,120.27999877929688,120.5,115.0199966430664,115.91000366210938,714100
2015-12-09,113.56669616699219,118.75,122.80999755859375,118.38999938964844,119.44999694824219,664300
2015-12-10,115.82369232177734,121.11000061035156,121.95999908447266,118.83000183105469,118.83000183105469,437000
2015-12-11,114.2744140625,119.48999786376953,121.2699966430664,119.30000305175781,119.94000244140625,540200
2015-12-14,111.08978271484375,116.16000366210938,120.69999694824219,113.83000183105469,119.72000122070312,937500
2015-12-15,113.1458969116211,118.30999755859375,118.62000274658203,116.81999969482422,117.45999908447266,431300
2015-12-16,111.65399169921875,116.75,120.63999938964844,114.95999908447266,119.55000305175781,874500
2015-12-17,111.05147552490234,116.12000274658203,118.44000244140625,115.66000366210938,116.58000183105469,599400
2015-12-18,109.94213104248047,114.95999908447266,117.2699966430664,114.80000305175781,116.30999755859375,712200
2015-12-21,113.93965148925781,119.13999938964844,119.7300033569336,115.20999908447266,115.23999786376953,660400
2015-12-22,112.62947082519531,117.7699966430664,120.11000061035156,116.37000274658203,119.37000274658203,780800
2015-12-23,115.81412506103516,121.0999984741211,122.06999969482422,118.1500015258789,118.6500015258789,639700
2015-12-24,115.37419891357422,120.63999938964844,122.1500015258789,119.79000091552734,120.66999816894531,196900
2015-12-28,114.14053344726562,119.3499984741211,120.55000305175781,118.20999908447266,119.95999908447266,409400
2015-12-29,116.10103607177734,121.4000015258789,121.80000305175781,119.44000244140625,120.0,778100
2015-12-30,114.7812728881836,120.0199966430664,121.94000244140625,119.8499984741211,121.29000091552734,257300
2015-12-31,114.2744140625,119.48999786376953,121.16000366210938,118.83999633789062,119.0999984741211,346500
2016-01-04,112.7729263305664,117.91999816894531,119.19000244140625,116.5,117.45999908447266,682600
2016-01-05,113.26067352294922,118.43000030517578,120.25,118.18000030517578,118.55999755859375,703300
2016-01-06,110.64982604980469,115.69999694824219,117.56999969482422,114.12000274658203,116.68000030517578,1077500
2016-01-07,107.97203063964844,112.9000015258789,115.16000366210938,112.30000305175781,113.44999694824219,757700
2016-01-08,107.47473907470703,112.37999725341797,115.81999969482422,112.05000305175781,113.2699966430664,750700
2016-01-11,109.46391296386719,114.45999908447266,117.83000183105469,112.91999816894531,114.18000030517578,1066700
2016-01-12,107.39824676513672,112.30000305175781,117.5,110.0999984741211,115.41000366210938,750100
2016-01-13,104.33789825439453,109.0999984741211,113.4000015258789,107.91999816894531,112.4000015258789,1275800
2016-01-14,106.3271484375,111.18000030517578,112.05000305175781,109.0,109.30999755859375,869900
2016-01-15,104.40485382080078,109.16999816894531,110.80000305175781,107.12000274658203,108.83000183105469,1084800
2016-01-19,102.68343353271484,107.37000274658203,110.58999633789062,105.68000030517578,110.41000366210938,1110800
2016-01-20,102.70254516601562,107.38999938964844,108.48999786376953,103.56999969482422,105.76000213623047,1016000
2016-01-21,102.28176879882812,106.94999694824219,110.16000366210938,106.05000305175781,107.7699966430664,754700
2016-01-22,102.82688903808594,107.5199966430664,108.52999877929688,105.87999725341797,107.5999984741211,820800
2016-01-25,103.725830078125,108.45999908447266,109.41000366210938,107.25,107.25,637100
2016-01-26,107.01570129394531,111.9000015258789,112.5999984741211,108.55000305175781,108.77999877929688,741500
2016-01-27,106.23147583007812,111.08000183105469,113.69999694824219,110.4000015258789,111.76000213623047,615900
2016-01-28,103.3050308227539,108.0199966430664,113.87000274658203,107.48999786376953,112.79000091552734,713800
2016-01-29,107.72339630126953,112.63999938964844,112.8499984741211,108.02999877929688,108.27999877929688,714300
2016-02-01,110.04731750488281,115.06999969482422,115.80000305175781,111.9800033569336,112.27999877929688,730100
2016-02-02,107.20698547363281,112.0999984741211,113.55000305175781,111.58999633789062,113.5,552300
2016-02-03,106.70967102050781,111.58000183105469,113.29000091552734,109.11000061035156,112.91000366210938,595400
2016-02-04,106.96788787841797,111.8499984741211,113.02999877929688,109.4800033569336,111.20999908447266,534000
2016-02-05,104.28053283691406,109.04000091552734,111.98999786376953,108.26000213623047,111.22000122070312,641300
2016-02-08,99.91001892089844,104.47000122070312,107.55999755859375,103.51000213623047,107.04000091552734,660500
2016-02-09,100.9141845703125,105.5199966430664,106.36000061035156,102.98999786376953,103.29000091552734,690300
2016-02-10,104.23274230957031,108.98999786376953,110.68000030517578,106.2300033569336,106.44000244140625,716800
2016-02-11,97.21308898925781,101.6500015258789,108.04000091552734,101.55999755859375,107.29000091552734,1178100
2016-02-12,99.70915985107422,104.26000213623047,104.5,100.81999969482422,102.43000030517578,748200
2016-02-16,101.46885681152344,106.0999984741211,106.25,100.98999786376953,101.0,1406200
2016-02-17,103.03728485107422,107.73999786376953,109.18000030517578,106.58999633789062,107.16999816894531,1164100
2016-02-18,102.63561248779297,107.31999969482422,108.80000305175781,107.0999984741211,108.12999725341797,760800
2016-02-19,102.32003021240234,106.98999786376953,107.41999816894531,105.02999877929688,107.41999816894531,1621400
2016-02-22,105.22730255126953,110.02999877929688,110.44000244140625,108.05999755859375,108.05999755859375,745400
2016-02-23,104.94039916992188,109.7300033569336,110.87000274658203,107.55999755859375,109.7699966430664,600200
2016-02-24,105.82984161376953,110.66000366210938,110.80999755859375,107.70999908447266,108.58000183105469,535400
2016-02-25,106.42273712158203,111.27999877929688,112.91999816894531,108.81999969482422,111.2699966430664,865700
2016-02-26,108.49037170410156,113.33999633789062,117.5,106.69000244140625,107.9000015258789,1425900
2016-02-29,105.64743041992188,110.37000274658203,113.08000183105469,110.37000274658203,112.87999725341797,1131200
2016-03-01,108.88280487060547,113.75,114.06999969482422,109.27999877929688,110.83000183105469,968900
2016-03-02,110.42391967773438,115.36000061035156,115.5199966430664,113.19999694824219,113.94999694824219,848800
2016-03-03,112.47235107421875,117.5,119.19999694824219,115.12000274658203,115.5,802700
2016-03-04,110.59622955322266,115.54000091552734,117.87000274658203,115.43000030517578,117.70999908447266,948100
2016-03-07,109.49542236328125,114.38999938964844,115.16999816894531,113.62000274658203,114.58000183105469,828400
2016-03-08,107.03538513183594,111.81999969482422,114.4000015258789,111.37999725341797,113.4800033569336,921700
2016-03-09,108.1744613647461,113.01000213623047,113.0999984741211,110.7300033569336,112.66000366210938,540400
2016-03-10,108.11702728271484,112.94999694824219,115.0199966430664,112.0,113.47000122070312,696000
2016-03-11,110.73977661132812,115.69000244140625,115.94999694824219,113.33999633789062,114.13999938964844,762900
2016-03-14,110.45259857177734,115.38999938964844,116.25,114.62000274658203,115.20999908447266,434100
2016-03-15,107.29383087158203,112.08999633789062,114.69999694824219,111.69000244140625,114.29000091552734,476500
2016-03-16,108.85406494140625,113.72000122070312,114.38999938964844,111.5999984741211,111.81999969482422,479500
2016-03-17,108.87320709228516,113.73999786376953,114.38999938964844,111.6500015258789,113.33000183105469,647200
2016-03-18,111.65868377685547,116.6500015258789,117.11000061035156,113.66000366210938,113.97000122070312,999200
2016-03-21,111.62040710449219,116.61000061035156,118.30999755859375,115.36000061035156,117.55000305175781,579900
2016-03-22,113.82201385498047,118.91000366210938,120.08000183105469,115.2300033569336,115.94000244140625,792200
2016-03-23,113.5444107055664,118.62000274658203,121.63999938964844,118.19000244140625,119.11000061035156,588200
2016-03-24,112.86482238769531,117.91000366210938,119.05000305175781,116.0,117.63999938964844,466500
2016-03-28,114.05174255371094,119.1500015258789,120.04000091552734,117.6500015258789,118.37000274658203,572100
2016-03-29,118.6080551147461,123.91000366210938,124.0999984741211,120.13999938964844,121.1500015258789,1008700
2016-03-30,119.96732330322266,125.33000183105469,126.66999816894531,123.66999816894531,124.56999969482422,906600
2016-03-31,119.38343811035156,124.72000122070312,126.66999816894531,124.41999816894531,124.94999694824219,1024900
2016-04-01,120.02469635009766,125.38999938964844,125.52999877929688,122.98999786376953,123.41999816894531,998200
2016-04-04,119.3355484008789,124.66999816894531,125.87000274658203,123.79000091552734,125.30999755859375,764900
2016-04-05,117.43069458007812,122.68000030517578,124.13999938964844,122.56999969482422,123.5,616500
2016-04-06,118.89523315429688,124.20999908447266,124.30999755859375,122.77999877929688,122.88999938964844,692800
2016-04-07,117.77530670166016,123.04000091552734,124.43000030517578,122.2300033569336,123.48999786376953,658000
2016-04-08,117.94759368896484,123.22000122070312,124.4800033569336,122.83999633789062,124.05000305175781,546300
2016-04-11,116.53092956542969,121.73999786376953,124.38999938964844,121.37000274658203,123.5,632000
2016-04-12,117.24883270263672,122.48999786376953,123.0999984741211,121.62999725341797,121.62999725341797,749300
2016-04-13,119.86198425292969,125.22000122070312,125.83000183105469,122.73999786376953,123.29000091552734,620300
2016-04-14,120.3310317993164,125.70999908447266,126.2699966430664,124.0999984741211,125.54000091552734,700200
2016-04-15,120.01515197753906,125.37999725341797,125.61000061035156,122.48999786376953,125.44999694824219,575600
2016-04-18,120.72352600097656,126.12000274658203,126.19000244140625,124.16000366210938,124.88999938964844,455400
2016-04-19,120.36933135986328,125.75,127.31999969482422,124.94999694824219,126.77999877929688,497800
2016-04-20,122.8389663696289,128.3300018310547,129.27000427246094,124.2699966430664,126.04000091552734,900600
2016-04-21,122.21676635742188,127.68000030517578,130.13999938964844,127.26000213623047,128.07000732421875,718800
2016-04-22,123.65257263183594,129.17999267578125,130.3300018310547,127.72000122070312,127.7699966430664,606100
2016-04-25,122.3411865234375,127.80999755859375,129.17999267578125,126.73999786376953,128.55999755859375,548600
2016-04-26,126.5338134765625,132.19000244140625,133.11000061035156,129.97000122070312,129.97000122070312,1530500
2016-04-27,126.466796875,132.1199951171875,132.82000732421875,130.33999633789062,132.1999969482422,1060700
2016-04-28,129.13739013671875,134.91000366210938,139.77000427246094,132.41000366210938,132.41000366210938,1508800
2016-04-29,127.96001434326172,133.67999267578125,135.25999450683594,130.38999938964844,134.97999572753906,1126500
2016-05-02,128.42906188964844,134.1699981689453,134.8300018310547,131.61000061035156,133.7100067138672,1125600
2016-05-03,128.15150451660156,133.8800048828125,134.60000610351562,131.63999938964844,132.82000732421875,986700
2016-05-04,127.5579833984375,133.25999450683594,135.52000427246094,132.22999572753906,132.86000061035156,812500
2016-05-05,127.8547134399414,133.57000732421875,134.80999755859375,132.9600067138672,133.5399932861328,579600
2016-05-06,128.1418914794922,133.8699951171875,134.63999938964844,132.55999755859375,133.42999267578125,686300
2016-05-09,129.29055786132812,135.07000732421875,135.66000366210938,133.5,133.5,469600
2016-05-10,129.27137756347656,135.0500030517578,136.02000427246094,133.85000610351562,135.3699951171875,580700
2016-05-11,129.9701690673828,135.77999877929688,136.89999389648438,134.07000732421875,135.1699981689453,565700
2016-05-12,127.58674621582031,133.2899932861328,136.47999572753906,132.60000610351562,136.47999572753906,653000
2016-05-13,127.8930435180664,133.61000061035156,134.47000122070312,133.07000732421875,133.11000061035156,588700
2016-05-16,129.24266052246094,135.02000427246094,135.47000122070312,133.72999572753906,133.8000030517578,704800
2016-05-17,128.6588134765625,134.41000366210938,137.0,133.4499969482422,135.02000427246094,1230600
2016-05-18,127.82601928710938,133.5399932861328,135.17999267578125,132.5500030517578,134.35000610351562,525900
2016-05-19,127.96963500976562,133.69000244140625,134.47000122070312,132.16000366210938,132.5399932861328,697600
2016-05-20,128.37164306640625,134.11000061035156,135.25,132.94000244140625,134.22999572753906,522700
2016-05-23,126.39019775390625,132.0399932861328,133.75999450683594,131.52000427246094,133.75999450683594,1166700
2016-05-24,129.0800018310547,134.85000610351562,135.27999877929688,132.39999389648438,132.39999389648438,1072700
2016-05-25,129.97976684570312,135.7899932861328,136.57000732421875,134.72000122070312,135.25,778100
2016-05-26,128.6970672607422,134.4499969482422,136.42999267578125,133.11000061035156,135.55999755859375,716800
2016-05-27,129.0227813720703,134.69000244140625,136.2899932861328,134.2100067138672,134.2100067138672,268300
2016-05-31,129.18560791015625,134.86000061035156,135.24000549316406,133.89999389648438,135.0399932861328,435100
2016-06-01,130.20098876953125,135.9199981689453,136.05999755859375,134.24000549316406,134.6199951171875,558400
2016-06-02,131.58999633789062,137.3699951171875,137.5399932861328,135.25999450683594,135.55999755859375,730900
2016-06-03,129.68373107910156,135.3800048828125,137.82000732421875,135.17999267578125,137.14999389648438,487500
2016-06-06,131.19725036621094,136.9600067138672,137.22000122070312,135.1300048828125,135.66000366210938,460500
2016-06-07,132.0402069091797,137.83999633789062,138.0,136.86000061035156,136.91000366210938,524500
2016-06-08,132.90232849121094,138.74000549316406,139.35000610351562,137.7100067138672,137.82000732421875,982000
2016-06-09,132.19351196289062,138.0,139.4600067138672,137.6300048828125,138.5500030517578,420600
2016-06-10,129.4825897216797,135.1699981689453,137.75,134.75999450683594,136.8300018310547,307900
2016-06-13,126.47467041015625,132.02999877929688,135.32000732421875,131.9499969482422,134.60000610351562,582500
2016-06-14,127.79664611816406,133.41000366210938,133.49000549316406,130.8000030517578,131.72999572753906,606900
2016-06-15,126.580078125,132.13999938964844,133.97000122070312,132.05999755859375,133.63999938964844,389100
2016-06-16,126.27350616455078,131.82000732421875,132.14999389648438,129.85000610351562,131.0500030517578,402700
2016-06-17,125.72749328613281,131.25,133.52999877929688,130.16000366210938,132.13999938964844,736800
2016-06-20,127.05900573730469,132.63999938964844,134.4600067138672,132.4600067138672,132.5800018310547,312100
2016-06-21,127.07818603515625,132.66000366210938,133.25,131.32000732421875,132.94000244140625,269200
2016-06-22,129.1664276123047,134.83999633789062,136.16000366210938,132.55999755859375,132.55999755859375,787600
2016-06-23,132.4617156982422,138.27999877929688,138.27999877929688,136.07000732421875,136.16000366210938,714800
2016-06-24,130.5650177001953,136.3000030517578,138.1999969482422,133.49000549316406,133.6699981689453,1543500
2016-06-27,123.91705322265625,129.36000061035156,135.11000061035156,128.5399932861328,135.11000061035156,887100
2016-06-28,126.52261352539062,132.0800018310547,132.66000366210938,130.0800018310547,130.0800018310547,828200
2016-06-29,127.82537841796875,133.44000244140625,134.77000427246094,132.0,132.0,832800
2016-06-30,128.4575653076172,134.10000610351562,134.36000061035156,131.75,133.3300018310547,704300
2016-07-01,127.92113494873047,133.5399932861328,135.13999938964844,132.86000061035156,133.9600067138672,421000
2016-07-05,126.78125762939453,132.35000610351562,133.13999938964844,131.38999938964844,133.13999938964844,405700
2016-07-06,127.7008056640625,133.30999755859375,133.7100067138672,130.82000732421875,132.1999969482422,968300
2016-07-07,129.07061767578125,134.74000549316406,135.19000244140625,133.82000732421875,134.00999450683594,641900
2016-07-08,131.3888397216797,137.16000366210938,137.38999938964844,135.39999389648438,135.80999755859375,536400
2016-07-11,131.4654541015625,137.24000549316406,138.22999572753906,137.0,137.6199951171875,372900
2016-07-12,130.80453491210938,136.5500030517578,138.25999450683594,136.3699951171875,138.25999450683594,416700
2016-07-13,130.8619842529297,136.61000061035156,137.77999877929688,136.22999572753906,136.89999389648438,600200
2016-07-14,129.41551208496094,135.10000610351562,137.7899932861328,134.24000549316406,137.7899932861328,629100
2016-07-15,129.5400390625,135.22999572753906,136.02999877929688,134.5399932861328,135.30999755859375,453200
2016-07-18,130.08609008789062,135.8000030517578,136.0399932861328,134.52000427246094,135.66000366210938,486800
2016-07-19,130.1627197265625,135.8800048828125,136.22000122070312,134.14999389648438,135.14999389648438,643300
2016-07-20,130.27761840820312,136.0,136.99000549316406,135.6699981689453,136.13999938964844,629100
2016-07-21,131.5325469970703,137.30999755859375,138.10000610351562,135.52999877929688,135.75999450683594,623300
2016-07-22,132.41380310058594,138.22999572753906,138.77000427246094,136.07000732421875,137.4600067138672,515200
2016-07-25,130.8907012939453,136.63999938964844,138.27999877929688,136.02000427246094,138.27999877929688,684700
2016-07-26,132.4617156982422,138.27999877929688,138.42999267578125,135.72999572753906,136.1699981689453,769100
2016-07-27,125.1048355102539,130.60000610351562,131.72000122070312,125.94000244140625,130.72000122070312,3386800
2016-07-28,124.51092529296875,129.97999572753906,130.72000122070312,128.49000549316406,129.35000610351562,1237200
2016-07-29,124.07988739013672,129.52999877929688,129.72000122070312,127.72000122070312,129.57000732421875,1381800
2016-08-01,122.82501983642578,128.22000122070312,130.02000427246094,127.83000183105469,128.80999755859375,1576600
2016-08-02,120.00868225097656,125.27999877929688,128.38999938964844,124.16999816894531,127.8499984741211,2329100
2016-08-03,122.5567626953125,127.94000244140625,128.0800018310547,124.2699966430664,124.2699966430664,963000
2016-08-04,122.29814910888672,127.66999816894531,128.77999877929688,126.9800033569336,127.94000244140625,892400
2016-08-05,121.89579772949219,127.25,128.50999450683594,126.8499984741211,128.0800018310547,562100
2016-08-08,121.54138946533203,126.87999725341797,128.64999389648438,126.81999969482422,127.12999725341797,738900
2016-08-09,120.8516845703125,126.16000366210938,127.29000091552734,126.01000213623047,127.19000244140625,734100
2016-08-10,120.90914916992188,126.22000122070312,126.5,125.23999786376953,125.9000015258789,436700
2016-08-11,121.4839096069336,126.81999969482422,127.22000122070312,126.05999755859375,126.47000122070312,414700
2016-08-12,121.05287170410156,126.37000274658203,127.01000213623047,126.08000183105469,126.80999755859375,292900
2016-08-15,120.99533081054688,126.30999755859375,127.2300033569336,126.02999877929688,126.94000244140625,482800
2016-08-16,117.5180892944336,122.68000030517578,125.94999694824219,122.48999786376953,125.68000030517578,1061200
2016-08-17,115.75553131103516,120.83999633789062,122.9000015258789,119.86000061035156,122.69000244140625,1309100
2016-08-18,115.81299591064453,120.9000015258789,121.55000305175781,120.31999969482422,120.31999969482422,460600
2016-08-19,116.18659210205078,121.29000091552734,121.37999725341797,119.48999786376953,120.43000030517578,523200
2016-08-22,116.46438598632812,121.58000183105469,121.8499984741211,120.69000244140625,120.97000122070312,453200
2016-08-23,116.36859130859375,121.4800033569336,122.94999694824219,121.44000244140625,121.98999786376953,429400
2016-08-24,115.28611755371094,120.3499984741211,122.05000305175781,120.01000213623047,121.70999908447266,515000
2016-08-25,115.06582641601562,120.12000274658203,121.27999877929688,119.55000305175781,119.94000244140625,477800
2016-08-26,114.42401123046875,119.44999694824219,120.70999908447266,118.88999938964844,120.19999694824219,397500
2016-08-29,116.0907974243164,121.19000244140625,121.4000015258789,119.18000030517578,119.29000091552734,563100
2016-08-30,116.03325653076172,121.02999877929688,121.5199966430664,120.48999786376953,121.08999633789062,580900
2016-08-31,115.55390930175781,120.52999877929688,121.06999969482422,119.62999725341797,120.5999984741211,402800
2016-09-01,113.91451263427734,118.81999969482422,120.68000030517578,118.51000213623047,120.68000030517578,658200
2016-09-02,115.71688842773438,120.69999694824219,120.94000244140625,119.19999694824219,119.5,605300
2016-09-06,114.72940063476562,119.66999816894531,120.83999633789062,118.04000091552734,120.70999908447266,744800
2016-09-07,117.15497589111328,122.19999694824219,123.58000183105469,119.37000274658203,119.66000366210938,1384000
2016-09-08,116.53182983398438,121.55000305175781,122.01000213623047,120.95999908447266,122.01000213623047,669900
2016-09-09,115.15126037597656,120.11000061035156,121.54000091552734,120.06999969482422,121.05000305175781,840800
2016-09-12,117.34672546386719,122.4000015258789,122.76000213623047,118.80999755859375,119.4000015258789,936000
2016-09-13,116.37843322753906,121.38999938964844,122.02999877929688,120.77999877929688,121.06999969482422,964000
2016-09-14,115.57307434082031,120.55000305175781,121.80000305175781,119.68000030517578,121.5999984741211,907500
2016-09-15,116.96321868896484,122.0,122.33000183105469,119.58999633789062,120.0199966430664,606300
2016-09-16,118.41087341308594,123.51000213623047,123.98999786376953,121.52999877929688,122.12999725341797,1301200
2016-09-19,118.1808090209961,123.2699966430664,125.01000213623047,122.87000274658203,123.41000366210938,1079300
2016-09-20,117.44257354736328,122.5,124.97000122070312,122.3499984741211,123.41999816894531,1024800
2016-09-21,117.73019409179688,122.80000305175781,123.54000091552734,121.55999755859375,122.62999725341797,680700
2016-09-22,119.120361328125,124.25,124.44000244140625,123.04000091552734,123.0999984741211,838700
2016-09-23,117.85480499267578,122.93000030517578,125.16000366210938,122.93000030517578,124.12000274658203,448300
2016-09-26,116.07159423828125,121.06999969482422,122.3499984741211,120.56999969482422,122.3499984741211,957100
2016-09-27,116.69478607177734,121.72000122070312,122.4000015258789,120.7699966430664,120.7699966430664,719700
2016-09-28,117.88359069824219,122.95999908447266,123.06999969482422,121.56999969482422,121.87000274658203,377700
2016-09-29,117.13580322265625,122.18000030517578,123.51000213623047,121.61000061035156,122.73999786376953,770400
2016-09-30,118.13285827636719,123.22000122070312,123.62000274658203,121.08000183105469,122.87999725341797,629000
2016-10-03,115.78397369384766,120.7699966430664,122.83000183105469,120.02999877929688,122.83000183105469,990100
2016-10-04,115.90865325927734,120.9000015258789,121.5199966430664,120.27999877929688,121.05000305175781,653000
2016-10-05,115.12249755859375,120.08000183105469,121.87999725341797,119.83000183105469,121.38999938964844,800700
2016-10-06,115.03621673583984,119.98999786376953,120.44000244140625,119.13999938964844,119.93000030517578,1016300
2016-10-07,115.1991958618164,120.16000366210938,120.54000091552734,119.4000015258789,120.2699966430664,796300
2016-10-10,117.32755279541016,122.37999725341797,122.62999725341797,120.51000213623047,120.51000213623047,755900
2016-10-11,116.09078216552734,121.08999633789062,122.41999816894531,119.98999786376953,122.08000183105469,695900
2016-10-12,116.81941223144531,121.8499984741211,122.69000244140625,120.63999938964844,121.20999908447266,866700
2016-10-13,119.52297973632812,124.66999816894531,125.2300033569336,121.20999908447266,121.30000305175781,1124800
2016-10-14,118.26708221435547,123.36000061035156,125.3499984741211,123.30000305175781,125.19999694824219,947100
2016-10-17,118.36295318603516,123.45999908447266,123.62999725341797,122.63999938964844,123.22000122070312,622000
2016-10-18,120.65425872802734,125.8499984741211,126.29000091552734,124.18000030517578,124.75,843700
2016-10-19,118.7272720336914,123.83999633789062,124.0,121.5199966430664,123.98999786376953,1096000
2016-10-20,119.35041046142578,124.48999786376953,124.86000061035156,123.26000213623047,123.72000122070312,441500
2016-10-21,118.45881652832031,123.55999755859375,123.80999755859375,122.30999755859375,123.80999755859375,377400
2016-10-24,119.28333282470703,124.41999816894531,124.73999786376953,123.7300033569336,124.2300033569336,587800
2016-10-25,116.57972717285156,121.5999984741211,125.2699966430664,121.55999755859375,124.16999816894531,921800
2016-10-26,114.1733627319336,119.08999633789062,120.88999938964844,118.30999755859375,120.87999725341797,1382200
2016-10-27,117.29876708984375,122.3499984741211,125.0,117.41999816894531,119.31999969482422,1656300
2016-10-28,115.55390930175781,120.52999877929688,122.86000061035156,118.76000213623047,121.94000244140625,1708400
2016-10-31,115.72649383544922,120.70999908447266,121.5199966430664,119.87000274658203,121.01000213623047,783300
2016-11-01,115.32379913330078,120.29000091552734,121.37000274658203,119.0,121.20999908447266,848300
2016-11-02,115.90865325927734,120.9000015258789,122.0,119.9800033569336,120.19999694824219,691900
2016-11-03,113.75154113769531,118.6500015258789,122.79000091552734,118.38999938964844,121.16999816894531,650300
2016-11-04,115.38134002685547,120.3499984741211,121.30999755859375,118.9000015258789,119.08999633789062,492500
2016-11-07,119.73390197753906,124.88999938964844,126.30000305175781,122.5,122.5199966430664,1383200
2016-11-08,122.77303314208984,128.05999755859375,129.2100067138672,123.93000030517578,124.48999786376953,944600
2016-11-09,114.33634185791016,119.26000213623047,120.22000122070312,105.3499984741211,111.0,3560600
2016-11-10,116.00450897216797,121.0,122.45999908447266,119.7699966430664,122.45999908447266,1471500
2016-11-11,113.83780670166016,118.73999786376953,120.93000030517578,117.55999755859375,120.37999725341797,1181700
2016-11-14,116.1483154296875,121.1500015258789,122.62000274658203,119.05999755859375,119.1500015258789,1032700
2016-11-15,117.34672546386719,122.4000015258789,122.58999633789062,120.37000274658203,121.79000091552734,703900
2016-11-16,115.14165496826172,120.0999984741211,122.62999725341797,119.16999816894531,121.62999725341797,882900
2016-11-17,118.77519989013672,123.88999938964844,124.12999725341797,120.01000213623047,120.33000183105469,772900
2016-11-18,117.59595489501953,122.66000366210938,125.31999969482422,122.33000183105469,123.80000305175781,635200
2016-11-21,117.97947692871094,123.05999755859375,124.58000183105469,122.41999816894531,122.62000274658203,527600
2016-11-22,116.27294921875,121.27999877929688,123.4800033569336,120.77999877929688,123.0999984741211,627000
2016-11-23,117.0399398803711,122.08000183105469,122.36000061035156,120.05000305175781,120.19000244140625,341500
2016-11-25,118.08493041992188,123.16999816894531,123.45999908447266,122.41999816894531,122.51000213623047,166400
2016-11-28,117.6822738647461,122.75,123.05999755859375,121.69000244140625,122.6500015258789,577900
2016-11-29,118.19078826904297,123.18000030517578,123.7300033569336,121.9800033569336,122.19999694824219,397700
2016-11-30,118.03726196289062,123.0199966430664,123.54000091552734,121.83999633789062,122.95999908447266,772400
2016-12-01,119.06393432617188,124.08999633789062,126.55000305175781,123.05999755859375,123.27999877929688,851000
2016-12-02,119.60127258300781,124.6500015258789,128.0800018310547,123.4000015258789,124.62999725341797,933200
2016-12-05,119.72598266601562,124.77999877929688,125.68000030517578,122.30999755859375,124.9800033569336,928600
2016-12-06,121.2516098022461,126.37000274658203,126.5199966430664,124.94000244140625,125.3499984741211,666400
2016-12-07,106.84954833984375,111.36000061035156,127.94000244140625,109.69999694824219,126.87000274658203,5206600
2016-12-08,107.92420196533203,112.4800033569336,116.45999908447266,109.37999725341797,116.45999908447266,5883900
2016-12-09,107.53079223632812,112.06999969482422,113.11000061035156,109.25,112.4800033569336,2668100
2016-12-12,107.44444274902344,111.9800033569336,113.0,110.7300033569336,112.5,1492000
2016-12-13,104.5755386352539,108.98999786376953,112.44000244140625,107.87000274658203,112.38999938964844,2303300
2016-12-14,97.43688201904297,101.55000305175781,107.87999725341797,99.72000122070312,107.16000366210938,7246000
2016-12-15,104.17254638671875,108.56999969482422,108.9000015258789,102.12999725341797,102.51000213623047,3311000
2016-12-16,102.7428970336914,107.08000183105469,109.80000305175781,106.6500015258789,108.69999694824219,2350000
2016-12-19,102.32071685791016,106.63999938964844,107.8499984741211,105.69000244140625,106.80999755859375,1099100
2016-12-20,102.06165313720703,106.37000274658203,107.44000244140625,106.22000122070312,107.0999984741211,741400
2016-12-21,102.42628479003906,106.75,107.25,105.5999984741211,106.58000183105469,685900
2016-12-22,102.49344635009766,106.81999969482422,107.77999877929688,106.0999984741211,106.8499984741211,735600
2016-12-23,103.55848693847656,107.93000030517578,108.47000122070312,106.48999786376953,107.25,789200
2016-12-27,102.8292465209961,107.16999816894531,109.0199966430664,106.80999755859375,108.0999984741211,387800
2016-12-28,101.84097290039062,106.13999938964844,108.26000213623047,106.11000061035156,107.72000122070312,659600
2016-12-29,102.09044647216797,106.4000015258789,107.01000213623047,105.08000183105469,106.08000183105469,548700
2016-12-30,102.07125854492188,106.37999725341797,107.05999755859375,105.7300033569336,106.41000366210938,576800
2017-01-03,102.38788604736328,106.70999908447266,107.86000061035156,105.22000122070312,106.80999755859375,990200
2017-01-04,104.40281677246094,108.80999755859375,109.19999694824219,106.3499984741211,107.33000183105469,990700
2017-01-05,104.36446380615234,108.7699966430664,109.44999694824219,107.2300033569336,108.16000366210938,1169100
2017-01-06,104.11497497558594,108.51000213623047,109.30999755859375,107.70999908447266,109.05999755859375,728800
2017-01-09,107.02222442626953,111.54000091552734,111.7300033569336,108.52999877929688,108.6500015258789,1091000
2017-01-10,107.78984069824219,112.33999633789062,112.93000030517578,111.3499984741211,111.55000305175781,886100
2017-01-11,107.58836364746094,112.12999725341797,112.79000091552734,110.62999725341797,112.12999725341797,448600
2017-01-12,107.84742736816406,112.4000015258789,112.58000183105469,110.63999938964844,111.97000122070312,666000
2017-01-13,108.10649108886719,112.66999816894531,113.0,111.83999633789062,112.02999877929688,459300
2017-01-17,109.67045593261719,114.30000305175781,114.9800033569336,111.7699966430664,112.7300033569336,791000
2017-01-18,108.99881744384766,113.5999984741211,114.62999725341797,113.05999755859375,114.62999725341797,492700
2017-01-19,107.22377014160156,111.75,113.87000274658203,111.5999984741211,113.02999877929688,644200
2017-01-20,108.18323516845703,112.75,112.97000122070312,111.77999877929688,111.94000244140625,467000
2017-01-23,106.91668701171875,111.43000030517578,112.23999786376953,109.87999725341797,112.23999786376953,757400
2017-01-24,107.68431091308594,112.2300033569336,112.36000061035156,110.86000061035156,111.79000091552734,430100
2017-01-25,109.38259887695312,114.0,114.41999816894531,112.26000213623047,112.26000213623047,1133600
2017-01-26,108.5286636352539,113.11000061035156,114.66000366210938,112.83999633789062,113.70999908447266,510900
2017-01-27,108.35597229003906,112.93000030517578,113.55999755859375,112.16000366210938,113.55999755859375,440800
2017-01-30,108.18323516845703,112.75,113.0199966430664,111.0199966430664,112.94999694824219,667700
2017-01-31,108.06810760498047,112.62999725341797,113.41000366210938,111.4800033569336,113.05000305175781,758700
2017-02-01,109.32505798339844,113.94000244140625,114.4800033569336,112.38999938964844,113.12999725341797,724800
2017-02-02,108.18323516845703,112.75,113.86000061035156,112.3499984741211,113.6500015258789,622300
2017-02-03,109.23868560791016,113.8499984741211,114.3499984741211,113.13999938964844,113.19999694824219,734200
2017-02-06,108.32720184326172,112.9000015258789,114.52999877929688,112.83000183105469,114.11000061035156,344400
2017-02-07,108.79731750488281,113.38999938964844,114.52999877929688,111.95999908447266,113.22000122070312,1049800
2017-02-08,109.17150115966797,113.77999877929688,113.91000366210938,112.41000366210938,113.0,510300
2017-02-09,111.5606689453125,116.2699966430664,116.27999877929688,113.66000366210938,113.77999877929688,795900
2017-02-10,111.73338317871094,116.44999694824219,116.73999786376953,116.01000213623047,116.13999938964844,658900
2017-02-13,113.10547637939453,117.87999725341797,117.97000122070312,116.62999725341797,116.87000274658203,713100
2017-02-14,116.38692474365234,121.30000305175781,121.4800033569336,117.51000213623047,117.7300033569336,1508700
2017-02-15,117.4520034790039,122.41000366210938,122.47000122070312,120.69999694824219,121.0,856100
2017-02-16,117.1833267211914,122.12999725341797,122.70999908447266,121.33000183105469,122.18000030517578,678700
2017-02-17,117.9700927734375,122.94999694824219,122.97000122070312,121.16999816894531,121.36000061035156,605100
2017-02-21,119.60127258300781,124.6500015258789,125.02999877929688,123.0999984741211,123.0999984741211,735200
2017-02-22,118.73770904541016,123.75,124.4800033569336,123.45999908447266,124.4800033569336,562900
2017-02-23,119.50532531738281,124.55000305175781,124.77999877929688,123.80000305175781,124.02999877929688,337500
2017-02-24,120.87739562988281,125.9800033569336,126.08000183105469,123.72000122070312,124.69999694824219,723200
2017-02-27,121.61676025390625,126.6500015258789,126.9800033569336,124.98999786376953,125.5,657200
2017-02-28,120.60851287841797,125.5999984741211,126.31999969482422,124.69999694824219,125.62000274658203,1014600
2017-03-01,120.57009887695312,125.55999755859375,129.74000549316406,125.45999908447266,128.80999755859375,1521600
2017-03-02,117.94862365722656,122.83000183105469,125.1500015258789,122.5999984741211,124.73999786376953,833700
2017-03-03,120.58930969238281,125.58000183105469,125.61000061035156,122.86000061035156,123.04000091552734,791500
2017-03-06,121.5303726196289,126.55999755859375,127.1500015258789,125.18000030517578,125.6500015258789,1082300
2017-03-07,118.83203887939453,123.75,125.95999908447266,122.97000122070312,125.52999877929688,834100
2017-03-08,118.88964080810547,123.80999755859375,124.80999755859375,123.41999816894531,123.88999938964844,507100
2017-03-09,119.01448822021484,123.94000244140625,125.05999755859375,122.66000366210938,123.86000061035156,703900
2017-03-10,116.97875213623047,121.81999969482422,124.08999633789062,121.27999877929688,123.81999969482422,855300
2017-03-13,117.13236999511719,121.9800033569336,122.52999877929688,121.11000061035156,122.0999984741211,525000
2017-03-14,115.27909088134766,120.05000305175781,121.16000366210938,119.30000305175781,120.75,789100
2017-03-15,116.64264678955078,121.47000122070312,121.81999969482422,120.05000305175781,120.27999877929688,638700
2017-03-16,115.90324401855469,120.69999694824219,121.76000213623047,119.2300033569336,121.76000213623047,449600
2017-03-17,115.30786895751953,120.08000183105469,121.0999984741211,119.55999755859375,120.94999694824219,821000
2017-03-20,114.75092315673828,119.5,120.62000274658203,118.76000213623047,120.23999786376953,471100
2017-03-21,113.37774658203125,118.06999969482422,120.27999877929688,117.80000305175781,119.62999725341797,726400
2017-03-22,114.00192260742188,118.72000122070312,118.9800033569336,117.51000213623047,118.37999725341797,534000
2017-03-23,114.10755157470703,118.83000183105469,120.25,118.5,118.77999877929688,628800
2017-03-24,117.04598236083984,121.88999938964844,122.88999938964844,119.29000091552734,119.56999969482422,1428400
2017-03-27,120.96382141113281,125.97000122070312,128.49000549316406,122.62000274658203,122.62000274658203,2173200
2017-03-28,120.48368072509766,125.47000122070312,125.7300033569336,123.27999877929688,125.33999633789062,1355700
2017-03-29,119.60986328125,124.55999755859375,125.98999786376953,124.43000030517578,125.08999633789062,619400
2017-03-30,120.66612243652344,125.66000366210938,126.25,123.77999877929688,124.1500015258789,585200
2017-03-31,119.50421142578125,124.44999694824219,126.08000183105469,124.16999816894531,125.5999984741211,782100
2017-04-03,120.09956359863281,125.06999969482422,125.36000061035156,123.98999786376953,124.66000366210938,581200
2017-04-04,118.1502456665039,123.04000091552734,125.06999969482422,121.8499984741211,124.93000030517578,874800
2017-04-05,118.73603820800781,123.6500015258789,126.48999786376953,123.23999786376953,123.62000274658203,595500
2017-04-06,119.0528793334961,123.9800033569336,124.12999725341797,122.41000366210938,123.6500015258789,411900
2017-04-07,118.36153411865234,123.26000213623047,123.83999633789062,122.62999725341797,123.81999969482422,320600
2017-04-10,118.54395294189453,123.44999694824219,123.9800033569336,122.62999725341797,123.08999633789062,453700
2017-04-11,117.98703002929688,122.87000274658203,123.41000366210938,120.66999816894531,122.77999877929688,702300
2017-04-12,118.16944885253906,123.05999755859375,123.30999755859375,121.68000030517578,123.13999938964844,280600
2017-04-13,116.96914672851562,121.80999755859375,123.27999877929688,121.66999816894531,123.27999877929688,381600
2017-04-17,117.15155792236328,122.0,122.02999877929688,120.55999755859375,121.01000213623047,407200
2017-04-18,115.12541198730469,119.88999938964844,122.0,117.25,121.5999984741211,1396400
2017-04-19,115.31747436523438,120.08999633789062,120.98999786376953,119.94999694824219,120.33000183105469,495900
2017-04-20,114.39562225341797,119.12999725341797,120.0,116.8499984741211,120.0,1164400
2017-04-21,114.11714935302734,118.83999633789062,119.30999755859375,118.16000366210938,119.01000213623047,468500
2017-04-24,116.09529113769531,120.9000015258789,121.11000061035156,119.70999908447266,120.22000122070312,564800
2017-04-25,116.59461212158203,121.41999816894531,121.93000030517578,120.52999877929688,121.18000030517578,781100
2017-04-26,113.76187896728516,118.47000122070312,123.41000366210938,116.29000091552734,120.5199966430664,1501700
2017-04-27,113.51219940185547,118.20999908447266,119.3499984741211,117.87999725341797,118.66000366210938,678200
2017-04-28,115.9608383178711,120.76000213623047,120.87000274658203,118.19000244140625,118.19000244140625,761200
2017-05-01,115.65357208251953,120.44000244140625,121.4000015258789,119.9000015258789,120.72000122070312,604500
2017-05-02,119.4561996459961,124.4000015258789,125.4000015258789,120.9000015258789,120.9000015258789,1050700
2017-05-03,118.79362487792969,123.70999908447266,125.5,122.58999633789062,124.36000061035156,1176000
2017-05-04,117.63172149658203,122.5,123.91000366210938,121.2699966430664,123.18000030517578,1683300
2017-05-05,117.14195251464844,121.98999786376953,122.9000015258789,121.44999694824219,122.72000122070312,656700
2017-05-08,116.49861907958984,121.31999969482422,122.69000244140625,120.7699966430664,121.9800033569336,624200
2017-05-09,117.63172149658203,122.5,123.2300033569336,121.38999938964844,121.44999694824219,509400
2017-05-10,118.69760131835938,123.61000061035156,123.98999786376953,122.38999938964844,122.44999694824219,428100
2017-05-11,117.94862365722656,122.83000183105469,123.73999786376953,121.55999755859375,123.11000061035156,467900
2017-05-12,117.43004608154297,122.29000091552734,122.94999694824219,121.37999725341797,122.72000122070312,281400
2017-05-15,117.00753784179688,121.8499984741211,122.7699966430664,121.47000122070312,121.95999908447266,474000
2017-05-16,116.05687713623047,120.86000061035156,122.7699966430664,120.81999969482422,122.55000305175781,269300
2017-05-17,113.88671112060547,118.5999984741211,121.0,118.5999984741211,120.86000061035156,536200
2017-05-18,113.71383666992188,118.41999816894531,119.31999969482422,118.27999877929688,118.66000366210938,603400
2017-05-19,113.9635009765625,118.68000030517578,119.76000213623047,118.27999877929688,119.47000122070312,518700
2017-05-22,115.1158447265625,119.87999725341797,120.19000244140625,118.45999908447266,118.45999908447266,438100
2017-05-23,114.11714935302734,118.83999633789062,120.44000244140625,118.66999816894531,120.0199966430664,291800
2017-05-24,111.44763946533203,116.05999755859375,117.63999938964844,115.0,117.1500015258789,1423600
2017-05-25,112.64795684814453,117.30999755859375,117.94999694824219,116.2300033569336,116.55999755859375,585500
2017-05-26,111.4572525024414,116.06999969482422,117.5199966430664,115.44000244140625,117.5199966430664,579100
2017-05-30,110.6499252319336,115.12999725341797,116.2300033569336,115.0999984741211,116.0,537200
2017-05-31,109.23712921142578,113.66000366210938,115.16999816894531,113.12000274658203,115.06999969482422,911800
2017-06-01,111.29386138916016,115.80000305175781,116.16999816894531,113.83999633789062,113.8499984741211,771200
2017-06-02,109.70806121826172,114.1500015258789,116.61000061035156,113.63999938964844,116.12000274658203,696600
2017-06-05,110.3712158203125,114.83999633789062,115.33000183105469,113.56999969482422,113.87000274658203,684500
2017-06-06,109.08335876464844,113.5,115.0,113.38999938964844,114.86000061035156,506200
2017-06-07,108.54518127441406,112.94000244140625,114.51000213623047,112.22000122070312,113.37999725341797,552200
2017-06-08,107.9588851928711,112.33000183105469,113.26000213623047,110.5,112.94000244140625,1020100
2017-06-09,109.0160903930664,113.43000030517578,113.68000030517578,111.8499984741211,112.08000183105469,573300
2017-06-12,111.09203338623047,115.58999633789062,115.86000061035156,113.45999908447266,113.45999908447266,997900
2017-06-13,111.33229064941406,115.83999633789062,116.80999755859375,115.47000122070312,116.19999694824219,635300
2017-06-14,112.3414535522461,116.88999938964844,117.0,115.55000305175781,116.5199966430664,440600
2017-06-15,111.51490020751953,116.02999877929688,117.18000030517578,114.93000030517578,116.88999938964844,473300
2017-06-16,110.59223937988281,115.06999969482422,116.3499984741211,114.6500015258789,116.1500015258789,879900
2017-06-19,111.02474212646484,115.5199966430664,115.95999908447266,113.95999908447266,114.97000122070312,989400
2017-06-20,109.6888427734375,114.12999725341797,115.62999725341797,114.0,115.22000122070312,575600
2017-06-21,108.81425476074219,113.22000122070312,115.37999725341797,112.48999786376953,114.52999877929688,726700
2017-06-22,110.7268295288086,115.20999908447266,116.54000091552734,112.93000030517578,113.2300033569336,841500
2017-06-23,110.93824005126953,115.43000030517578,115.79000091552734,114.36000061035156,115.63999938964844,1087700
2017-06-26,111.37074279785156,115.87999725341797,116.93000030517578,115.08000183105469,115.5999984741211,380000
2017-06-27,113.44669342041016,118.04000091552734,118.80000305175781,115.87000274658203,115.87000274658203,900000
2017-06-28,115.73406982421875,120.41999816894531,121.48999786376953,118.6500015258789,118.69999694824219,970300
2017-06-29,117.13724517822266,121.87999725341797,122.52999877929688,119.80999755859375,120.62999725341797,1123500
2017-06-30,117.32950592041016,122.08000183105469,122.5999984741211,120.9800033569336,122.31999969482422,698700
2017-07-03,116.81047821044922,121.54000091552734,122.44000244140625,121.44999694824219,122.33999633789062,314300
2017-07-05,117.5601577758789,122.31999969482422,122.51000213623047,121.27999877929688,121.70999908447266,509200
2017-07-06,115.0805435180664,119.73999786376953,121.79000091552734,119.3499984741211,121.63999938964844,511400
2017-07-07,117.2910385131836,122.04000091552734,122.2300033569336,119.55000305175781,120.26000213623047,675500
2017-07-10,117.0123291015625,121.75,122.12000274658203,120.56999969482422,121.79000091552734,472300
2017-07-11,117.38714599609375,122.13999938964844,122.52999877929688,121.12999725341797,121.87000274658203,559700
2017-07-12,118.03107452392578,122.80999755859375,123.44000244140625,122.19000244140625,122.8499984741211,715600
2017-07-13,118.28096008300781,123.06999969482422,123.5199966430664,122.05000305175781,123.0999984741211,588400
2017-07-14,119.32854461669922,124.16000366210938,124.25,121.0199966430664,122.94999694824219,409400
2017-07-17,119.27086639404297,124.0999984741211,124.54000091552734,123.05000305175781,124.12000274658203,710900
2017-07-18,118.65577697753906,123.45999908447266,124.63999938964844,122.5999984741211,124.44999694824219,524600
2017-07-19,118.86724090576172,123.68000030517578,124.30999755859375,122.9800033569336,123.37000274658203,550700
2017-07-20,120.13584899902344,125.0,126.0999984741211,123.63999938964844,123.7300033569336,865000
2017-07-21,119.57840728759766,124.41999816894531,125.0999984741211,124.0,124.81999969482422,443500
2017-07-24,119.49189758300781,124.33000183105469,124.98999786376953,123.91000366210938,124.38999938964844,663500
2017-07-25,118.11756134033203,122.9000015258789,124.22000122070312,120.70999908447266,123.4000015258789,1195800
2017-07-26,108.48747253417969,112.87999725341797,118.83999633789062,111.16999816894531,118.83999633789062,3510700
2017-07-27,106.06552124023438,110.36000061035156,112.43000030517578,109.72000122070312,111.93000030517578,1495400
2017-07-28,107.16117095947266,111.5,112.11000061035156,109.69999694824219,110.3499984741211,1413300
2017-07-31,106.51727294921875,110.83000183105469,111.7699966430664,109.26000213623047,111.7699966430664,980200
2017-08-01,106.85363006591797,111.18000030517578,112.66999816894531,110.87999725341797,110.87999725341797,1142400
2017-08-02,104.4124755859375,108.63999938964844,111.05000305175781,108.41999816894531,110.87000274658203,1043200
2017-08-03,104.1625747680664,108.37999725341797,109.30999755859375,107.76000213623047,108.5,840700
2017-08-04,103.8838882446289,108.08999633789062,108.80000305175781,107.7300033569336,108.80000305175781,587500
2017-08-07,103.07657623291016,107.25,108.37999725341797,107.04000091552734,108.0199966430664,734300
2017-08-08,103.18226623535156,107.36000061035156,108.45999908447266,105.91000366210938,106.83000183105469,673300
2017-08-09,102.69214630126953,106.8499984741211,107.63999938964844,105.94000244140625,107.61000061035156,1025300
2017-08-10,101.26972961425781,105.37000274658203,106.83000183105469,104.93000030517578,106.4800033569336,1270500
2017-08-11,103.40333557128906,107.58999633789062,108.31999969482422,105.16000366210938,105.77999877929688,852200
2017-08-14,103.49943542480469,107.69000244140625,108.5199966430664,107.52999877929688,108.11000061035156,857200
2017-08-15,104.03765106201172,108.25,108.7300033569336,107.58000183105469,108.31999969482422,659500
2017-08-16,104.4509048461914,108.68000030517578,108.76000213623047,108.16000366210938,108.16000366210938,421000
2017-08-17,103.00930786132812,107.18000030517578,109.20999908447266,106.66999816894531,108.19000244140625,1159700
2017-08-18,103.78775024414062,107.98999786376953,109.01000213623047,106.56999969482422,106.98999786376953,765200
2017-08-21,103.64358520507812,107.83999633789062,108.91999816894531,107.63999938964844,108.1500015258789,610600
2017-08-22,104.25871276855469,108.4800033569336,108.62000274658203,107.41999816894531,107.91000366210938,401200
2017-08-23,103.76854705810547,107.97000122070312,108.38999938964844,107.38999938964844,108.12000274658203,290300
2017-08-24,104.39325714111328,108.62000274658203,109.36000061035156,107.94000244140625,108.33999633789062,320900
2017-08-25,104.70079803466797,108.94000244140625,109.62999725341797,108.12999725341797,108.80999755859375,286300
2017-08-28,104.82572174072266,109.06999969482422,109.79000091552734,108.56999969482422,109.18000030517578,748900
2017-08-29,102.7690200805664,106.93000030517578,108.38999938964844,106.61000061035156,108.38999938964844,694200
2017-08-30,102.49005126953125,106.54000091552734,107.2300033569336,105.88999938964844,106.83000183105469,790300
2017-08-31,104.01958465576172,108.12999725341797,108.77999877929688,106.77999877929688,107.0999984741211,529600
2017-09-01,104.95272064208984,109.0999984741211,109.37999725341797,107.77999877929688,108.22000122070312,767500
2017-09-05,103.94263458251953,108.05000305175781,109.56999969482422,107.86000061035156,109.0199966430664,604500
2017-09-06,103.38468170166016,107.47000122070312,108.58000183105469,106.5199966430664,108.58000183105469,540000
2017-09-07,105.86658477783203,110.05000305175781,110.7699966430664,107.45999908447266,107.45999908447266,1235600
2017-09-08,106.29950714111328,110.5,110.83000183105469,109.18000030517578,109.5199966430664,439500
2017-09-11,108.3100357055664,112.58999633789062,112.7699966430664,110.44000244140625,111.44000244140625,803200
2017-09-12,108.18502807617188,112.45999908447266,112.69000244140625,111.69000244140625,112.48999786376953,470700
2017-09-13,107.3192138671875,111.55999755859375,112.5999984741211,111.25,112.47000122070312,291300
2017-09-14,107.3192138671875,111.55999755859375,111.83999633789062,110.45999908447266,111.5,414600
2017-09-15,106.46305084228516,110.66999816894531,111.69999694824219,110.16000366210938,111.55999755859375,661300
2017-09-18,104.77957153320312,108.91999816894531,110.98999786376953,108.2300033569336,110.88999938964844,726000
2017-09-19,103.88491821289062,107.98999786376953,109.04000091552734,106.81999969482422,108.93000030517578,650000
2017-09-20,105.96280670166016,110.1500015258789,110.16999816894531,107.62999725341797,107.91000366210938,533700
2017-09-21,104.30818939208984,108.43000030517578,110.25,108.2699966430664,110.25,540100
2017-09-22,105.13549041748047,109.29000091552734,109.98999786376953,108.37999725341797,108.87000274658203,525100
2017-09-25,103.78871154785156,107.88999938964844,109.9800033569336,107.58999633789062,108.91000366210938,579900
2017-09-26,104.86615753173828,109.01000213623047,109.27999877929688,107.91999816894531,108.36000061035156,679100
2017-09-27,105.60689544677734,109.77999877929688,110.08999633789062,108.30000305175781,109.30000305175781,640100
2017-09-28,105.55876922607422,109.7300033569336,109.98999786376953,108.69999694824219,109.62000274658203,547900
2017-09-29,106.7227783203125,110.94000244140625,111.13999938964844,109.52999877929688,109.52999877929688,621900
2017-10-02,107.96375274658203,112.2300033569336,112.75,111.06999969482422,111.06999969482422,973600
2017-10-03,108.32929229736328,112.61000061035156,112.73999786376953,110.93000030517578,112.25,424600
2017-10-04,107.83869171142578,112.0999984741211,113.98999786376953,111.69999694824219,112.9000015258789,570200
2017-10-05,107.8771743774414,112.13999938964844,112.86000061035156,111.86000061035156,111.91999816894531,626100
2017-10-06,105.95319366455078,110.13999938964844,112.56999969482422,109.94000244140625,111.79000091552734,667500
2017-10-09,103.05760955810547,107.12999725341797,109.98999786376953,106.7300033569336,109.98999786376953,795400
2017-10-10,102.52853393554688,106.58000183105469,108.48999786376953,105.56999969482422,107.4000015258789,727900
2017-10-11,103.65403747558594,107.75,107.86000061035156,106.48999786376953,106.48999786376953,810700
2017-10-12,101.89362335205078,105.91999816894531,107.48999786376953,105.22000122070312,107.44999694824219,1057600
2017-10-13,101.53768157958984,105.55000305175781,106.08000183105469,101.26000213623047,102.9000015258789,1203800
2017-10-16,101.58578491210938,105.5999984741211,106.06999969482422,104.80000305175781,105.26000213623047,1003900
2017-10-17,104.33704376220703,108.45999908447266,109.0999984741211,105.51000213623047,106.12999725341797,1400100
2017-10-18,104.394775390625,108.5199966430664,110.33999633789062,108.41000366210938,108.76000213623047,814600
2017-10-19,106.33797454833984,110.54000091552734,110.91000366210938,107.69999694824219,108.19000244140625,805400
2017-10-20,108.56017303466797,112.8499984741211,113.05999755859375,110.41999816894531,111.08000183105469,1359400
2017-10-23,108.66600799560547,112.95999908447266,113.86000061035156,112.66999816894531,113.06999969482422,464100
2017-10-24,107.2614974975586,111.5,113.16999816894531,111.19000244140625,112.76000213623047,1038400
2017-10-25,106.5400161743164,110.75,110.7699966430664,106.55999755859375,110.5,2069800
2017-10-26,99.91191864013672,103.86000061035156,109.58000183105469,103.02999877929688,109.38999938964844,2763000
2017-10-27,99.55597686767578,103.48999786376953,105.06999969482422,102.5199966430664,103.86000061035156,1249700
2017-10-30,98.3919906616211,102.27999877929688,103.91999816894531,101.30999755859375,103.12999725341797,1116100
2017-10-31,98.7960205078125,102.69999694824219,104.05999755859375,101.81999969482422,102.16000366210938,778000
2017-11-01,98.23804473876953,102.12000274658203,103.11000061035156,100.77999877929688,102.44999694824219,1338500
2017-11-02,98.5074234008789,102.4000015258789,103.44999694824219,101.66000366210938,101.66000366210938,941700
2017-11-03,97.74745178222656,101.61000061035156,102.81999969482422,101.41999816894531,102.81999969482422,656500
2017-11-06,97.8821029663086,101.75,102.5999984741211,101.25,101.91999816894531,591300
2017-11-07,97.20870971679688,101.05000305175781,102.9000015258789,100.6500015258789,101.98999786376953,576300
2017-11-08,96.91050720214844,100.73999786376953,101.23999786376953,99.55999755859375,100.55000305175781,715700
2017-11-09,95.99662780761719,99.79000091552734,101.12999725341797,99.08999633789062,100.58999633789062,1149800
2017-11-10,93.99569702148438,97.70999908447266,99.6500015258789,96.83999633789062,99.30999755859375,1507400
2017-11-13,94.0438003540039,97.76000213623047,98.75,95.58999633789062,97.37000274658203,1763500
2017-11-14,93.31269073486328,97.0,97.58000183105469,96.0,97.37999725341797,1121000
2017-11-15,92.12942504882812,95.7699966430664,96.69999694824219,95.26000213623047,96.51000213623047,1029100
2017-11-16,94.64022064208984,98.37999725341797,98.66000366210938,96.48999786376953,96.5,1043200
2017-11-17,93.52432250976562,97.22000122070312,98.73999786376953,97.16999816894531,98.23999786376953,688500
2017-11-20,93.19725036621094,96.87999725341797,97.25,95.91999816894531,97.2300033569336,824600
2017-11-21,95.01541137695312,98.7699966430664,98.94999694824219,96.2300033569336,97.08999633789062,866800
2017-11-22,96.756591796875,100.58000183105469,101.5999984741211,98.3499984741211,98.51000213623047,757600
2017-11-24,96.660400390625,100.4800033569336,100.58999633789062,99.06999969482422,100.33999633789062,384300
2017-11-27,96.91050720214844,100.73999786376953,101.43000030517578,99.83999633789062,100.37000274658203,747100
2017-11-28,98.44007873535156,102.33000183105469,102.51000213623047,100.36000061035156,101.08999633789062,555800
2017-11-29,103.38468170166016,107.47000122070312,108.37000274658203,102.62999725341797,102.70999908447266,1747300
2017-11-30,104.32828521728516,108.3499984741211,110.95999908447266,106.95999908447266,107.73999786376953,1618200
2017-12-01,104.04907989501953,108.05999755859375,108.98999786376953,105.0999984741211,108.47000122070312,1055300
2017-12-04,102.31587982177734,106.26000213623047,110.4000015258789,106.19999694824219,108.30000305175781,876400
2017-12-05,102.01737976074219,105.94999694824219,106.93000030517578,104.04000091552734,106.0999984741211,1014800
2017-12-06,103.66392517089844,107.66000366210938,107.88999938964844,105.2699966430664,105.94999694824219,1113000
2017-12-07,106.24444580078125,110.33999633789062,111.52999877929688,107.0,107.5999984741211,1556200
2017-12-08,107.41918182373047,111.55999755859375,111.6500015258789,109.80999755859375,110.5,1492700
2017-12-11,106.86071014404297,110.9800033569336,112.58999633789062,110.62999725341797,112.02999877929688,1015600
2017-12-12,108.26651000976562,112.44000244140625,114.12999725341797,111.87000274658203,112.97000122070312,1025200
2017-12-13,109.65304565429688,113.87999725341797,114.9800033569336,111.7300033569336,112.68000030517578,1101600
2017-12-14,108.73832702636719,112.93000030517578,114.88999938964844,112.80999755859375,113.91999816894531,1046500
2017-12-15,109.2293930053711,113.44000244140625,114.2300033569336,112.68000030517578,113.56999969482422,1335900
2017-12-18,108.92127990722656,113.12000274658203,114.79000091552734,112.55999755859375,113.87000274658203,875100
2017-12-19,108.84423828125,113.04000091552734,113.95999908447266,111.66000366210938,113.18000030517578,926100
2017-12-20,108.5938949584961,112.77999877929688,113.04000091552734,111.3499984741211,112.95999908447266,668800
2017-12-21,110.51000213623047,114.7699966430664,115.56999969482422,112.80000305175781,113.19999694824219,1157400
2017-12-22,110.78923034667969,115.05999755859375,115.27999877929688,114.12000274658203,114.37000274658203,714300
2017-12-26,110.13449096679688,114.37999725341797,116.20999908447266,113.76000213623047,115.26000213623047,484200
2017-12-27,109.92265319824219,114.16000366210938,114.72000122070312,113.41999816894531,114.19999694824219,368800
2017-12-28,110.12489318847656,114.37000274658203,114.9000015258789,113.83999633789062,114.68000030517578,299100
2017-12-29,109.14271545410156,113.3499984741211,115.12000274658203,113.31999969482422,114.58999633789062,507300
2018-01-02,111.30921173095703,115.5999984741211,115.72000122070312,113.3499984741211,114.16000366210938,754000
2018-01-03,109.18121337890625,113.38999938964844,115.16999816894531,112.30999755859375,115.16999816894531,845900
2018-01-04,108.60350036621094,112.79000091552734,114.1500015258789,112.16000366210938,114.1500015258789,689000
2018-01-05,107.81395721435547,111.97000122070312,113.43000030517578,110.7300033569336,113.43000030517578,1201800
2018-01-08,106.0615005493164,110.1500015258789,111.80000305175781,109.25,111.79000091552734,1543500
2018-01-09,106.67774963378906,110.79000091552734,111.37000274658203,108.62000274658203,110.37999725341797,1228600
2018-01-10,106.26370239257812,110.36000061035156,111.55999755859375,109.93000030517578,110.76000213623047,732800
2018-01-11,110.66407012939453,114.93000030517578,114.97000122070312,110.47000122070312,110.47000122070312,982300
2018-01-12,112.32023620605469,116.6500015258789,116.81999969482422,114.81999969482422,115.0,1637300
2018-01-16,112.0987548828125,116.41999816894531,117.0,115.25,116.66000366210938,620400
2018-01-17,111.74250030517578,116.05000305175781,116.97000122070312,115.7300033569336,116.80999755859375,642500
2018-01-18,112.96536254882812,117.31999969482422,117.41000366210938,115.62000274658203,116.68000030517578,803300
2018-01-19,113.7067642211914,118.08999633789062,120.19999694824219,116.9000015258789,118.04000091552734,1839900
2018-01-22,113.43718719482422,117.80999755859375,118.20999908447266,116.2300033569336,118.20999908447266,710200
2018-01-23,112.8979721069336,117.25,118.12000274658203,115.81999969482422,117.91000366210938,410300
2018-01-24,113.61050415039062,117.98999786376953,118.0999984741211,116.80000305175781,117.97000122070312,684000
2018-01-25,114.70818328857422,119.12999725341797,119.2699966430664,117.47000122070312,118.62000274658203,359800
2018-01-26,116.73023986816406,121.2300033569336,121.3499984741211,118.69999694824219,119.27999877929688,991000
2018-01-29,115.80587768554688,120.2699966430664,121.88999938964844,120.12000274658203,121.30999755859375,632800
2018-01-30,117.9819564819336,122.52999877929688,125.80999755859375,117.72000122070312,119.70999908447266,905300
2018-01-31,116.99022674560547,121.5,122.8499984741211,117.95999908447266,122.69999694824219,1124900
2018-02-01,116.78801727294922,121.29000091552734,122.56999969482422,119.23999786376953,120.98999786376953,594000
2018-02-02,114.87188720703125,119.30000305175781,121.29000091552734,118.3499984741211,120.41999816894531,637800
2018-02-05,109.32566833496094,113.54000091552734,119.94000244140625,113.54000091552734,119.1500015258789,1045600
2018-02-06,112.5224380493164,116.86000061035156,117.45999908447266,111.51000213623047,112.08000183105469,1034500
2018-02-07,112.7728042602539,117.12000274658203,118.70999908447266,115.75,116.33999633789062,497700
2018-02-08,110.60631561279297,114.87000274658203,119.37999725341797,114.87000274658203,116.9800033569336,669700
2018-02-09,111.00106811523438,115.27999877929688,116.2699966430664,111.44000244140625,116.01000213623047,917600
2018-02-12,111.3188247680664,115.61000061035156,116.75,113.94000244140625,115.61000061035156,430100
2018-02-13,111.88695526123047,116.19999694824219,116.45999908447266,114.0,114.63999938964844,386800
2018-02-14,112.51280212402344,116.8499984741211,117.56999969482422,114.8499984741211,115.63999938964844,739300
2018-02-15,114.1015625,118.5,118.56999969482422,115.22000122070312,117.19000244140625,552000
2018-02-16,113.5238265991211,117.9000015258789,119.0999984741211,117.44000244140625,117.97000122070312,563900
2018-02-20,112.83055114746094,117.18000030517578,118.13999938964844,116.58000183105469,117.6500015258789,622400
2018-02-21,111.18403625488281,115.47000122070312,118.33999633789062,115.4000015258789,117.36000061035156,666900
2018-02-22,112.37801361083984,116.70999908447266,118.41999816894531,115.44999694824219,115.44999694824219,1066200
2018-02-23,112.0891342163086,116.41000366210938,117.30999755859375,115.55000305175781,117.1500015258789,412000
2018-02-26,112.38764190673828,116.72000122070312,117.38999938964844,114.47000122070312,116.4000015258789,643000
2018-02-27,113.23497772216797,117.5999984741211,119.7699966430664,116.2699966430664,117.1500015258789,613100
2018-02-28,110.05474853515625,114.19999694824219,118.54000091552734,114.12000274658203,117.62000274658203,1159500
2018-03-01,111.80870056152344,116.0199966430664,119.73999786376953,113.66000366210938,115.51000213623047,1468100
2018-03-02,119.34485626220703,123.83999633789062,125.41999816894531,115.91000366210938,115.91999816894531,2302300
2018-03-05,119.35448455810547,123.8499984741211,124.0,121.73999786376953,123.94000244140625,1288700
2018-03-06,120.41455841064453,124.94999694824219,125.93000030517578,123.66000366210938,124.2699966430664,976800
2018-03-07,121.61920166015625,126.19999694824219,126.87999725341797,123.63999938964844,123.93000030517578,721800
2018-03-08,122.65033721923828,127.2699966430664,127.68000030517578,126.0999984741211,126.80999755859375,768100
2018-03-09,122.06249237060547,126.66000366210938,127.81999969482422,126.1500015258789,127.6500015258789,674800
2018-03-12,121.6962661743164,126.27999877929688,128.14999389648438,125.72000122070312,126.6500015258789,849100
2018-03-13,119.39301300048828,123.88999938964844,126.80000305175781,123.7300033569336,126.80000305175781,810600
2018-03-14,118.7859115600586,123.26000213623047,125.05000305175781,122.4000015258789,124.12000274658203,873700
2018-03-15,119.335205078125,123.83000183105469,126.0,123.37999725341797,123.7300033569336,713100
2018-03-16,119.02682495117188,123.51000213623047,124.16000366210938,122.56999969482422,123.69999694824219,928300
2018-03-19,118.6028060913086,123.06999969482422,123.87000274658203,121.62000274658203,123.62000274658203,609900
2018-03-20,118.43895721435547,122.9000015258789,123.73999786376953,122.08000183105469,123.56999969482422,657200
2018-03-21,119.71104431152344,124.22000122070312,125.36000061035156,122.8499984741211,123.23999786376953,858200
2018-03-22,118.5642318725586,123.02999877929688,126.20999908447266,122.9800033569336,123.70999908447266,578000
2018-03-23,116.77175903320312,121.16999816894531,124.38999938964844,121.04000091552734,123.6500015258789,744000
2018-03-26,115.86588287353516,120.2300033569336,122.20999908447266,118.25,122.12000274658203,813100
2018-03-27,116.0682601928711,120.44000244140625,121.91000366210938,119.76000213623047,121.04000091552734,787300
2018-03-28,116.9741439819336,121.37999725341797,122.2699966430664,119.86000061035156,120.62999725341797,640300
2018-03-29,114.11193084716797,118.41000366210938,121.45999908447266,117.83000183105469,121.38999938964844,964400
2018-04-02,112.15562438964844,116.37999725341797,119.36000061035156,115.48999786376953,118.41000366210938,758000
2018-04-03,113.7553482055664,118.04000091552734,118.33000183105469,115.80999755859375,116.80000305175781,719000
2018-04-04,115.01782989501953,119.3499984741211,119.61000061035156,117.04000091552734,117.12999725341797,1178600
2018-04-05,117.25360870361328,121.66999816894531,122.61000061035156,119.41000366210938,119.81999969482422,595300
2018-04-06,114.19868469238281,118.5,120.95999908447266,117.58000183105469,120.72000122070312,560700
2018-04-09,114.8250732421875,119.1500015258789,120.61000061035156,118.66999816894531,118.7300033569336,473600
2018-04-10,115.71168518066406,120.06999969482422,121.12999725341797,119.62000274658203,120.58000183105469,674600
2018-04-11,114.74798583984375,119.06999969482422,120.22000122070312,118.72000122070312,119.02999877929688,677100
2018-04-12,115.74059295654297,120.0999984741211,120.7300033569336,118.98999786376953,119.86000061035156,876700
2018-04-13,115.29727172851562,119.63999938964844,120.41000366210938,118.87999725341797,120.41000366210938,616400
2018-04-16,116.17426300048828,120.55000305175781,121.0,119.37999725341797,120.41999816894531,460200
2018-04-17,116.44412231445312,120.83000183105469,121.91000366210938,119.55999755859375,121.01000213623047,1465700
2018-04-18,117.08979797363281,121.5,122.98999786376953,120.6500015258789,121.33000183105469,1216500
2018-04-19,117.09942626953125,121.51000213623047,122.37999725341797,120.6500015258789,121.47000122070312,686300
2018-04-20,116.14533233642578,120.5199966430664,122.12000274658203,120.22000122070312,121.72000122070312,657700
2018-04-23,115.77914428710938,120.13999938964844,120.83999633789062,118.1500015258789,120.69999694824219,979900
2018-04-24,116.13573455810547,120.51000213623047,121.87000274658203,119.66999816894531,120.79000091552734,770400
2018-04-25,117.61016845703125,122.04000091552734,122.1500015258789,118.80000305175781,120.51000213623047,754600
2018-04-26,110.84498596191406,115.0199966430664,115.41999816894531,111.33999633789062,113.04000091552734,3026700
2018-04-27,110.1896743774414,114.33999633789062,115.18000030517578,113.29000091552734,114.44999694824219,1281700
2018-04-30,110.05474853515625,114.19999694824219,115.01000213623047,113.95999908447266,114.31999969482422,1070000
2018-05-01,110.8353500366211,115.01000213623047,115.16000366210938,112.61000061035156,114.48999786376953,1180600
2018-05-02,113.4277114868164,117.69999694824219,118.70999908447266,114.98999786376953,114.98999786376953,1227300
2018-05-03,113.10003662109375,117.36000061035156,117.79000091552734,115.20999908447266,117.05000305175781,1253600
2018-05-04,113.49517059326172,117.7699966430664,118.0999984741211,116.23999786376953,117.36000061035156,802200
2018-05-07,113.11931610107422,117.37999725341797,118.41999816894531,117.04000091552734,117.9000015258789,513500
2018-05-08,111.74120330810547,115.94999694824219,117.83000183105469,115.41999816894531,117.5,947800
2018-05-09,113.01332092285156,117.2699966430664,117.30999755859375,115.22000122070312,115.66000366210938,833800
2018-05-10,113.49517059326172,117.7699966430664,118.4000015258789,116.9800033569336,117.80999755859375,644000
2018-05-11,114.06378173828125,118.36000061035156,118.7699966430664,117.2300033569336,117.61000061035156,695700
2018-05-14,114.40104675292969,118.70999908447266,118.8499984741211,118.30000305175781,118.47000122070312,640100
2018-05-15,113.14824676513672,117.41000366210938,118.47000122070312,117.08000183105469,118.26000213623047,839300
2018-05-16,114.1794204711914,118.4800033569336,119.2699966430664,117.33999633789062,117.68000030517578,345000
2018-05-17,114.39141845703125,118.69999694824219,120.02999877929688,118.19999694824219,118.5,953300
2018-05-18,113.58189392089844,117.86000061035156,119.16999816894531,117.77999877929688,118.97000122070312,506400
2018-05-21,114.42992401123047,118.73999786376953,119.66999816894531,118.27999877929688,118.63999938964844,815100
2018-05-22,114.38177490234375,118.69000244140625,119.79000091552734,118.52999877929688,119.22000122070312,397400
2018-05-23,112.30015563964844,116.52999877929688,118.54000091552734,115.31999969482422,118.33999633789062,897800
2018-05-24,111.74120330810547,115.94999694824219,116.80000305175781,115.19999694824219,116.47000122070312,703900
2018-05-25,112.45436096191406,116.69000244140625,116.88999938964844,115.4800033569336,115.52999877929688,565000
2018-05-29,111.41355895996094,115.61000061035156,116.30000305175781,114.93000030517578,116.0,768400
2018-05-30,112.74348449707031,116.98999786376953,117.76000213623047,115.8499984741211,115.8499984741211,392900
2018-05-31,110.90123748779297,114.9800033569336,117.0,114.45999908447266,117.0,1094800
2018-06-01,110.10069274902344,114.1500015258789,115.55000305175781,113.95999908447266,115.54000091552734,689100
2018-06-04,111.39314270019531,115.48999786376953,115.66000366210938,114.30000305175781,114.37000274658203,996300
2018-06-05,112.01045227050781,116.12999725341797,116.54000091552734,115.70999908447266,115.80000305175781,974800
2018-06-06,111.92364501953125,116.04000091552734,116.45999908447266,114.93000030517578,116.0999984741211,653800
2018-06-07,112.4059066772461,116.54000091552734,116.8499984741211,115.86000061035156,116.38999938964844,909000
2018-06-08,111.20989227294922,115.30000305175781,117.02999877929688,114.31999969482422,116.5199966430664,854900
2018-06-11,112.59881591796875,116.73999786376953,117.5999984741211,115.5199966430664,115.5199966430664,736400
2018-06-12,111.89468383789062,116.01000213623047,117.38999938964844,115.58999633789062,116.97000122070312,1189700
2018-06-13,111.09414672851562,115.18000030517578,117.3499984741211,114.97000122070312,116.5,1102900
2018-06-14,110.52507019042969,114.58999633789062,115.8499984741211,114.47000122070312,115.33999633789062,1219300
2018-06-15,111.38350677490234,115.4800033569336,115.69999694824219,114.05999755859375,114.26000213623047,1279700
2018-06-18,111.07486724853516,115.16000366210938,115.77999877929688,114.72000122070312,115.0,731100
2018-06-19,110.99767303466797,115.08000183105469,115.44000244140625,114.5199966430664,114.5199966430664,715400
2018-06-20,112.28050231933594,116.41000366210938,116.91999816894531,115.08999633789062,115.41000366210938,777500
2018-06-21,111.43173217773438,115.52999877929688,117.86000061035156,115.27999877929688,117.04000091552734,638400
2018-06-22,110.93017578125,115.01000213623047,115.72000122070312,114.9000015258789,115.66000366210938,664000
2018-06-25,110.54437255859375,114.61000061035156,115.08999633789062,113.9800033569336,115.02999877929688,600900
2018-06-26,110.50578308105469,114.56999969482422,114.88999938964844,114.37000274658203,114.41999816894531,394300
2018-06-27,109.47374725341797,113.5,115.05999755859375,113.02999877929688,114.5199966430664,708000
2018-06-28,108.16199493408203,112.13999938964844,113.02999877929688,111.77999877929688,112.94000244140625,988400
2018-06-29,107.48683166503906,111.44000244140625,112.47000122070312,110.62000274658203,111.77999877929688,880600
2018-07-02,107.04315185546875,110.9800033569336,111.33999633789062,109.37000274658203,111.33999633789062,716600
2018-07-03,107.44823455810547,111.4000015258789,111.87999725341797,110.37999725341797,110.9800033569336,331500
2018-07-05,107.42894744873047,111.37999725341797,111.97000122070312,111.0999984741211,111.66999816894531,1030600
2018-07-06,108.10411834716797,112.08000183105469,112.61000061035156,111.02999877929688,111.5,805600
2018-07-09,109.79205322265625,113.83000183105469,114.5,112.27999877929688,112.27999877929688,976900
2018-07-10,111.15203094482422,115.23999786376953,115.36000061035156,113.72000122070312,114.0999984741211,653400
2018-07-11,110.7565689086914,114.83000183105469,115.5,114.5,115.11000061035156,447200
2018-07-12,110.46720886230469,114.52999877929688,115.97000122070312,114.22000122070312,115.58999633789062,622800
2018-07-13,110.66974639892578,114.73999786376953,115.41999816894531,114.44000244140625,114.69000244140625,649800
2018-07-16,110.64080047607422,114.70999908447266,115.02999877929688,114.37000274658203,114.98999786376953,738600
2018-07-17,110.8916015625,114.97000122070312,115.30000305175781,114.01000213623047,114.61000061035156,413100
2018-07-18,108.68284606933594,112.68000030517578,114.05999755859375,112.47000122070312,113.0999984741211,605500
2018-07-19,108.76963806152344,112.7699966430664,113.66999816894531,111.68000030517578,112.41999816894531,553900
2018-07-20,108.67318725585938,112.66999816894531,113.08000183105469,111.79000091552734,112.41999816894531,432600
2018-07-23,111.40278625488281,115.5,116.6500015258789,113.41999816894531,115.0,1121000
2018-07-24,110.27430725097656,114.33000183105469,115.4000015258789,114.18000030517578,115.26000213623047,1012800
2018-07-25,113.92985534667969,118.12000274658203,118.55999755859375,114.33000183105469,115.33999633789062,1423600
2018-07-26,120.48865509033203,124.91999816894531,126.5,117.1500015258789,118.47000122070312,2094300
2018-07-27,120.54651641845703,124.9800033569336,125.61000061035156,123.2300033569336,125.27999877929688,1062500
2018-07-30,120.5271987915039,124.95999908447266,126.4000015258789,124.77999877929688,124.97000122070312,806500
2018-07-31,117.76863861083984,122.0999984741211,125.12999725341797,120.23999786376953,125.0199966430664,1120000
2018-08-01,117.11279296875,121.41999816894531,122.61000061035156,119.12000274658203,119.95999908447266,875300
2018-08-02,118.26060485839844,122.61000061035156,122.7699966430664,120.66999816894531,121.0,658700
2018-08-03,119.78453826904297,124.19000244140625,124.22000122070312,122.2300033569336,122.5999984741211,686200
2018-08-06,119.94851684570312,124.36000061035156,125.25,123.2699966430664,123.81999969482422,678800
2018-08-07,120.3150405883789,124.73999786376953,124.93000030517578,123.4800033569336,124.0,721600
2018-08-08,118.49205017089844,122.8499984741211,125.47000122070312,122.68000030517578,125.13999938964844,421800
2018-08-09,119.2829818725586,123.66999816894531,123.87999725341797,122.48999786376953,123.02999877929688,620100
2018-08-10,119.99673461914062,124.41000366210938,124.69999694824219,123.05000305175781,123.05000305175781,701500
2018-08-13,120.00636291503906,124.41999816894531,124.83999633789062,123.94000244140625,124.4800033569336,572900
2018-08-14,120.6718978881836,125.11000061035156,125.7300033569336,124.01000213623047,125.0,571900
2018-08-15,121.00949096679688,125.45999908447266,126.80999755859375,124.27999877929688,125.16000366210938,872600
2018-08-16,120.92266845703125,125.37000274658203,126.37000274658203,125.01000213623047,125.52999877929688,659700
2018-08-17,123.2664566040039,127.80000305175781,128.1699981689453,125.37000274658203,125.37000274658203,541900
2018-08-20,122.77458190917969,127.29000091552734,128.14999389648438,126.79000091552734,127.68000030517578,424300
2018-08-21,123.84518432617188,128.39999389648438,128.4499969482422,127.25,127.51000213623047,639400
2018-08-22,124.39495849609375,128.97000122070312,129.32000732421875,127.94000244140625,128.35000610351562,536000
2018-08-23,123.17964935302734,127.70999908447266,128.82000732421875,126.98999786376953,128.82000732421875,539300
2018-08-24,123.55581665039062,128.10000610351562,128.57000732421875,127.45999908447266,127.72000122070312,396800
2018-08-27,122.91923522949219,127.44000244140625,128.44000244140625,127.16999816894531,128.3800048828125,530600
2018-08-28,122.89993286132812,127.41999816894531,127.77999877929688,127.0,127.27999877929688,478300
2018-08-29,123.83556365966797,128.38999938964844,128.97000122070312,127.26000213623047,127.62999725341797,350500
2018-08-30,124.6553726196289,129.24000549316406,129.42999267578125,127.16999816894531,128.02999877929688,594700
2018-08-31,125.6399917602539,130.16000366210938,130.25,128.4199981689453,128.7899932861328,660400
2018-09-04,123.69011688232422,128.13999938964844,130.17999267578125,127.91000366210938,129.99000549316406,735200
2018-09-05,122.69587707519531,127.11000061035156,128.17999267578125,126.18000030517578,128.14999389648438,545600
2018-09-06,122.31941223144531,126.72000122070312,127.55000305175781,125.72000122070312,127.31999969482422,555000
2018-09-07,122.5124740600586,126.91999816894531,127.33000183105469,125.76000213623047,126.44999694824219,555000
2018-09-10,121.02595520019531,125.37999725341797,127.29000091552734,125.13999938964844,127.29000091552734,623400
2018-09-11,119.6456069946289,123.94999694824219,125.44999694824219,123.83000183105469,125.1500015258789,692600
2018-09-12,119.73249053955078,124.04000091552734,124.4000015258789,123.05000305175781,123.98999786376953,557100
2018-09-13,121.63407135009766,126.01000213623047,126.12999725341797,124.2699966430664,124.61000061035156,807200
2018-09-14,121.4892807006836,125.86000061035156,127.12000274658203,125.76000213623047,126.16999816894531,488600
2018-09-17,121.65335845947266,126.02999877929688,126.18000030517578,124.91000366210938,126.18000030517578,450500
2018-09-18,123.33296966552734,127.7699966430664,132.63999938964844,127.61000061035156,128.52000427246094,1215000
2018-09-19,121.7691879272461,126.1500015258789,127.5,126.02999877929688,127.5,554500
2018-09-20,122.34838104248047,126.75,127.04000091552734,125.91000366210938,126.75,470600
2018-09-21,122.33872985839844,126.73999786376953,128.08999633789062,126.31999969482422,126.80000305175781,726300
2018-09-24,122.59934997558594,127.01000213623047,127.0999984741211,125.36000061035156,126.69999694824219,384700
2018-09-25,121.6147689819336,125.98999786376953,127.23999786376953,125.38999938964844,126.91999816894531,407400
2018-09-26,121.97193908691406,126.36000061035156,127.33000183105469,124.81999969482422,125.98999786376953,538400
2018-09-27,121.94295501708984,126.33000183105469,128.3800048828125,126.08999633789062,126.54000091552734,426800
2018-09-28,123.40054321289062,127.83999633789062,127.91999816894531,125.6500015258789,125.98999786376953,877400
2018-10-01,124.22102355957031,128.69000244140625,129.0399932861328,128.0500030517578,128.86000061035156,493200
2018-10-02,121.14178466796875,125.5,128.82000732421875,125.29000091552734,128.80999755859375,584300
2018-10-03,120.63021087646484,124.97000122070312,126.12999725341797,124.87000274658203,126.04000091552734,813100
2018-10-04,120.76532745361328,125.11000061035156,125.87999725341797,124.75,124.91999816894531,399900
2018-10-05,120.94873809814453,125.30000305175781,126.86000061035156,124.7699966430664,125.52999877929688,405900
2018-10-08,121.94295501708984,126.33000183105469,126.7300033569336,124.3499984741211,125.08000183105469,353800
2018-10-09,123.13990020751953,127.56999969482422,128.08999633789062,125.91000366210938,126.37000274658203,401700
2018-10-10,121.4892807006836,125.86000061035156,128.8300018310547,125.79000091552734,127.81999969482422,848700
2018-10-11,116.65327453613281,120.8499984741211,125.95999908447266,120.7300033569336,125.86000061035156,929500
2018-10-12,118.2845687866211,122.54000091552734,122.86000061035156,120.88999938964844,121.77999877929688,918600
2018-10-15,118.6417465209961,122.91000366210938,123.69999694824219,121.94999694824219,122.12999725341797,560800
2018-10-16,120.2923355102539,124.62000274658203,124.97000122070312,121.9000015258789,123.19000244140625,554000
2018-10-17,121.27692413330078,125.63999938964844,126.22000122070312,123.38999938964844,124.94000244140625,490600
2018-10-18,121.99121856689453,126.37999725341797,128.1699981689453,125.62000274658203,126.05000305175781,924600
2018-10-19,121.42170715332031,125.79000091552734,127.5,125.04000091552734,126.72000122070312,757900
2018-10-22,121.80783081054688,126.19000244140625,127.25,124.9000015258789,125.91000366210938,1197100
2018-10-23,121.19005584716797,125.55000305175781,125.91999816894531,121.9000015258789,124.66999816894531,1046500
2018-10-24,117.78263092041016,122.0199966430664,126.9800033569336,121.9000015258789,125.11000061035156,702300
2018-10-25,117.3289566040039,121.55000305175781,123.75,121.44999694824219,122.05999755859375,743300
2018-10-26,111.59521484375,115.61000061035156,123.47000122070312,115.05000305175781,120.94000244140625,1469600
2018-10-29,114.6261978149414,118.75,119.11000061035156,115.94000244140625,115.94999694824219,1598100
2018-10-30,116.64361572265625,120.83999633789062,121.05999755859375,117.0999984741211,119.05999755859375,1097400
2018-10-31,117.33860778808594,121.55999755859375,122.75,121.06999969482422,121.2699966430664,891000
2018-11-01,119.20159912109375,123.48999786376953,124.18000030517578,121.83000183105469,122.44999694824219,606700
2018-11-02,119.1726303100586,123.45999908447266,125.66999816894531,122.26000213623047,123.86000061035156,614100
2018-11-05,119.7903823852539,124.0999984741211,124.91999816894531,122.9800033569336,123.75,419000
2018-11-06,121.56652069091797,125.94000244140625,126.43000030517578,123.52999877929688,123.83999633789062,675800
2018-11-07,124.99321746826172,129.49000549316406,129.72999572753906,126.80999755859375,127.0,678800
2018-11-08,125.72684478759766,130.25,130.7100067138672,128.9600067138672,129.6300048828125,571500
2018-11-09,126.92378234863281,131.49000549316406,132.02999877929688,130.11000061035156,130.11000061035156,541300
2018-11-12,125.56275939941406,130.0800018310547,132.19000244140625,129.8699951171875,131.36000061035156,552600
2018-11-13,123.41020202636719,127.8499984741211,130.85000610351562,126.4000015258789,130.74000549316406,682300
2018-11-14,122.86961364746094,127.29000091552734,128.9199981689453,126.63999938964844,128.72000122070312,496500
2018-11-15,123.56462860107422,128.00999450683594,129.02999877929688,125.20999908447266,126.37999725341797,825800
2018-11-16,128.38133239746094,133.0,133.13999938964844,127.79000091552734,128.38999938964844,1224000
2018-11-19,126.54732513427734,131.10000610351562,135.02999877929688,130.6199951171875,133.02000427246094,1195100
2018-11-20,125.58206176757812,130.10000610351562,132.10000610351562,129.77999877929688,130.49000549316406,724800
2018-11-21,126.14192199707031,130.67999267578125,131.9199981689453,129.83999633789062,130.10000610351562,775100
2018-11-23,127.2616195678711,131.83999633789062,132.22000122070312,129.25,130.0500030517578,306500
2018-11-26,127.65737915039062,132.25,134.0500030517578,131.41000366210938,132.82000732421875,653300
2018-11-27,128.0820770263672,132.69000244140625,132.83999633789062,130.75,131.6999969482422,1028700
2018-11-28,130.4180450439453,135.11000061035156,135.1699981689453,132.85000610351562,133.5,833600
2018-11-29,133.0725860595703,137.86000061035156,138.83999633789062,134.30999755859375,134.5500030517578,745500
2018-11-30,133.29476928710938,137.99000549316406,138.97999572753906,136.49000549316406,138.1300048828125,1216300
2018-12-03,132.31910705566406,136.97999572753906,139.6300048828125,136.38999938964844,139.1300048828125,741600
2018-12-04,130.0104522705078,134.58999633789062,138.47000122070312,133.27999877929688,137.0,868500
2018-12-06,127.16077423095703,131.63999938964844,133.57000732421875,127.68000030517578,133.57000732421875,1127800
2018-12-07,121.92522430419922,126.22000122070312,131.8800048828125,125.69999694824219,131.24000549316406,1357200
2018-12-10,122.98780822753906,127.31999969482422,127.94000244140625,122.63999938964844,126.38999938964844,879400
2018-12-11,124.67826843261719,129.07000732421875,130.17999267578125,127.4800033569336,127.97000122070312,960100
2018-12-12,126.80339813232422,131.27000427246094,133.4499969482422,130.6300048828125,130.6300048828125,1286600
2018-12-13,127.47957611083984,131.97000122070312,132.41000366210938,129.77000427246094,131.2100067138672,702600
2018-12-14,117.02774047851562,121.1500015258789,130.16000366210938,120.33999633789062,129.66000366210938,1396400
2018-12-17,114.458251953125,118.48999786376953,120.2300033569336,115.37000274658203,118.5,1802200
2018-12-18,115.62708282470703,119.69999694824219,122.7699966430664,119.05000305175781,120.0999984741211,996100
2018-12-19,112.11093139648438,116.05999755859375,120.22000122070312,115.44000244140625,119.98999786376953,1198100
2018-12-20,111.4444351196289,115.37000274658203,117.63999938964844,114.91000366210938,115.26000213623047,1127400
2018-12-21,110.62334442138672,114.5199966430664,117.44000244140625,113.95999908447266,115.5999984741211,1766900
2018-12-24,109.5607681274414,113.41999816894531,114.9800033569336,112.8499984741211,113.87000274658203,383300
2018-12-26,113.43431091308594,117.43000030517578,117.56999969482422,112.80000305175781,113.68000030517578,967900
2018-12-27,112.7291488647461,116.69999694824219,116.70999908447266,112.79000091552734,115.9800033569336,827000
2018-12-28,112.24616241455078,116.19999694824219,117.56999969482422,115.80000305175781,116.86000061035156,683200
2018-12-31,112.59393310546875,116.55999755859375,117.4000015258789,115.19000244140625,116.86000061035156,623100
2019-01-02,113.44397735595703,117.44000244140625,117.68000030517578,114.8499984741211,115.30000305175781,731200
2019-01-03,112.03363800048828,115.9800033569336,119.4000015258789,115.69999694824219,117.76000213623047,834200
2019-01-04,114.52586364746094,118.55999755859375,118.63999938964844,116.41000366210938,117.30000305175781,983000
2019-01-07,114.27471160888672,118.30000305175781,119.37000274658203,117.66000366210938,118.55999755859375,1028600
2019-01-08,117.84880065917969,122.0,122.08000183105469,118.91999816894531,119.83999633789062,796600
2019-01-09,120.08019256591797,124.30999755859375,124.98999786376953,122.2699966430664,122.79000091552734,700600
2019-01-10,121.39393615722656,125.66999816894531,125.87000274658203,123.31999969482422,124.0999984741211,577300
2019-01-11,121.45191192626953,125.7300033569336,126.44999694824219,124.80000305175781,125.2300033569336,817600
2019-01-14,120.98822784423828,125.25,127.77999877929688,124.44000244140625,125.05999755859375,1026900
2019-01-15,122.70767211914062,127.02999877929688,127.69000244140625,124.51000213623047,125.0999984741211,702300
2019-01-16,125.22888946533203,129.63999938964844,131.1199951171875,126.27999877929688,127.43000030517578,975600
2019-01-17,126.07890319824219,130.52000427246094,131.1199951171875,128.97000122070312,129.16000366210938,703500
2019-01-18,127.47957611083984,131.97000122070312,132.25,130.42999267578125,131.10000610351562,571000
2019-01-22,126.16584014892578,130.61000061035156,131.00999450683594,128.72999572753906,131.00999450683594,568100
2019-01-23,126.00162506103516,130.44000244140625,132.35000610351562,129.19000244140625,131.05999755859375,797500
2019-01-24,125.41242218017578,129.8300018310547,130.75,129.32000732421875,130.4199981689453,549600
2019-01-25,126.67781829833984,131.13999938964844,131.77000427246094,130.0800018310547,130.83999633789062,406700
2019-01-28,125.9919662475586,130.42999267578125,130.63999938964844,129.1199951171875,130.5500030517578,526100
2019-01-29,128.04949951171875,132.55999755859375,132.7899932861328,130.67999267578125,131.3000030517578,413200
2019-01-30,128.49383544921875,133.02000427246094,133.58999633789062,132.08999633789062,132.74000549316406,707600
2019-01-31,128.02052307128906,132.52999877929688,133.63999938964844,132.33999633789062,132.9199981689453,580800
2019-02-01,130.91845703125,135.52999877929688,135.6699981689453,132.05999755859375,132.74000549316406,746100
2019-02-04,130.09735107421875,134.67999267578125,135.3699951171875,133.8800048828125,135.2100067138672,499900
2019-02-05,130.3195343017578,134.91000366210938,136.50999450683594,134.35000610351562,135.0500030517578,601400
2019-02-06,130.46444702148438,135.05999755859375,135.32000732421875,133.7899932861328,134.44000244140625,420600
2019-02-07,128.4165802001953,132.94000244140625,135.22000122070312,132.82000732421875,134.69000244140625,731500
2019-02-08,127.01589965820312,131.49000549316406,132.52999877929688,129.55999755859375,132.5,708000
2019-02-11,128.1847381591797,132.6999969482422,133.02999877929688,130.67999267578125,131.5800018310547,423400
2019-02-12,128.8126678466797,133.35000610351562,133.88999938964844,132.4499969482422,133.1300048828125,470700
2019-02-13,129.54672241210938,134.11000061035156,134.5800018310547,133.1300048828125,134.02000427246094,502500
2019-02-14,129.17970275878906,133.72999572753906,134.39999389648438,132.1300048828125,133.49000549316406,654700
2019-02-15,130.91845703125,135.52999877929688,135.89999389648438,134.35000610351562,134.7899932861328,651100
2019-02-19,130.66732788085938,135.27000427246094,135.7899932861328,134.49000549316406,134.94000244140625,638500
2019-02-20,129.74957275390625,134.32000732421875,135.22999572753906,134.22999572753906,135.17999267578125,437300
2019-02-21,129.9717559814453,134.5500030517578,135.02000427246094,133.8000030517578,134.7899932861328,527800
2019-02-22,131.41107177734375,136.0399932861328,136.52000427246094,134.47999572753906,134.9199981689453,860600
2019-02-25,129.826904296875,134.39999389648438,137.19000244140625,134.3699951171875,136.44000244140625,743300
2019-02-26,129.0830841064453,133.6300048828125,135.30999755859375,133.50999450683594,134.91000366210938,630400
2019-02-27,128.7256622314453,133.25999450683594,134.3699951171875,131.4499969482422,133.3699951171875,692000
2019-02-28,134.2068634033203,138.8300018310547,141.41000366210938,133.47000122070312,133.47000122070312,1405800
2019-03-01,136.1112823486328,140.8000030517578,142.22000122070312,139.33999633789062,140.3300018310547,796500
2019-03-04,132.66981506347656,137.24000549316406,139.35000610351562,136.08999633789062,138.88999938964844,933400
2019-03-05,132.66017150878906,137.22999572753906,138.6699981689453,136.14999389648438,138.22999572753906,676600
2019-03-06,128.40670776367188,132.8300018310547,137.50999450683594,132.75,137.22999572753906,741000
2019-03-07,125.20687866210938,129.52000427246094,133.55999755859375,128.8699951171875,132.60000610351562,1152900
2019-03-08,124.88787078857422,129.19000244140625,129.27000427246094,127.68000030517578,128.8000030517578,721900
2019-03-11,125.38091278076172,129.6999969482422,130.6300048828125,128.4199981689453,129.9199981689453,736400
2019-03-12,126.7245864868164,131.08999633789062,131.75,129.5800018310547,130.17999267578125,591800
2019-03-13,128.2713165283203,132.69000244140625,133.33999633789062,130.80999755859375,131.72000122070312,602000
2019-03-14,129.65370178222656,134.1199951171875,134.91000366210938,132.60000610351562,132.97000122070312,552500
2019-03-15,129.7697296142578,134.24000549316406,134.8699951171875,133.77999877929688,134.02000427246094,786500
2019-03-18,131.31640625,135.83999633789062,135.92999267578125,134.4499969482422,134.4499969482422,540100
2019-03-19,130.9201202392578,135.42999267578125,136.5800018310547,134.9199981689453,136.1199951171875,900900
2019-03-20,129.5570526123047,134.02000427246094,135.83999633789062,133.60000610351562,135.42999267578125,418300
2019-03-21,132.02212524414062,136.57000732421875,136.97999572753906,132.44000244140625,132.89999389648438,388600
2019-03-22,130.80409240722656,135.30999755859375,136.91000366210938,135.3000030517578,135.39999389648438,565900
2019-03-25,129.8954315185547,134.3699951171875,135.39999389648438,133.88999938964844,134.8000030517578,600200
2019-03-26,129.67303466796875,134.13999938964844,135.5399932861328,133.5,134.60000610351562,549100
2019-03-27,128.3486785888672,132.77000427246094,134.57000732421875,132.0800018310547,133.69000244140625,455700
2019-03-28,129.06402587890625,133.50999450683594,133.66000366210938,132.6699981689453,133.07000732421875,463800
2019-03-29,129.3153839111328,133.77000427246094,134.4199981689453,133.16000366210938,134.3699951171875,917000
2019-04-01,130.26271057128906,134.75,135.58999633789062,134.50999450683594,134.88999938964844,815000
2019-04-02,129.29603576660156,133.75,134.83999633789062,133.00999450683594,134.41000366210938,464300
2019-04-03,129.7793731689453,134.25,135.1300048828125,133.58999633789062,134.6300048828125,548400
2019-04-04,129.50869750976562,133.97000122070312,134.94000244140625,133.63999938964844,134.52000427246094,416400
2019-04-05,130.23374938964844,134.72000122070312,135.02000427246094,134.3300018310547,134.3800048828125,626900
2019-04-08,128.571044921875,133.0,135.0,132.72999572753906,134.9499969482422,553000
2019-04-09,129.39268493652344,133.85000610351562,133.97999572753906,132.19000244140625,132.32000732421875,617900
2019-04-10,130.01141357421875,134.49000549316406,135.19000244140625,133.85000610351562,133.9600067138672,815000
2019-04-11,128.01026916503906,132.4199981689453,135.17999267578125,132.2899932861328,135.13999938964844,425800
2019-04-12,128.37770080566406,132.8000030517578,134.27000427246094,132.22000122070312,133.30999755859375,817100
2019-04-15,128.3196563720703,132.74000549316406,133.24000549316406,132.10000610351562,132.77999877929688,456700
2019-04-16,122.12313079833984,126.33000183105469,133.88999938964844,125.44000244140625,133.88999938964844,1389300
2019-04-17,118.57534790039062,122.66000366210938,126.54000091552734,120.9000015258789,126.5,1321900
2019-04-18,120.36373138427734,124.51000213623047,124.69000244140625,121.54000091552734,122.69000244140625,1223800
2019-04-22,118.80734252929688,122.9000015258789,125.79000091552734,121.94999694824219,124.44000244140625,1071500
2019-04-23,123.81483459472656,128.0800018310547,129.5,122.83000183105469,123.18000030517578,1114100
2019-04-24,125.9705810546875,130.30999755859375,133.3300018310547,128.0,128.0,1732200
2019-04-25,127.31429290771484,131.6999969482422,132.91000366210938,128.52999877929688,129.60000610351562,879200
2019-04-26,124.92654418945312,129.22999572753906,129.47000122070312,123.80000305175781,128.7899932861328,1444200
2019-04-29,122.97383880615234,127.20999908447266,129.3000030517578,125.0,128.4499969482422,863600
2019-04-30,122.6451644897461,126.87000274658203,128.0500030517578,125.13999938964844,127.66000366210938,950500
2019-05-01,120.59573364257812,124.75,127.4000015258789,124.62999725341797,126.80000305175781,929200
2019-05-02,119.87071990966797,124.0,124.51000213623047,123.01000213623047,124.31999969482422,1217200
2019-05-03,118.90401458740234,123.0,124.94999694824219,122.62999725341797,124.62999725341797,1101200
2019-05-06,120.34441375732422,124.48999786376953,125.2300033569336,121.2300033569336,121.2699966430664,949300
2019-05-07,118.85569763183594,122.94999694824219,125.08999633789062,121.94999694824219,124.22000122070312,725000
2019-05-08,117.95664978027344,122.0199966430664,123.16999816894531,121.19999694824219,122.52999877929688,675200
2019-05-09,118.79769134521484,122.88999938964844,123.33999633789062,121.23999786376953,121.61000061035156,828800
2019-05-10,118.70101928710938,122.79000091552734,123.9800033569336,120.0,123.13999938964844,707700
2019-05-13,117.78266906738281,121.83999633789062,122.16999816894531,120.16000366210938,120.75,636600
2019-05-14,118.45933532714844,122.54000091552734,123.45999908447266,121.48999786376953,122.0,614300
2019-05-15,117.80198669433594,121.86000061035156,122.8499984741211,120.43000030517578,121.80000305175781,542800
2019-05-16,117.64729309082031,121.69999694824219,123.62999725341797,121.37999725341797,122.0,517300
2019-05-17,117.82129669189453,121.87999725341797,123.23999786376953,120.5199966430664,120.72000122070312,508700
2019-05-20,119.14569854736328,123.25,123.5199966430664,120.7699966430664,121.20999908447266,506400
2019-05-21,120.65376281738281,124.80999755859375,125.83999633789062,123.1500015258789,123.4000015258789,681100
2019-05-22,121.26275634765625,125.44000244140625,125.55999755859375,124.08999633789062,124.55999755859375,758400
2019-05-23,118.8653564453125,122.95999908447266,124.77999877929688,121.91000366210938,124.66999816894531,684400
2019-05-24,118.99102020263672,123.08999633789062,123.76000213623047,122.08000183105469,122.44000244140625,547600
2019-05-28,118.4109878540039,122.48999786376953,123.87999725341797,122.44000244140625,122.83000183105469,666200
2019-05-29,115.59790802001953,119.58000183105469,121.9800033569336,119.26000213623047,121.9800033569336,691300
2019-05-30,116.09089660644531,120.08999633789062,120.87999725341797,119.02999877929688,119.62999725341797,503700
2019-05-31,115.66522216796875,119.55000305175781,120.2699966430664,117.7699966430664,119.3499984741211,608800
2019-06-03,117.51318359375,121.45999908447266,121.79000091552734,119.1500015258789,119.55000305175781,687600
2019-06-04,118.43229675292969,122.41000366210938,124.25,121.91999816894531,122.55000305175781,770900
2019-06-05,117.46479797363281,121.41000366210938,123.19000244140625,120.33000183105469,123.19000244140625,862800
2019-06-06,117.17453002929688,121.11000061035156,122.23999786376953,120.80000305175781,121.51000213623047,1254300
2019-06-07,119.69004821777344,123.70999908447266,123.81999969482422,120.94000244140625,121.51000213623047,867500
2019-06-10,119.56426239013672,123.58000183105469,125.05000305175781,123.55999755859375,124.3499984741211,498300
2019-06-11,119.00311279296875,123.0,124.16999816894531,121.4800033569336,124.16999816894531,496600
2019-06-12,119.88356018066406,123.91000366210938,123.95999908447266,121.7300033569336,122.97000122070312,495300
2019-06-13,119.92225646972656,123.94999694824219,124.44000244140625,122.7699966430664,123.79000091552734,338900
2019-06-14,118.76123046875,122.75,124.56999969482422,122.73999786376953,124.04000091552734,496700
2019-06-17,119.40947723388672,123.41999816894531,123.51000213623047,122.18000030517578,123.33999633789062,513900
2019-06-18,119.90290069580078,123.93000030517578,125.12999725341797,122.70999908447266,123.77999877929688,489800
2019-06-19,121.20905303955078,125.27999877929688,125.43000030517578,122.80999755859375,124.18000030517578,361100
2019-06-20,120.31891632080078,124.36000061035156,126.62000274658203,122.80999755859375,125.80999755859375,873500
2019-06-21,121.2380599975586,125.30999755859375,125.54000091552734,122.98999786376953,124.36000061035156,801200
2019-06-24,122.34100341796875,126.44999694824219,126.55000305175781,124.5,125.5199966430664,570900
2019-06-25,124.4598388671875,128.63999938964844,129.5500030517578,126.16000366210938,126.58999633789062,723200
2019-06-26,122.94087219238281,127.06999969482422,129.5399932861328,126.0999984741211,128.8699951171875,515800
2019-06-27,123.98576354980469,128.14999389648438,128.36000061035156,126.83000183105469,127.66999816894531,431700
2019-06-28,126.15300750732422,130.38999938964844,130.38999938964844,127.4000015258789,128.36000061035156,1064100
2019-07-01,125.8434066772461,130.07000732421875,131.72000122070312,128.6999969482422,131.1699981689453,643700
2019-07-02,125.77564239501953,130.0,130.7100067138672,129.05999755859375,130.3000030517578,497000
2019-07-03,126.83019256591797,131.08999633789062,131.19000244140625,129.25999450683594,129.99000549316406,341400
2019-07-05,127.11082458496094,131.3800048828125,131.60000610351562,129.9499969482422,130.50999450683594,317700
2019-07-08,127.43009948730469,131.7100067138672,131.7899932861328,130.19000244140625,131.22999572753906,477100
2019-07-09,124.70170593261719,128.88999938964844,132.08999633789062,127.75,130.8300018310547,554100
2019-07-10,125.44670104980469,129.66000366210938,130.42999267578125,128.38999938964844,128.9199981689453,326700
2019-07-11,126.97537231445312,131.24000549316406,132.58999633789062,129.50999450683594,131.1199951171875,358300
2019-07-12,128.5814208984375,132.89999389648438,133.19000244140625,130.2899932861328,130.8800048828125,404400
2019-07-15,129.41348266601562,133.75999450683594,134.1199951171875,131.9499969482422,132.89999389648438,447200
2019-07-16,129.6166534423828,133.97000122070312,134.5,133.4199981689453,133.99000549316406,435600
2019-07-17,128.56207275390625,132.8800048828125,134.02999877929688,132.67999267578125,133.72999572753906,348800
2019-07-18,128.85235595703125,133.17999267578125,133.66000366210938,131.47000122070312,132.8800048828125,396900
2019-07-19,128.32020568847656,132.6300048828125,133.2100067138672,131.91000366210938,133.2100067138672,489900
2019-07-22,128.35885620117188,132.6699981689453,133.64999389648438,132.19000244140625,132.64999389648438,401300
2019-07-23,129.3650665283203,133.7100067138672,133.75999450683594,131.19000244140625,132.72999572753906,363000
2019-07-24,132.5482177734375,137.0,137.3000030517578,132.52999877929688,133.83999633789062,1021700
2019-07-25,132.51918029785156,136.97000122070312,137.52999877929688,135.47999572753906,136.75999450683594,932600
2019-07-26,146.95431518554688,151.88999938964844,157.7899932861328,145.60000610351562,145.60000610351562,2955300
2019-07-29,147.68966674804688,152.64999389648438,153.49000549316406,146.19000244140625,149.72000122070312,1349000
2019-07-30,147.90252685546875,152.8699951171875,153.17999267578125,146.85000610351562,150.02000427246094,934500
2019-07-31,145.95782470703125,150.86000061035156,153.24000549316406,149.02999877929688,152.77999877929688,803300
2019-08-01,142.3780517578125,147.16000366210938,151.97999572753906,145.47999572753906,151.10000610351562,876300
2019-08-02,141.6911163330078,146.4499969482422,147.39999389648438,145.5500030517578,146.7100067138672,818200
2019-08-05,138.68214416503906,143.33999633789062,145.9600067138672,142.3300018310547,145.0399932861328,681200
2019-08-06,141.633056640625,146.38999938964844,146.58999633789062,143.0,144.36000061035156,784300
2019-08-07,141.39120483398438,146.13999938964844,147.14999389648438,143.82000732421875,146.0500030517578,749700
2019-08-08,141.70082092285156,146.4600067138672,147.69000244140625,145.36000061035156,146.82000732421875,509200
2019-08-09,142.16519165039062,146.94000244140625,147.67999267578125,145.5399932861328,146.49000549316406,379100
2019-08-12,141.92330932617188,146.69000244140625,147.3800048828125,145.24000549316406,147.00999450683594,436700
2019-08-13,144.1291961669922,148.97000122070312,150.22999572753906,146.22999572753906,147.1300048828125,521000
2019-08-14,141.09124755859375,145.8300018310547,147.52000427246094,144.38999938964844,147.47999572753906,586600
2019-08-15,140.64622497558594,145.3699951171875,146.6300048828125,145.22000122070312,146.00999450683594,419600
2019-08-16,142.56190490722656,147.35000610351562,148.07000732421875,145.30999755859375,145.97000122070312,494900
2019-08-19,143.38424682617188,148.1999969482422,149.1199951171875,147.14999389648438,148.82000732421875,337900
2019-08-20,140.90744018554688,145.63999938964844,147.99000549316406,145.47999572753906,147.52999877929688,657300
2019-08-21,142.35867309570312,147.13999938964844,147.32000732421875,145.25,146.75999450683594,456600
2019-08-22,141.20733642578125,145.9499969482422,147.8800048828125,145.89999389648438,147.1699981689453,422900
2019-08-23,138.81764221191406,143.47999572753906,147.10000610351562,142.74000549316406,145.1999969482422,595600
2019-08-26,139.5432586669922,144.22999572753906,144.80999755859375,142.5,144.47999572753906,469100
2019-08-27,136.10862731933594,140.67999267578125,145.0,140.6300048828125,144.88999938964844,511300
2019-08-28,137.96624755859375,142.60000610351562,142.6199951171875,139.8800048828125,140.02000427246094,571500
2019-08-29,139.552978515625,144.24000549316406,145.5800018310547,142.99000549316406,143.75999450683594,609600
2019-08-30,140.0760955810547,144.5800018310547,145.3000030517578,143.82000732421875,145.2100067138672,592500
2019-09-03,141.36468505859375,145.91000366210938,146.0399932861328,143.32000732421875,143.61000061035156,477000
2019-09-04,141.70375061035156,146.25999450683594,147.85000610351562,145.0399932861328,147.1699981689453,348200
2019-09-05,140.61863708496094,145.13999938964844,148.4199981689453,144.74000549316406,148.0,884600
2019-09-06,143.64149475097656,148.25999450683594,148.60000610351562,144.99000549316406,145.83999633789062,692400
2019-09-09,144.8622283935547,149.52000427246094,150.47999572753906,146.64999389648438,148.32000732421875,758800
2019-09-10,150.52999877929688,155.3699951171875,155.63999938964844,149.2100067138672,149.4600067138672,1320800
2019-09-11,150.278076171875,155.11000061035156,157.05999755859375,153.3699951171875,154.58999633789062,1194000
2019-09-12,148.195068359375,152.9600067138672,156.08999633789062,152.63999938964844,155.5,848900
2019-09-13,147.76873779296875,152.52000427246094,156.92999267578125,151.69000244140625,153.66000366210938,676100
2019-09-16,149.09609985351562,153.88999938964844,154.11000061035156,151.0500030517578,151.63999938964844,640500
2019-09-17,147.1389617919922,151.8699951171875,153.63999938964844,150.35000610351562,153.63999938964844,800000
2019-09-18,147.2552947998047,151.99000549316406,153.3800048828125,150.36000061035156,151.74000549316406,676000
2019-09-19,145.3369598388672,150.00999450683594,153.27000427246094,149.9600067138672,151.82000732421875,768900
2019-09-20,145.44349670410156,150.1199951171875,151.66000366210938,149.22999572753906,150.4600067138672,1117900
2019-09-23,145.29815673828125,149.97000122070312,150.83999633789062,148.67999267578125,149.25,579900
2019-09-24,143.82553100585938,148.4499969482422,150.2899932861328,147.47000122070312,150.27000427246094,864100
2019-09-25,142.7598114013672,147.35000610351562,149.16000366210938,146.89999389648438,148.4499969482422,982400
2019-09-26,141.9944305419922,146.55999755859375,148.3800048828125,145.7899932861328,147.8300018310547,990800
2019-09-27,142.25601196289062,146.8300018310547,148.27000427246094,146.32000732421875,147.27000427246094,519000
2019-09-30,144.11619567871094,148.75,149.50999450683594,146.88999938964844,147.05999755859375,608500
2019-10-01,142.52731323242188,147.11000061035156,151.17999267578125,146.4499969482422,148.4600067138672,491500
2019-10-02,141.67471313476562,146.22999572753906,147.02000427246094,145.1199951171875,146.24000549316406,586600
2019-10-03,140.8415069580078,145.3699951171875,146.63999938964844,144.74000549316406,146.11000061035156,695900
2019-10-04,141.57781982421875,146.1300048828125,146.83999633789062,144.35000610351562,146.10000610351562,563100
2019-10-07,140.55087280273438,145.07000732421875,146.57000732421875,144.6999969482422,145.80999755859375,710200
2019-10-08,138.73910522460938,143.1999969482422,144.6999969482422,142.72000122070312,144.38999938964844,715100
2019-10-09,140.5993194580078,145.1199951171875,145.58999633789062,143.92999267578125,144.17999267578125,364500
2019-10-10,141.28717041015625,145.8300018310547,146.38999938964844,144.44000244140625,144.8300018310547,383300
2019-10-11,141.57781982421875,146.1300048828125,149.02000427246094,146.07000732421875,146.69000244140625,356800
2019-10-14,139.50448608398438,143.99000549316406,145.8699951171875,143.9600067138672,145.5500030517578,339100
2019-10-15,140.72520446777344,145.25,146.32000732421875,144.77000427246094,144.82000732421875,715100
2019-10-16,140.2117462158203,144.72000122070312,147.32000732421875,144.3300018310547,145.4499969482422,559800
2019-10-17,141.74252319335938,146.3000030517578,146.6999969482422,144.91000366210938,145.30999755859375,652000
2019-10-18,141.5390625,146.08999633789062,146.27999877929688,143.50999450683594,145.32000732421875,606900
2019-10-21,140.79306030273438,145.32000732421875,146.97999572753906,145.30999755859375,146.69000244140625,563000
2019-10-22,141.82005310058594,146.3800048828125,147.5,145.22000122070312,145.9199981689453,433600
2019-10-23,140.05670166015625,144.55999755859375,146.9600067138672,144.05999755859375,146.5800018310547,645500
2019-10-24,140.19241333007812,144.6999969482422,145.25999450683594,143.22999572753906,145.17999267578125,928300
2019-10-25,133.6332550048828,137.92999267578125,142.6999969482422,130.7899932861328,137.9499969482422,1407900
2019-10-28,133.77857971191406,138.0800018310547,140.14999389648438,137.60000610351562,137.6999969482422,744600
2019-10-29,134.48587036132812,138.80999755859375,139.97999572753906,138.1699981689453,138.89999389648438,837700
2019-10-30,134.73776245117188,139.07000732421875,139.27000427246094,135.8699951171875,138.27000427246094,769600
2019-10-31,133.17791748046875,137.4600067138672,139.19000244140625,136.4600067138672,139.0500030517578,685400
2019-11-01,134.427734375,138.75,139.89999389648438,138.24000549316406,138.52999877929688,530300
2019-11-04,135.1834259033203,139.52999877929688,140.0,138.50999450683594,139.1300048828125,388600
2019-11-05,135.50314331054688,139.86000061035156,141.3000030517578,139.50999450683594,140.36000061035156,836100
2019-11-06,135.5612335205078,139.9199981689453,140.3300018310547,138.77999877929688,140.1300048828125,562400
2019-11-07,135.31906127929688,139.6699981689453,141.8300018310547,139.25999450683594,140.9600067138672,323900
2019-11-08,136.73358154296875,141.1300048828125,141.55999755859375,139.6999969482422,139.74000549316406,395200
2019-11-11,134.90245056152344,139.24000549316406,141.57000732421875,139.11000061035156,140.3000030517578,348400
2019-11-12,136.19100952148438,140.57000732421875,140.9199981689453,138.5399932861328,139.05999755859375,618200
2019-11-13,137.15016174316406,141.55999755859375,141.9600067138672,139.83999633789062,140.05999755859375,536900
2019-11-14,136.7917022705078,141.19000244140625,142.52000427246094,140.5399932861328,141.7100067138672,446700
2019-11-15,139.77577209472656,144.27000427246094,145.2899932861328,139.97999572753906,140.5500030517578,780900
2019-11-18,137.34393310546875,141.75999450683594,145.22000122070312,141.52999877929688,143.82000732421875,775500
2019-11-19,137.3730010986328,141.7899932861328,142.66000366210938,141.1699981689453,141.92999267578125,475500
2019-11-20,136.12322998046875,140.5,141.92999267578125,140.0800018310547,141.27999877929688,564500
2019-11-21,136.2104034423828,140.58999633789062,142.02999877929688,140.38999938964844,140.7899932861328,687400
2019-11-22,134.98001098632812,139.32000732421875,141.72999572753906,139.10000610351562,140.66000366210938,655000
2019-11-25,136.91766357421875,141.32000732421875,142.22000122070312,139.75,140.3300018310547,653800
2019-11-26,135.40625,139.75999450683594,141.75,138.5800018310547,141.75,836800
2019-11-27,135.9197540283203,140.2899932861328,141.33999633789062,139.9199981689453,140.58999633789062,323000
2019-11-29,135.14471435546875,139.49000549316406,140.02000427246094,138.74000549316406,139.4499969482422,236700
2019-12-02,135.46437072753906,139.82000732421875,140.83999633789062,139.5,140.0399932861328,377600
2019-12-03,135.95849609375,140.3300018310547,140.75,138.0500030517578,138.7899932861328,440400
2019-12-04,136.82199096679688,141.02000427246094,141.5500030517578,139.97000122070312,140.27000427246094,475200
2019-12-05,137.6175537109375,141.83999633789062,142.24000549316406,140.57000732421875,141.0800018310547,712600
2019-12-06,140.40219116210938,144.7100067138672,144.80999755859375,142.5800018310547,142.8300018310547,559100
2019-12-09,139.4416046142578,143.72000122070312,144.77000427246094,143.49000549316406,144.5399932861328,468200
2019-12-10,140.27603149414062,144.5800018310547,144.82000732421875,143.07000732421875,143.8300018310547,696900
2019-12-11,140.39248657226562,144.6999969482422,144.91000366210938,143.3300018310547,144.63999938964844,358300
2019-12-12,141.91571044921875,146.27000427246094,146.6699981689453,143.42999267578125,144.9199981689453,523900
2019-12-13,140.04318237304688,144.33999633789062,146.72999572753906,143.85000610351562,146.07000732421875,353600
2019-12-16,137.45265197753906,141.6699981689453,144.94000244140625,141.1999969482422,144.75,1146400
2019-12-17,137.30714416503906,141.52000427246094,142.38999938964844,139.61000061035156,140.39999389648438,1077700
2019-12-18,137.43325805664062,141.64999389648438,143.4600067138672,141.5500030517578,141.74000549316406,628500
2019-12-19,139.74240112304688,144.02999877929688,144.33999633789062,141.8699951171875,142.39999389648438,741600
2019-12-20,140.01405334472656,144.30999755859375,146.30999755859375,144.3000030517578,144.6699981689453,1082500
2019-12-23,139.50953674316406,143.7899932861328,144.99000549316406,142.14999389648438,144.99000549316406,340700
2019-12-24,139.05352783203125,143.32000732421875,143.50999450683594,142.6300048828125,143.41000366210938,139400
2019-12-26,138.58782958984375,142.83999633789062,143.97000122070312,142.50999450683594,143.44000244140625,176700
2019-12-27,139.0826873779297,143.35000610351562,143.5,142.42999267578125,142.83999633789062,180000
2019-12-30,138.40350341796875,142.64999389648438,143.97999572753906,142.05999755859375,143.88999938964844,213600
2019-12-31,139.1893768310547,143.4600067138672,143.5,142.5,142.5,243400
2020-01-02,138.07362365722656,142.30999755859375,144.25999450683594,141.00999450683594,144.25999450683594,403400
2020-01-03,137.7436981201172,141.97000122070312,142.1699981689453,140.10000610351562,140.75999450683594,262700
2020-01-06,137.63697814941406,141.86000061035156,142.4199981689453,140.72000122070312,141.11000061035156,434300
2020-01-07,138.19000244140625,142.42999267578125,142.9499969482422,140.6999969482422,141.22999572753906,645700
2020-01-08,140.76116943359375,145.0800018310547,145.4199981689453,142.27000427246094,142.66000366210938,828000
2020-01-09,140.03346252441406,144.3300018310547,146.00999450683594,143.91000366210938,145.32000732421875,417500
2020-01-10,141.70230102539062,146.0500030517578,146.39999389648438,144.75,144.75999450683594,546000
2020-01-13,140.56712341308594,144.8800048828125,147.14999389648438,144.3699951171875,146.41000366210938,449000
2020-01-14,141.12982177734375,145.4600067138672,145.49000549316406,143.72999572753906,144.22999572753906,463600
2020-01-15,140.00439453125,144.3000030517578,145.9600067138672,143.9600067138672,145.1199951171875,447900
2020-01-16,139.65505981445312,143.94000244140625,145.1999969482422,143.74000549316406,144.9600067138672,417400
2020-01-17,140.712646484375,145.02999877929688,145.9499969482422,144.19000244140625,144.4600067138672,798600
2020-01-21,140.67385864257812,144.99000549316406,145.27999877929688,143.92999267578125,145.27999877929688,830900
2020-01-22,141.24627685546875,145.5800018310547,146.17999267578125,143.88999938964844,145.50999450683594,640200
2020-01-23,143.38079833984375,147.77999877929688,147.8800048828125,144.6999969482422,145.42999267578125,404100
2020-01-24,142.87625122070312,147.25999450683594,147.97999572753906,145.72999572753906,147.91000366210938,656500
2020-01-27,140.6641082763672,144.97999572753906,146.64999389648438,144.36000061035156,145.57000732421875,434100
2020-01-28,140.89695739746094,145.22000122070312,148.27000427246094,145.02999877929688,146.39999389648438,517500
2020-01-29,139.61627197265625,143.89999389648438,146.11000061035156,143.8699951171875,145.91000366210938,291200
2020-01-30,136.7346954345703,140.92999267578125,143.6699981689453,140.22000122070312,143.2899932861328,565000
2020-01-31,133.0283966064453,137.11000061035156,140.27000427246094,136.72999572753906,140.25999450683594,695600
2020-02-03,133.17393493652344,137.25999450683594,139.75999450683594,137.02999877929688,137.97999572753906,568600
2020-02-04,134.36737060546875,138.49000549316406,140.75999450683594,137.97999572753906,138.63999938964844,564200
2020-02-05,137.7728271484375,142.0,143.25,139.24000549316406,139.52000427246094,574700
2020-02-06,136.88021850585938,141.0800018310547,143.67999267578125,140.9600067138672,142.64999389648438,583800
2020-02-07,134.01800537109375,138.1300048828125,141.50999450683594,137.94000244140625,141.0,579900
2020-02-10,135.45394897460938,139.61000061035156,139.67999267578125,137.55999755859375,137.97000122070312,472000
2020-02-11,137.4623260498047,141.67999267578125,141.77000427246094,139.8800048828125,140.00999450683594,278300
2020-02-12,136.13314819335938,140.30999755859375,143.02999877929688,140.25,142.27000427246094,358500
2020-02-13,137.2877197265625,141.5,141.92999267578125,139.80999755859375,139.80999755859375,452200
2020-02-14,135.76441955566406,139.92999267578125,141.69000244140625,139.57000732421875,141.69000244140625,507200
2020-02-18,134.94947814941406,139.08999633789062,140.6699981689453,137.7899932861328,139.97000122070312,468100
2020-02-19,134.89122009277344,139.02999877929688,139.75999450683594,138.3000030517578,139.5500030517578,454600
2020-02-20,135.8614501953125,140.02999877929688,140.27000427246094,137.72000122070312,139.1300048828125,559000
2020-02-21,138.4713897705078,142.72000122070312,143.0,139.69000244140625,139.69000244140625,467800
2020-02-24,137.0257568359375,141.22999572753906,142.2100067138672,139.33999633789062,140.22999572753906,927800
2020-02-25,131.44691467285156,135.47999572753906,142.6699981689453,135.35000610351562,141.7899932861328,852700
2020-02-26,131.18496704101562,135.2100067138672,137.89999389648438,134.5399932861328,136.24000549316406,1034500
2020-02-27,124.42244720458984,128.24000549316406,134.1300048828125,126.27999877929688,134.1300048828125,1681700
2020-02-28,120.24393463134766,123.73999786376953,126.12000274658203,121.38999938964844,124.80000305175781,1386900
2020-03-02,128.0955810546875,131.82000732421875,132.52999877929688,123.31999969482422,124.4000015258789,1050200
2020-03-03,121.79872131347656,125.33999633789062,134.6699981689453,124.72000122070312,131.24000549316406,1092700
2020-03-04,127.98876190185547,131.7100067138672,132.57000732421875,128.67999267578125,129.60000610351562,1091800
2020-03-05,123.9657211303711,127.56999969482422,129.0500030517578,124.6500015258789,127.63999938964844,889500
2020-03-06,122.41093444824219,125.97000122070312,126.5999984741211,121.9800033569336,123.3499984741211,966700
2020-03-09,111.35244750976562,114.58999633789062,120.97000122070312,113.08999633789062,120.97000122070312,1044800
2020-03-10,116.1820297241211,119.55999755859375,119.9800033569336,113.86000061035156,117.62999725341797,889400
2020-03-11,107.0281753540039,110.13999938964844,116.54000091552734,107.80000305175781,116.47000122070312,822900
2020-03-12,96.9803237915039,99.80000305175781,104.55000305175781,98.0199966430664,102.3499984741211,1587700
2020-03-13,102.1208724975586,105.08999633789062,105.97000122070312,97.58000183105469,105.23999786376953,1024800
2020-03-16,79.3917007446289,81.69999694824219,97.04000091552734,81.68000030517578,95.63999938964844,1059900
2020-03-17,78.47826385498047,80.76000213623047,84.87000274658203,77.4800033569336,83.44999694824219,1568000
2020-03-18,65.77753448486328,67.69000244140625,75.27999877929688,66.01000213623047,75.26000213623047,1687000
2020-03-19,82.4429931640625,84.83999633789062,85.66000366210938,65.19999694824219,66.66999816894531,2253800
2020-03-20,73.28911590576172,75.41999816894531,90.45999908447266,73.55000305175781,86.75,1866000
2020-03-23,69.81025695800781,71.83999633789062,81.22000122070312,71.02999877929688,75.16999816894531,1727400
2020-03-24,75.95172882080078,78.16000366210938,78.93000030517578,73.12999725341797,76.86000061035156,1833000
2020-03-25,85.4651107788086,87.94999694824219,93.51000213623047,76.30999755859375,78.98999786376953,2065900
2020-03-26,89.24522399902344,91.83999633789062,97.97000122070312,87.05000305175781,89.94999694824219,1770900
2020-03-27,86.47572326660156,88.98999786376953,92.12999725341797,86.22000122070312,88.94999694824219,1375700
2020-03-30,97.30099487304688,100.12999725341797,100.41000366210938,88.68000030517578,89.19999694824219,1399300
2020-03-31,96.28067779541016,99.08000183105469,102.63999938964844,96.29000091552734,100.7300033569336,1479400
2020-04-01,85.43595886230469,87.91999816894531,95.77999877929688,86.41999816894531,93.91000366210938,1036700
2020-04-02,86.20365142822266,88.70999908447266,94.6500015258789,84.86000061035156,85.43000030517578,965400
2020-04-03,82.96774291992188,85.37999725341797,89.75,83.27999877929688,88.30000305175781,571900
2020-04-06,93.77354431152344,96.5,97.38999938964844,89.27999877929688,89.86000061035156,925400
2020-04-07,95.61014556884766,98.38999938964844,104.05999755859375,97.72000122070312,101.88999938964844,779400
2020-04-08,103.96714782714844,106.98999786376953,110.05999755859375,99.66999816894531,99.66999816894531,883000
2020-04-09,101.55726623535156,104.51000213623047,110.58000183105469,103.47000122070312,108.0,775700
2020-04-13,97.87434387207031,100.72000122070312,104.12000274658203,98.41000366210938,103.37999725341797,669100
2020-04-14,104.51136779785156,107.55000305175781,107.72000122070312,102.5,103.0,549100
2020-04-15,100.17737579345703,103.08999633789062,104.69000244140625,101.4800033569336,102.31999969482422,601100
2020-04-16,98.79747772216797,101.66999816894531,103.88999938964844,98.98999786376953,103.11000061035156,453900
2020-04-17,104.74458312988281,107.79000091552734,108.47000122070312,104.56999969482422,105.4000015258789,559600
2020-04-20,99.78866577148438,102.69000244140625,106.16999816894531,102.26000213623047,105.05000305175781,665300
2020-04-21,95.01737976074219,97.77999877929688,103.30999755859375,97.55999755859375,99.30000305175781,692300
2020-04-22,95.32835388183594,98.0999984741211,102.05000305175781,97.98999786376953,100.31999969482422,639800
2020-04-23,98.34077453613281,101.19999694824219,103.2699966430664,98.0,99.01000213623047,497100
2020-04-24,98.77806091308594,101.6500015258789,103.0,99.44000244140625,102.02999877929688,480000
2020-04-27,102.11116790771484,105.08000183105469,106.43000030517578,102.7300033569336,103.1500015258789,706000
2020-04-28,102.3929443359375,105.37000274658203,108.43000030517578,101.62999725341797,103.37999725341797,1266900
2020-04-29,107.40716552734375,110.52999877929688,113.5199966430664,105.9800033569336,106.38999938964844,706300
2020-04-30,102.70389556884766,105.69000244140625,108.9000015258789,105.58000183105469,107.7699966430664,836600
2020-05-01,96.34868621826172,99.1500015258789,103.66000366210938,97.5999984741211,102.9800033569336,750600
2020-05-04,95.6490249633789,98.43000030517578,99.13999938964844,95.63999938964844,97.70999908447266,749900
2020-05-05,99.02099609375,101.9000015258789,104.4800033569336,100.30000305175781,100.30000305175781,610900
2020-05-06,92.89897155761719,95.5999984741211,102.55000305175781,95.27999877929688,102.18000030517578,689200
2020-05-07,93.80270385742188,96.52999877929688,100.0,96.30999755859375,97.08999633789062,537700
2020-05-08,99.17646026611328,102.05999755859375,102.33999633789062,97.87999725341797,98.66000366210938,538200
2020-05-11,95.68791198730469,98.47000122070312,100.79000091552734,97.7300033569336,100.79000091552734,422900
2020-05-12,90.87774658203125,93.5199966430664,100.2300033569336,93.5199966430664,99.18000030517578,569200
2020-05-13,89.20635986328125,91.80000305175781,94.06999969482422,90.08999633789062,93.08999633789062,544800
2020-05-14,88.8953857421875,91.4800033569336,91.66999816894531,86.6500015258789,90.37000274658203,629800
2020-05-15,90.01290130615234,92.62999725341797,93.58999633789062,90.51000213623047,91.13999938964844,443200
2020-05-18,97.30099487304688,100.12999725341797,101.22000122070312,96.22000122070312,96.22000122070312,903700
2020-05-19,97.67024993896484,100.51000213623047,102.38999938964844,97.37999725341797,99.4000015258789,590700
2020-05-20,100.36200714111328,103.27999877929688,103.94000244140625,100.27999877929688,101.51000213623047,723700
2020-05-21,102.58728790283203,105.56999969482422,106.1500015258789,101.93000030517578,102.80000305175781,714800
2020-05-22,101.22685241699219,104.16999816894531,106.0999984741211,101.19999694824219,105.9000015258789,571600
2020-05-26,103.37440490722656,106.37999725341797,109.72000122070312,105.87000274658203,107.7300033569336,770400
2020-05-27,107.31000518798828,110.43000030517578,111.11000061035156,106.98999786376953,108.41999816894531,573900
2020-05-28,104.21983337402344,107.25,111.87999725341797,106.37000274658203,111.87999725341797,470600
2020-05-29,102.4706802368164,105.44999694824219,106.94999694824219,103.19000244140625,106.58999633789062,903600
2020-06-01,101.63497161865234,104.58999633789062,107.66000366210938,103.1500015258789,105.0,692900
2020-06-02,101.09080505371094,104.02999877929688,105.44999694824219,103.12000274658203,104.69000244140625,422900
2020-06-03,101.47952270507812,104.43000030517578,107.9000015258789,104.31999969482422,105.2699966430664,475000
2020-06-04,100.00244903564453,102.91000366210938,105.08999633789062,101.61000061035156,102.83000183105469,676000
2020-06-05,106.07586669921875,109.16000366210938,112.97000122070312,105.4800033569336,105.4800033569336,924300
2020-06-08,108.06794738769531,111.20999908447266,114.54000091552734,110.01000213623047,110.52999877929688,791100
2020-06-09,106.1341781616211,109.22000122070312,113.80999755859375,107.18000030517578,113.16999816894531,920000
2020-06-10,99.55542755126953,102.44999694824219,108.8499984741211,102.4000015258789,108.7300033569336,649800
2020-06-11,92.21876525878906,94.9000015258789,99.81999969482422,92.22000122070312,98.33999633789062,1330200
2020-06-12,92.87955474853516,95.58000183105469,99.44000244140625,92.83999633789062,98.80000305175781,886700
2020-06-15,97.68968200683594,100.52999877929688,100.75,91.22000122070312,92.51000213623047,1102600
2020-06-16,99.11814880371094,102.0,105.16999816894531,98.93000030517578,103.88999938964844,861100
2020-06-17,94.12338256835938,96.86000061035156,102.37000274658203,96.44000244140625,102.37000274658203,855900
2020-06-18,95.00767517089844,97.7699966430664,98.48999786376953,93.44000244140625,96.01000213623047,688600
2020-06-19,93.96791076660156,96.69999694824219,101.87000274658203,95.83999633789062,99.79000091552734,1468900
2020-06-22,93.39457702636719,96.11000061035156,96.62999725341797,93.69999694824219,96.31999969482422,979800
2020-06-23,92.84068298339844,95.54000091552734,97.54000091552734,94.38999938964844,97.30999755859375,936100
2020-06-24,86.77696990966797,89.30000305175781,93.69999694824219,89.05999755859375,93.66999816894531,1294000
2020-06-25,87.88478088378906,90.44000244140625,92.06999969482422,87.86000061035156,88.73999786376953,1021100
2020-06-26,86.81584930419922,89.33999633789062,92.91999816894531,88.47000122070312,90.41000366210938,1187300
2020-06-29,89.66305541992188,92.2699966430664,93.33000183105469,89.02999877929688,90.56999969482422,512300
2020-06-30,90.26554107666016,92.88999938964844,93.41999816894531,89.2300033569336,91.56999969482422,635800
2020-07-01,90.54736328125,93.18000030517578,96.0,92.26000213623047,93.30999755859375,669200
2020-07-02,90.96521759033203,93.61000061035156,98.38999938964844,93.33999633789062,95.02999877929688,1077700
2020-07-06,92.14100646972656,94.81999969482422,96.87000274658203,93.0,95.45999908447266,967800
2020-07-07,88.5941390991211,91.16999816894531,94.0,90.73999786376953,93.4800033569336,476300
2020-07-08,88.13740539550781,90.69999694824219,91.87999725341797,88.98999786376953,91.73999786376953,480500
2020-07-09,86.1064682006836,88.61000061035156,90.33999633789062,86.66999816894531,89.75,563400
2020-07-10,87.2239990234375,89.76000213623047,89.91999816894531,87.0,88.18000030517578,457300
2020-07-13,87.53494262695312,90.08000183105469,92.0,89.08999633789062,89.9000015258789,614100
2020-07-14,90.0615005493164,92.68000030517578,92.94000244140625,88.80999755859375,89.69000244140625,624200
2020-07-15,95.18258666992188,97.94999694824219,98.5999984741211,94.8499984741211,94.9000015258789,564400
2020-07-16,95.619873046875,98.4000015258789,99.44999694824219,95.54000091552734,97.38999938964844,503200
2020-07-17,94.84248352050781,97.5999984741211,99.19999694824219,96.62000274658203,99.02999877929688,612500
2020-07-20,93.31683349609375,96.02999877929688,97.63999938964844,95.02999877929688,97.5999984741211,595900
2020-07-21,97.36900329589844,100.19999694824219,101.47000122070312,96.69000244140625,96.69000244140625,1180300
2020-07-22,103.0148696899414,106.01000213623047,106.95999908447266,101.55000305175781,102.12000274658203,1096500
2020-07-23,104.46277618408203,107.5,107.91000366210938,105.75,105.76000213623047,862100
2020-07-24,105.02637481689453,108.08000183105469,108.77999877929688,106.69000244140625,108.20999908447266,657000
2020-07-27,106.2799301147461,109.37000274658203,110.2699966430664,105.77999877929688,107.0999984741211,980700
2020-07-28,105.9884262084961,109.06999969482422,114.41000366210938,108.08999633789062,112.0,1014500
2020-07-29,109.92398834228516,113.12000274658203,114.83000183105469,110.16000366210938,110.16000366210938,743200
2020-07-30,108.90367126464844,112.06999969482422,113.05999755859375,108.55999755859375,111.51000213623047,588300
2020-07-31,106.79496765136719,109.9000015258789,111.56999969482422,108.37999725341797,111.2699966430664,652700
2020-08-03,104.70570373535156,107.75,110.86000061035156,107.11000061035156,110.30000305175781,945500
2020-08-04,103.69508361816406,106.70999908447266,109.05999755859375,106.44999694824219,106.98999786376953,684500
2020-08-05,105.08467864990234,108.13999938964844,109.80000305175781,107.2300033569336,107.93000030517578,650400
2020-08-06,104.77372741699219,107.81999969482422,109.16000366210938,106.77999877929688,108.27999877929688,535600
2020-08-07,106.34796142578125,109.44000244140625,110.11000061035156,107.20999908447266,107.20999908447266,770100
2020-08-10,109.43810272216797,112.62000274658203,114.0999984741211,109.5,109.62000274658203,642600
2020-08-11,109.76850891113281,112.95999908447266,115.44000244140625,112.68000030517578,114.0999984741211,559000
2020-08-12,110.25439453125,113.45999908447266,114.19999694824219,112.33999633789062,113.83999633789062,449400
2020-08-13,108.76759338378906,111.93000030517578,113.0,110.87999725341797,112.5,414400
2020-08-14,110.93460845947266,114.16000366210938,114.44999694824219,111.36000061035156,111.48999786376953,426300
2020-08-17,111.15808868408203,114.38999938964844,115.27999877929688,113.45999908447266,114.5999984741211,449600
2020-08-18,108.94254302978516,112.11000061035156,114.75,111.37999725341797,114.70999908447266,515900
2020-08-19,108.71902465820312,111.87999725341797,113.75,111.69999694824219,112.3499984741211,463200
2020-08-20,107.10594177246094,110.22000122070312,112.38999938964844,109.16000366210938,110.75,332100
2020-08-21,105.62884521484375,108.69999694824219,111.33000183105469,108.16999816894531,110.05000305175781,778400
2020-08-24,107.9416275024414,111.08000183105469,112.68000030517578,108.20999908447266,109.80000305175781,457700
2020-08-25,106.60060119628906,109.69999694824219,111.5999984741211,108.13999938964844,111.5999984741211,406800
2020-08-26,105.24017333984375,108.30000305175781,109.58999633789062,106.7300033569336,109.4800033569336,541000
2020-08-27,108.77733612060547,111.94000244140625,113.37000274658203,108.80000305175781,109.38999938964844,359700
2020-08-28,109.43810272216797,112.62000274658203,112.69000244140625,110.95999908447266,112.08999633789062,202200
2020-08-31,107.23223876953125,110.3499984741211,112.68000030517578,110.20999908447266,111.97000122070312,562100
2020-09-01,107.446044921875,110.56999969482422,110.69999694824219,108.56999969482422,109.44999694824219,458400
2020-09-02,109.16603088378906,112.33999633789062,112.87999725341797,108.9000015258789,110.44999694824219,505700
2020-09-03,108.93281555175781,112.0999984741211,114.5999984741211,111.05999755859375,113.5,576100
2020-09-04,110.36127471923828,113.56999969482422,114.8499984741211,111.4800033569336,113.3499984741211,619000
2020-09-08,106.23135375976562,109.31999969482422,113.75,109.05999755859375,113.75,656900
2020-09-09,108.0776596069336,111.22000122070312,112.58000183105469,109.7699966430664,110.16999816894531,552900
2020-09-10,109.6907730102539,112.87999725341797,114.16999816894531,111.69000244140625,112.08000183105469,672300
2020-09-11,110.00172424316406,113.19999694824219,114.0,112.26000213623047,112.91000366210938,956200
2020-09-14,113.57776641845703,116.87999725341797,117.30000305175781,113.73999786376953,114.0,547500
2020-09-15,114.37458038330078,117.69999694824219,118.91999816894531,116.9000015258789,117.44999694824219,842000
2020-09-16,118.0575180053711,121.48999786376953,122.98999786376953,118.19999694824219,118.58000183105469,941800
2020-09-17,118.58223724365234,122.02999877929688,122.41000366210938,117.38999938964844,119.93000030517578,698400
2020-09-18,114.59807586669922,117.93000030517578,121.94999694824219,117.80000305175781,121.30999755859375,1270500
2020-09-21,104.79316711425781,107.83999633789062,108.70999908447266,101.05000305175781,107.11000061035156,1924800
2020-09-22,103.42300415039062,106.43000030517578,107.69999694824219,103.98999786376953,107.58000183105469,834400
2020-09-23,98.71001434326172,101.58000183105469,107.48999786376953,101.19000244140625,106.58000183105469,831200
2020-09-24,99.7303695678711,102.62999725341797,103.91000366210938,99.47000122070312,101.12999725341797,720500
2020-09-25,102.41239166259766,105.38999938964844,105.87999725341797,101.47000122070312,101.47000122070312,478800
2020-09-28,101.46009826660156,104.41000366210938,108.94999694824219,103.80999755859375,106.72000122070312,1135500
2020-09-29,99.63319396972656,102.52999877929688,104.0,99.95999908447266,103.20999908447266,737600
2020-09-30,103.99629974365234,107.0199966430664,108.61000061035156,103.33000183105469,103.47000122070312,747800
2020-10-01,103.19950103759766,106.19999694824219,108.0999984741211,104.56999969482422,107.12000274658203,647300
2020-10-02,106.066162109375,109.1500015258789,109.97000122070312,103.36000061035156,104.08999633789062,482600
2020-10-05,108.38861846923828,111.54000091552734,111.87999725341797,109.18000030517578,110.04000091552734,551600
2020-10-06,107.51405334472656,110.63999938964844,113.77999877929688,110.23999786376953,112.63999938964844,579300
2020-10-07,106.4062728881836,109.5,113.81999969482422,108.63999938964844,111.37000274658203,717100
2020-10-08,109.70047760009766,112.88999938964844,113.22000122070312,110.12000274658203,110.43000030517578,363300
2020-10-09,108.57324981689453,111.7300033569336,120.01000213623047,111.51000213623047,120.0,562800
2020-10-12,106.71721649169922,109.81999969482422,111.77999877929688,108.4800033569336,111.23999786376953,374300
2020-10-13,106.33824157714844,109.43000030517578,111.08000183105469,107.62999725341797,108.94000244140625,502300
2020-10-14,107.91246032714844,111.05000305175781,112.86000061035156,109.19999694824219,109.19999694824219,409500
2020-10-15,109.52555847167969,112.70999908447266,112.83000183105469,108.76000213623047,109.29000091552734,482500
2020-10-16,109.70047760009766,112.88999938964844,114.6500015258789,111.73999786376953,112.80999755859375,445400
2020-10-19,107.23223876953125,110.3499984741211,113.25,110.06999969482422,112.43000030517578,403700
2020-10-20,109.5352783203125,112.72000122070312,114.22000122070312,110.48999786376953,111.12000274658203,323500
2020-10-21,108.71902465820312,111.87999725341797,113.1500015258789,110.01000213623047,112.13999938964844,353800
2020-10-22,108.96194458007812,112.12999725341797,114.05000305175781,110.87000274658203,112.45999908447266,471700
2020-10-23,112.3144760131836,115.58000183105469,115.8499984741211,112.51000213623047,112.79000091552734,419900
2020-10-26,111.54681396484375,114.79000091552734,115.76000213623047,112.16000366210938,113.30999755859375,871600
2020-10-27,108.24285888671875,111.38999938964844,115.25,111.12999725341797,114.16999816894531,458000
2020-10-28,103.36468505859375,106.37000274658203,110.23999786376953,105.77999877929688,109.12999725341797,767200
2020-10-29,102.4706802368164,105.44999694824219,106.9800033569336,103.3499984741211,105.79000091552734,688600
2020-10-30,106.4548568725586,109.55000305175781,112.6500015258789,106.01000213623047,109.48999786376953,1215700
2020-11-02,110.66252899169922,113.87999725341797,114.1500015258789,110.22000122070312,111.51000213623047,968700
2020-11-03,114.87017059326172,118.20999908447266,118.87999725341797,113.80999755859375,115.13999938964844,949300
2020-11-04,109.10770416259766,112.27999877929688,119.33999633789062,111.12999725341797,119.33999633789062,1525400
2020-11-05,114.49119567871094,117.81999969482422,119.69000244140625,113.04000091552734,113.45999908447266,623900
2020-11-06,113.3250961303711,116.62000274658203,118.44000244140625,116.5,117.47000122070312,405700
2020-11-09,123.18831634521484,126.7699966430664,134.52000427246094,125.3499984741211,126.41999816894531,991400
2020-11-10,128.76611328125,132.50999450683594,133.99000549316406,127.76000213623047,127.83000183105469,699200
2020-11-11,125.94810485839844,129.61000061035156,132.57000732421875,127.27999877929688,132.39999389648438,624200
2020-11-12,123.54788970947266,127.13999938964844,131.58999633789062,125.41999816894531,128.52000427246094,624000
2020-11-13,129.43666076660156,133.1999969482422,134.13999938964844,127.19999694824219,128.3000030517578,432500
2020-11-16,129.1548614501953,132.91000366210938,136.61000061035156,131.5800018310547,136.4499969482422,475900
2020-11-17,129.50469970703125,133.27000427246094,134.07000732421875,129.6999969482422,131.5500030517578,497100
2020-11-18,128.8633575439453,132.61000061035156,134.77999877929688,131.02999877929688,133.07000732421875,519600
2020-11-19,130.1654815673828,133.9499969482422,134.17999267578125,129.17999267578125,131.69000244140625,512600
2020-11-20,127.26966094970703,130.97000122070312,134.38999938964844,130.14999389648438,134.17999267578125,437600
2020-11-23,127.52234649658203,131.22999572753906,133.5399932861328,130.24000549316406,132.10000610351562,445000
2020-11-24,130.1654815673828,133.9499969482422,134.77000427246094,131.67999267578125,132.5500030517578,523200
2020-11-25,129.48519897460938,133.25,134.2899932861328,131.30999755859375,133.42999267578125,413300
2020-11-27,128.3774871826172,132.11000061035156,134.2899932861328,131.33999633789062,133.75999450683594,309000
2020-11-30,126.8906478881836,130.5800018310547,131.99000549316406,129.07000732421875,131.99000549316406,1632400
2020-12-01,127.14331817626953,130.83999633789062,134.3300018310547,130.19000244140625,133.0500030517578,615900
2020-12-02,128.28024291992188,132.00999450683594,132.6999969482422,130.0399932861328,130.47999572753906,295700
2020-12-03,128.65928649902344,132.39999389648438,132.8800048828125,130.1199951171875,131.64999389648438,758700
2020-12-04,131.36068725585938,135.17999267578125,135.72999572753906,132.86000061035156,132.86000061035156,339300
2020-12-07,127.31826782226562,131.02000427246094,134.83999633789062,130.25999450683594,133.9199981689453,684300
2020-12-08,128.921630859375,132.6699981689453,133.58999633789062,130.2899932861328,130.2899932861328,597200
2020-12-09,130.12660217285156,133.91000366210938,134.2100067138672,132.25999450683594,133.5800018310547,329000
2020-12-10,131.5453338623047,135.3699951171875,135.97000122070312,132.14999389648438,132.60000610351562,553500
2020-12-11,128.6106719970703,132.35000610351562,135.16000366210938,131.1300048828125,134.33999633789062,615000
2020-12-14,130.7582244873047,134.55999755859375,137.0,131.77999877929688,133.99000549316406,791100
2020-12-15,131.83689880371094,135.6699981689453,137.4499969482422,133.33999633789062,136.0,677600
2020-12-16,133.74151611328125,137.6300048828125,138.72999572753906,134.85000610351562,135.1300048828125,650400
2020-12-17,135.78216552734375,139.72999572753906,140.24000549316406,137.72000122070312,138.4199981689453,601000
2020-12-18,133.41110229492188,137.2899932861328,140.19000244140625,136.47000122070312,139.5500030517578,987400
2020-12-21,131.972900390625,135.80999755859375,136.39999389648438,132.8800048828125,135.14999389648438,475700
2020-12-22,131.9632110595703,135.8000030517578,137.24000549316406,134.69000244140625,136.38999938964844,298100
2020-12-23,133.1876220703125,137.05999755859375,138.1699981689453,136.63999938964844,137.0,257800
2020-12-24,133.06124877929688,136.92999267578125,137.60000610351562,135.3300018310547,137.55999755859375,98600
2020-12-28,132.67259216308594,136.52999877929688,138.49000549316406,136.0800018310547,137.86000061035156,279700
2020-12-29,132.3324737548828,136.17999267578125,137.3000030517578,135.22999572753906,136.83999633789062,288300
2020-12-30,132.28390502929688,136.1300048828125,137.5,135.16000366210938,136.27000427246094,287500
2020-12-31,133.61520385742188,137.5,137.9199981689453,135.17999267578125,136.5500030517578,225000
2021-01-04,131.45790100097656,135.27999877929688,138.47000122070312,133.1199951171875,137.8000030517578,487300
2021-01-05,132.25473022460938,136.10000610351562,138.08999633789062,131.85000610351562,133.10000610351562,514800
2021-01-06,137.7062225341797,141.7100067138672,143.2100067138672,138.1300048828125,138.1300048828125,634800
2021-01-07,138.43504333496094,142.4600067138672,143.83999633789062,140.97000122070312,142.5399932861328,527200
2021-01-08,137.1522979736328,141.13999938964844,143.5399932861328,140.16000366210938,142.77000427246094,510700
2021-01-11,131.30238342285156,135.1199951171875,140.57000732421875,131.6999969482422,138.0,1260600
2021-01-12,133.6832275390625,137.57000732421875,138.00999450683594,134.0,135.14999389648438,838500
2021-01-13,131.8466339111328,135.67999267578125,137.99000549316406,133.94000244140625,137.10000610351562,587700
2021-01-14,129.81561279296875,133.58999633789062,136.77999877929688,133.13999938964844,136.11000061035156,454000
2021-01-15,128.73695373535156,132.47999572753906,133.82000732421875,131.8300018310547,132.75,521100
2021-01-19,126.71578216552734,130.39999389648438,133.8699951171875,129.82000732421875,133.30999755859375,513800
2021-01-20,127.97904968261719,131.6999969482422,132.64999389648438,129.75,130.41000366210938,381300
2021-01-21,127.04618072509766,130.74000549316406,132.77999877929688,130.27000427246094,132.25999450683594,333600
2021-01-22,125.45247650146484,129.10000610351562,131.02000427246094,128.52999877929688,130.0399932861328,502100
2021-01-25,123.95600128173828,127.55999755859375,128.6699981689453,125.7699966430664,128.6199951171875,603700
2021-01-26,124.14063262939453,127.75,129.10000610351562,126.83999633789062,128.6999969482422,605400
2021-01-27,122.13884735107422,125.69000244140625,126.62999725341797,123.81999969482422,125.0,1241400
2021-01-28,124.22810363769531,127.83999633789062,129.58999633789062,126.25,127.16000366210938,927400
2021-01-29,121.1573715209961,124.68000030517578,127.9800033569336,123.8499984741211,127.4000015258789,638000
2021-02-01,124.0726089477539,127.68000030517578,128.30999755859375,123.54000091552734,125.7300033569336,658000
2021-02-02,124.40303039550781,128.02000427246094,130.69000244140625,127.22000122070312,128.88999938964844,660400
2021-02-03,125.91895294189453,129.5800018310547,129.9600067138672,126.80000305175781,127.30000305175781,840900
2021-02-04,127.97904968261719,131.6999969482422,132.00999450683594,129.2100067138672,129.9499969482422,474600
2021-02-05,126.99756622314453,130.69000244140625,132.66000366210938,129.33999633789062,132.66000366210938,615900
2021-02-08,127.73611450195312,131.4499969482422,132.05999755859375,130.5,130.8699951171875,389000
2021-02-09,126.8226547241211,130.50999450683594,132.39999389648438,129.02000427246094,132.24000549316406,527700
2021-02-10,126.81295013427734,130.5,131.6199951171875,129.80999755859375,130.66000366210938,287200
2021-02-11,126.36593627929688,130.0399932861328,131.9499969482422,129.88999938964844,130.8800048828125,509800
2021-02-12,125.62740325927734,129.27999877929688,130.49000549316406,128.42999267578125,129.5399932861328,268900
2021-02-16,124.587646484375,128.2100067138672,129.74000549316406,127.5999984741211,129.61000061035156,380200
2021-02-17,125.37476348876953,129.02000427246094,129.2899932861328,127.38999938964844,127.62000274658203,249200
2021-02-18,123.82967376708984,127.43000030517578,128.75999450683594,126.2699966430664,128.25999450683594,420500
2021-02-19,126.00642395019531,129.6699981689453,129.9600067138672,126.75,127.55000305175781,459300
2021-02-22,128.05674743652344,131.77999877929688,132.61000061035156,127.55000305175781,128.36000061035156,778000
2021-02-23,130.0099639892578,133.7899932861328,136.41000366210938,131.3699951171875,133.0,739800
2021-02-24,134.04273986816406,137.94000244140625,138.83999633789062,133.89999389648438,133.89999389648438,777400
2021-02-25,131.10806274414062,134.9199981689453,138.5,134.00999450683594,138.00999450683594,814100
2021-02-26,121.78901672363281,125.33000183105469,133.97000122070312,125.30999755859375,133.13999938964844,1061600
2021-03-01,124.2863998413086,127.9000015258789,130.9199981689453,125.94000244140625,125.94000244140625,1069200
2021-03-02,125.6954345703125,129.35000610351562,130.50999450683594,127.01000213623047,127.38999938964844,560500
2021-03-03,123.19804382324219,126.77999877929688,129.14999389648438,125.83000183105469,128.2100067138672,623600
2021-03-04,123.5284652709961,127.12000274658203,129.86000061035156,125.0,126.5999984741211,1160500
2021-03-05,127.62921905517578,131.33999633789062,132.19000244140625,126.87000274658203,128.36000061035156,619400
2021-03-08,130.7776641845703,134.5800018310547,135.49000549316406,132.38999938964844,132.4499969482422,415200
2021-03-09,127.64863586425781,131.36000061035156,136.6999969482422,130.97999572753906,135.6300048828125,584600
2021-03-10,129.81561279296875,133.58999633789062,134.69000244140625,131.07000732421875,131.80999755859375,531500
2021-03-11,129.1742706298828,132.92999267578125,135.55999755859375,132.7899932861328,132.92999267578125,482200
2021-03-12,133.85543823242188,137.5399932861328,137.6300048828125,133.41000366210938,134.27999877929688,456500
2021-03-15,136.37603759765625,140.1300048828125,140.14999389648438,137.24000549316406,137.24000549316406,411800
2021-03-16,132.9600830078125,136.6199951171875,139.3300018310547,136.1699981689453,139.13999938964844,411700
2021-03-17,135.08168029785156,138.8000030517578,139.63999938964844,135.9600067138672,137.66000366210938,427800
2021-03-18,135.53912353515625,139.27000427246094,141.75,138.0,138.0,444800
2021-03-19,134.30313110351562,138.0,140.58999633789062,137.1300048828125,139.02000427246094,1098000
2021-03-22,133.63156127929688,137.30999755859375,137.97000122070312,135.39999389648438,136.8300018310547,726500
2021-03-23,129.26190185546875,132.82000732421875,137.1999969482422,131.6300048828125,136.57000732421875,396500
2021-03-24,129.9042205810547,133.47999572753906,136.32000732421875,132.91000366210938,133.42999267578125,491200
2021-03-25,131.8700714111328,135.5,136.22000122070312,131.97000122070312,133.7899932861328,607900
2021-03-26,131.52944946289062,135.14999389648438,136.69000244140625,133.44000244140625,136.69000244140625,567500
2021-03-29,131.51002502441406,135.1300048828125,137.5,133.9600067138672,134.72000122070312,453000
2021-03-30,132.54159545898438,136.19000244140625,136.19000244140625,133.82000732421875,135.00999450683594,370700
2021-03-31,129.81655883789062,133.38999938964844,137.42999267578125,133.2899932861328,136.5,630600
2021-04-01,130.7995147705078,134.39999389648438,134.8800048828125,132.0,133.19000244140625,386000
2021-04-05,132.71678161621094,136.3699951171875,136.7100067138672,134.1999969482422,135.5,458800
2021-04-06,133.349365234375,137.02000427246094,137.74000549316406,134.6199951171875,135.92999267578125,504500
2021-04-07,132.9503173828125,136.61000061035156,138.05999755859375,135.94000244140625,138.0,492700
2021-04-08,133.20339965820312,136.8699951171875,137.82000732421875,133.94000244140625,135.47999572753906,513200
2021-04-09,134.47828674316406,138.17999267578125,138.25,135.75,137.6199951171875,320700
2021-04-12,135.5293731689453,139.25999450683594,139.94000244140625,138.6199951171875,138.6199951171875,301400
2021-04-13,133.72891235351562,137.41000366210938,138.4600067138672,135.50999450683594,137.6300048828125,708600
2021-04-14,133.83599853515625,137.52000427246094,139.10000610351562,136.85000610351562,137.52999877929688,396100
2021-04-15,137.3395233154297,141.1199951171875,141.61000061035156,137.32000732421875,138.02999877929688,1011900
2021-04-16,142.2250518798828,146.13999938964844,147.02000427246094,142.0,142.0,879700
2021-04-19,142.12770080566406,146.0399932861328,147.27999877929688,144.0,146.6199951171875,538400
2021-04-20,140.99880981445312,144.8800048828125,147.2100067138672,144.0,146.44000244140625,682400
2021-04-21,143.91844177246094,147.8800048828125,148.80999755859375,144.75,145.0,485300
2021-04-22,142.59487915039062,146.52000427246094,150.58999633789062,146.0,149.07000732421875,884800
2021-04-23,141.61190795898438,145.50999450683594,146.6999969482422,144.10000610351562,146.11000061035156,527900
2021-04-26,141.8747100830078,145.77999877929688,146.64999389648438,144.69000244140625,145.8000030517578,637200
2021-04-27,142.00119018554688,145.91000366210938,147.75,143.11000061035156,143.38999938964844,958200
2021-04-28,143.85028076171875,147.80999755859375,150.07000732421875,145.02000427246094,146.86000061035156,665500
2021-04-29,144.60939025878906,148.58999633789062,150.8699951171875,147.85000610351562,148.07000732421875,532900
2021-04-30,144.4342498779297,148.41000366210938,149.69000244140625,147.47000122070312,147.47000122070312,595400
2021-05-03,146.54608154296875,150.5800018310547,151.64999389648438,148.5800018310547,150.0,469700
2021-05-04,148.8623504638672,152.9600067138672,153.22999572753906,150.1699981689453,150.1699981689453,620300
2021-05-05,149.4170684814453,153.52999877929688,154.14999389648438,151.27000427246094,153.64999389648438,495500
2021-05-06,150.35137939453125,154.49000549316406,154.6999969482422,152.35000610351562,153.5500030517578,439700
2021-05-07,151.03260803222656,155.19000244140625,156.22999572753906,152.61000061035156,153.42999267578125,367400
2021-05-10,152.8427734375,157.0500030517578,159.19000244140625,155.30999755859375,156.22000122070312,443500
2021-05-11,151.18833923339844,155.35000610351562,157.2100067138672,154.64999389648438,155.88999938964844,596500
2021-05-12,149.9620819091797,154.08999633789062,156.3699951171875,153.77000427246094,155.55999755859375,926300
2021-05-13,153.65057373046875,157.8800048828125,158.94000244140625,152.4499969482422,153.2100067138672,640900
2021-05-14,155.4801788330078,159.75999450683594,160.22999572753906,157.7100067138672,158.27999877929688,428900
2021-05-17,156.29762268066406,160.60000610351562,161.60000610351562,159.0,159.75999450683594,503600
2021-05-18,153.97169494628906,158.2100067138672,160.80999755859375,157.75,159.63999938964844,625300
2021-05-19,152.72598266601562,156.92999267578125,158.0,154.42999267578125,157.14999389648438,660400
2021-05-20,153.8646697998047,158.10000610351562,159.3699951171875,154.72000122070312,156.77000427246094,767900
2021-05-21,153.8159942626953,158.0500030517578,160.2899932861328,157.94000244140625,159.02000427246094,696100
2021-05-24,154.74053955078125,159.0,160.22999572753906,157.3699951171875,158.63999938964844,658500
2021-05-25,155.47048950195312,159.75,160.17999267578125,157.85000610351562,158.99000549316406,1471500
2021-05-26,155.85971069335938,160.14999389648438,160.8800048828125,159.27000427246094,159.92999267578125,1527500
2021-05-27,154.86705017089844,159.1300048828125,162.50999450683594,158.7100067138672,161.6199951171875,1014100
2021-05-28,155.3536376953125,159.6300048828125,160.0500030517578,157.5800018310547,159.5,848300
2021-06-01,156.42550659179688,160.52999877929688,161.0,158.27999877929688,160.42999267578125,686600
2021-06-02,153.6873779296875,157.72000122070312,161.0399932861328,157.27000427246094,160.99000549316406,1198900
2021-06-03,154.79823303222656,158.86000061035156,159.39999389648438,155.52999877929688,156.99000549316406,528400
2021-06-04,155.67523193359375,159.75999450683594,160.24000549316406,158.5399932861328,159.58999633789062,419700
2021-06-07,154.91517639160156,158.97999572753906,160.82000732421875,158.89999389648438,160.16000366210938,747200
2021-06-08,155.58750915527344,159.6699981689453,160.10000610351562,157.11000061035156,158.77000427246094,570900
2021-06-09,155.39260864257812,159.47000122070312,160.19000244140625,158.80999755859375,160.0500030517578,355400
2021-06-10,155.45108032226562,159.52999877929688,160.27000427246094,157.91000366210938,158.27000427246094,548700
2021-06-11,156.27935791015625,160.3800048828125,160.49000549316406,158.2899932861328,160.39999389648438,521500
2021-06-14,152.37193298339844,156.3699951171875,160.3300018310547,155.49000549316406,159.8699951171875,500200
2021-06-15,152.60577392578125,156.61000061035156,157.89999389648438,155.02000427246094,156.3800048828125,444700
2021-06-16,150.20864868164062,154.14999389648438,156.72999572753906,154.0399932861328,156.1300048828125,537100
2021-06-17,147.99671936035156,151.8800048828125,155.1199951171875,150.8699951171875,154.72999572753906,762600
2021-06-18,142.95889282226562,146.7100067138672,150.3000030517578,146.6699981689453,149.8699951171875,1462200
2021-06-21,147.9674835205078,151.85000610351562,152.08999633789062,147.44000244140625,147.4600067138672,510100
2021-06-22,147.46075439453125,151.3300018310547,152.64999389648438,150.60000610351562,151.5399932861328,401700
2021-06-23,145.88218688964844,149.7100067138672,151.30999755859375,149.61000061035156,151.30999755859375,557600
2021-06-24,145.599609375,149.4199981689453,150.9600067138672,148.52000427246094,150.9600067138672,657600
2021-06-25,147.3145751953125,151.17999267578125,151.50999450683594,149.11000061035156,149.75,423100
2021-06-28,144.5277099609375,148.32000732421875,150.88999938964844,147.0,150.83999633789062,993200
2021-06-29,142.5009002685547,146.24000549316406,149.1300048828125,146.11000061035156,148.38999938964844,513400
2021-06-30,142.68606567382812,146.42999267578125,146.99000549316406,144.80999755859375,146.39999389648438,906000
2021-07-01,145.687255859375,149.50999450683594,150.52999877929688,147.0800018310547,147.0800018310547,637100
2021-07-02,147.27561950683594,151.13999938964844,151.52999877929688,149.38999938964844,149.38999938964844,941800
2021-07-06,146.83712768554688,150.69000244140625,151.11000061035156,147.63999938964844,150.2899932861328,714300
2021-07-07,148.3961944580078,152.2899932861328,152.8800048828125,149.77000427246094,149.77000427246094,826200
2021-07-08,146.5058135986328,150.35000610351562,151.94000244140625,148.52999877929688,150.2100067138672,667400
2021-07-09,150.01377868652344,153.9499969482422,154.35000610351562,151.74000549316406,152.82000732421875,563000
2021-07-12,150.72509765625,154.67999267578125,156.1699981689453,152.24000549316406,153.2899932861328,603100
2021-07-13,148.94192504882812,152.85000610351562,154.64999389648438,151.6999969482422,154.14999389648438,541100
2021-07-14,149.16600036621094,153.0800018310547,154.38999938964844,152.32000732421875,153.5,567600
2021-07-15,149.22450256347656,153.13999938964844,153.9600067138672,151.72000122070312,151.72000122070312,439300
2021-07-16,147.46075439453125,151.3300018310547,154.11000061035156,151.1699981689453,153.91000366210938,331800
2021-07-19,142.54959106445312,146.2899932861328,149.4499969482422,145.3300018310547,148.99000549316406,608100
2021-07-20,149.25372314453125,153.1699981689453,156.6999969482422,149.44000244140625,149.94000244140625,1004100
2021-07-21,149.68246459960938,153.61000061035156,156.47999572753906,153.24000549316406,154.9199981689453,343700
2021-07-22,146.8273468017578,150.67999267578125,153.50999450683594,149.3300018310547,153.00999450683594,463300
2021-07-23,148.76651000976562,152.6699981689453,153.07000732421875,150.94000244140625,152.3300018310547,410800
2021-07-26,150.6569061279297,154.61000061035156,156.44000244140625,152.07000732421875,153.19000244140625,841000
2021-07-27,155.05160522460938,159.1199951171875,165.0,154.86000061035156,165.0,1538700
2021-07-28,153.86277770996094,157.89999389648438,160.0,155.60000610351562,160.0,892100
2021-07-29,154.90542602539062,158.97000122070312,159.7100067138672,157.7899932861328,159.1300048828125,525200
2021-07-30,156.30859375,160.41000366210938,160.91000366210938,158.47999572753906,158.47999572753906,486100
2021-08-02,155.5485382080078,159.6300048828125,162.22999572753906,159.0399932861328,160.57000732421875,552900
2021-08-03,156.51321411132812,160.6199951171875,160.75,156.92999267578125,160.0,373600
2021-08-04,150.4912872314453,154.44000244140625,160.80999755859375,154.3699951171875,159.1300048828125,458800
2021-08-05,148.63006591796875,152.52999877929688,155.41000366210938,151.2100067138672,154.8000030517578,346700
2021-08-06,148.8638916015625,152.77000427246094,153.85000610351562,151.5399932861328,153.0399932861328,914000
2021-08-09,146.64222717285156,150.49000549316406,151.60000610351562,149.5399932861328,151.60000610351562,412000
2021-08-10,143.33889770507812,147.10000610351562,151.10000610351562,146.5500030517578,149.7899932861328,537500
2021-08-11,144.5667266845703,148.36000061035156,148.52000427246094,145.5399932861328,147.39999389648438,427100
2021-08-12,144.84927368164062,148.64999389648438,149.0,144.44000244140625,144.44000244140625,711200
2021-08-13,145.57034301757812,149.38999938964844,149.52000427246094,148.2100067138672,148.66000366210938,331100
2021-08-16,147.57769775390625,151.4499969482422,151.75999450683594,148.25999450683594,148.85000610351562,309200
2021-08-17,147.9089813232422,151.7899932861328,151.9199981689453,150.0399932861328,150.2100067138672,359200
2021-08-18,144.86874389648438,148.6699981689453,151.07000732421875,148.58999633789062,150.97000122070312,461300
2021-08-19,146.99302673339844,150.85000610351562,151.55999755859375,147.2100067138672,147.4499969482422,540900
2021-08-20,149.4680938720703,153.38999938964844,154.97999572753906,150.5500030517578,150.5500030517578,602900
2021-08-23,149.15626525878906,153.07000732421875,154.2899932861328,151.63999938964844,154.11000061035156,499000
2021-08-24,150.66664123535156,154.6199951171875,155.4499969482422,152.00999450683594,153.3000030517578,640700
2021-08-25,151.2025604248047,155.1699981689453,157.33999633789062,153.27000427246094,154.2899932861328,365100
2021-08-26,150.58863830566406,154.5399932861328,155.08999633789062,153.0800018310547,155.08999633789062,513400
2021-08-27,152.78114318847656,156.7899932861328,157.3000030517578,154.19000244140625,154.9600067138672,502000
2021-08-30,152.03085327148438,156.02000427246094,157.25,155.5399932861328,157.1999969482422,401800
2021-08-31,151.97232055664062,155.75999450683594,157.3800048828125,155.00999450683594,155.19000244140625,615300
2021-09-01,151.66981506347656,155.4499969482422,156.6199951171875,153.75,156.2100067138672,425600
2021-09-02,153.2699432373047,157.08999633789062,157.38999938964844,155.2100067138672,155.58999633789062,469000
2021-09-03,152.4210968017578,156.22000122070312,156.99000549316406,154.75,156.72000122070312,441300
2021-09-07,151.6015167236328,155.3800048828125,156.1999969482422,154.10000610351562,155.44000244140625,483000
2021-09-08,145.11328125,148.72999572753906,152.36000061035156,147.1999969482422,149.89999389648438,1076400
2021-09-09,146.4694366455078,150.1199951171875,152.36000061035156,148.4600067138672,148.5500030517578,554900
2021-09-10,143.84486389160156,147.42999267578125,150.57000732421875,146.8800048828125,150.55999755859375,517100
2021-09-13,146.1767578125,149.82000732421875,150.22999572753906,147.25999450683594,148.39999389648438,580900
2021-09-14,143.24972534179688,146.82000732421875,151.1699981689453,146.7100067138672,150.58999633789062,885900
2021-09-15,142.87893676757812,146.44000244140625,147.4199981689453,144.52999877929688,146.4199981689453,685500
2021-09-16,143.31797790527344,146.88999938964844,147.8000030517578,145.35000610351562,146.72000122070312,424200
2021-09-17,142.37159729003906,145.9199981689453,147.22000122070312,144.50999450683594,146.19000244140625,1282000
2021-09-20,141.06417846679688,144.5800018310547,145.27000427246094,143.16000366210938,143.72999572753906,543100
2021-09-21,141.71788024902344,145.25,147.52000427246094,144.8800048828125,146.0399932861328,552100
2021-09-22,142.108154296875,145.64999389648438,147.50999450683594,145.25999450683594,146.47000122070312,633700
2021-09-23,140.90805053710938,144.4199981689453,146.7899932861328,144.3800048828125,146.6699981689453,1532300
2021-09-24,141.23977661132812,144.75999450683594,145.38999938964844,140.0500030517578,140.0800018310547,790000
2021-09-27,141.1324462890625,144.64999389648438,147.7100067138672,144.4499969482422,145.2899932861328,732900
2021-09-28,140.1567840576172,143.64999389648438,145.42999267578125,143.1199951171875,144.86000061035156,754700
2021-09-29,139.78602600097656,143.27000427246094,144.10000610351562,142.7100067138672,143.77000427246094,775900
2021-09-30,135.0051727294922,138.3699951171875,143.8800048828125,138.3000030517578,143.7899932861328,756900
2021-10-01,135.45396423339844,138.8300018310547,139.64999389648438,137.1300048828125,138.86000061035156,595500
2021-10-04,132.60501098632812,135.91000366210938,141.07000732421875,135.36000061035156,138.75999450683594,989800
2021-10-05,130.60487365722656,133.86000061035156,136.30999755859375,133.66000366210938,136.1300048828125,814700
2021-10-06,129.21937561035156,132.44000244140625,133.6199951171875,129.2899932861328,132.74000549316406,732000
2021-10-07,129.921875,133.16000366210938,134.60000610351562,132.74000549316406,133.32000732421875,586600
2021-10-08,127.25826263427734,130.42999267578125,132.8699951171875,130.17999267578125,132.5399932861328,454700
2021-10-11,126.93629455566406,130.10000610351562,131.10000610351562,130.02000427246094,130.52999877929688,485700
2021-10-12,125.71669006347656,128.85000610351562,131.0,128.75999450683594,130.41000366210938,608900
2021-10-13,125.9118423461914,129.0500030517578,129.94000244140625,125.9000015258789,128.57000732421875,714800
2021-10-14,126.84846496582031,130.00999450683594,131.4199981689453,129.66000366210938,129.80999755859375,644400
2021-10-15,129.7852783203125,133.02000427246094,133.92999267578125,131.00999450683594,131.07000732421875,787800
2021-10-18,129.32669067382812,132.5500030517578,132.75999450683594,130.5,132.02999877929688,501600
2021-10-19,129.0242462158203,132.24000549316406,134.49000549316406,132.1699981689453,133.4199981689453,521000
2021-10-20,130.5365753173828,133.7899932861328,135.2100067138672,132.58999633789062,132.9600067138672,599500
2021-10-21,134.010009765625,137.35000610351562,137.47999572753906,134.25999450683594,134.82000732421875,803400
2021-10-22,132.32205200195312,135.6199951171875,138.10000610351562,134.58999633789062,135.0,716300
2021-10-25,130.43898010253906,133.69000244140625,135.89999389648438,133.57000732421875,135.8000030517578,771700
2021-10-26,123.10186767578125,126.16999816894531,130.75,125.76000213623047,127.0,1470800
2021-10-27,121.88226318359375,124.91999816894531,127.16000366210938,123.63999938964844,124.79000091552734,918800
2021-10-28,123.10186767578125,126.16999816894531,127.37000274658203,125.38999938964844,125.93000030517578,693100
2021-10-29,121.08218383789062,124.0999984741211,127.13999938964844,123.45999908447266,126.01000213623047,995900
2021-11-01,121.89201354980469,124.93000030517578,125.7699966430664,123.95999908447266,124.38999938964844,565000
2021-11-02,119.9406509399414,122.93000030517578,125.70999908447266,122.66999816894531,125.3499984741211,653600
2021-11-03,121.80420684814453,124.83999633789062,125.3499984741211,121.2300033569336,121.94000244140625,954900
2021-11-04,123.13113403320312,126.19999694824219,126.4800033569336,124.33000183105469,125.05000305175781,698000
2021-11-05,126.72164916992188,129.8800048828125,130.39999389648438,125.86000061035156,126.58000183105469,1090800
2021-11-08,126.0191421508789,129.16000366210938,131.0,127.1500015258789,130.30999755859375,520200
2021-11-09,125.306884765625,128.42999267578125,129.99000549316406,127.9800033569336,129.19000244140625,599200
2021-11-10,126.22404479980469,129.3699951171875,130.05999755859375,128.49000549316406,128.83999633789062,415800
2021-11-11,127.10216522216797,130.27000427246094,130.38999938964844,128.49000549316406,129.0,533600
2021-11-12,127.65829467773438,130.83999633789062,131.4499969482422,129.1999969482422,131.2100067138672,354600
2021-11-15,125.55081939697266,128.67999267578125,131.0,128.2899932861328,131.0,605400
2021-11-16,125.55081939697266,128.67999267578125,129.19000244140625,127.4800033569336,128.9499969482422,836400
2021-11-17,124.16532897949219,127.26000213623047,128.88999938964844,127.06999969482422,128.5,757400
2021-11-18,122.7701187133789,125.83000183105469,127.27999877929688,124.52999877929688,126.94000244140625,1125300
2021-11-19,120.96510314941406,123.9800033569336,125.66999816894531,122.61000061035156,125.2699966430664,926600
2021-11-22,124.1360855102539,127.2300033569336,128.05999755859375,123.5,124.30999755859375,625100
2021-11-23,126.7898941040039,129.9499969482422,130.17999267578125,126.5,127.69000244140625,719900
2021-11-24,125.7459716796875,128.8800048828125,130.6699981689453,128.77000427246094,130.02000427246094,571600
2021-11-26,121.33587646484375,124.36000061035156,126.0999984741211,123.0199966430664,125.43000030517578,509800
2021-11-29,118.32101440429688,121.2699966430664,125.5199966430664,121.0199966430664,125.19999694824219,916600
2021-11-30,116.03414154052734,118.7300033569336,120.87999725341797,117.94000244140625,119.79000091552734,1320200
2021-12-01,113.74727630615234,116.38999938964844,122.52999877929688,116.2300033569336,120.44999694824219,1024900
2021-12-02,118.8585205078125,121.62000274658203,123.2300033569336,116.95999908447266,117.33999633789062,958300
2021-12-03,118.87808227539062,121.63999938964844,123.75,121.0999984741211,122.08000183105469,1026600
2021-12-06,123.19770812988281,126.05999755859375,127.69999694824219,121.80999755859375,123.44000244140625,924000
2021-12-07,125.5041275024414,128.4199981689453,130.0399932861328,125.93000030517578,126.77999877929688,727100
2021-12-08,126.73551940917969,129.67999267578125,130.1199951171875,127.52999877929688,128.47000122070312,803600
2021-12-09,126.18822479248047,129.1199951171875,130.25999450683594,127.91999816894531,129.35000610351562,656000
2021-12-10,125.48458099365234,128.39999389648438,131.2100067138672,126.86000061035156,129.9199981689453,855400
2021-12-13,125.87548065185547,128.8000030517578,129.44000244140625,127.73999786376953,128.3800048828125,402100
2021-12-14,124.98616027832031,127.88999938964844,130.89999389648438,127.66000366210938,128.6699981689453,549600
2021-12-15,126.47164916992188,129.41000366210938,129.63999938964844,127.01000213623047,127.73999786376953,801700
2021-12-16,125.38684844970703,128.3000030517578,130.5500030517578,127.7699966430664,130.2100067138672,521600
2021-12-17,124.8982162475586,127.80000305175781,128.75999450683594,125.94000244140625,128.2899932861328,1464300
2021-12-20,121.7806396484375,124.61000061035156,126.08000183105469,121.58999633789062,126.08000183105469,515000
2021-12-21,124.80046081542969,127.69999694824219,127.83000183105469,124.63999938964844,124.95999908447266,706200
2021-12-22,124.70275115966797,127.5999984741211,129.1999969482422,126.83999633789062,128.0,498200
2021-12-23,125.22071075439453,128.1300048828125,129.72000122070312,127.69999694824219,128.24000549316406,307600
2021-12-27,125.78753662109375,128.7100067138672,128.82000732421875,127.4800033569336,128.19000244140625,209400
2021-12-28,127.6834716796875,130.64999389648438,131.17999267578125,128.9199981689453,128.97000122070312,292300
2021-12-29,128.02554321289062,131.0,131.97000122070312,130.32000732421875,130.63999938964844,256600
2021-12-30,127.7812271118164,130.75,132.0,130.5,131.3300018310547,234700
2021-12-31,126.7159652709961,129.66000366210938,131.19000244140625,129.10000610351562,130.2899932861328,307100
2022-01-03,129.02235412597656,132.02000427246094,132.14999389648438,129.6999969482422,130.14999389648438,569400
2022-01-04,130.7815399169922,133.82000732421875,136.0,132.1999969482422,132.3000030517578,570900
2022-01-05,130.7620086669922,133.8000030517578,137.72000122070312,132.89999389648438,132.89999389648438,664100
2022-01-06,128.00596618652344,130.97999572753906,134.83999633789062,130.57000732421875,134.0,669000
2022-01-07,128.97354125976562,131.97000122070312,133.57000732421875,130.8300018310547,130.97999572753906,757300
2022-01-10,129.84336853027344,132.86000061035156,132.88999938964844,130.6999969482422,132.82000732421875,568500
2022-01-11,127.84964752197266,130.82000732421875,131.75999450683594,126.05000305175781,128.0,1256700
2022-01-12,126.17845153808594,129.11000061035156,132.3699951171875,127.76000213623047,131.13999938964844,798200
2022-01-13,130.02899169921875,133.0500030517578,134.8800048828125,128.64999389648438,129.33999633789062,953300
2022-01-14,130.6348876953125,133.6699981689453,134.0399932861328,131.25999450683594,132.1300048828125,670700
2022-01-18,127.01892852783203,129.97000122070312,133.5500030517578,129.66000366210938,133.00999450683594,507700
2022-01-19,126.48140716552734,129.4199981689453,131.35000610351562,129.25999450683594,129.82000732421875,502300
2022-01-20,125.08389282226562,127.98999786376953,131.58999633789062,127.75,129.92999267578125,558300
2022-01-21,125.43573760986328,128.35000610351562,130.5800018310547,127.7300033569336,128.5500030517578,652100
2022-01-24,127.77146911621094,130.74000549316406,130.99000549316406,125.30999755859375,126.51000213623047,853600
2022-01-25,125.0545654296875,127.95999908447266,129.82000732421875,125.48999786376953,129.42999267578125,933500
2022-01-26,126.23709869384766,129.1699981689453,130.91000366210938,127.61000061035156,127.9000015258789,637300
2022-01-27,123.61793518066406,126.48999786376953,129.47000122070312,123.26000213623047,125.0,808500
2022-01-28,126.833251953125,129.77999877929688,129.85000610351562,125.62000274658203,125.98999786376953,673500
2022-01-31,127.10689544677734,130.05999755859375,131.02999877929688,128.63999938964844,128.63999938964844,789300
2022-02-01,127.497802734375,130.4600067138672,131.25,129.42999267578125,130.14999389648438,461000
2022-02-02,129.67718505859375,132.69000244140625,133.0500030517578,129.17999267578125,129.75999450683594,429400
2022-02-03,128.46533203125,131.4499969482422,133.07000732421875,130.88999938964844,132.8300018310547,406200
2022-02-04,126.86258697509766,129.80999755859375,131.30999755859375,127.5199966430664,130.33999633789062,428400
2022-02-07,124.32160186767578,127.20999908447266,129.92999267578125,125.87999725341797,129.75999450683594,863000
2022-02-08,129.31556701660156,132.32000732421875,132.77999877929688,127.37999725341797,128.02000427246094,809100
2022-02-09,133.73294067382812,136.83999633789062,137.83999633789062,133.1999969482422,133.3300018310547,621000
2022-02-10,130.53717041015625,133.57000732421875,137.1999969482422,132.75,135.9499969482422,646500
2022-02-11,129.5794219970703,132.58999633789062,135.82000732421875,131.42999267578125,133.8000030517578,485300
2022-02-14,129.2178192138672,132.22000122070312,133.99000549316406,131.24000549316406,133.02999877929688,540400
2022-02-15,132.05197143554688,135.1199951171875,135.24000549316406,132.72000122070312,133.02999877929688,462800
2022-02-16,134.68093872070312,137.80999755859375,138.19000244140625,134.16000366210938,134.5800018310547,729500
2022-02-17,133.26377868652344,136.36000061035156,137.35000610351562,134.02000427246094,136.86000061035156,379000
2022-02-18,131.72947692871094,134.7899932861328,137.94000244140625,134.6999969482422,136.16000366210938,509400
2022-02-22,131.01608276367188,134.05999755859375,135.4499969482422,132.6999969482422,134.0500030517578,789500
2022-02-23,130.29287719726562,133.32000732421875,135.0,131.67999267578125,134.88999938964844,536200
2022-02-24,133.29315185546875,136.38999938964844,136.6199951171875,129.47000122070312,130.72999572753906,1163900
2022-02-25,141.53172302246094,144.82000732421875,149.8699951171875,142.5,144.9600067138672,1967400
2022-02-28,140.85647583007812,143.92999267578125,143.94000244140625,139.27999877929688,140.47999572753906,842500
2022-03-01,141.78616333007812,144.8800048828125,145.52999877929688,142.0,143.13999938964844,625800
2022-03-02,145.876953125,149.05999755859375,150.6699981689453,145.0500030517578,146.0500030517578,1042600
2022-03-03,146.6500701904297,149.85000610351562,150.72000122070312,147.67999267578125,150.27000427246094,549200
2022-03-04,146.26840209960938,149.4600067138672,149.7899932861328,145.52999877929688,147.5,512200
2022-03-07,147.2078857421875,150.4199981689453,150.89999389648438,147.47000122070312,149.05999755859375,626300
2022-03-08,146.1313934326172,149.32000732421875,153.07000732421875,149.16000366210938,151.0,624400
2022-03-09,148.0299835205078,151.25999450683594,153.33999633789062,150.63999938964844,151.8699951171875,476800
2022-03-10,147.2372589111328,150.4499969482422,153.27999877929688,148.4600067138672,149.25,538300
2022-03-11,147.44281005859375,150.66000366210938,153.22000122070312,150.22999572753906,150.83999633789062,705100
2022-03-14,143.0486602783203,146.1699981689453,152.5800018310547,145.82000732421875,151.99000549316406,421400
2022-03-15,145.79867553710938,148.97999572753906,149.47000122070312,147.1300048828125,147.75999450683594,581700
2022-03-16,146.50328063964844,149.6999969482422,151.41000366210938,147.41000366210938,149.64999389648438,488600
2022-03-17,145.90628051757812,149.08999633789062,149.27000427246094,147.3000030517578,148.74000549316406,661000
2022-03-18,143.6553955078125,146.7899932861328,147.8000030517578,144.5399932861328,147.24000549316406,1402300
2022-03-21,144.39920043945312,147.5500030517578,149.72000122070312,146.85000610351562,147.30999755859375,782200
2022-03-22,143.46951293945312,146.60000610351562,148.52999877929688,145.72000122070312,148.19000244140625,429000
2022-03-23,140.73907470703125,143.80999755859375,146.1699981689453,142.77999877929688,145.97000122070312,862700
2022-03-24,143.22482299804688,146.35000610351562,146.8000030517578,143.82000732421875,144.39999389648438,399500
2022-03-25,144.9276580810547,148.08999633789062,148.27000427246094,145.8300018310547,146.8300018310547,434700
2022-03-28,146.17050170898438,149.36000061035156,149.47999572753906,146.3800048828125,147.58999633789062,616900
2022-03-29,144.7808837890625,147.94000244140625,150.13999938964844,146.0,148.57000732421875,587100
2022-03-30,142.4615020751953,145.57000732421875,148.19000244140625,144.61000061035156,148.19000244140625,478200
2022-03-31,141.8546905517578,144.9499969482422,147.3800048828125,144.7899932861328,145.47000122070312,453700
2022-04-01,141.10113525390625,144.17999267578125,146.52000427246094,143.6300048828125,145.7899932861328,580000
2022-04-04,137.10829162597656,140.10000610351562,144.16000366210938,139.47999572753906,143.75999450683594,706300
2022-04-05,136.26666259765625,139.24000549316406,141.8800048828125,138.19000244140625,139.6999969482422,643900
2022-04-06,137.4801483154297,140.47999572753906,141.0,138.47000122070312,138.47000122070312,587200
2022-04-07,141.28709411621094,144.3699951171875,144.8800048828125,139.8000030517578,140.3800048828125,757100
2022-04-08,142.8822784423828,146.0,147.0,143.33999633789062,144.85000610351562,567000
2022-04-11,144.70257568359375,147.86000061035156,149.0800018310547,146.32000732421875,146.9499969482422,688400
2022-04-12,146.0824737548828,149.27000427246094,151.9600067138672,147.08999633789062,148.1199951171875,732800
2022-04-13,145.77911376953125,148.9600067138672,151.16000366210938,148.2100067138672,149.07000732421875,409200
2022-04-14,147.9125213623047,151.13999938964844,152.36000061035156,149.3800048828125,149.3800048828125,390000
2022-04-18,148.16696166992188,151.39999389648438,152.4499969482422,150.0,150.0,437500
2022-04-19,148.2256622314453,151.4600067138672,153.52000427246094,151.17999267578125,152.0,524500
2022-04-20,152.22833251953125,155.5500030517578,157.3000030517578,152.0,152.0,1088100
2022-04-21,151.1909942626953,154.49000549316406,158.27999877929688,153.19000244140625,155.75,657000
2022-04-22,130.0913848876953,132.92999267578125,146.1999969482422,132.58999633789062,145.86000061035156,1524500
2022-04-25,135.796875,138.75999450683594,140.25,132.02000427246094,132.9199981689453,1515100
2022-04-26,122.64389038085938,125.31999969482422,127.55999755859375,121.05999755859375,121.47000122070312,2666200
2022-04-27,120.9508285522461,123.58999633789062,126.87999725341797,122.62999725341797,124.2699966430664,1007400
2022-04-28,121.50867462158203,124.16000366210938,125.0,119.69000244140625,122.87999725341797,904900
2022-04-29,119.91346740722656,122.52999877929688,124.94999694824219,122.01000213623047,123.23999786376953,844900
2022-05-02,119.62966918945312,122.23999786376953,123.45999908447266,119.41999816894531,122.81999969482422,791500
2022-05-03,122.4383773803711,125.11000061035156,125.97000122070312,121.63999938964844,121.79000091552734,610700
2022-05-04,127.17498016357422,129.9499969482422,130.17999267578125,124.83000183105469,125.9000015258789,508900
2022-05-05,123.59317016601562,126.29000091552734,130.0,125.08000183105469,129.4499969482422,739400
2022-05-06,125.07093811035156,127.80000305175781,129.74000549316406,124.80000305175781,126.0,784200
2022-05-09,122.6536865234375,125.33000183105469,126.9800033569336,124.44999694824219,126.9800033569336,675100
2022-05-10,122.76133728027344,125.44000244140625,126.83999633789062,123.58999633789062,126.16000366210938,580500
2022-05-11,119.26757049560547,121.87000274658203,127.23999786376953,121.51000213623047,126.0199966430664,676500
2022-05-12,120.85295104980469,123.48999786376953,125.05000305175781,121.58999633789062,122.0999984741211,659500
2022-05-13,121.99797058105469,124.66000366210938,125.06999969482422,122.30999755859375,123.80000305175781,666800
2022-05-16,121.59674072265625,124.25,125.05000305175781,122.7300033569336,124.7300033569336,542400
2022-05-17,124.75778198242188,127.4800033569336,127.48999786376953,124.62999725341797,125.81999969482422,437800
2022-05-18,116.5371322631836,119.08000183105469,125.5999984741211,118.83999633789062,125.51000213623047,975600
2022-05-19,116.35118865966797,118.88999938964844,120.55000305175781,116.7300033569336,117.75,774600
2022-05-20,118.3476333618164,120.93000030517578,121.05000305175781,117.08000183105469,119.66000366210938,589700
2022-05-23,119.14032745361328,121.73999786376953,122.68000030517578,118.2300033569336,122.68000030517578,586600
2022-05-24,118.8173828125,121.41000366210938,121.7300033569336,118.27999877929688,121.7300033569336,486600
2022-05-25,119.4926528930664,122.0999984741211,124.33999633789062,120.56999969482422,121.33000183105469,612600
2022-05-26,120.61808776855469,123.25,124.05999755859375,122.33999633789062,122.97000122070312,809400
2022-05-27,122.29157257080078,124.95999908447266,125.01000213623047,123.30000305175781,123.9800033569336,479500
2022-05-31,122.14453887939453,124.61000061035156,125.4000015258789,123.0199966430664,124.5,1059200
2022-06-01,118.36091613769531,120.75,125.63999938964844,120.30000305175781,125.63999938964844,761500
2022-06-02,120.23311614990234,122.66000366210938,122.76000213623047,119.0,121.33000183105469,613800
2022-06-03,118.77259063720703,121.16999816894531,122.4800033569336,121.0199966430664,122.01000213623047,691400
2022-06-06,118.77259063720703,121.16999816894531,123.0199966430664,120.0999984741211,121.5,434400
2022-06-07,119.85083770751953,122.2699966430664,122.47000122070312,119.0,119.75,651600
2022-06-08,118.02764892578125,120.41000366210938,121.76000213623047,119.87999725341797,121.30000305175781,444100
2022-06-09,115.65552520751953,117.98999786376953,120.30000305175781,117.94000244140625,119.86000061035156,502800
2022-06-10,112.4796371459961,114.75,116.54000091552734,114.12000274658203,115.6500015258789,1560200
2022-06-13,107.39229583740234,109.55999755859375,112.8499984741211,108.83000183105469,112.04000091552734,1123200
2022-06-14,102.79511260986328,104.87000274658203,109.4800033569336,104.7300033569336,109.4800033569336,1806300
2022-06-15,103.35382843017578,105.44000244140625,107.33000183105469,103.68000030517578,105.61000061035156,1293700
2022-06-16,99.46238708496094,101.47000122070312,103.19999694824219,99.54000091552734,102.95999908447266,1553200
2022-06-17,101.73645782470703,103.79000091552734,104.81999969482422,101.08999633789062,101.08999633789062,2631900
2022-06-21,100.92288970947266,102.95999908447266,105.52999877929688,101.7699966430664,105.52999877929688,1307400
2022-06-22,102.83431243896484,104.91000366210938,106.1500015258789,102.25,102.25,623700
2022-06-23,103.30480194091797,105.38999938964844,106.19000244140625,104.58999633789062,105.33999633789062,611500
2022-06-24,106.6179428100586,108.7699966430664,109.05000305175781,104.81999969482422,106.3499984741211,1066600
2022-06-27,106.04940795898438,108.19000244140625,110.22000122070312,107.58999633789062,109.43000030517578,1087600
2022-06-28,103.99097442626953,106.08999633789062,110.0,105.91999816894531,108.5999984741211,540800
2022-06-29,105.11820983886719,107.23999786376953,108.33999633789062,105.0,106.87000274658203,723800
2022-06-30,98.71741485595703,100.70999908447266,102.29000091552734,98.88999938964844,101.80999755859375,2943500
2022-07-01,103.87334442138672,105.97000122070312,106.18000030517578,100.3499984741211,100.41000366210938,1157000
2022-07-05,102.82450866699219,104.9000015258789,105.0999984741211,102.41999816894531,104.63999938964844,653000
2022-07-06,100.2269515991211,102.25,103.2699966430664,99.9800033569336,101.0,991200
2022-07-07,103.20680236816406,105.29000091552734,105.37999725341797,103.05000305175781,103.05000305175781,649000
2022-07-08,101.3934097290039,103.44000244140625,106.0,103.4000015258789,105.1500015258789,557200
2022-07-11,99.31535339355469,101.31999969482422,102.68000030517578,101.0999984741211,102.54000091552734,424600
2022-07-12,99.81525421142578,101.83000183105469,103.05000305175781,99.9000015258789,100.26000213623047,604800
2022-07-13,100.0309066772461,102.05000305175781,102.94999694824219,100.44999694824219,100.44999694824219,414500
2022-07-14,98.28611755371094,100.2699966430664,101.08999633789062,98.62999725341797,100.26000213623047,647900
2022-07-15,101.01112365722656,103.05000305175781,103.80000305175781,100.77999877929688,102.36000061035156,541400
2022-07-18,101.697265625,103.75,105.33000183105469,103.05000305175781,103.61000061035156,1149500
2022-07-19,105.58871459960938,107.72000122070312,107.86000061035156,105.4800033569336,105.5199966430664,1017600
2022-07-20,105.86316680908203,108.0,109.19000244140625,107.0999984741211,107.66000366210938,935000
2022-07-21,107.31389617919922,109.4800033569336,109.58999633789062,107.18000030517578,108.2699966430664,962400
2022-07-22,108.79401397705078,110.98999786376953,120.4800033569336,110.31999969482422,116.45999908447266,1501200
2022-07-25,107.92163848876953,110.0999984741211,113.19999694824219,109.16000366210938,111.0,1072200
2022-07-26,107.1962661743164,109.36000061035156,114.81999969482422,107.9800033569336,114.81999969482422,1312400
2022-07-27,107.1080551147461,109.2699966430664,109.87999725341797,107.36000061035156,108.93000030517578,833500
2022-07-28,109.56838989257812,111.77999877929688,112.19999694824219,109.13999938964844,109.27999877929688,592300
2022-07-29,110.24473571777344,112.47000122070312,112.91000366210938,110.33999633789062,111.05999755859375,468100
2022-08-01,108.06866455078125,110.25,112.2699966430664,110.25,111.70999908447266,402300
2022-08-02,107.74517059326172,109.91999816894531,111.26000213623047,108.7300033569336,110.22000122070312,421600
2022-08-03,108.96064758300781,111.16000366210938,111.5,109.5999984741211,110.86000061035156,442900
2022-08-04,107.529541015625,109.69999694824219,111.16999816894531,109.55000305175781,111.16999816894531,519600
2022-08-05,108.16667938232422,110.3499984741211,110.58000183105469,108.37000274658203,109.0999984741211,406200
2022-08-08,107.98043823242188,110.16000366210938,111.30000305175781,109.95999908447266,111.30000305175781,334000
2022-08-09,107.45112609863281,109.62000274658203,110.75,109.16999816894531,110.1500015258789,403300
2022-08-10,110.41139221191406,112.63999938964844,113.0,111.06999969482422,111.23999786376953,442800
2022-08-11,109.18611907958984,111.38999938964844,113.5999984741211,111.2300033569336,113.30999755859375,492600
2022-08-12,109.74481964111328,111.95999908447266,112.25,111.54000091552734,111.87999725341797,749500
2022-08-15,109.57818603515625,111.79000091552734,112.8499984741211,111.16000366210938,111.4800033569336,483500
2022-08-16,106.29448699951172,108.44000244140625,111.66999816894531,108.11000061035156,111.30000305175781,861500
2022-08-17,104.16740417480469,106.2699966430664,107.4800033569336,105.83000183105469,107.16999816894531,1033900
2022-08-18,106.11803436279297,108.26000213623047,108.5999984741211,106.29000091552734,106.97000122070312,960200
2022-08-19,105.84356689453125,107.9800033569336,108.63999938964844,107.5199966430664,108.01000213623047,998600
2022-08-22,103.12838745117188,105.20999908447266,107.37999725341797,105.08999633789062,106.61000061035156,432600
2022-08-23,101.54045104980469,103.58999633789062,106.30000305175781,103.52999877929688,105.44999694824219,404100
2022-08-24,102.5402603149414,104.61000061035156,104.93000030517578,103.0199966430664,104.93000030517578,878300
2022-08-25,103.69690704345703,105.79000091552734,106.69000244140625,104.69999694824219,105.19999694824219,451900
2022-08-26,99.46238708496094,101.47000122070312,105.91999816894531,101.47000122070312,105.56999969482422,430200
2022-08-29,99.3055419921875,101.30999755859375,101.81999969482422,99.80000305175781,100.79000091552734,519700
2022-08-30,97.83522033691406,99.80999755859375,101.87000274658203,99.69000244140625,101.72000122070312,559300
2022-08-31,96.09674835205078,97.83999633789062,100.25,97.27999877929688,100.25,1205400
2022-09-01,95.51727294921875,97.25,97.80999755859375,94.69999694824219,97.30000305175781,815300
2022-09-02,95.23243713378906,96.95999908447266,99.41999816894531,96.77999877929688,98.41999816894531,590800
2022-09-06,94.51544189453125,96.2300033569336,97.4800033569336,95.69000244140625,97.30000305175781,466500
2022-09-07,99.08259582519531,100.87999725341797,101.01000213623047,95.5999984741211,96.11000061035156,628300
2022-09-08,99.43617248535156,101.23999786376953,101.37999725341797,99.63999938964844,99.87999725341797,659800
2022-09-09,101.17463684082031,103.01000213623047,103.37000274658203,101.5,101.70999908447266,610100
2022-09-12,104.2488784790039,106.13999938964844,106.43000030517578,103.58000183105469,103.69000244140625,686800
2022-09-13,99.59332275390625,101.4000015258789,104.51000213623047,101.30000305175781,103.81999969482422,575700
2022-09-14,95.73335266113281,97.47000122070312,100.94000244140625,96.0199966430664,100.81999969482422,1078800
2022-09-15,97.22627258300781,98.98999786376953,100.62999725341797,97.51000213623047,97.70999908447266,767600
2022-09-16,97.2164535522461,98.9800033569336,99.36000061035156,98.0999984741211,98.62000274658203,1348300
2022-09-19,97.0003662109375,98.76000213623047,99.04000091552734,97.30000305175781,97.69000244140625,638000
2022-09-20,94.42704772949219,96.13999938964844,97.73999786376953,95.55999755859375,97.73999786376953,842500
2022-09-21,92.95376586914062,94.63999938964844,98.05000305175781,94.62999725341797,96.8499984741211,557800
2022-09-22,91.90282440185547,93.56999969482422,94.44000244140625,92.18000030517578,94.44000244140625,640900
2022-09-23,90.1152572631836,91.75,92.48999786376953,89.87000274658203,92.0,870300
2022-09-26,88.28839874267578,89.88999938964844,92.5999984741211,89.41999816894531,91.33000183105469,732800
2022-09-27,86.24545288085938,87.80999755859375,90.88999938964844,87.56999969482422,90.43000030517578,808300
2022-09-28,89.31970977783203,90.94000244140625,91.61000061035156,87.95999908447266,88.91999816894531,533400
2022-09-29,88.87772369384766,90.48999786376953,91.37000274658203,88.81999969482422,89.94999694824219,540400
2022-09-30,86.60887145996094,88.18000030517578,91.26000213623047,88.01000213623047,90.86000061035156,593400
2022-10-03,91.02870178222656,92.68000030517578,93.79000091552734,88.9000015258789,89.55000305175781,946900
2022-10-04,94.09310913085938,95.80000305175781,96.30999755859375,93.72000122070312,93.79000091552734,783300
2022-10-05,93.02252197265625,94.70999908447266,95.36000061035156,93.08000183105469,94.22000122070312,438400
2022-10-06,91.62783813476562,93.29000091552734,94.4000015258789,92.97000122070312,93.5999984741211,399400
2022-10-07,89.80096435546875,91.43000030517578,92.5199966430664,90.80000305175781,92.5199966430664,487000
2022-10-10,89.06432342529297,90.68000030517578,92.44000244140625,90.06999969482422,91.93000030517578,514300
2022-10-11,90.41974639892578,92.05999755859375,93.26000213623047,89.79000091552734,90.56999969482422,435000
2022-10-12,88.88751983642578,90.5,92.30999755859375,90.43000030517578,92.30999755859375,446400
2022-10-13,92.37428283691406,94.05000305175781,94.12999725341797,87.98999786376953,89.01000213623047,718900
2022-10-14,89.90900421142578,91.54000091552734,95.36000061035156,91.2300033569336,94.5,464400
2022-10-17,92.75733947753906,94.44000244140625,94.83999633789062,93.1500015258789,93.1500015258789,573700
2022-10-18,93.90648651123047,95.61000061035156,97.63999938964844,95.0,96.72000122070312,622600
2022-10-19,93.35646057128906,95.05000305175781,95.68000030517578,94.12999725341797,94.87999725341797,468400
2022-10-20,92.37428283691406,94.05000305175781,96.55999755859375,93.81999969482422,95.41000366210938,438500
2022-10-21,88.39644622802734,90.0,90.20999908447266,82.5,87.2300033569336,1726100
2022-10-24,91.39210510253906,93.05000305175781,93.4800033569336,90.70999908447266,90.9800033569336,1044600
2022-10-25,94.95742797851562,96.68000030517578,98.52999877929688,93.08999633789062,93.08999633789062,1472500
2022-10-26,107.42132568359375,109.37000274658203,110.80000305175781,103.83000183105469,105.43000030517578,2282100
2022-10-27,110.45626068115234,112.45999908447266,113.91000366210938,108.73999786376953,109.47000122070312,1244300
2022-10-28,114.93502807617188,117.0199966430664,117.37000274658203,112.0199966430664,112.45999908447266,1041100
2022-10-31,113.8055191040039,115.87000274658203,118.16000366210938,115.66999816894531,116.52999877929688,837000
2022-11-01,115.22966766357422,117.31999969482422,117.47000122070312,115.30999755859375,116.83000183105469,615800
2022-11-02,111.11432647705078,113.12999725341797,117.48999786376953,112.95999908447266,117.48999786376953,759400
2022-11-03,109.70980834960938,111.69999694824219,112.05999755859375,109.69000244140625,111.69000244140625,697000
2022-11-04,110.0732192993164,112.06999969482422,113.5199966430664,109.3499984741211,112.62999725341797,642400
2022-11-07,111.11432647705078,113.12999725341797,113.4000015258789,110.05000305175781,112.93000030517578,596300
2022-11-08,111.21256256103516,113.2300033569336,114.19999694824219,111.16000366210938,112.5199966430664,572900
2022-11-09,109.69017028808594,111.68000030517578,114.19000244140625,110.94999694824219,112.38999938964844,428200
2022-11-10,119.62985229492188,121.80000305175781,122.1500015258789,114.81999969482422,115.87999725341797,1138900
2022-11-11,122.77281951904297,125.0,125.76000213623047,121.5999984741211,122.08999633789062,1017200
2022-11-14,123.44071960449219,125.68000030517578,127.02999877929688,122.63999938964844,124.37000274658203,746000
2022-11-15,125.3559799194336,127.62999725341797,129.1699981689453,125.52999877929688,127.16000366210938,865900
2022-11-16,124.06932067871094,126.31999969482422,127.75,124.80999755859375,127.33000183105469,609200
2022-11-17,124.0496826171875,126.30000305175781,126.56999969482422,123.52999877929688,124.98999786376953,648000
2022-11-18,126.37745666503906,128.6699981689453,129.25,126.5,128.42999267578125,648700
2022-11-21,125.42473602294922,127.69999694824219,130.0399932861328,127.08999633789062,127.69999694824219,623000
2022-11-22,126.46585083007812,128.75999450683594,129.1999969482422,127.04000091552734,128.0,987100
2022-11-23,127.3399658203125,129.64999389648438,131.0,127.97000122070312,128.97999572753906,603300
2022-11-25,130.36509704589844,132.72999572753906,132.72999572753906,130.05999755859375,131.97000122070312,274300
2022-11-28,126.82925415039062,129.1300048828125,131.14999389648438,129.0500030517578,131.0500030517578,823500
2022-11-29,128.22396850585938,130.5500030517578,130.8800048828125,128.35000610351562,128.35000610351562,446000
2022-11-30,128.71580505371094,130.85000610351562,131.5,129.00999450683594,130.33999633789062,1655400
2022-12-01,128.0763702392578,130.1999969482422,132.41000366210938,129.97999572753906,132.41000366210938,917100
2022-12-02,127.2402572631836,129.35000610351562,130.16000366210938,127.54000091552734,128.50999450683594,910100
2022-12-05,125.28270721435547,127.36000061035156,128.1199951171875,125.5999984741211,128.0,599500
2022-12-06,125.86308288574219,127.94999694824219,128.1199951171875,125.87999725341797,127.26000213623047,661200
2022-12-07,126.03030395507812,128.1199951171875,129.1999969482422,127.12999725341797,128.4499969482422,510000
2022-12-08,127.49604034423828,129.61000061035156,130.7100067138672,127.3499984741211,128.42999267578125,497800
2022-12-09,125.25320434570312,127.33000183105469,129.1699981689453,127.0999984741211,128.3300018310547,446100
2022-12-12,126.30574035644531,128.39999389648438,128.4499969482422,125.9800033569336,127.37000274658203,461600
2022-12-13,127.3386001586914,129.4499969482422,131.50999450683594,128.2899932861328,131.50999450683594,480700
2022-12-14,128.69610595703125,130.8300018310547,133.1699981689453,128.8000030517578,130.02000427246094,880800
2022-12-15,130.3683624267578,132.52999877929688,132.69000244140625,128.9499969482422,129.13999938964844,1356900
2022-12-16,133.55555725097656,135.77000427246094,137.1999969482422,131.60000610351562,131.60000610351562,2426300
2022-12-19,132.30624389648438,134.5,136.75999450683594,134.4199981689453,135.36000061035156,1105100
2022-12-20,133.37847900390625,135.58999633789062,137.3000030517578,133.9600067138672,134.07000732421875,723900
2022-12-21,139.68392944335938,142.0,142.0500030517578,136.63999938964844,136.63999938964844,1290900
2022-12-22,138.69041442871094,140.99000549316406,141.6300048828125,137.2100067138672,141.02999877929688,713200
2022-12-23,138.46414184570312,140.75999450683594,141.08999633789062,139.4199981689453,140.5500030517578,375900
2022-12-27,138.95599365234375,141.25999450683594,142.02000427246094,139.5500030517578,140.7899932861328,281600
2022-12-28,137.09683227539062,139.3699951171875,142.13999938964844,138.88999938964844,141.11000061035156,410200
2022-12-29,138.49368286132812,140.7899932861328,142.38999938964844,139.3300018310547,140.1300048828125,357600
2022-12-30,138.59202575683594,140.88999938964844,140.92999267578125,139.22000122070312,140.07000732421875,378100
2023-01-03,140.28396606445312,142.61000061035156,143.3300018310547,140.2899932861328,142.52000427246094,676800
2023-01-04,143.3924560546875,145.77000427246094,145.77999877929688,142.55999755859375,143.22000122070312,873800
2023-01-05,146.5402374267578,148.97000122070312,149.2899932861328,144.69000244140625,145.1199951171875,896100
2023-01-06,149.4814910888672,151.9600067138672,152.75,149.5500030517578,150.10000610351562,756600
2023-01-09,145.68443298339844,148.10000610351562,152.55999755859375,147.39999389648438,152.55999755859375,636300
2023-01-10,145.09422302246094,147.5,149.22000122070312,147.07000732421875,148.72999572753906,544900
2023-01-11,142.32020568847656,144.67999267578125,148.10000610351562,143.3800048828125,147.7100067138672,871800
2023-01-12,143.79574584960938,146.17999267578125,147.8300018310547,144.33999633789062,145.36000061035156,478500
2023-01-13,145.46803283691406,147.8800048828125,148.60000610351562,145.0399932861328,145.33999633789062,389700
2023-01-17,144.15975952148438,146.5500030517578,147.8800048828125,145.72000122070312,147.82000732421875,369400
2023-01-18,143.27439880371094,145.64999389648438,147.77999877929688,145.52999877929688,146.75,304000
2023-01-19,143.90394592285156,146.2899932861328,147.49000549316406,143.6999969482422,145.1300048828125,600200
2023-01-20,147.03208923339844,149.47000122070312,150.17999267578125,145.49000549316406,146.74000549316406,613400
2023-01-23,145.98939514160156,148.41000366210938,152.4600067138672,148.39999389648438,149.33999633789062,494800
2023-01-24,143.7662353515625,146.14999389648438,149.7100067138672,145.3699951171875,149.0500030517578,561800
2023-01-25,143.7662353515625,146.14999389648438,146.49000549316406,144.63999938964844,145.42999267578125,486000
2023-01-26,143.1563720703125,145.52999877929688,147.27000427246094,144.25999450683594,146.67999267578125,985600
2023-01-27,142.84158325195312,145.2100067138672,147.63999938964844,141.36000061035156,144.41000366210938,681300
2023-01-30,142.79238891601562,145.16000366210938,145.6199951171875,143.50999450683594,144.74000549316406,478000
2023-01-31,145.79263305664062,148.2100067138672,148.24000549316406,144.99000549316406,145.83999633789062,484200
2023-02-01,150.17990112304688,152.6699981689453,154.1199951171875,147.64999389648438,147.64999389648438,755600
2023-02-02,147.9764404296875,150.42999267578125,154.64999389648438,149.19000244140625,151.47000122070312,580400
2023-02-03,145.98939514160156,148.41000366210938,151.0800018310547,147.77000427246094,149.94000244140625,515800
2023-02-06,142.57594299316406,144.94000244140625,147.5399932861328,144.7100067138672,147.3000030517578,423900
2023-02-07,142.15301513671875,144.50999450683594,145.2899932861328,142.44000244140625,144.25999450683594,629800
2023-02-08,142.85140991210938,145.22000122070312,145.89999389648438,143.6699981689453,144.63999938964844,375400
2023-02-09,143.4022674560547,145.77999877929688,146.55999755859375,144.3699951171875,146.2899932861328,413300
2023-02-10,144.64170837402344,147.0399932861328,147.52000427246094,146.10000610351562,146.25999450683594,314100
2023-02-13,145.96969604492188,148.38999938964844,148.75999450683594,146.8300018310547,147.22999572753906,293300
2023-02-14,145.9205322265625,148.33999633789062,149.58999633789062,146.94000244140625,148.1300048828125,283000
2023-02-15,145.7238006591797,148.13999938964844,148.88999938964844,146.4600067138672,147.3300018310547,281700
2023-02-16,147.53378295898438,149.97999572753906,151.67999267578125,146.38999938964844,146.7100067138672,491300
2023-02-17,148.29122924804688,150.75,150.9199981689453,149.50999450683594,149.7899932861328,308500
2023-02-21,146.1369171142578,148.55999755859375,150.6199951171875,148.1699981689453,149.3300018310547,349800
2023-02-22,144.99583435058594,147.39999389648438,149.27000427246094,147.0,148.8800048828125,284500
2023-02-23,144.65159606933594,147.0500030517578,148.14999389648438,145.57000732421875,147.52000427246094,374800
2023-02-24,144.52366638183594,146.9199981689453,147.60000610351562,144.25999450683594,144.58999633789062,684800
2023-02-27,143.65802001953125,146.0399932861328,148.97999572753906,145.2100067138672,147.89999389648438,605700
2023-02-28,131.57162475585938,133.57000732421875,135.6199951171875,124.0,128.41000366210938,3220300
2023-03-01,130.10389709472656,132.0800018310547,132.66000366210938,127.25,132.66000366210938,1386500
2023-03-02,125.6022720336914,127.51000213623047,131.0,127.05999755859375,130.97000122070312,821000
2023-03-03,125.2181167602539,127.12000274658203,128.4499969482422,125.08999633789062,128.2899932861328,1245500
2023-03-06,124.05577087402344,125.94000244140625,127.27999877929688,124.54000091552734,126.19999694824219,1190200
2023-03-07,120.58841705322266,122.41999816894531,125.4800033569336,121.30000305175781,125.4800033569336,951400
2023-03-08,121.13019561767578,122.97000122070312,124.58000183105469,121.77999877929688,122.18000030517578,639100
2023-03-09,117.79092407226562,119.58000183105469,123.79000091552734,118.97000122070312,123.2699966430664,1003000
2023-03-10,115.91934967041016,117.68000030517578,119.29000091552734,116.16999816894531,119.29000091552734,773900
2023-03-13,114.79639434814453,116.54000091552734,118.2300033569336,115.38999938964844,115.80000305175781,580000
2023-03-14,114.84565734863281,116.58999633789062,118.63999938964844,115.8499984741211,118.55000305175781,754900
2023-03-15,115.88980865478516,117.6500015258789,117.73999786376953,113.69000244140625,113.8499984741211,858600
2023-03-16,119.2093734741211,121.0199966430664,122.19000244140625,116.3499984741211,116.3499984741211,840800
2023-03-17,117.49540710449219,119.27999877929688,120.87999725341797,118.88999938964844,120.79000091552734,923800
2023-03-20,121.44542694091797,123.29000091552734,124.0999984741211,119.80000305175781,119.80000305175781,690500
2023-03-21,123.99666595458984,125.87999725341797,126.72000122070312,124.48999786376953,125.0199966430664,727500
2023-03-22,120.4111328125,122.23999786376953,126.80000305175781,122.13999938964844,125.88999938964844,500100
2023-03-23,119.97771453857422,121.80000305175781,122.88999938964844,120.2300033569336,122.0,416000
2023-03-24,120.7952880859375,122.62999725341797,123.05000305175781,120.68000030517578,121.41000366210938,360400
2023-03-27,121.79016876220703,123.63999938964844,125.12000274658203,123.06999969482422,124.61000061035156,388600
2023-03-28,121.83943176269531,123.69000244140625,124.48999786376953,122.37000274658203,123.2699966430664,248300
2023-03-29,122.26299285888672,124.12000274658203,124.83999633789062,123.0199966430664,124.61000061035156,723700
2023-03-30,123.12982177734375,125.0,125.87999725341797,124.0199966430664,125.48999786376953,308600
2023-03-31,125.19841003417969,127.0999984741211,127.29000091552734,125.25,125.79000091552734,485700
2023-04-03,125.77958679199219,127.69000244140625,128.6199951171875,126.79000091552734,127.2699966430664,581000
2023-04-04,126.4395751953125,128.36000061035156,128.6199951171875,127.30999755859375,128.50999450683594,437800
2023-04-05,126.77446746826172,128.6999969482422,128.91000366210938,127.33999633789062,128.22000122070312,495900
2023-04-06,126.16373443603516,128.0800018310547,129.3000030517578,127.48999786376953,128.99000549316406,392100
2023-04-10,127.41475677490234,129.35000610351562,129.3800048828125,127.7699966430664,127.7699966430664,282500
2023-04-11,130.5668487548828,132.5500030517578,133.25,129.16000366210938,129.5399932861328,711000
2023-04-12,132.0740203857422,134.0800018310547,134.35000610351562,132.60000610351562,133.36000061035156,643300
2023-04-13,134.1819610595703,136.22000122070312,136.75,133.41000366210938,134.86000061035156,733100
2023-04-14,133.945556640625,135.97999572753906,138.3800048828125,135.52999877929688,136.7899932861328,460800
2023-04-17,134.20166015625,136.24000549316406,137.1999969482422,135.42999267578125,135.6300048828125,458100
2023-04-18,134.7532958984375,136.8000030517578,138.3699951171875,136.66000366210938,137.10000610351562,499000
2023-04-19,135.10789489746094,137.16000366210938,137.91000366210938,135.88999938964844,136.1699981689453,580900
2023-04-20,134.0440673828125,136.0800018310547,136.88999938964844,134.66000366210938,136.6699981689453,534600
2023-04-21,137.87586975097656,139.97000122070312,142.0800018310547,138.07000732421875,138.0800018310547,1065500
2023-04-24,138.5949249267578,140.6999969482422,143.0,138.7100067138672,140.0,775800
2023-04-25,138.61465454101562,140.72000122070312,144.4499969482422,139.92999267578125,142.58999633789062,1013100
2023-04-26,140.65365600585938,142.7899932861328,146.22999572753906,141.50999450683594,144.82000732421875,1438000
2023-04-27,143.63833618164062,145.82000732421875,145.97000122070312,143.1300048828125,143.42999267578125,762300
2023-04-28,148.1005401611328,150.35000610351562,150.47999572753906,145.9600067138672,145.97000122070312,772900
2023-05-01,145.97286987304688,148.19000244140625,152.1199951171875,147.9199981689453,150.4499969482422,619900
2023-05-02,141.7864532470703,143.94000244140625,147.60000610351562,141.83999633789062,147.0399932861328,746600
2023-05-03,140.41726684570312,142.5500030517578,145.14999389648438,141.50999450683594,144.50999450683594,789500
2023-05-04,138.97909545898438,141.08999633789062,142.05999755859375,139.07000732421875,141.83999633789062,438700
2023-05-05,140.6635284423828,142.8000030517578,143.75999450683594,141.47000122070312,142.4199981689453,344600
2023-05-08,141.0476837158203,143.19000244140625,143.97000122070312,142.05999755859375,142.36000061035156,311400
2023-05-09,140.99842834472656,143.13999938964844,143.6199951171875,140.52999877929688,143.0800018310547,379200
2023-05-10,139.41249084472656,141.52999877929688,144.47999572753906,140.41000366210938,144.47999572753906,498300
2023-05-11,137.93496704101562,140.02999877929688,141.16000366210938,138.74000549316406,140.6999969482422,489200
2023-05-12,137.44244384765625,139.52999877929688,141.11000061035156,138.6699981689453,140.69000244140625,333800
2023-05-15,135.9944610595703,138.05999755859375,139.5,136.2899932861328,139.3800048828125,887900
2023-05-16,132.3990478515625,134.41000366210938,138.72000122070312,133.8800048828125,137.25,1159100
2023-05-17,132.38922119140625,134.39999389648438,135.66000366210938,133.27000427246094,134.99000549316406,671300
2023-05-18,133.80763244628906,135.83999633789062,136.25,134.0,134.38999938964844,556900
2023-05-19,132.61575317382812,134.6300048828125,136.6999969482422,134.58999633789062,136.6999969482422,605600
2023-05-22,133.2166290283203,135.24000549316406,136.77999877929688,134.52999877929688,134.86000061035156,467100
2023-05-23,125.03096008300781,126.93000030517578,134.82000732421875,126.77999877929688,134.22999572753906,1123600
2023-05-24,125.51362609863281,127.41999816894531,127.66999816894531,125.52999877929688,126.62000274658203,982900
2023-05-25,125.6909408569336,127.5999984741211,128.36000061035156,125.77999877929688,126.5199966430664,632600
2023-05-26,126.06525421142578,127.9800033569336,128.27999877929688,125.58999633789062,127.38999938964844,628300
2023-05-30,129.3946533203125,131.36000061035156,133.0399932861328,128.94000244140625,129.02000427246094,856600
2023-05-31,130.35162353515625,132.1300048828125,133.13999938964844,128.1300048828125,130.36000061035156,816200
2023-06-01,129.37493896484375,131.13999938964844,132.8800048828125,130.8300018310547,132.02000427246094,429000
2023-06-02,133.63681030273438,135.4600067138672,136.89999389648438,133.0800018310547,133.36000061035156,611300
2023-06-05,132.89691162109375,134.7100067138672,137.36000061035156,134.58999633789062,135.4499969482422,550600
2023-06-06,134.1892852783203,136.02000427246094,136.11000061035156,133.77999877929688,135.16000366210938,490800
2023-06-07,135.63951110839844,137.49000549316406,138.8699951171875,135.60000610351562,136.77999877929688,510000
2023-06-08,136.03408813476562,137.88999938964844,139.44000244140625,136.50999450683594,139.44000244140625,332900
2023-06-09,134.54440307617188,136.3800048828125,137.49000549316406,135.99000549316406,136.99000549316406,314200
2023-06-12,134.3964385986328,136.22999572753906,136.86000061035156,135.0399932861328,136.33999633789062,327700
2023-06-13,139.07266235351562,140.97000122070312,141.89999389648438,136.38999938964844,136.6999969482422,606300
2023-06-14,144.22239685058594,146.19000244140625,153.72999572753906,145.72000122070312,145.74000549316406,1706300
2023-06-15,145.81072998046875,147.8000030517578,148.33999633789062,143.02000427246094,144.0,1104300
2023-06-16,146.61964416503906,148.6199951171875,151.99000549316406,147.1699981689453,149.80999755859375,1485500
2023-06-20,147.11293029785156,149.1199951171875,149.92999267578125,146.6300048828125,148.47000122070312,1058000
2023-06-21,147.7344970703125,149.75,151.41000366210938,147.89999389648438,148.3800048828125,1033100
2023-06-22,147.93177795410156,149.9499969482422,150.0,147.42999267578125,149.6300048828125,567700
2023-06-23,149.39186096191406,151.42999267578125,151.5800018310547,148.0800018310547,149.1300048828125,921700
2023-06-26,150.03311157226562,152.0800018310547,153.0,149.82000732421875,151.4499969482422,491800
2023-06-27,154.26536560058594,156.3699951171875,157.10000610351562,151.0,151.0800018310547,784400
2023-06-28,153.6734619140625,155.77000427246094,157.77000427246094,155.0,155.99000549316406,515000
2023-06-29,154.4034881591797,156.50999450683594,157.0,155.6300048828125,155.6300048828125,324000
2023-06-30,155.64654541015625,157.77000427246094,158.57000732421875,156.2100067138672,157.97000122070312,371500
2023-07-03,153.3182830810547,155.41000366210938,157.24000549316406,154.11000061035156,156.52000427246094,249700
2023-07-05,151.5819854736328,153.64999389648438,155.75,153.13999938964844,155.14999389648438,666600
2023-07-06,149.88510131835938,151.92999267578125,153.19000244140625,150.5,153.19000244140625,622200
2023-07-07,148.92819213867188,150.9600067138672,152.8300018310547,150.6300048828125,151.27999877929688,773800
2023-07-10,151.5819854736328,153.64999389648438,154.16000366210938,150.2899932861328,150.89999389648438,771200
2023-07-11,150.64476013183594,152.6999969482422,154.99000549316406,152.0399932861328,154.36000061035156,577200
2023-07-12,151.87794494628906,153.9499969482422,154.2100067138672,151.75,153.22000122070312,731100
2023-07-13,151.02951049804688,153.08999633789062,154.30999755859375,152.44000244140625,153.86000061035156,466900
2023-07-14,151.61155700683594,153.67999267578125,157.44000244140625,151.6999969482422,153.60000610351562,794300
2023-07-17,151.37478637695312,153.44000244140625,153.8800048828125,151.47999572753906,152.86000061035156,510000
2023-07-18,150.96044921875,153.02000427246094,154.72999572753906,152.0399932861328,152.47999572753906,490300
2023-07-19,150.33892822265625,152.38999938964844,153.25999450683594,149.00999450683594,152.52000427246094,813600
2023-07-20,149.3820037841797,151.4199981689453,153.72000122070312,150.55999755859375,153.64999389648438,507800
2023-07-21,146.5111541748047,148.50999450683594,152.3800048828125,148.1199951171875,151.77999877929688,669500
2023-07-24,146.32374572753906,148.32000732421875,150.19000244140625,147.89999389648438,149.3699951171875,522000
2023-07-25,147.62594604492188,149.63999938964844,150.2899932861328,146.4199981689453,147.44000244140625,852600
2023-07-26,139.52642822265625,141.42999267578125,146.3000030517578,138.5,143.86000061035156,1922300
2023-07-27,136.19190979003906,138.0500030517578,142.5399932861328,137.0800018310547,142.5399932861328,1017000
2023-07-28,136.8726806640625,138.74000549316406,139.9499969482422,137.5800018310547,139.75999450683594,795100
2023-07-31,137.08970642089844,138.9600067138672,139.19000244140625,136.74000549316406,139.0,642100
2023-08-01,137.3856201171875,139.25999450683594,140.19000244140625,137.61000061035156,139.05999755859375,596600
2023-08-02,134.75160217285156,136.58999633789062,140.2100067138672,136.2899932861328,139.25,719700
2023-08-03,133.48883056640625,135.30999755859375,137.50999450683594,135.16000366210938,136.74000549316406,748000
2023-08-04,132.5516357421875,134.36000061035156,135.66000366210938,133.19000244140625,135.35000610351562,1656900
2023-08-07,134.85025024414062,136.69000244140625,136.72999572753906,134.8800048828125,134.99000549316406,519600
2023-08-08,134.44578552246094,136.27999877929688,136.35000610351562,133.44000244140625,135.77000427246094,754900
2023-08-09,129.81887817382812,131.58999633789062,137.22000122070312,131.47000122070312,136.72000122070312,860200
2023-08-10,129.6018524169922,131.3699951171875,133.11000061035156,130.82000732421875,131.9499969482422,978700
2023-08-11,129.7597198486328,131.52999877929688,132.33999633789062,130.8300018310547,130.9499969482422,524100
2023-08-14,130.28256225585938,132.05999755859375,132.11000061035156,129.86000061035156,130.80999755859375,611300
2023-08-15,129.00991821289062,130.77000427246094,132.57000732421875,130.0,131.97000122070312,682500
2023-08-16,127.99375915527344,129.74000549316406,132.7899932861328,129.7100067138672,130.6999969482422,435300
2023-08-17,126.10948944091797,127.83000183105469,130.50999450683594,127.26000213623047,129.5800018310547,652600
2023-08-18,126.82964324951172,128.55999755859375,129.0399932861328,127.22000122070312,127.22000122070312,519200
2023-08-21,126.57317352294922,128.3000030517578,129.3300018310547,127.38999938964844,128.72999572753906,477300
2023-08-22,128.96060180664062,130.72000122070312,130.9199981689453,128.27999877929688,128.74000549316406,562700
2023-08-23,128.74359130859375,130.5,131.57000732421875,130.0399932861328,131.57000732421875,302100
2023-08-24,128.3785400390625,130.1300048828125,133.2100067138672,130.10000610351562,130.3699951171875,372700
2023-08-25,129.48345947265625,131.25,131.57000732421875,129.3699951171875,130.52000427246094,561700
2023-08-28,131.21975708007812,133.00999450683594,133.47000122070312,131.6199951171875,131.6199951171875,394300
2023-08-29,132.94619750976562,134.75999450683594,135.39999389648438,132.13999938964844,133.00999450683594,426900
2023-08-30,133.18299865722656,135.0,135.8300018310547,134.75999450683594,135.4199981689453,300800
2023-08-31,133.08421325683594,134.6999969482422,135.8800048828125,134.6300048828125,134.88999938964844,549800
2023-09-01,132.9557342529297,134.57000732421875,135.97000122070312,133.1300048828125,135.7100067138672,430000
2023-09-05,127.33399200439453,128.8800048828125,134.14999389648438,128.05999755859375,134.0800018310547,576500
2023-09-06,125.9508056640625,127.4800033569336,129.30999755859375,126.5,128.32000732421875,706900
2023-09-07,126.56336975097656,128.10000610351562,128.8000030517578,126.69000244140625,127.06999969482422,613400
2023-09-08,129.92257690429688,131.5,133.4199981689453,127.73999786376953,128.36000061035156,934900
2023-09-11,129.09266662597656,130.66000366210938,133.05999755859375,130.5800018310547,131.4600067138672,684300
2023-09-12,125.35800170898438,126.87999725341797,130.36000061035156,126.79000091552734,130.24000549316406,460300
2023-09-13,124.8837661743164,126.4000015258789,127.47000122070312,126.0,126.86000061035156,379700
2023-09-14,125.99031066894531,127.5199966430664,129.08999633789062,126.41000366210938,128.6699981689453,276100
2023-09-15,124.62687683105469,126.13999938964844,127.54000091552734,125.16999816894531,127.01000213623047,829700
2023-09-18,125.90141296386719,127.43000030517578,128.1199951171875,126.0,126.18000030517578,574000
2023-09-19,126.27684020996094,127.80999755859375,129.4499969482422,126.4800033569336,127.23999786376953,533600
2023-09-20,127.50198364257812,129.0500030517578,130.58999633789062,128.52999877929688,128.52999877929688,636700
2023-09-21,125.09122467041016,126.61000061035156,128.60000610351562,126.1500015258789,128.33999633789062,425300
2023-09-22,125.49633026123047,127.0199966430664,127.98999786376953,126.37999725341797,126.52999877929688,324000
2023-09-25,126.53373718261719,128.07000732421875,129.0,126.52999877929688,126.52999877929688,251300
2023-09-26,124.3403549194336,125.8499984741211,128.3800048828125,125.7699966430664,127.63999938964844,392000
2023-09-27,122.71014404296875,124.19999694824219,127.12000274658203,122.05999755859375,125.8499984741211,523300
2023-09-28,125.2789535522461,126.80000305175781,127.37000274658203,123.48999786376953,124.31999969482422,510900
2023-09-29,124.2218017578125,125.7300033569336,127.87999725341797,125.2300033569336,127.06999969482422,454000
2023-10-02,124.73556518554688,126.25,127.37999725341797,125.08000183105469,125.16999816894531,487300
2023-10-03,123.32271575927734,124.81999969482422,126.3499984741211,122.87000274658203,126.3499984741211,567100
2023-10-04,122.61134338378906,124.0999984741211,125.7300033569336,123.12999725341797,124.97000122070312,590100
2023-10-05,124.02420043945312,125.52999877929688,125.81999969482422,123.26000213623047,124.2699966430664,582400
2023-10-06,124.8738784790039,126.38999938964844,127.23999786376953,124.70999908447266,125.16999816894531,481900
2023-10-09,128.62831115722656,130.19000244140625,130.42999267578125,125.16999816894531,126.29000091552734,772900
2023-10-10,130.13992309570312,131.72000122070312,132.67999267578125,129.85000610351562,130.3699951171875,550800
2023-10-11,125.49633026123047,127.0199966430664,131.1699981689453,125.7300033569336,131.11000061035156,632100
2023-10-12,122.3248291015625,123.80999755859375,127.79000091552734,123.41000366210938,127.19000244140625,572300
2023-10-13,122.54218292236328,124.02999877929688,125.94999694824219,123.26000213623047,123.86000061035156,442900
2023-10-16,124.58735656738281,126.0999984741211,126.51000213623047,123.70999908447266,124.80999755859375,561700
2023-10-17,125.80260467529297,127.33000183105469,128.30999755859375,125.69000244140625,125.69000244140625,398400
2023-10-18,126.49419403076172,128.02999877929688,129.4199981689453,125.83999633789062,126.69999694824219,394300
2023-10-19,126.1286392211914,127.66000366210938,129.86000061035156,127.06999969482422,128.1300048828125,461500
2023-10-20,123.18439483642578,124.68000030517578,128.52000427246094,124.43000030517578,128.50999450683594,498300
2023-10-23,123.48080444335938,124.9800033569336,126.7300033569336,124.30000305175781,125.31999969482422,470000
2023-10-24,123.03617858886719,124.52999877929688,125.97000122070312,119.9000015258789,121.80000305175781,792700
2023-10-25,120.74402618408203,122.20999908447266,125.43000030517578,122.05999755859375,123.9000015258789,869600
2023-10-26,122.73979187011719,124.2300033569336,129.4499969482422,121.0,122.19000244140625,1738700
2023-10-27,121.8604736328125,123.33999633789062,126.2699966430664,121.8499984741211,123.6500015258789,1158000
2023-10-30,122.3445816040039,123.83000183105469,125.0999984741211,121.55000305175781,124.31999969482422,713400
2023-10-31,124.37986755371094,125.88999938964844,126.19999694824219,123.80000305175781,124.61000061035156,428600
2023-11-01,123.8858642578125,125.38999938964844,126.4800033569336,124.27999877929688,124.69000244140625,645600
2023-11-02,124.59722900390625,126.11000061035156,127.77999877929688,125.69000244140625,126.58999633789062,390200
2023-11-03,126.71156311035156,128.25,129.5800018310547,126.8499984741211,126.8499984741211,591600
2023-11-06,128.11451721191406,129.6699981689453,130.14999389648438,127.22000122070312,128.32000732421875,702500
2023-11-07,128.5690155029297,130.1300048828125,130.57000732421875,128.08999633789062,129.02999877929688,492600
2023-11-08,128.06512451171875,129.6199951171875,130.89999389648438,129.52999877929688,130.89999389648438,454100
2023-11-09,126.72144317626953,128.25999450683594,131.1999969482422,128.25,130.17999267578125,567900
2023-11-10,128.6678009033203,130.22999572753906,131.08999633789062,127.43000030517578,128.77000427246094,528900
2023-11-13,127.93669891357422,129.49000549316406,131.1300048828125,129.33999633789062,130.41000366210938,456000
2023-11-14,131.01927185058594,132.61000061035156,133.5800018310547,130.77999877929688,131.69000244140625,431000
2023-11-15,131.3057861328125,132.89999389648438,134.44000244140625,132.38999938964844,132.5399932861328,627700
2023-11-16,132.83717346191406,134.4499969482422,134.47999572753906,132.74000549316406,133.4499969482422,483500
2023-11-17,134.3291015625,135.9600067138672,138.1999969482422,135.35000610351562,135.6699981689453,612100
2023-11-20,134.30931091308594,135.94000244140625,137.0500030517578,134.91000366210938,134.91000366210938,419400
2023-11-21,134.40811157226562,136.0399932861328,137.55999755859375,135.8300018310547,136.0800018310547,366400
2023-11-22,136.7200927734375,138.3800048828125,138.5,136.1300048828125,136.7100067138672,276000
2023-11-24,137.05593872070312,138.72000122070312,139.60000610351562,138.16000366210938,138.6699981689453,152000
2023-11-27,135.58384704589844,137.22999572753906,138.58999633789062,136.10000610351562,138.35000610351562,470200
2023-11-28,134.44764709472656,136.0800018310547,137.57000732421875,134.9499969482422,137.57000732421875,359800
2023-11-29,134.12159729003906,135.75,137.66000366210938,135.2899932861328,136.74000549316406,358000
2023-11-30,136.03125,137.47999572753906,137.5399932861328,134.69000244140625,135.3000030517578,392200
2023-12-01,136.24893188476562,137.6999969482422,138.97000122070312,137.32000732421875,137.52000427246094,439900
2023-12-04,138.28724670410156,139.75999450683594,139.9499969482422,136.77999877929688,137.02999877929688,304000
2023-12-05,134.67572021484375,136.11000061035156,139.1999969482422,136.0800018310547,138.9600067138672,359000
2023-12-06,133.7950897216797,135.22000122070312,137.7899932861328,134.97000122070312,136.72999572753906,295600
2023-12-07,132.9342498779297,134.35000610351562,135.4499969482422,133.86000061035156,135.4499969482422,462100
2023-12-08,136.00155639648438,137.4499969482422,137.77000427246094,133.6999969482422,134.5800018310547,401300
2023-12-11,141.90866088867188,143.4199981689453,143.57000732421875,139.89999389648438,140.7100067138672,510700
2023-12-12,143.40274047851562,144.92999267578125,145.1300048828125,142.69000244140625,144.16000366210938,403900
2023-12-13,147.73660278320312,149.30999755859375,149.7899932861328,143.97000122070312,145.08999633789062,485800
2023-12-14,149.8738250732422,151.47000122070312,152.80999755859375,149.9199981689453,150.0,682200
2023-12-15,147.26165771484375,148.8300018310547,152.11000061035156,148.6999969482422,150.67999267578125,1514200
2023-12-18,148.36985778808594,149.9499969482422,150.22000122070312,147.3300018310547,149.5,545600
2023-12-19,149.29994201660156,150.88999938964844,151.77000427246094,149.9199981689453,150.3800048828125,435300
2023-12-20,146.51956176757812,148.0800018310547,151.57000732421875,148.0,151.33999633789062,424800
2023-12-21,149.41868591308594,151.00999450683594,151.3800048828125,149.02000427246094,149.17999267578125,453700
2023-12-22,151.4668426513672,153.0800018310547,153.57000732421875,151.25,151.5,382700
2023-12-26,152.50582885742188,154.1300048828125,155.17999267578125,152.6300048828125,153.27999877929688,288000
2023-12-27,151.00181579589844,152.61000061035156,153.9499969482422,151.6999969482422,153.92999267578125,374400
2023-12-28,151.0710906982422,152.67999267578125,153.75999450683594,151.91000366210938,152.4600067138672,332900
2023-12-29,150.8336181640625,152.44000244140625,153.0500030517578,151.35000610351562,152.6999969482422,239900
2024-01-02,154.76177978515625,156.41000366210938,157.82000732421875,152.5500030517578,152.8699951171875,674800
2024-01-03,151.42727661132812,153.0399932861328,156.11000061035156,152.38999938964844,155.49000549316406,472200
2024-01-04,150.5763397216797,152.17999267578125,154.0800018310547,151.9199981689453,153.22999572753906,599000
2024-01-05,152.080322265625,153.6999969482422,155.22000122070312,152.2100067138672,152.2100067138672,660000
2024-01-08,152.78286743164062,154.41000366210938,154.74000549316406,152.67999267578125,153.82000732421875,339500
2024-01-09,152.6542205810547,154.27999877929688,155.57000732421875,153.25999450683594,153.47000122070312,331700
2024-01-10,155.20703125,156.86000061035156,157.02999877929688,153.4499969482422,153.94000244140625,335800
2024-01-11,156.72091674804688,158.38999938964844,158.75,156.0399932861328,156.41000366210938,387300
2024-01-12,156.91879272460938,158.58999633789062,160.36000061035156,157.69000244140625,159.0,533800
2024-01-16,156.28555297851562,157.9499969482422,158.13999938964844,155.82000732421875,157.39999389648438,351000
2024-01-17,153.07969665527344,154.7100067138672,158.58999633789062,154.19000244140625,156.5399932861328,392000
2024-01-18,154.7419891357422,156.38999938964844,156.8800048828125,154.19000244140625,155.22000122070312,451000
2024-01-19,156.14703369140625,157.80999755859375,157.82000732421875,155.5800018310547,156.77000427246094,307900
2024-01-22,154.4055938720703,156.0500030517578,159.94000244140625,155.80999755859375,158.5,497700
2024-01-23,152.1891632080078,153.80999755859375,156.6699981689453,152.6999969482422,155.9199981689453,676200
2024-01-24,151.7340087890625,153.35000610351562,154.52000427246094,150.11000061035156,154.52000427246094,798500
2024-01-25,155.3257598876953,156.97999572753906,157.25,153.69000244140625,154.47999572753906,543600
2024-01-26,155.9095916748047,157.57000732421875,159.42999267578125,156.86000061035156,157.72999572753906,458300
2024-01-29,155.1971435546875,156.85000610351562,158.1199951171875,155.5399932861328,156.80999755859375,487900
2024-01-30,157.2750244140625,158.9499969482422,161.1999969482422,158.89999389648438,159.3300018310547,570900
2024-01-31,157.13648986816406,158.80999755859375,161.32000732421875,158.52000427246094,159.80999755859375,402000
2024-02-01,161.42088317871094,163.13999938964844,164.80999755859375,157.69000244140625,158.44000244140625,690400
2024-02-02,161.01515197753906,162.72999572753906,164.32000732421875,162.0,162.08999633789062,444700
2024-02-05,160.955810546875,162.6699981689453,164.1199951171875,161.6999969482422,162.22000122070312,409400
2024-02-06,160.44129943847656,162.14999389648438,163.5,161.22999572753906,162.17999267578125,293100
2024-02-07,160.7381134033203,162.4499969482422,164.33999633789062,161.9199981689453,162.47999572753906,292700
2024-02-08,160.2532958984375,161.9600067138672,163.0399932861328,160.47000122070312,162.4499969482422,368000
2024-02-09,160.66885375976562,162.3800048828125,162.8000030517578,161.27000427246094,161.99000549316406,270300
2024-02-12,162.8159942626953,164.5500030517578,164.9600067138672,160.75,161.8800048828125,393100
2024-02-13,158.90762329101562,160.60000610351562,163.44000244140625,160.19000244140625,162.24000549316406,397700
2024-02-14,160.00592041015625,161.7100067138672,163.35000610351562,160.22999572753906,161.8000030517578,353700
2024-02-15,161.0052947998047,162.72000122070312,163.63999938964844,161.8300018310547,163.27999877929688,391300
2024-02-16,160.45118713378906,162.16000366210938,163.75,160.85000610351562,162.50999450683594,309800
2024-02-20,160.71835327148438,162.42999267578125,162.77999877929688,160.69000244140625,161.08999633789062,390800
2024-02-21,161.57916259765625,163.3000030517578,163.39999389648438,160.85000610351562,162.02999877929688,309600
2024-02-22,162.7566375732422,164.49000549316406,165.86000061035156,162.77999877929688,163.50999450683594,660200
2024-02-23,162.57852172851562,164.30999755859375,166.35000610351562,164.2100067138672,164.6999969482422,524300
2024-02-26,162.59832763671875,164.3300018310547,165.7899932861328,162.1699981689453,164.30999755859375,508300
2024-02-27,164.04293823242188,165.7899932861328,165.7899932861328,163.02999877929688,164.1199951171875,826900
2024-02-28,160.02572631835938,161.72999572753906,176.42999267578125,161.16000366210938,170.5800018310547,1813000
2024-02-29,165.5042266845703,167.05999755859375,167.2100067138672,161.7100067138672,163.1300048828125,1004100
2024-03-01,169.52639770507812,171.1199951171875,171.89999389648438,166.0399932861328,167.05999755859375,680600
2024-03-04,172.97402954101562,174.60000610351562,175.52999877929688,170.52000427246094,170.7899932861328,662300
2024-03-05,173.86561584472656,175.5,177.52999877929688,173.72999572753906,173.72999572753906,556100
2024-03-06,174.31141662597656,175.9499969482422,177.25,173.3300018310547,175.88999938964844,505100
2024-03-07,176.01539611816406,177.6699981689453,179.41000366210938,176.22000122070312,177.4199981689453,419700
2024-03-08,174.05384826660156,175.69000244140625,178.0800018310547,175.6699981689453,177.36000061035156,516600
2024-03-11,169.69482421875,171.2899932861328,176.11000061035156,170.3699951171875,174.82000732421875,737300
2024-03-12,173.09288024902344,174.72000122070312,174.94000244140625,169.67999267578125,170.6699981689453,748100
2024-03-13,172.7857666015625,174.41000366210938,176.97999572753906,173.32000732421875,174.8000030517578,428700
2024-03-14,171.3195343017578,172.92999267578125,174.22000122070312,171.75999450683594,174.00999450683594,478600
2024-03-15,172.28050231933594,173.89999389648438,174.64999389648438,169.5,169.5,856300
2024-03-18,175.64886474609375,177.3000030517578,177.5800018310547,172.60000610351562,173.02999877929688,515600
2024-03-19,178.55157470703125,180.22999572753906,180.97999572753906,177.86000061035156,178.0,767900
2024-03-20,178.21473693847656,179.88999938964844,181.3800048828125,178.25,180.0800018310547,536200
2024-03-21,179.0865478515625,180.77000427246094,182.2899932861328,180.0,180.35000610351562,548100
2024-03-22,178.8091583251953,180.49000549316406,181.07000732421875,178.6699981689453,180.60000610351562,392800
2024-03-25,176.19374084472656,177.85000610351562,181.00999450683594,177.63999938964844,180.49000549316406,552300
2024-03-26,175.6587677001953,177.30999755859375,179.57000732421875,177.10000610351562,177.85000610351562,675700
2024-03-27,180.15646362304688,181.85000610351562,181.92999267578125,178.36000061035156,179.41000366210938,550200
2024-03-28,180.76080322265625,182.4600067138672,183.61000061035156,181.72999572753906,182.5,699100
2024-04-01,173.5783233642578,175.2100067138672,180.0,171.25999450683594,180.0,1348000
2024-04-02,170.81431579589844,172.4199981689453,174.42999267578125,169.6999969482422,174.42999267578125,878900
2024-04-03,172.12200927734375,173.74000549316406,174.88999938964844,171.47999572753906,172.1699981689453,488600
2024-04-04,170.7350616455078,172.33999633789062,174.97999572753906,171.4199981689453,174.97999572753906,405000
2024-04-05,171.81491088867188,173.42999267578125,173.9499969482422,171.82000732421875,172.82000732421875,388900
2024-04-08,170.03164672851562,171.6300048828125,173.5800018310547,171.47999572753906,172.89999389648438,428200
2024-04-09,169.9028778076172,171.5,172.1999969482422,169.2100067138672,171.72000122070312,665600
2024-04-10,168.64468383789062,170.22999572753906,171.85000610351562,169.05999755859375,169.3300018310547,388200
2024-04-11,166.8317413330078,168.39999389648438,171.4199981689453,167.7899932861328,170.4199981689453,399300
2024-04-12,165.23672485351562,166.7899932861328,169.07000732421875,165.7899932861328,167.85000610351562,521400
2024-04-15,164.87017822265625,166.4199981689453,169.97999572753906,165.4199981689453,169.00999450683594,545600
2024-04-16,159.9068145751953,161.41000366210938,166.4499969482422,160.74000549316406,166.4499969482422,795600
2024-04-17,158.53965759277344,160.02999877929688,162.52999877929688,159.4600067138672,162.0800018310547,547100
2024-04-18,152.21910095214844,153.64999389648438,157.17999267578125,152.69000244140625,155.25,1047600
2024-04-19,156.0035400390625,157.47000122070312,157.47000122070312,153.66000366210938,154.41000366210938,903000
2024-04-22,159.62945556640625,161.1300048828125,161.9600067138672,158.10000610351562,158.49000549316406,672600
2024-04-23,163.37425231933594,164.91000366210938,165.97999572753906,161.49000549316406,161.66000366210938,803900
2024-04-24,164.35501098632812,165.89999389648438,166.69000244140625,163.47999572753906,164.17999267578125,1213400
2024-04-25,163.56248474121094,165.10000610351562,174.9499969482422,161.5800018310547,174.9499969482422,1260200
2024-04-26,164.51353454589844,166.05999755859375,167.74000549316406,160.83999633789062,163.1999969482422,965400
2024-04-29,167.54501342773438,169.1199951171875,169.47000122070312,166.8000030517578,166.8000030517578,650800
2024-04-30,168.84280395507812,170.42999267578125,171.02000427246094,168.61000061035156,170.02999877929688,1004200
2024-05-01,168.6050567626953,170.19000244140625,172.9499969482422,168.2899932861328,169.4199981689453,1161900
2024-05-02,168.30787658691406,169.88999938964844,171.19000244140625,167.1300048828125,171.13999938964844,652000
2024-05-03,166.1382598876953,167.6999969482422,171.7899932861328,167.5399932861328,171.7899932861328,597900
2024-05-06,167.57473754882812,169.14999389648438,169.6300048828125,168.5800018310547,169.0399932861328,811300
2024-05-07,167.92147827148438,169.5,171.2100067138672,169.38999938964844,170.5800018310547,660700
2024-05-08,167.89178466796875,169.47000122070312,170.52000427246094,167.36000061035156,168.7100067138672,513900
2024-05-09,175.4011993408203,177.0500030517578,177.3300018310547,169.69000244140625,169.69000244140625,710700
2024-05-10,176.43148803710938,178.08999633789062,180.60000610351562,176.8699951171875,177.0500030517578,573400
2024-05-13,176.92684936523438,178.58999633789062,178.6300048828125,176.42999267578125,178.19000244140625,743400
2024-05-14,177.24386596679688,178.91000366210938,181.38999938964844,177.38999938964844,180.39999389648438,1007500
2024-05-15,180.54286193847656,182.24000549316406,182.8800048828125,179.32000732421875,179.47000122070312,562600
2024-05-16,177.31321716308594,178.97999572753906,182.9199981689453,178.67999267578125,181.30999755859375,873500
2024-05-17,176.04513549804688,177.6999969482422,179.3800048828125,177.13999938964844,179.3800048828125,344200
2024-05-20,179.7205810546875,181.41000366210938,181.94000244140625,178.13999938964844,181.94000244140625,597900
2024-05-21,178.52188110351562,180.1999969482422,181.77000427246094,177.86000061035156,181.17999267578125,713900
2024-05-22,177.2339324951172,178.89999389648438,181.5500030517578,178.32000732421875,179.75999450683594,423000
2024-05-23,175.2624969482422,176.91000366210938,178.7899932861328,176.3800048828125,178.63999938964844,476400
2024-05-24,174.72750854492188,176.3699951171875,178.57000732421875,176.1699981689453,178.4600067138672,588300
2024-05-28,173.54859924316406,175.17999267578125,176.2899932861328,174.27999877929688,175.22000122070312,404000
2024-05-29,178.55157470703125,180.22999572753906,181.61000061035156,174.42999267578125,174.5,900500
2024-05-30,184.16876220703125,185.89999389648438,186.64999389648438,180.17999267578125,180.3300018310547,776900
2024-05-31,188.03245544433594,189.8000030517578,189.9499969482422,184.75999450683594,186.1999969482422,847300
2024-06-03,185.0572509765625,186.60000610351562,189.16000366210938,185.5,188.47999572753906,634300
2024-06-04,183.1134490966797,184.63999938964844,186.60000610351562,181.1999969482422,185.86000061035156,458100
2024-06-05,187.9035186767578,189.47000122070312,189.8300018310547,185.47999572753906,185.8800048828125,629900
2024-06-06,187.77459716796875,189.33999633789062,190.5,187.60000610351562,188.80999755859375,541300
2024-06-07,185.9795684814453,187.52999877929688,188.88999938964844,187.30999755859375,187.5399932861328,343800
2024-06-10,187.36795043945312,188.92999267578125,189.3000030517578,185.77999877929688,186.64999389648438,671800
2024-06-11,184.14486694335938,185.67999267578125,188.3800048828125,185.60000610351562,188.00999450683594,608500
2024-06-12,185.69198608398438,187.24000549316406,189.3800048828125,186.13999938964844,188.16000366210938,892300
2024-06-13,186.62417602539062,188.17999267578125,188.6699981689453,183.25,186.72999572753906,520600
2024-06-14,186.29693603515625,187.85000610351562,188.22000122070312,183.25,186.66000366210938,590700
2024-06-17,188.24070739746094,189.80999755859375,190.16000366210938,186.10000610351562,186.75,555100
2024-06-18,188.98451232910156,190.55999755859375,191.27999877929688,188.32000732421875,189.5,403600
2024-06-20,187.12005615234375,188.67999267578125,191.50999450683594,188.33999633789062,189.8300018310547,349800
2024-06-21,187.53659057617188,189.10000610351562,190.11000061035156,187.1300048828125,188.80999755859375,783700
2024-06-24,189.4307861328125,191.00999450683594,191.9199981689453,188.72999572753906,189.77999877929688,468600
2024-06-25,186.14816284179688,187.6999969482422,193.47999572753906,181.82000732421875,191.5,899000
2024-06-26,188.10186767578125,189.6699981689453,191.19000244140625,186.47999572753906,191.19000244140625,721600
2024-06-27,189.9762420654297,191.55999755859375,191.5800018310547,187.0399932861328,189.39999389648438,404600
2024-06-28,183.4010467529297,184.92999267578125,194.02000427246094,182.2100067138672,191.75,1163000
2024-07-01,180.69361877441406,182.1999969482422,188.52999877929688,182.07000732421875,186.0500030517578,559900
2024-07-02,183.19281005859375,184.72000122070312,185.08999633789062,180.77000427246094,182.52000427246094,414500
2024-07-03,183.8572540283203,185.38999938964844,186.4499969482422,183.92999267578125,184.39999389648438,239200
2024-07-05,179.43411254882812,180.92999267578125,184.63999938964844,177.64999389648438,184.14999389648438,893100
2024-07-08,179.13661193847656,180.6300048828125,182.22000122070312,177.35000610351562,181.74000549316406,939300
2024-07-09,179.45394897460938,180.9499969482422,183.2100067138672,180.08999633789062,181.5500030517578,587300
2024-07-10,178.69033813476562,180.17999267578125,182.38999938964844,179.30999755859375,181.8699951171875,736000
2024-07-11,182.4291534423828,183.9499969482422,184.13999938964844,180.61000061035156,181.6199951171875,809000
2024-07-12,182.90518188476562,184.42999267578125,187.22999572753906,184.1999969482422,184.6300048828125,421400
2024-07-15,177.20272827148438,178.67999267578125,183.3699951171875,178.05999755859375,179.19000244140625,709300
2024-07-16,182.3597412109375,183.8800048828125,183.92999267578125,177.3699951171875,180.0,1034900
2024-07-17,182.25064086914062,183.77000427246094,189.64999389648438,181.39999389648438,183.8800048828125,865900
2024-07-18,179.97958374023438,181.47999572753906,186.75,180.49000549316406,183.50999450683594,825600
2024-07-19,179.32501220703125,180.82000732421875,183.02000427246094,179.5,183.02000427246094,634600
2024-07-22,180.6638641357422,182.1699981689453,183.5,179.80999755859375,181.3300018310547,610700
2024-07-23,183.76800537109375,185.3000030517578,186.5,181.2899932861328,184.3699951171875,854300
2024-07-24,184.43246459960938,185.97000122070312,189.77999877929688,185.0500030517578,187.0,958700
2024-07-25,203.2952117919922,204.99000549316406,207.6999969482422,192.0,192.19000244140625,2759900
2024-07-26,211.92327880859375,213.69000244140625,214.63999938964844,206.36000061035156,209.5800018310547,1474300
2024-07-29,215.63235473632812,217.42999267578125,219.61000061035156,214.36000061035156,215.64999389648438,914800
2024-07-30,213.32164001464844,215.10000610351562,218.9600067138672,214.75999450683594,217.1199951171875,878700
2024-07-31,211.99270629882812,213.75999450683594,216.83999633789062,211.75,215.99000549316406,1108800
2024-08-01,214.03565979003906,215.82000732421875,218.99000549316406,212.7899932861328,215.11000061035156,849600
2024-08-02,211.44723510742188,213.2100067138672,216.9199981689453,210.9600067138672,214.33999633789062,858500
2024-08-05,209.25552368164062,211.0,213.6699981689453,205.14999389648438,209.11000061035156,778400
2024-08-06,210.35633850097656,212.11000061035156,213.60000610351562,209.75999450683594,211.05999755859375,1603600
2024-08-07,210.3166961669922,212.07000732421875,215.27999877929688,210.02999877929688,213.9600067138672,978900
2024-08-08,216.59434509277344,218.39999389648438,218.55999755859375,212.0,212.55999755859375,715300
2024-08-09,213.4406280517578,215.22000122070312,218.67999267578125,214.86000061035156,218.08999633789062,502500
2024-08-12,215.93980407714844,217.74000549316406,217.8800048828125,214.47999572753906,215.17999267578125,387300
2024-08-13,218.65711975097656,220.47999572753906,221.66000366210938,218.0800018310547,218.0800018310547,560100
2024-08-14,220.01583862304688,221.85000610351562,224.33999633789062,219.92999267578125,221.5399932861328,534000
2024-08-15,221.42408752441406,223.27000427246094,224.08999633789062,219.6699981689453,223.02999877929688,543700
2024-08-16,224.56788635253906,226.44000244140625,227.0,222.6199951171875,223.92999267578125,570600
2024-08-19,225.6389617919922,227.52000427246094,228.27999877929688,224.6199951171875,226.5500030517578,454300
2024-08-20,225.67860412597656,227.55999755859375,229.00999450683594,225.89999389648438,227.6999969482422,553900
2024-08-21,225.9166259765625,227.8000030517578,228.83999633789062,226.3699951171875,227.55999755859375,506500
2024-08-22,227.39430236816406,229.2899932861328,230.49000549316406,228.66000366210938,228.97999572753906,519700
2024-08-23,231.21246337890625,233.13999938964844,233.75999450683594,229.7899932861328,230.57000732421875,684800
2024-08-26,231.11329650878906,233.0399932861328,235.2100067138672,231.52999877929688,233.3699951171875,493800
2024-08-27,233.4141082763672,235.36000061035156,235.60000610351562,232.5500030517578,232.5500030517578,521600
2024-08-28,234.87196350097656,236.8300018310547,237.7899932861328,235.5,235.5,619900
2024-08-29,233.7414093017578,235.69000244140625,237.86000061035156,234.80999755859375,237.83999633789062,378400
2024-08-30,236.00254821777344,237.97000122070312,238.25999450683594,235.39999389648438,235.39999389648438,494100
2024-09-03,234.71221923828125,236.47000122070312,239.2899932861328,235.10000610351562,237.27000427246094,599300
2024-09-04,236.82635498046875,238.60000610351562,238.69000244140625,235.66000366210938,236.64999389648438,524000
2024-09-05,237.5310821533203,239.30999755859375,239.32000732421875,235.52999877929688,237.99000549316406,704800
2024-09-06,227.44659423828125,229.14999389648438,241.9499969482422,226.58999633789062,239.0800018310547,929600
2024-09-09,224.8262176513672,226.50999450683594,232.6999969482422,223.74000549316406,230.2899932861328,954000
2024-09-10,224.0023956298828,225.67999267578125,229.4600067138672,224.47999572753906,227.22000122070312,555700
2024-09-11,228.06201171875,229.77000427246094,231.52999877929688,224.25,225.4499969482422,819100
2024-09-12,229.64019775390625,231.36000061035156,231.97000122070312,226.27000427246094,226.27000427246094,560600
2024-09-13,230.8312530517578,232.55999755859375,233.6699981689453,231.10000610351562,231.10000610351562,346000
2024-09-16,233.2432098388672,234.99000549316406,236.8000030517578,232.4600067138672,233.85000610351562,480800
2024-09-17,230.55332946777344,232.27999877929688,235.6699981689453,230.9199981689453,234.63999938964844,605100
2024-09-18,232.94540405273438,234.69000244140625,237.25999450683594,230.0,230.02999877929688,615000
2024-09-19,236.0223846435547,237.7899932861328,237.8000030517578,233.52999877929688,236.92999267578125,489300
2024-09-20,236.25067138671875,238.02000427246094,239.5500030517578,235.3800048828125,237.16000366210938,843300
2024-09-23,238.8015899658203,240.58999633789062,241.3300018310547,238.1199951171875,239.22000122070312,421700
2024-09-24,239.7246856689453,241.52000427246094,243.25,238.50999450683594,240.13999938964844,463000
2024-09-25,239.44674682617188,241.24000549316406,242.83999633789062,240.6699981689453,242.00999450683594,354600
2024-09-26,237.88841247558594,239.6699981689453,241.52999877929688,237.5399932861328,241.08999633789062,398100
2024-09-27,228.2108917236328,229.9199981689453,239.9600067138672,223.3000030517578,239.5399932861328,1381300
2024-09-30,227.3076629638672,229.00999450683594,229.36000061035156,212.0800018310547,224.07000732421875,1753200
2024-10-01,222.989990234375,224.66000366210938,228.80999755859375,222.33999633789062,228.58999633789062,822700
2024-10-02,222.3349151611328,224.0,225.5,222.86000061035156,224.0,707600
2024-10-03,213.57052612304688,215.1699981689453,224.61000061035156,212.5,223.55999755859375,1529600
2024-10-04,214.0767364501953,215.67999267578125,217.5,212.97999572753906,216.7899932861328,674400
2024-10-07,211.20822143554688,212.7899932861328,216.35000610351562,211.22999572753906,214.42999267578125,741500
2024-10-08,210.92037963867188,212.5,214.13999938964844,209.27000427246094,213.6999969482422,831800
2024-10-09,211.36703491210938,212.9499969482422,214.47000122070312,208.24000549316406,212.1199951171875,694000
2024-10-10,211.31741333007812,212.89999389648438,213.89999389648438,209.7899932861328,212.67999267578125,471700
2024-10-11,212.73680114746094,214.3300018310547,214.9499969482422,213.1199951171875,213.8699951171875,420600
2024-10-14,218.81129455566406,220.4499969482422,221.57000732421875,213.89999389648438,214.02999877929688,893600
2024-10-15,223.66494750976562,225.33999633789062,231.6300048828125,221.0,221.0,1123000
2024-10-16,235.1389923095703,236.89999389648438,239.8300018310547,230.44000244140625,231.60000610351562,935200
2024-10-17,232.4193878173828,234.16000366210938,238.6199951171875,233.19000244140625,234.5800018310547,620400
2024-10-18,234.91070556640625,236.6699981689453,240.25999450683594,232.47000122070312,233.50999450683594,993400
2024-10-21,231.88339233398438,233.6199951171875,237.8300018310547,232.60000610351562,235.86000061035156,628200
2024-10-22,230.82135009765625,232.5500030517578,234.44000244140625,229.52999877929688,231.8300018310547,607400
2024-10-23,232.4193878173828,234.16000366210938,235.16000366210938,231.89999389648438,233.25,596300
2024-10-24,222.989990234375,224.66000366210938,234.38999938964844,223.74000549316406,233.52000427246094,1344600
2024-10-25,201.24285888671875,202.75,212.77999877929688,201.8699951171875,208.0,1483000
2024-10-28,203.02947998046875,204.5500030517578,207.66000366210938,202.1699981689453,203.8000030517578,934100
2024-10-29,204.38929748535156,205.9199981689453,209.32000732421875,203.60000610351562,204.0,906100
2024-10-30,205.95755004882812,207.5,208.5800018310547,202.61000061035156,205.02000427246094,684000
2024-10-31,202.791259765625,204.30999755859375,207.4199981689453,203.27000427246094,205.42999267578125,1117500
2024-11-01,203.73422241210938,205.25999450683594,207.1999969482422,204.13999938964844,206.64999389648438,632500
2024-11-04,207.2776641845703,208.8300018310547,210.5800018310547,204.80999755859375,204.80999755859375,997800
2024-11-05,210.59283447265625,212.1699981689453,212.1699981689453,206.89999389648438,207.63999938964844,497900
2024-11-06,202.00714111328125,203.52000427246094,206.4600067138672,193.7899932861328,197.85000610351562,1443500
2024-11-07,206.8607940673828,208.41000366210938,208.42999267578125,201.92999267578125,205.2100067138672,986400
2024-11-08,205.95755004882812,207.5,210.58999633789062,206.8800048828125,209.4499969482422,572800
2024-11-11,207.00967407226562,208.55999755859375,211.11000061035156,208.0399932861328,208.0399932861328,479100
2024-11-12,203.71434020996094,205.24000549316406,209.52000427246094,204.19000244140625,208.64999389648438,637100
2024-11-13,201.24285888671875,202.75,207.0,202.4600067138672,206.36000061035156,612600
2024-11-14,199.5157928466797,201.00999450683594,206.91000366210938,200.80999755859375,202.69000244140625,699900
2024-11-15,200.1907501220703,201.69000244140625,201.75,198.38999938964844,200.82000732421875,759900
2024-11-18,196.46861267089844,197.94000244140625,201.85000610351562,196.75999450683594,200.74000549316406,658000
2024-11-19,195.32716369628906,196.7899932861328,198.36000061035156,194.00999450683594,197.24000549316406,895600
2024-11-20,196.05172729492188,197.52000427246094,198.27999877929688,192.19000244140625,196.8000030517578,1016400
2024-11-21,196.1410675048828,197.61000061035156,197.7899932861328,189.41000366210938,195.0,999200
2024-11-22,196.46861267089844,197.94000244140625,199.1199951171875,194.99000549316406,195.75999450683594,1205700
2024-11-25,197.7291717529297,199.2100067138672,200.25999450683594,195.35000610351562,196.72000122070312,713800
2024-11-26,204.5580291748047,206.08999633789062,206.7100067138672,198.1199951171875,199.58999633789062,986700
2024-11-27,201.9873046875,203.5,208.44000244140625,202.05999755859375,206.00999450683594,566600
2024-11-29,203.4761505126953,205.0,205.25,201.9600067138672,202.47999572753906,375800
2024-12-02,199.5654296875,201.05999755859375,204.42999267578125,200.5399932861328,203.1300048828125,726400
2024-12-03,197.06166076660156,198.33999633789062,203.72000122070312,198.1300048828125,203.36000061035156,453800
2024-12-04,197.8366241455078,199.1199951171875,200.1699981689453,197.92999267578125,199.0,563100
2024-12-05,194.78643798828125,196.0500030517578,199.1699981689453,195.67999267578125,199.1199951171875,441100
2024-12-06,192.9682159423828,194.22000122070312,198.02000427246094,192.44000244140625,196.6199951171875,569500
2024-12-09,191.6070556640625,192.85000610351562,195.8699951171875,192.08999633789062,194.52999877929688,500500
2024-12-10,190.4644775390625,191.6999969482422,193.82000732421875,188.72000122070312,192.25999450683594,458000
2024-12-11,189.48085021972656,190.7100067138672,193.3000030517578,189.75999450683594,193.3000030517578,343300
2024-12-12,185.23837280273438,186.44000244140625,193.0,185.92999267578125,191.16000366210938,628400
2024-12-13,186.19215393066406,187.39999389648438,187.99000549316406,186.05999755859375,186.41000366210938,498100
2024-12-16,182.9730682373047,184.16000366210938,188.0,183.50999450683594,185.0,902700
2024-12-17,181.42311096191406,182.60000610351562,184.3800048828125,180.85000610351562,182.52999877929688,701200
2024-12-18,176.3857879638672,177.52999877929688,185.16000366210938,177.02000427246094,183.75999450683594,925800
2024-12-19,174.6669464111328,175.8000030517578,178.80999755859375,175.35000610351562,177.02000427246094,1406400
2024-12-20,178.9491729736328,180.11000061035156,181.08999633789062,175.97999572753906,176.30999755859375,1272900
2024-12-23,179.55523681640625,180.72000122070312,180.86000061035156,178.6699981689453,179.33999633789062,443400
2024-12-24,180.052001953125,181.22000122070312,181.22000122070312,179.63999938964844,180.08999633789062,127200
2024-12-26,179.9626007080078,181.1300048828125,181.4499969482422,180.08999633789062,180.52000427246094,242600
2024-12-27,179.2969207763672,180.4600067138672,181.6199951171875,177.47999572753906,178.99000549316406,355400
2024-12-30,177.2203826904297,178.3699951171875,180.4600067138672,176.4199981689453,179.91000366210938,320500
2024-12-31,178.2635955810547,179.4199981689453,180.14999389648438,178.0500030517578,179.10000610351562,298800
2025-01-02,178.51197814941406,179.6699981689453,182.02999877929688,179.14999389648438,180.97999572753906,301100
2025-01-03,177.73703002929688,178.88999938964844,180.08999633789062,174.10000610351562,180.0,407500
2025-01-06,179.89303588867188,181.05999755859375,183.22000122070312,179.6699981689453,179.6699981689453,553300
2025-01-07,184.8011932373047,186.0,187.19000244140625,182.47000122070312,182.77999877929688,667800
2025-01-08,189.10328674316406,190.3300018310547,190.94000244140625,183.72000122070312,185.19000244140625,786400
2025-01-10,181.7509765625,182.92999267578125,190.77000427246094,180.6199951171875,188.88999938964844,767500
2025-01-13,184.5428924560547,185.74000549316406,185.75,180.75,181.75,429700
2025-01-14,182.9730682373047,184.16000366210938,185.97000122070312,180.6300048828125,185.92999267578125,390100
2025-01-15,182.40673828125,183.58999633789062,187.2100067138672,183.10000610351562,187.2100067138672,332500
2025-01-16,182.87371826171875,184.05999755859375,185.19000244140625,181.9600067138672,183.30999755859375,363100
2025-01-17,183.6089324951172,184.8000030517578,185.50999450683594,183.39999389648438,184.3000030517578,378400
2025-01-21,187.5632781982422,188.77999877929688,189.07000732421875,184.80999755859375,185.80999755859375,404600
2025-01-22,185.82456970214844,187.02999877929688,188.77999877929688,184.69000244140625,188.35000610351562,304600
2025-01-23,188.6760711669922,189.89999389648438,190.25999450683594,186.39999389648438,188.13999938964844,672300
2025-01-24,184.57269287109375,185.77000427246094,191.00999450683594,182.25,190.07000732421875,721400
2025-01-27,190.0372314453125,191.27000427246094,191.97999572753906,186.82000732421875,186.82000732421875,453500
2025-01-28,187.49375915527344,188.7100067138672,192.80999755859375,186.44000244140625,192.3300018310547,514400
2025-01-29,185.9735870361328,187.17999267578125,190.50999450683594,186.47000122070312,189.1999969482422,403600
2025-01-30,188.0699920654297,189.2899932861328,191.8800048828125,188.4199981689453,188.8699951171875,321000
2025-01-31,187.34469604492188,188.55999755859375,190.92999267578125,187.82000732421875,188.9499969482422,369900
2025-02-03,189.48085021972656,190.7100067138672,195.0,185.47999572753906,186.38999938964844,481700
2025-02-04,191.3983917236328,192.63999938964844,192.77000427246094,189.2899932861328,189.4600067138672,391700
2025-02-05,192.0243682861328,193.27000427246094,195.52999877929688,192.0800018310547,194.08999633789062,427100
2025-02-06,187.21554565429688,188.42999267578125,194.41000366210938,186.19000244140625,193.52000427246094,605700
2025-02-07,186.71876525878906,187.92999267578125,190.25999450683594,186.88999938964844,189.5399932861328,291600
2025-02-10,184.1553955078125,185.35000610351562,188.16000366210938,181.2899932861328,188.16000366210938,478700
2025-02-11,184.75152587890625,185.9499969482422,186.66000366210938,184.4499969482422,184.89999389648438,320000
2025-02-12,178.0847625732422,179.24000549316406,184.30999755859375,177.5800018310547,184.10000610351562,902200
2025-02-13,181.6317596435547,182.80999755859375,182.8800048828125,176.22000122070312,179.4199981689453,1033600
2025-02-14,180.36993408203125,181.5399932861328,184.92999267578125,181.30999755859375,183.1999969482422,392300
2025-02-18,181.8602752685547,183.0399932861328,183.5500030517578,181.00999450683594,182.05999755859375,590500
2025-02-19,182.23782348632812,183.4199981689453,184.94000244140625,180.82000732421875,180.82000732421875,941100
2025-02-20,182.98300170898438,184.1699981689453,184.5,182.1699981689453,182.52999877929688,742600
2025-02-21,178.8696746826172,180.02999877929688,184.02999877929688,179.0500030517578,182.8800048828125,760500
2025-02-24,180.29046630859375,181.4600067138672,181.50999450683594,177.07000732421875,181.0500030517578,726700
2025-02-25,187.7917938232422,189.00999450683594,189.61000061035156,181.8000030517578,181.8000030517578,846000
2025-02-26,178.95909118652344,180.1199951171875,188.11000061035156,178.9600067138672,187.52999877929688,1149500
2025-02-27,184.86080932617188,186.05999755859375,195.22999572753906,184.44000244140625,190.08999633789062,2144700
2025-02-28,174.1204833984375,175.25,175.30999755859375,165.99000549316406,170.61000061035156,2056700
2025-03-03,174.86651611328125,175.8000030517578,177.69000244140625,174.5800018310547,176.00999450683594,1075900
2025-03-04,172.37979125976562,173.3000030517578,177.00999450683594,171.49000549316406,176.25999450683594,1078200
2025-03-05,176.77630615234375,177.72000122070312,178.44000244140625,172.13999938964844,173.05999755859375,1194500
2025-03-06,174.48854064941406,175.4199981689453,179.16000366210938,173.08999633789062,177.11000061035156,1237200
2025-03-07,171.74319458007812,172.66000366210938,176.8000030517578,171.0800018310547,174.8699951171875,1876400
2025-03-10,173.62315368652344,174.5500030517578,179.5500030517578,171.13999938964844,171.13999938964844,1515800
2025-03-11,171.6039276123047,172.52000427246094,175.35000610351562,171.0,175.0,1225600
2025-03-12,165.7252960205078,166.61000061035156,172.7899932861328,164.75,172.52999877929688,946100
2025-03-13,163.11923217773438,163.99000549316406,167.6699981689453,162.39999389648438,167.02000427246094,1101000
2025-03-14,166.77967834472656,167.6699981689453,169.77000427246094,164.6699981689453,165.67999267578125,757900
2025-03-17,173.65298461914062,174.5800018310547,175.25,166.7899932861328,166.7899932861328,897800
2025-03-18,175.40362548828125,176.33999633789062,177.4600067138672,173.7899932861328,174.5500030517578,903100
2025-03-19,177.13441467285156,178.0800018310547,179.8000030517578,176.1300048828125,176.1300048828125,855800
2025-03-20,177.7510986328125,178.6999969482422,181.07000732421875,176.22000122070312,176.99000549316406,919100
2025-03-21,173.21531677246094,174.13999938964844,178.19000244140625,173.88999938964844,177.2100067138672,1400500
2025-03-24,180.61582946777344,181.5800018310547,182.83999633789062,174.60000610351562,175.14999389648438,951700
2025-03-25,184.9228057861328,185.91000366210938,189.77000427246094,182.92999267578125,183.80999755859375,1221700
2025-03-26,183.48052978515625,184.4600067138672,187.4499969482422,181.0,187.35000610351562,1056900
2025-03-27,185.53953552246094,186.52999877929688,187.9499969482422,183.13999938964844,184.8699951171875,1006200
2025-03-28,185.19139099121094,186.17999267578125,188.39999389648438,185.63999938964844,187.2899932861328,733200
2025-03-31,186.90223693847656,187.89999389648438,189.58999633789062,183.22999572753906,184.77000427246094,654100
2025-04-01,186.81272888183594,187.80999755859375,188.5500030517578,184.77000427246094,188.39999389648438,640300
2025-04-02,187.77757263183594,188.77999877929688,189.5500030517578,184.80999755859375,184.80999755859375,585500
2025-04-03,187.72784423828125,188.72999572753906,190.6699981689453,185.8699951171875,186.72000122070312,886400
2025-04-04,173.60324096679688,174.52999877929688,185.2100067138672,173.6199951171875,183.36000061035156,1577200
2025-04-07,170.75843811035156,171.6699981689453,179.52999877929688,167.5,171.42999267578125,878300
2025-04-08,172.35987854003906,173.27999877929688,181.3300018310547,170.8800048828125,177.36000061035156,792000
2025-04-09,182.09791564941406,183.07000732421875,184.91000366210938,169.94000244140625,171.00999450683594,820400
2025-04-10,177.29356384277344,178.24000549316406,182.66000366210938,172.92999267578125,181.1199951171875,652500
2025-04-11,174.47857666015625,175.41000366210938,178.17999267578125,172.0800018310547,178.17999267578125,985900
2025-04-14,177.8704833984375,178.82000732421875,179.32000732421875,175.47999572753906,177.27000427246094,536700
2025-04-15,174.56809997558594,175.5,178.19000244140625,174.8300018310547,176.8699951171875,533200
2025-04-16,172.7378692626953,173.66000366210938,176.3699951171875,173.0,176.0,596400
2025-04-17,173.871826171875,174.8000030517578,176.75,172.35000610351562,176.10000610351562,585700
2025-04-21,156.21607971191406,157.0500030517578,175.67999267578125,153.99000549316406,175.07000732421875,1262000
2025-04-22,160.44351196289062,161.3000030517578,162.0800018310547,157.61000061035156,158.7100067138672,814600
2025-04-23,165.9043426513672,166.7899932861328,170.02999877929688,164.80999755859375,164.80999755859375,775900
2025-04-24,173.07606506347656,174.0,174.1699981689453,167.47999572753906,167.5,1065700
2025-04-25,170.76837158203125,171.67999267578125,175.9199981689453,170.36000061035156,175.9199981689453,1009000
2025-04-28,171.9918670654297,172.91000366210938,173.7100067138672,170.0399932861328,170.9600067138672,942300
2025-04-29,170.96731567382812,171.8800048828125,173.83999633789062,161.64999389648438,168.39999389648438,1499000
2025-04-30,176.1297607421875,177.07000732421875,177.3699951171875,169.05999755859375,172.2100067138672,1048500
2025-05-01,173.70272827148438,174.6300048828125,179.25,174.2899932861328,176.3300018310547,608200
2025-05-02,177.79087829589844,178.74000549316406,179.35000610351562,176.75,176.9499969482422,588900
2025-05-05,177.2438201904297,178.19000244140625,180.61000061035156,177.17999267578125,178.6199951171875,489300
2025-05-06,183.18212890625,184.16000366210938,186.88999938964844,175.41000366210938,177.67999267578125,1609000
2025-05-07,185.59921264648438,186.58999633789062,187.55999755859375,181.02999877929688,184.00999450683594,773800
2025-05-08,182.794189453125,183.77000427246094,187.97999572753906,183.67999267578125,186.7100067138672,755800
2025-05-09,180.81475830078125,181.77999877929688,184.36000061035156,181.08999633789062,184.00999450683594,828400
2025-05-12,190.5328826904297,191.5500030517578,199.02999877929688,183.92999267578125,183.92999267578125,1105200
2025-05-13,191.14956665039062,192.1699981689453,193.72000122070312,190.13999938964844,190.5500030517578,733400
2025-05-14,186.83262634277344,187.8300018310547,192.13999938964844,187.7100067138672,191.57000732421875,721100
2025-05-15,194.8398895263672,195.8800048828125,196.1699981689453,186.10000610351562,186.85000610351562,930600
2025-05-16,196.8889617919922,197.94000244140625,198.19000244140625,193.6999969482422,196.32000732421875,766100
2025-05-19,195.77490234375,196.82000732421875,197.9600067138672,194.97000122070312,196.33999633789062,470000
2025-05-20,194.69065856933594,195.72999572753906,197.1300048828125,194.5800018310547,196.5399932861328,553100
2025-05-21,189.1403045654297,190.14999389648438,195.6300048828125,190.07000732421875,194.75,495600
2025-05-22,185.6588897705078,186.64999389648438,190.38999938964844,186.36000061035156,188.5800018310547,462400
2025-05-23,185.2212371826172,186.2100067138672,186.74000549316406,183.66000366210938,184.69000244140625,439400
2025-05-27,191.39825439453125,192.4199981689453,193.16000366210938,187.8300018310547,189.0399932861328,973300
2025-05-28,189.37904357910156,190.38999938964844,193.8000030517578,190.10000610351562,191.55999755859375,634500
2025-05-29,190.0355224609375,191.0500030517578,193.63999938964844,190.6199951171875,191.66000366210938,407900
2025-05-30,189.33924865722656,190.35000610351562,191.9600067138672,188.77999877929688,190.0800018310547,814900
2025-06-02,186.58106994628906,187.3800048828125,189.89999389648438,184.89999389648438,189.8300018310547,707800
2025-06-03,188.0049591064453,188.80999755859375,189.30999755859375,186.24000549316406,186.6300048828125,534500
2025-06-04,187.84564208984375,188.64999389648438,191.9499969482422,188.44000244140625,191.44000244140625,497400
2025-06-05,188.2837677001953,189.08999633789062,190.6199951171875,188.13999938964844,188.64999389648438,538700
2025-06-06,188.58248901367188,189.38999938964844,191.0,188.60000610351562,189.33999633789062,379400
2025-06-09,177.0120391845703,177.77000427246094,188.57000732421875,169.7899932861328,188.57000732421875,1333100
2025-06-10,171.93377685546875,172.6699981689453,177.41000366210938,168.64999389648438,177.41000366210938,1550300
2025-06-11,171.55538940429688,172.2899932861328,175.63999938964844,171.30999755859375,172.88999938964844,746300
2025-06-12,172.91957092285156,173.66000366210938,173.91000366210938,171.13999938964844,172.25999450683594,684000
2025-06-13,170.34060668945312,171.07000732421875,173.3800048828125,170.58999633789062,171.7899932861328,667800
2025-06-16,169.63363647460938,170.36000061035156,175.47999572753906,163.2100067138672,172.69000244140625,1946300
2025-06-17,171.02764892578125,171.75999450683594,172.67999267578125,166.10000610351562,167.99000549316406,1358100
2025-06-18,170.50987243652344,171.24000549316406,173.0399932861328,170.10000610351562,171.77000427246094,986800
2025-06-20,170.96791076660156,171.6999969482422,175.88999938964844,171.35000610351562,171.35000610351562,1572500
2025-06-23,172.78016662597656,173.52000427246094,174.17999267578125,169.30999755859375,172.08999633789062,1065100
2025-06-24,174.45297241210938,175.1999969482422,176.0500030517578,170.83999633789062,174.25999450683594,946600
2025-06-25,174.94090270996094,175.69000244140625,176.05999755859375,172.02000427246094,175.67999267578125,891900
2025-06-26,176.67347717285156,177.42999267578125,184.41000366210938,177.22999572753906,180.5800018310547,874400
2025-06-27,177.3207244873047,178.0800018310547,181.63999938964844,177.66000366210938,177.75,1088800
2025-06-30,180.3776092529297,181.14999389648438,182.55999755859375,176.49000549316406,177.6699981689453,1165400
2025-07-01,188.13441467285156,188.94000244140625,189.38999938964844,180.3000030517578,180.97999572753906,1351400
2025-07-02,183.6834716796875,184.47000122070312,187.49000549316406,182.94000244140625,186.60000610351562,1048800
2025-07-03,183.7432098388672,184.52999877929688,187.4199981689453,182.44000244140625,186.00999450683594,665300
2025-07-07,180.7460479736328,181.52000427246094,185.0,180.52000427246094,184.42999267578125,800800
2025-07-08,181.4729461669922,182.25,184.32000732421875,179.8699951171875,180.6199951171875,518600
2025-07-09,181.78160095214844,182.55999755859375,184.0500030517578,180.89999389648438,184.0500030517578,660800
2025-07-10,183.2652587890625,184.0500030517578,186.1999969482422,180.30999755859375,181.67999267578125,700900
2025-07-11,181.7417755126953,182.52000427246094,183.30999755859375,181.36000061035156,182.19000244140625,402500
2025-07-14,182.6678009033203,183.4499969482422,184.63999938964844,180.88999938964844,182.8000030517578,493200
2025-07-15,176.18557739257812,176.94000244140625,185.0,176.0,183.5,582300
2025-07-16,169.55397033691406,170.27999877929688,176.92999267578125,168.61000061035156,176.00999450683594,1250400
2025-07-17,170.0916748046875,170.82000732421875,171.83999633789062,169.55999755859375,169.74000549316406,786900
2025-07-18,168.2196807861328,168.94000244140625,171.32000732421875,168.36000061035156,171.10000610351562,630500
2025-07-21,168.03050231933594,168.75,170.4600067138672,167.8699951171875,169.41000366210938,479100
2025-07-22,161.98635864257812,162.67999267578125,174.3800048828125,160.89999389648438,170.49000549316406,1734200
2025-07-23,164.1172637939453,164.82000732421875,166.0399932861328,162.0399932861328,165.30999755859375,1113000
2025-07-24,154.79714965820312,155.4600067138672,164.00999450683594,155.25999450683594,164.00999450683594,1500900
2025-07-25,154.9365692138672,155.60000610351562,156.9499969482422,152.9600067138672,154.99000549316406,1187500
2025-07-28,154.28932189941406,154.9499969482422,158.36000061035156,154.10000610351562,156.2899932861328,1478100
2025-07-29,162.12579345703125,162.82000732421875,163.52999877929688,152.3300018310547,153.7899932861328,1917800
2025-07-30,164.734619140625,165.44000244140625,166.5,161.17999267578125,162.11000061035156,1797500
2025-07-31,165.7403106689453,166.4499969482422,169.64999389648438,164.6199951171875,166.1999969482422,1529200
2025-08-01,162.28509521484375,162.97999572753906,168.52999877929688,162.02000427246094,166.97999572753906,1130500
2025-08-04,163.97784423828125,164.67999267578125,166.22000122070312,160.97000122070312,162.97000122070312,868000
2025-08-05,163.9977569580078,164.6999969482422,166.77000427246094,164.27000427246094,165.3699951171875,613900
2025-08-06,162.78294372558594,163.47999572753906,166.25999450683594,163.47000122070312,165.19000244140625,715900
2025-08-07,168.29934692382812,169.02000427246094,169.4199981689453,164.1999969482422,164.1999969482422,926000
2025-08-08,171.5653533935547,172.3000030517578,172.6199951171875,167.8800048828125,169.39999389648438,606400
2025-08-11,170.9281005859375,171.66000366210938,175.0,171.24000549316406,172.5399932861328,853400
2025-08-12,174.46295166015625,175.2100067138672,175.77000427246094,172.4600067138672,172.69000244140625,605700
2025-08-13,177.74888610839844,178.50999450683594,179.33999633789062,175.55999755859375,176.0399932861328,777100
2025-08-14,177.97789001464844,178.74000549316406,179.30999755859375,175.0,177.11000061035156,611500
2025-08-15,177.7090606689453,178.47000122070312,179.50999450683594,175.83999633789062,179.50999450683594,747900
2025-08-18,176.8527069091797,177.61000061035156,179.5399932861328,177.44000244140625,178.7899932861328,675600
2025-08-19,181.78160095214844,182.55999755859375,182.6699981689453,178.16000366210938,178.5399932861328,745800
2025-08-20,183.91249084472656,184.6999969482422,185.22999572753906,182.63999938964844,182.9600067138672,792400
2025-08-21,183.16567993164062,183.9499969482422,186.0500030517578,183.8800048828125,184.8800048828125,657400
2025-08-22,184.7887420654297,185.5800018310547,186.19000244140625,182.5,184.3300018310547,627200
2025-08-25,183.0959930419922,183.8800048828125,185.6300048828125,182.69000244140625,184.9499969482422,793500
2025-08-26,180.67633056640625,181.4499969482422,184.0,181.17999267578125,183.2100067138672,977800
2025-08-27,181.6322479248047,182.41000366210938,183.58999633789062,180.32000732421875,181.52999877929688,672600
2025-08-28,180.44732666015625,181.22000122070312,182.42999267578125,180.4600067138672,182.36000061035156,945400
2025-08-29,180.80580139160156,181.5800018310547,182.3699951171875,180.42999267578125,180.9499969482422,599500
2025-09-02,180.9353790283203,181.50999450683594,183.0500030517578,180.10000610351562,180.3300018310547,533800
2025-09-03,180.9951934814453,181.57000732421875,181.9499969482422,180.4199981689453,180.88999938964844,520800
2025-09-04,185.0921630859375,185.67999267578125,186.49000549316406,180.9600067138672,182.24000549316406,742700
2025-09-05,189.5181121826172,190.1199951171875,190.82000732421875,185.91000366210938,186.33999633789062,654900
2025-09-08,185.1719207763672,185.75999450683594,190.0,184.5399932861328,190.0,637000
2025-09-09,185.8397979736328,186.42999267578125,186.80999755859375,180.5500030517578,184.83999633789062,461400
2025-09-10,185.47097778320312,186.05999755859375,187.8300018310547,181.88999938964844,186.57000732421875,1086000
2025-09-11,190.1859893798828,190.7899932861328,191.1999969482422,186.1699981689453,186.75,675400
2025-09-12,191.11305236816406,191.72000122070312,193.1300048828125,188.27999877929688,189.5800018310547,736600
2025-09-15,188.97982788085938,189.5800018310547,192.17999267578125,188.24000549316406,191.5399932861328,657900
2025-09-16,185.6703338623047,186.25999450683594,191.52999877929688,185.74000549316406,190.35000610351562,636200
2025-09-17,186.7967529296875,187.38999938964844,191.1699981689453,185.0,186.8800048828125,518400
2025-09-18,187.5144805908203,188.11000061035156,188.94000244140625,186.44000244140625,187.41000366210938,562500
2025-09-19,188.0428009033203,188.63999938964844,189.19000244140625,186.77999877929688,187.9199981689453,1396400
2025-09-22,193.5453338623047,194.16000366210938,194.80999755859375,188.47999572753906,189.69000244140625,720600
2025-09-23,194.10354614257812,194.72000122070312,197.5399932861328,193.0,194.13999938964844,670200
2025-09-24,199.0677947998047,199.6999969482422,200.7100067138672,194.32000732421875,194.32000732421875,776500
2025-09-25,196.99436950683594,197.6199951171875,200.14999389648438,194.02000427246094,199.9499969482422,759600
2025-09-26,200.2141571044922,200.85000610351562,201.07000732421875,197.02000427246094,198.74000549316406,452100
2025-09-29,200.43345642089844,201.07000732421875,201.6999969482422,198.72999572753906,200.5,770600
2025-09-30,203.79278564453125,204.44000244140625,205.74000549316406,201.0,201.2100067138672,671800
2025-10-01,202.86572265625,203.50999450683594,204.7100067138672,200.89999389648438,203.9499969482422,581200
2025-10-02,204.88929748535156,205.5399932861328,207.32000732421875,202.64999389648438,202.75999450683594,597700
2025-10-03,206.58392333984375,207.24000549316406,208.63999938964844,205.52000427246094,206.2100067138672,585600
2025-10-06,206.1851806640625,206.83999633789062,209.72999572753906,206.52000427246094,207.1699981689453,588700
2025-10-07,209.0361328125,209.6999969482422,212.8699951171875,207.64999389648438,208.8800048828125,536000
2025-10-08,204.5503692626953,205.1999969482422,209.64999389648438,204.64999389648438,209.1199951171875,496800
2025-10-09,200.96177673339844,201.60000610351562,206.52999877929688,201.25999450683594,206.0800018310547,739500
2025-10-10,195.48915100097656,196.11000061035156,202.92999267578125,195.9499969482422,202.57000732421875,720800
2025-10-13,197.1339111328125,197.75999450683594,199.77000427246094,195.97999572753906,198.47000122070312,548600
2025-10-14,203.16477966308594,203.80999755859375,204.39999389648438,195.75999450683594,196.85000610351562,433900
2025-10-15,204.35101318359375,205.0,205.52999877929688,202.3000030517578,203.80999755859375,422900
2025-10-16,203.59341430664062,204.24000549316406,205.75,203.7100067138672,205.0800018310547,369200
2025-10-17,203.91241455078125,204.55999755859375,205.30999755859375,201.83999633789062,204.07000732421875,377400
2025-10-20,206.58392333984375,207.24000549316406,208.16000366210938,204.6300048828125,205.5,297000
2025-10-21,206.14532470703125,206.8000030517578,208.64999389648438,206.27000427246094,207.49000549316406,331900
2025-10-22,209.73390197753906,210.39999389648438,211.13999938964844,207.19000244140625,207.19000244140625,531600
2025-10-23,207.96954345703125,208.6300048828125,211.13999938964844,207.2100067138672,208.10000610351562,500900
2025-10-24,210.0130157470703,210.67999267578125,214.10000610351562,200.6999969482422,211.86000061035156,943200
2025-10-27,213.3524169921875,214.02999877929688,214.27999877929688,210.02999877929688,211.42999267578125,925200
2025-10-28,218.62567138671875,219.32000732421875,226.72000122070312,211.64999389648438,220.10000610351562,1422400
2025-10-29,224.5867462158203,225.3000030517578,227.22000122070312,217.6999969482422,217.8000030517578,1020200
2025-10-30,217.99766540527344,218.69000244140625,227.16000366210938,218.16000366210938,224.25,657800
2025-10-31,216.32298278808594,217.00999450683594,220.13999938964844,215.63999938964844,217.77999877929688,507900
2025-11-03,220.00131225585938,220.6999969482422,220.75999450683594,216.08999633789062,220.22999572753906,695100
2025-11-04,223.48025512695312,224.19000244140625,226.8800048828125,219.60000610351562,220.07000732421875,763300
2025-11-05,227.2283477783203,227.9499969482422,228.0800018310547,221.25,222.44000244140625,650800
2025-11-06,225.6732940673828,226.38999938964844,228.25999450683594,224.25,226.1300048828125,418800
2025-11-07,228.50428771972656,229.22999572753906,229.75999450683594,225.3000030517578,227.0800018310547,573200
2025-11-10,221.93516540527344,222.63999938964844,224.13999938964844,217.25999450683594,218.5,976300
2025-11-11,223.6995849609375,224.41000366210938,226.22999572753906,221.50999450683594,223.8300018310547,505500
2025-11-12,227.69686889648438,228.4199981689453,231.3699951171875,224.0800018310547,224.35000610351562,494100
2025-11-13,226.84957885742188,227.57000732421875,230.3300018310547,224.02000427246094,228.35000610351562,492500
2025-11-14,224.32757568359375,225.0399932861328,227.97999572753906,223.50999450683594,227.9499969482422,524000
2025-11-17,225.78294372558594,226.5,229.22999572753906,221.6999969482422,223.89999389648438,862200
2025-11-18,228.1155242919922,228.83999633789062,229.35000610351562,224.1999969482422,226.02999877929688,686000
2025-11-19,227.2183837890625,227.94000244140625,229.99000549316406,223.10000610351562,229.07000732421875,711100
2025-11-20,224.66648864746094,225.3800048828125,230.92999267578125,225.19000244140625,228.8800048828125,1011000
2025-11-21,231.18580627441406,231.9199981689453,235.47999572753906,227.4499969482422,227.5,679500
2025-11-24,236.19985961914062,236.9499969482422,239.8800048828125,234.0,235.9600067138672,924100
2025-11-25,242.96836853027344,243.74000549316406,245.44000244140625,238.0,238.4600067138672,645700
2025-11-26,243.40696716308594,244.17999267578125,246.3300018310547,243.02999877929688,243.02999877929688,425300
2025-11-28,242.8587188720703,243.6300048828125,246.0,241.63999938964844,244.8300018310547,541200
2025-12-01,238.86810302734375,239.42999267578125,245.52000427246094,239.42999267578125,242.35000610351562,900400
2025-12-02,238.119873046875,238.67999267578125,244.58999633789062,237.3300018310547,243.69000244140625,858700
2025-12-03,229.60987854003906,230.14999389648438,238.44000244140625,229.8300018310547,238.44000244140625,602100
2025-12-04,230.04884338378906,230.58999633789062,232.30999755859375,228.0,229.10000610351562,475600
2025-12-05,230.53770446777344,231.0800018310547,232.86000061035156,229.60000610351562,232.86000061035156,398000
2025-12-08,225.59933471679688,226.1300048828125,230.77999877929688,224.6300048828125,230.77999877929688,763100
2025-12-09,224.82115173339844,225.35000610351562,230.16000366210938,224.2899932861328,227.0399932861328,496200
2025-12-10,222.3270263671875,222.85000610351562,225.5500030517578,219.94000244140625,225.14999389648438,794900
2025-12-11,224.05296325683594,224.5800018310547,224.9199981689453,220.24000549316406,224.00999450683594,730200
2025-12-12,222.07760620117188,222.60000610351562,226.0,220.94000244140625,224.61000061035156,763800
2025-12-15,223.34461975097656,223.8699951171875,225.2899932861328,220.00999450683594,222.42999267578125,1131100
2025-12-16,222.11752319335938,222.63999938964844,225.24000549316406,221.6199951171875,223.5800018310547,952500
2025-12-17,224.37220764160156,224.89999389648438,225.75999450683594,219.69000244140625,221.07000732421875,861200
2025-12-18,224.21258544921875,224.74000549316406,228.72999572753906,224.44000244140625,225.66000366210938,622200
2025-12-19,226.92620849609375,227.4600067138672,228.44000244140625,224.69000244140625,224.69000244140625,1411800
2025-12-22,226.10812377929688,226.63999938964844,227.67999267578125,224.49000549316406,226.47000122070312,748600
2025-12-23,226.7366485595703,227.27000427246094,228.00999450683594,225.11000061035156,226.6199951171875,593700
2025-12-24,226.54708862304688,227.0800018310547,229.14999389648438,225.47000122070312,228.1300048828125,171000
2025-12-26,227.1057891845703,227.63999938964844,227.75999450683594,226.42999267578125,226.82000732421875,247000
2025-12-29,225.57937622070312,226.11000061035156,227.7100067138672,223.44000244140625,227.7100067138672,878800
2025-12-30,224.53182983398438,225.05999755859375,226.11000061035156,224.17999267578125,225.52000427246094,719900
2025-12-31,217.5083465576172,218.02000427246094,225.00999450683594,217.8699951171875,224.47000122070312,725900
2026-01-02,219.36399841308594,219.8800048828125,220.4600067138672,215.10000610351562,217.82000732421875,675500
2026-01-05,222.3469696044922,222.8699951171875,224.0800018310547,217.02000427246094,219.0,909700
2026-01-06,221.21963500976562,221.74000549316406,226.30999755859375,220.58999633789062,222.39999389648438,781600
2026-01-07,207.9009552001953,208.38999938964844,221.35000610351562,207.44000244140625,220.49000549316406,1243300
2026-01-08,210.64450073242188,211.13999938964844,214.4499969482422,207.27999877929688,208.88999938964844,999100
2026-01-09,206.5441436767578,207.02999877929688,215.08999633789062,206.0800018310547,212.3000030517578,740500
2026-01-12,205.47665405273438,205.9600067138672,205.97999572753906,202.66000366210938,205.89999389648438,735500
2026-01-13,201.3363800048828,201.80999755859375,205.5,198.85000610351562,205.5,893200
2026-01-14,198.75247192382812,199.22000122070312,202.60000610351562,197.4499969482422,202.17999267578125,790800
2026-01-15,203.7108154296875,204.19000244140625,204.36000061035156,197.6199951171875,199.99000549316406,573500
2026-01-16,199.4109344482422,199.8800048828125,205.07000732421875,197.7899932861328,205.07000732421875,563900
2026-01-20,199.40093994140625,199.8699951171875,200.27000427246094,196.11000061035156,198.00999450683594,698300
2026-01-21,203.20199584960938,203.67999267578125,204.6199951171875,200.02999877929688,201.13999938964844,567100
2026-01-22,205.2272491455078,205.7100067138672,206.1199951171875,203.4199981689453,203.44000244140625,723200
2026-01-23,204.60870361328125,205.08999633789062,207.52000427246094,203.67999267578125,204.1699981689453,540300
2026-01-26,205.6163330078125,206.10000610351562,208.67999267578125,204.3000030517578,205.69000244140625,691200
2026-01-27,202.16445922851562,202.63999938964844,213.42999267578125,202.3300018310547,208.27000427246094,559600
2026-01-28,202.54354858398438,203.02000427246094,204.0399932861328,197.82000732421875,201.57000732421875,949600
2026-01-29,199.66033935546875,200.1300048828125,204.32000732421875,199.5800018310547,204.32000732421875,441400
2026-01-30,200.7876739501953,201.25999450683594,202.1300048828125,197.2899932861328,198.7100067138672,519500
2026-02-02,201.3862762451172,201.86000061035156,204.36000061035156,200.6300048828125,203.1199951171875,519600
2026-02-03,206.4942626953125,206.97999572753906,208.50999450683594,203.1199951171875,203.82000732421875,615100
2026-02-04,205.97549438476562,206.4600067138672,211.13999938964844,205.94000244140625,207.44000244140625,701300
2026-02-05,215.9619903564453,216.47000122070312,218.02000427246094,206.67999267578125,206.67999267578125,797400
2026-02-06,218.04708862304688,218.55999755859375,220.35000610351562,216.77999877929688,218.00999450683594,739200
2026-02-09,212.44029235839844,212.94000244140625,220.4199981689453,211.99000549316406,217.94000244140625,398700
2026-02-10,212.28065490722656,212.77999877929688,215.0500030517578,211.0399932861328,213.42999267578125,429500
2026-02-11,230.77716064453125,231.32000732421875,232.0,211.0,211.80999755859375,1074400
2026-02-12,233.500732421875,234.0500030517578,243.86000061035156,230.86000061035156,232.17999267578125,1302500
2026-02-13,234.2589569091797,234.80999755859375,236.89999389648438,228.9499969482422,233.27000427246094,630200
2026-02-17,234.56822204589844,235.1199951171875,240.92999267578125,234.77999877929688,236.97000122070312,587500
2026-02-18,234.73782348632812,235.2899932861328,237.55999755859375,232.63999938964844,234.16000366210938,686900
2026-02-19,229.4602508544922,230.0,235.0800018310547,229.52000427246094,233.33999633789062,577800
2026-02-20,229.94908142089844,230.49000549316406,231.75,228.02000427246094,229.61000061035156,783300
2026-02-23,232.05413818359375,232.60000610351562,233.64999389648438,229.7899932861328,229.91000366210938,600400
2026-02-24,229.44027709960938,229.97999572753906,232.49000549316406,227.4499969482422,232.22000122070312,525300
2026-02-25,230.1885223388672,230.72999572753906,234.0500030517578,228.35000610351562,231.47000122070312,945000
2026-02-26,203.85047912597656,204.3300018310547,219.42999267578125,202.83999633789062,219.42999267578125,1807400
2026-02-27,205.6163330078125,206.10000610351562,209.1999969482422,203.5,204.0,1664300
2026-03-02,206.1356201171875,206.4199981689453,208.86000061035156,201.8000030517578,203.22999572753906,698200
2026-03-03,204.56777954101562,204.85000610351562,206.75999450683594,200.05999755859375,203.2899932861328,851200
2026-03-04,202.03128051757812,202.30999755859375,207.1699981689453,202.11000061035156,204.5,646900
2026-03-05,196.68865966796875,196.9600067138672,200.6999969482422,192.47000122070312,200.0399932861328,1119500
2026-03-06,192.38458251953125,192.64999389648438,195.30999755859375,189.02000427246094,194.9199981689453,736900
2026-03-09,190.2675018310547,190.52999877929688,191.0500030517578,181.42999267578125,188.49000549316406,1157500
2026-03-10,186.27301025390625,186.52999877929688,191.8800048828125,186.10000610351562,191.02999877929688,826000
2026-03-11,185.98342895507812,186.24000549316406,187.57000732421875,183.05999755859375,184.9499969482422,700200
2026-03-12,190.22756958007812,190.49000549316406,194.3000030517578,183.17999267578125,185.13999938964844,1157500
2026-03-13,192.1549072265625,192.4199981689453,195.2899932861328,190.9499969482422,192.02000427246094,856400
2026-03-16,193.20346069335938,193.47000122070312,196.42999267578125,193.4199981689453,195.07000732421875,743300
2026-03-17,193.1934814453125,193.4600067138672,198.99000549316406,188.25,194.3699951171875,963900
2026-03-18,189.31881713867188,189.5800018310547,195.6999969482422,187.02999877929688,193.69000244140625,874000
2026-03-19,186.96206665039062,187.22000122070312,189.1699981689453,185.86000061035156,189.1699981689453,778400
2026-03-20,185.56399536132812,185.82000732421875,187.38999938964844,184.16000366210938,185.11000061035156,1124600
2026-03-23,187.83087158203125,188.08999633789062,191.39999389648438,187.17999267578125,187.6199951171875,847300
2026-03-24,185.66384887695312,185.9199981689453,188.92999267578125,181.80999755859375,187.3800048828125,694100
2026-03-25,186.46275329589844,186.72000122070312,188.55999755859375,182.47000122070312,186.30999755859375,651800
2026-03-26,184.83499145507812,185.08999633789062,188.39999389648438,184.86000061035156,185.13999938964844,393500
2026-03-27,183.78643798828125,184.0399932861328,185.7100067138672,183.57000732421875,185.39999389648438,581100
2026-03-30,181.84912109375,182.10000610351562,186.1999969482422,181.80999755859375,186.1999969482422,601800
2026-03-31,178.7234344482422,178.97000122070312,183.8300018310547,176.80999755859375,183.39999389648438,698200
2026-04-01,177.69485473632812,177.94000244140625,180.4499969482422,176.2100067138672,177.57000732421875,743500
2026-04-02,176.45655822753906,176.6999969482422,178.08999633789062,173.7899932861328,175.13999938964844,547000
2026-04-06,181.08018493652344,181.3300018310547,181.52000427246094,175.75,176.0,658300
2026-04-07,180.36117553710938,180.61000061035156,183.38999938964844,180.0,181.47000122070312,514100
2026-04-08,186.50270080566406,186.75999450683594,187.6300048828125,182.2899932861328,183.47000122070312,561900
2026-04-09,187.62115478515625,187.8800048828125,189.4499969482422,185.32000732421875,185.32000732421875,331400
2026-04-10,180.53094482421875,180.77999877929688,189.08999633789062,180.77000427246094,189.08999633789062,464100
2026-04-13,182.94760131835938,183.1999969482422,183.22000122070312,177.4199981689453,179.50999450683594,730900
2026-04-14,181.69932556152344,181.9499969482422,184.00999450683594,180.64999389648438,182.27999877929688,499100
2026-04-15,179.90179443359375,180.14999389648438,182.19000244140625,178.6999969482422,181.6999969482422,500300
2026-04-16,178.4837646484375,178.72999572753906,182.9600067138672,178.5399932861328,179.4600067138672,497500
2026-04-17,182.15869140625,182.41000366210938,183.49000549316406,178.22999572753906,178.39999389648438,535200
2026-04-20,179.47239685058594,179.72000122070312,183.2899932861328,179.33999633789062,181.97999572753906,686000
2026-04-21,178.30401611328125,178.5500030517578,181.0500030517578,177.7100067138672,181.0500030517578,535600
2026-04-22,180.4710235595703,180.72000122070312,181.77000427246094,177.0500030517578,179.55999755859375,450700
2026-04-23,180.9303741455078,181.17999267578125,183.10000610351562,180.07000732421875,181.49000549316406,518700
2026-04-24,174.10980224609375,174.35000610351562,177.9600067138672,170.3000030517578,177.9600067138672,753300
2026-04-27,179.26268005371094,179.50999450683594,180.27000427246094,175.60000610351562,176.32000732421875,1255500
2026-04-28,162.31605529785156,162.5399932861328,184.3800048828125,161.49000549316406,184.00999450683594,1619300
2026-04-29,167.73858642578125,167.97000122070312,169.97000122070312,159.0,160.00999450683594,1575600
2026-04-30,168.03817749023438,168.27000427246094,171.49000549316406,165.7100067138672,169.47000122070312,1142100
2026-05-01,166.76992797851562,167.0,170.4600067138672,166.11000061035156,168.25,1069900
2026-05-04,165.84121704101562,166.07000732421875,167.83999633789062,163.08999633789062,166.9499969482422,1184500
2026-05-05,165.172119140625,165.39999389648438,168.4499969482422,165.0,165.75999450683594,1097600
2026-05-06,168.25787353515625,168.49000549316406,171.72000122070312,164.2100067138672,167.0,1108100
2026-05-07,170.32501220703125,170.55999755859375,172.8699951171875,168.22000122070312,168.35000610351562,1254600
2026-05-08,169.72584533691406,169.9600067138672,175.0,168.80999755859375,173.85000610351562,1109800
2026-05-11,167.99822998046875,168.22999572753906,171.07000732421875,167.2100067138672,169.8800048828125,959800
2026-05-12,169.39630126953125,169.6300048828125,172.3699951171875,166.0500030517578,168.13999938964844,880900
2026-05-13,170.77439880371094,171.00999450683594,173.0800018310547,166.9199981689453,172.0800018310547,934000
2026-05-14,170.4348602294922,170.6699981689453,172.7899932861328,168.6199951171875,171.97000122070312,813600
2026-05-15,168.4076690673828,168.63999938964844,172.75,167.47000122070312,172.0500030517578,1097600
2026-05-18,169.03680419921875,169.27000427246094,172.1699981689453,168.32000732421875,168.47000122070312,624900
2026-05-19,166.22067260742188,166.4499969482422,169.5500030517578,161.32000732421875,168.61000061035156,809700
2026-05-20,164.0936279296875,164.32000732421875,167.27000427246094,162.92999267578125,165.27999877929688,651600
2026-05-21,162.2261962890625,162.4499969482422,163.6300048828125,157.00999450683594,160.0,969100
2026-05-22,157.5825958251953,157.8000030517578,163.42999267578125,157.4199981689453,162.50999450683594,1235900
2026-05-26,156.41421508789062,156.6300048828125,158.97000122070312,154.47000122070312,156.41000366210938,1063200
2026-05-27,154.07742309570312,154.2899932861328,159.52000427246094,154.24000549316406,156.14999389648438,856600
2026-05-28,149.91317749023438,150.1199951171875,153.8800048828125,149.14999389648438,153.33999633789062,1199400
2026-05-29,145.90870666503906,146.11000061035156,152.07000732421875,145.61000061035156,150.77999877929688,4855900
2026-06-01,144.49066162109375,144.69000244140625,146.05999755859375,142.69000244140625,145.0399932861328,1439800
2026-06-02,142.35360717773438,142.5500030517578,146.6699981689453,142.33999633789062,144.89999389648438,1094700
2026-06-03,145.7788848876953,145.97999572753906,146.9499969482422,140.75999450683594,142.0,1406000
2026-06-04,142.52337646484375,142.72000122070312,148.88999938964844,142.0,147.39999389648438,1080800
2026-06-05,144.97000122070312,145.1699981689453,148.5800018310547,144.0,144.60000610351562,1330900
2026-06-08,142.8699951171875,142.8699951171875,145.42999267578125,140.0800018310547,145.1699981689453,1379200
2026-06-09,146.58999633789062,146.58999633789062,146.75,141.74000549316406,143.27000427246094,1062500
2026-06-10,144.82000732421875,144.82000732421875,146.83999633789062,143.2100067138672,146.61000061035156,676100
2026-06-11,146.0500030517578,146.0500030517578,147.5,144.50999450683594,144.82000732421875,906000
2026-06-12,146.4199981689453,146.4199981689453,147.8000030517578,145.24000549316406,146.3000030517578,677200
2026-06-15,145.97000122070312,145.97000122070312,148.0,143.5,147.38999938964844,1009300
2026-06-16,146.89999389648438,146.89999389648438,148.17999267578125,145.5500030517578,146.66000366210938,668700
2026-06-17,141.25999450683594,141.25999450683594,147.25,141.00999450683594,145.67999267578125,857500
2026-06-18,141.1699981689453,141.1699981689453,142.41000366210938,140.25999450683594,142.41000366210938,2193000
2026-06-22,142.63999938964844,142.63999938964844,142.89999389648438,140.8300018310547,141.1699981689453,669400
2026-06-23,145.85000610351562,145.85000610351562,147.61000061035156,143.05999755859375,143.05999755859375,823400
2026-06-24,145.41000366210938,145.41000366210938,147.0,144.35000610351562,146.38999938964844,812100
2026-06-25,144.4600067138672,144.4600067138672,146.6199951171875,144.08999633789062,145.61000061035156,762000
2026-06-26,145.69000244140625,145.69000244140625,146.66000366210938,144.6999969482422,145.38999938964844,918500
2026-06-29,147.02000427246094,147.02000427246094,148.02000427246094,144.5399932861328,146.1699981689453,1064000
2026-06-30,148.69000244140625,148.69000244140625,149.61000061035156,145.14999389648438,145.2899932861328,936900
2026-07-01,150.5800018310547,150.5800018310547,151.63999938964844,147.69000244140625,149.16000366210938,883000
2026-07-02,158.3300018310547,158.3300018310547,161.47000122070312,151.69000244140625,152.5,1311100
2026-07-06,158.0500030517578,158.0500030517578,160.8800048828125,156.82000732421875,160.0,791900
2026-07-07,161.25999450683594,161.25999450683594,162.1300048828125,159.89999389648438,160.8000030517578,639300
2026-07-08,156.42999267578125,156.42999267578125,158.10000610351562,152.02999877929688,158.10000610351562,1207600
2026-07-09,155.1999969482422,155.1999969482422,157.02999877929688,153.52999877929688,155.3000030517578,647200
2026-07-10,155.57000732421875,155.57000732421875,156.30999755859375,153.11000061035156,155.8000030517578,468600
2026-07-13,152.77000427246094,152.77000427246094,157.80999755859375,152.63999938964844,155.97999572753906,607000
2026-07-14,144.22999572753906,144.22999572753906,147.97999572753906,142.3800048828125,145.0,1652500
2026-07-15,148.02000427246094,148.02000427246094,148.89999389648438,143.60000610351562,143.92999267578125,795300
2026-07-16,153.5399932861328,153.5399932861328,155.13999938964844,148.8699951171875,148.8699951171875,955400
2026-07-17,151.16000366210938,151.16000366210938,155.72000122070312,151.0,153.0399932861328,524600
2026-07-20,150.63999938964844,150.63999938964844,151.39999389648438,149.0399932861328,151.0,687200
2026-07-21,149.91000366210938,149.91000366210938,150.74000549316406,148.5800018310547,150.5,544000
2026-07-22,149.33999633789062,149.33999633789062,151.89999389648438,148.5500030517578,149.32000732421875,549800
2026-07-23,151.27000427246094,151.27000427246094,151.39999389648438,147.07000732421875,148.22999572753906,885800
2026-07-24,155.75,155.75,162.7899932861328,155.1999969482422,158.97999572753906,1602700
2026-07-27,159.30999755859375,159.30999755859375,162.41000366210938,157.0,157.0,1656100
2026-07-28,166.22000122070312,166.22000122070312,166.99000549316406,149.5399932861328,149.5399932861328,2106600
2026-07-29,168.16000366210938,168.16000366210938,170.0,163.6999969482422,165.58999633789062,1390800
2026-07-30,163.2899932861328,163.2899932861328,165.6999969482422,160.9600067138672,165.0,1453700
2026-07-31,168.44000244140625,168.44000244140625,169.30999755859375,160.9600067138672,161.8699951171875,1344900
2026-08-03,169.0399932861328,169.0399932861328,176.02999877929688,168.58999633789062,168.75,986200
2026-08-04,167.8699951171875,167.8699951171875,167.97999572753906,163.24000549316406,167.13999938964844,733700
2026-08-05,171.66000366210938,171.66000366210938,173.0500030517578,166.5,168.5,721400
2026-08-06,169.72000122070312,169.72000122070312,175.0,168.5,173.38999938964844,632800
2026-08-07,173.5399932861328,173.5399932861328,173.67999267578125,168.0,168.47999572753906,413400
2026-08-10,172.74000549316406,172.74000549316406,174.3800048828125,171.27000427246094,172.91000366210938,730400
2026-08-11,168.72000122070312,168.72000122070312,174.97999572753906,168.69000244140625,171.52999877929688,611200
2026-08-12,172.4499969482422,172.4499969482422,172.50999450683594,164.89999389648438,166.19000244140625,551300
2026-08-13,171.2100067138672,171.2100067138672,173.7100067138672,169.61000061035156,172.41000366210938,761200
2026-08-14,170.02000427246094,170.02000427246094,172.3300018310547,169.4499969482422,171.19000244140625,460400
2026-08-17,170.52999877929688,170.52999877929688,171.44000244140625,168.99000549316406,169.1999969482422,609600
2026-08-18,173.08999633789062,173.08999633789062,176.25,171.39999389648438,171.9499969482422,938900
2026-08-19,172.3300018310547,172.3300018310547,179.3000030517578,172.3300018310547,173.5800018310547,821300
2026-08-20,172.8699951171875,172.8699951171875,175.32000732421875,170.5,171.42999267578125,555500
2026-08-21,177.25999450683594,177.25999450683594,177.6699981689453,172.35000610351562,173.1300048828125,672700
2026-08-24,176.39999389648438,176.39999389648438,179.47000122070312,175.5800018310547,178.07000732421875,567700
