Date,Adj Close,Close,High,Low,Open,Volume
2015-01-02,18.245820999145508,36.23188400268555,36.9433479309082,35.99473190307617,36.574440002441406,1484111
2015-01-05,17.847736358642578,35.441368103027344,36.15283203125,35.15151596069336,35.9420280456543,2668986
2015-01-06,17.60887908935547,34.967063903808594,35.54677200317383,34.46640396118164,35.49407196044922,2719345
2015-01-07,17.834463119506836,35.41501998901367,35.573123931884766,34.86166000366211,35.12516403198242,1835414
2015-01-08,18.325443267822266,36.38998794555664,36.41633605957031,35.625823974609375,35.625823974609375,2363981
2015-01-09,18.219287872314453,36.17918395996094,36.46903610229492,35.59947204589844,36.41633605957031,3068068
2015-01-12,18.03350257873535,35.81027603149414,36.23188400268555,35.520423889160156,36.23188400268555,1644753
2015-01-13,18.12639617919922,35.99473190307617,36.81159210205078,35.520423889160156,36.021080017089844,2380983
2015-01-14,18.206018447875977,36.15283203125,36.205535888671875,35.335968017578125,35.520423889160156,2883327
2015-01-15,17.768117904663086,35.283267974853516,36.38998794555664,35.25691604614258,36.17918395996094,2274002
2015-01-16,18.046777725219727,35.83662796020508,35.862979888916016,34.8089599609375,35.15151596069336,2207400
2015-01-20,17.914081573486328,35.573123931884766,36.04743194580078,35.1778678894043,35.915679931640625,1937310
2015-01-21,18.02023696899414,35.7839241027832,35.81027603149414,35.15151596069336,35.388668060302734,1864863
2015-01-22,18.53775978088379,36.81159210205078,36.890647888183594,35.75757598876953,35.968379974365234,1936968
2015-01-23,18.312175750732422,36.3636360168457,37.28590393066406,36.310935974121094,36.890647888183594,2017043
2015-01-26,18.232553482055664,36.205535888671875,36.574440002441406,35.81027603149414,36.38998794555664,1907709
2015-01-27,18.006969451904297,35.75757598876953,36.10013198852539,35.335968017578125,35.520423889160156,2585534
2015-01-28,17.569072723388672,34.88801193237305,36.12648010253906,34.86166000366211,36.10013198852539,2944768
2015-01-29,17.993694305419922,35.731224060058594,35.915679931640625,34.624507904052734,34.88801193237305,3961942
2015-01-30,17.476179122924805,34.703556060791016,35.59947204589844,34.097496032714844,34.91436004638672,7011073
2015-02-02,17.754850387573242,35.25691604614258,35.36231994628906,34.25559997558594,34.703556060791016,3393451
2015-02-03,17.821197509765625,35.388668060302734,35.968379974365234,35.098812103271484,35.65217590332031,4178257
2015-02-04,17.794658660888672,35.335968017578125,35.65217590332031,35.12516403198242,35.1778678894043,3596180
2015-02-05,17.86100196838379,35.46772003173828,35.59947204589844,35.20421600341797,35.441368103027344,2466826
2015-02-06,17.821197509765625,35.388668060302734,35.678524017333984,35.25691604614258,35.573123931884766,2563636
2015-02-09,17.781383514404297,35.30961990356445,35.573123931884766,35.1778678894043,35.25691604614258,2227513
2015-02-10,17.90081214904785,35.54677200317383,35.59947204589844,34.91436004638672,35.49407196044922,3018012
2015-02-11,17.87427520751953,35.49407196044922,35.7839241027832,35.283267974853516,35.625823974609375,2004823
2015-02-12,18.006969451904297,35.75757598876953,35.915679931640625,35.49407196044922,35.59947204589844,2394076
2015-02-13,18.27235984802246,36.284584045410156,36.38998794555664,35.7839241027832,35.7839241027832,2634906
2015-02-17,18.16620635986328,36.07378005981445,36.23188400268555,35.81027603149414,36.205535888671875,2146414
2015-02-18,18.351985931396484,36.44268798828125,36.600791931152344,35.83662796020508,36.07378005981445,1678339
2015-02-19,18.245820999145508,36.23188400268555,36.70619201660156,36.17918395996094,36.38998794555664,1841524
2015-02-20,18.577571868896484,36.890647888183594,36.9433479309082,36.021080017089844,36.205535888671875,2264742
2015-02-23,18.471406936645508,36.67984390258789,36.916996002197266,36.284584045410156,36.78524398803711,1784902
2015-02-24,18.551027297973633,36.83794403076172,36.890647888183594,36.33728790283203,36.574440002441406,2016815
2015-02-25,18.179475784301758,36.10013198852539,36.65349197387695,35.83662796020508,36.627140045166016,2828679
2015-02-26,17.72830581665039,35.20421600341797,36.17918395996094,35.046112060546875,36.10013198852539,4356584
2015-02-27,18.113128662109375,35.968379974365234,35.99473190307617,34.650856018066406,35.046112060546875,4493735
2015-03-02,18.02023696899414,35.7839241027832,36.15283203125,35.520423889160156,35.968379974365234,2961314
2015-03-03,17.821197509765625,35.388668060302734,35.915679931640625,35.283267974853516,35.388668060302734,2131120
2015-03-04,17.7415714263916,35.230567932128906,35.388668060302734,34.88801193237305,35.388668060302734,2236014
2015-03-05,17.94062042236328,35.625823974609375,35.65217590332031,34.83531188964844,35.230567932128906,3290758
2015-03-06,17.43638038635254,34.624507904052734,35.46772003173828,34.46640396118164,35.46772003173828,3064083
2015-03-09,17.595605850219727,34.940711975097656,35.07246398925781,34.4400520324707,34.624507904052734,2633161
2015-03-10,16.918861389160156,33.596839904785156,34.83531188964844,33.57048797607422,34.78260803222656,4193171
2015-03-11,17.078092575073242,33.91304397583008,34.54545593261719,33.51778793334961,33.649539947509766,3327077
2015-03-12,16.812698364257812,33.38603210449219,33.91304397583008,33.306983947753906,33.78129196166992,3058884
2015-03-13,16.918861389160156,33.596839904785156,33.649539947509766,33.17523193359375,33.412384033203125,2673426
2015-03-16,17.104629516601562,33.96574401855469,34.044795989990234,33.33333206176758,33.51778793334961,2709706
2015-03-17,17.025014877319336,33.80764389038086,34.044795989990234,33.649539947509766,33.88669204711914,1938372
2015-03-18,17.237333297729492,34.229248046875,34.54545593261719,33.49143600463867,33.78129196166992,3325521
2015-03-19,17.038280487060547,33.83399200439453,34.387351989746094,33.80764389038086,34.17654800415039,2979417
2015-03-20,17.489450454711914,34.72990798950195,34.91436004638672,33.596839904785156,33.96574401855469,5998225
2015-03-23,17.569072723388672,34.88801193237305,35.1778678894043,34.677207946777344,34.72990798950195,2335064
2015-03-24,17.55579948425293,34.86166000366211,35.15151596069336,34.703556060791016,34.88801193237305,3462141
2015-03-25,17.117897033691406,33.992095947265625,35.07246398925781,33.91304397583008,34.83531188964844,3326925
2015-03-26,17.078092575073242,33.91304397583008,34.15019989013672,33.465087890625,33.86034393310547,2494150
2015-03-27,16.797903060913086,33.17523193359375,33.939395904541016,33.017127990722656,33.88669204711914,2729744
2015-03-30,17.1314640045166,33.83399200439453,34.12384796142578,33.306983947753906,33.306983947753906,2563143
2015-03-31,17.144805908203125,33.86034393310547,34.20289993286133,33.702239990234375,33.702239990234375,2884428
2015-04-01,16.904640197753906,33.38603210449219,33.91304397583008,33.33333206176758,33.86034393310547,3013610
2015-04-02,17.038061141967773,33.649539947509766,33.83399200439453,33.412384033203125,33.51778793334961,2811108
2015-04-06,17.278228759765625,34.12384796142578,34.12384796142578,33.22793197631836,33.33333206176758,1780310
2015-04-07,17.291568756103516,34.15019989013672,34.49275588989258,34.097496032714844,34.17654800415039,1583236
2015-04-08,17.478355407714844,34.51910400390625,35.0197639465332,34.25559997558594,34.83531188964844,1869797
2015-04-09,17.518383026123047,34.5981559753418,34.703556060791016,34.17654800415039,34.413700103759766,1572458
2015-04-10,17.69183349609375,34.940711975097656,35.12516403198242,34.650856018066406,34.88801193237305,1927670
2015-04-13,17.558412551879883,34.677207946777344,35.098812103271484,34.677207946777344,34.86166000366211,1507716
2015-04-14,17.46501350402832,34.49275588989258,35.0197639465332,34.281951904296875,34.83531188964844,2591264
2015-04-15,17.49169921875,34.54545593261719,34.86166000366211,34.49275588989258,34.650856018066406,2299239
2015-04-16,17.23819923400879,34.044795989990234,34.4400520324707,33.86034393310547,34.25559997558594,2807845
2015-04-17,17.19816780090332,33.96574401855469,34.071144104003906,33.412384033203125,33.78129196166992,2996418
2015-04-20,17.358278274536133,34.281951904296875,34.650856018066406,34.12384796142578,34.17654800415039,2135143
2015-04-21,17.06474494934082,33.702239990234375,34.46640396118164,33.702239990234375,34.361000061035156,2480033
2015-04-22,17.23819923400879,34.044795989990234,34.12384796142578,33.54413604736328,33.78129196166992,2004064
2015-04-23,17.53173065185547,34.624507904052734,34.8089599609375,33.91304397583008,33.91304397583008,4100725
2015-04-24,15.997370719909668,31.59420394897461,32.22661590576172,29.82872200012207,31.778656005859375,15574870
2015-04-27,15.503707885742188,30.61923599243164,31.30434799194336,30.17127799987793,31.30434799194336,10155268
2015-04-28,15.65046501159668,30.90909194946289,30.9617919921875,29.986825942993164,30.461132049560547,5972837
2015-04-29,15.383621215820312,30.382081985473633,31.040842056274414,30.329381942749023,30.671937942504883,6932478
2015-04-30,15.343597412109375,30.303030014038086,30.461132049560547,29.72332000732422,30.461132049560547,7807567
2015-05-01,15.370281219482422,30.355730056762695,30.671937942504883,30.303030014038086,30.434783935546875,5928966
2015-05-04,15.703837394714355,31.014493942260742,31.172595977783203,30.355730056762695,30.434783935546875,4039284
2015-05-05,15.410307884216309,30.434783935546875,31.25164794921875,30.250328063964844,30.988142013549805,4853274
2015-05-06,15.183493614196777,29.986825942993164,30.882740020751953,29.776020050048828,30.724637985229492,4686521
2015-05-07,15.10343074798584,29.82872200012207,30.382081985473633,29.749671936035156,30.144927978515625,5389014
2015-05-08,15.170144081115723,29.960474014282227,30.250328063964844,29.82872200012207,30.250328063964844,4686673
2015-05-11,14.996699333190918,29.617918014526367,30.092227935791016,29.459815979003906,29.934123992919922,7393381
2015-05-12,14.889962196350098,29.407115936279297,29.670618057250977,29.301713943481445,29.512516021728516,6375942
2015-05-13,14.996699333190918,29.617918014526367,29.776020050048828,29.43346405029297,29.459815979003906,3510413
2015-05-14,15.076746940612793,29.776020050048828,29.960474014282227,29.617918014526367,29.644269943237305,2891866
2015-05-15,15.170144081115723,29.960474014282227,30.039525985717773,29.670618057250977,29.855072021484375,2540145
2015-05-18,15.316913604736328,30.250328063964844,30.434783935546875,29.82872200012207,29.82872200012207,2448041
2015-05-19,15.10343074798584,29.82872200012207,30.408432006835938,29.670618057250977,30.250328063964844,4680829
2015-05-20,15.290226936340332,30.197628021240234,30.408432006835938,29.855072021484375,29.960474014282227,2669745
2015-05-21,15.356937408447266,30.329381942749023,30.51383399963379,30.065876007080078,30.092227935791016,2563371
2015-05-22,15.263541221618652,30.144927978515625,30.329381942749023,30.065876007080078,30.250328063964844,2609784
2015-05-26,14.956674575805664,29.538867950439453,30.118576049804688,29.512516021728516,30.013174057006836,2599233
2015-05-27,15.250197410583496,30.118576049804688,30.17127799987793,29.644269943237305,29.72332000732422,3762325
2015-05-28,15.343597412109375,30.303030014038086,30.461132049560547,29.960474014282227,30.013174057006836,2425081
2015-05-29,15.236862182617188,30.092227935791016,30.303030014038086,29.855072021484375,30.250328063964844,3684717
2015-06-01,15.290226936340332,30.197628021240234,30.408432006835938,29.934123992919922,30.144927978515625,2592213
2015-06-02,15.316913604736328,30.250328063964844,30.434783935546875,30.092227935791016,30.223979949951172,2507281
2015-06-03,15.383621215820312,30.382081985473633,30.61923599243164,30.250328063964844,30.303030014038086,2443335
2015-06-04,15.09009838104248,29.802371978759766,30.408432006835938,29.670618057250977,30.250328063964844,3097251
2015-06-05,15.023382186889648,29.670618057250977,29.881423950195312,29.38076400756836,29.776020050048828,2310320
2015-06-08,14.743195533752441,29.117259979248047,29.776020050048828,29.09090805053711,29.644269943237305,3072432
2015-06-09,14.716508865356445,29.064559936523438,29.275362014770508,28.801054000854492,29.196311950683594,3186775
2015-06-10,15.023382186889648,29.670618057250977,29.855072021484375,29.14361000061035,29.222660064697266,2665760
2015-06-11,15.170144081115723,29.960474014282227,30.250328063964844,29.802371978759766,29.855072021484375,2708605
2015-06-12,14.903301239013672,29.43346405029297,29.934123992919922,29.354413986206055,29.802371978759766,2461968
2015-06-15,14.743195533752441,29.117259979248047,29.38076400756836,28.959157943725586,29.117259979248047,2105504
2015-06-16,14.729852676391602,29.09090805053711,29.249011993408203,28.959157943725586,29.117259979248047,3461495
2015-06-17,14.823250770568848,29.275362014770508,29.459815979003906,29.117259979248047,29.169960021972656,2371533
2015-06-18,14.863283157348633,29.354413986206055,29.617918014526367,29.249011993408203,29.354413986206055,2487319
2015-06-19,14.7965669631958,29.222660064697266,29.512516021728516,29.064559936523438,29.301713943481445,5290154
2015-06-22,14.849934577941895,29.328062057495117,29.48616600036621,29.222660064697266,29.38076400756836,2736992
2015-06-23,15.010039329528809,29.644269943237305,29.696969985961914,29.328062057495117,29.459815979003906,2414113
2015-06-24,14.663145065307617,28.959157943725586,29.617918014526367,28.959157943725586,29.591567993164062,3133114
2015-06-25,14.689826011657715,29.011857986450195,29.222660064697266,28.959157943725586,29.0382080078125,3914694
2015-06-26,14.743537902832031,28.93280601501465,29.0382080078125,28.774703979492188,28.880104064941406,3309240
2015-06-29,14.474982261657715,28.40579605102539,28.880104064941406,28.35309600830078,28.669301986694336,3592840
2015-06-30,14.28699779510498,28.03689193725586,28.722003936767578,28.03689193725586,28.563899993896484,3837656
2015-07-01,14.34070873260498,28.142292022705078,28.30039405822754,28.06324005126953,28.221343994140625,3185751
2015-07-02,14.17957592010498,27.826087951660156,28.30039405822754,27.50988006591797,28.30039405822754,4841851
2015-07-06,14.139289855957031,27.74703598022461,27.878787994384766,27.40447998046875,27.536231994628906,3338727
2015-07-07,14.206427574157715,27.878787994384766,27.95783805847168,27.325428009033203,27.430830001831055,4317002
2015-07-08,13.790172576904297,27.06192398071289,27.878787994384766,27.00922393798828,27.667984008789062,4949439
2015-07-09,13.74988842010498,26.982872009277344,27.61528205871582,26.982872009277344,27.430830001831055,6893542
2015-07-10,13.937881469726562,27.35177993774414,27.457181930541992,27.114625930786133,27.430830001831055,4691000
2015-07-13,14.08558464050293,27.641633987426758,27.6943359375,27.378128051757812,27.483531951904297,3719517
2015-07-14,14.139289855957031,27.74703598022461,27.79973602294922,27.58893394470215,27.641633987426758,3169129
2015-07-15,14.018445014953613,27.50988006591797,27.878787994384766,27.457181930541992,27.773386001586914,2687619
2015-07-16,14.246713638305664,27.95783805847168,28.08959197998047,27.641633987426758,27.667984008789062,4963025
2015-07-17,14.542119979858398,28.537548065185547,28.59025001525879,27.720684051513672,27.79973602294922,7281353
2015-07-20,14.649542808532715,28.74835205078125,28.985506057739258,28.458498001098633,28.669301986694336,7178508
2015-07-21,14.219860076904297,27.90513801574707,28.959157943725586,27.58893394470215,28.69565200805664,8160882
2015-07-22,14.367560386657715,28.194992065429688,28.30039405822754,27.826087951660156,27.878787994384766,4284213
2015-07-23,14.515265464782715,28.484848022460938,28.774703979492188,28.08959197998047,28.194992065429688,6006498
2015-07-24,14.689824104309082,28.827404022216797,29.512516021728516,27.667984008789062,28.142292022705078,10578676
2015-07-27,14.260139465332031,27.984189987182617,28.74835205078125,27.878787994384766,28.6429500579834,8554006
2015-07-28,14.313851356506348,28.08959197998047,28.24769401550293,27.641633987426758,28.08959197998047,4550509
2015-07-29,14.448131561279297,28.35309600830078,28.458498001098633,28.010540008544922,28.194992065429688,3648589
2015-07-30,14.46155834197998,28.37944793701172,28.40579605102539,28.06324005126953,28.274045944213867,3680012
2015-07-31,14.797247886657715,29.0382080078125,29.117259979248047,28.24769401550293,28.59025001525879,5947372
2015-08-03,14.689824104309082,28.827404022216797,29.117259979248047,28.722003936767578,29.09090805053711,5875040
2015-08-04,14.770393371582031,28.985506057739258,29.249011993408203,28.74835205078125,28.853755950927734,4150098
2015-08-05,14.756963729858398,28.959157943725586,29.407115936279297,28.959157943725586,29.196311950683594,4159472
2015-08-06,14.730110168457031,28.906455993652344,29.328062057495117,28.906455993652344,28.985506057739258,3631398
2015-08-07,14.609262466430664,28.669301986694336,28.959157943725586,28.432147979736328,28.801054000854492,3997236
2015-08-10,15.132938385009766,29.696969985961914,29.82872200012207,28.827404022216797,28.880104064941406,3583543
2015-08-11,14.877809524536133,29.196311950683594,29.644269943237305,28.985506057739258,29.459815979003906,4147518
2015-08-12,14.783825874328613,29.011857986450195,29.169960021972656,28.563899993896484,28.985506057739258,3543733
2015-08-13,14.703255653381348,28.853755950927734,29.169960021972656,28.69565200805664,29.011857986450195,2495554
2015-08-14,14.837533950805664,29.117259979248047,29.196311950683594,28.69565200805664,28.801054000854492,3125866
2015-08-17,15.267213821411133,29.960474014282227,30.17127799987793,28.959157943725586,29.09090805053711,4782231
2015-08-18,15.200077056884766,29.82872200012207,30.197628021240234,29.644269943237305,30.092227935791016,2910803
2015-08-19,15.092649459838867,29.617918014526367,29.855072021484375,29.459815979003906,29.72332000732422,3685249
2015-08-20,14.810676574707031,29.064559936523438,29.591567993164062,29.011857986450195,29.354413986206055,4337951
2015-08-21,14.354135513305664,28.168643951416016,29.328062057495117,28.08959197998047,28.827404022216797,7457289
2015-08-24,13.333634376525879,26.16600799560547,27.35177993774414,25.718050003051758,26.45586395263672,12130376
2015-08-25,12.971095085144043,25.454544067382812,27.114625930786133,25.454544067382812,27.088274002075195,6401861
2015-08-26,13.373920440673828,26.245058059692383,26.324111938476562,25.349143981933594,26.086957931518555,5582255
2015-08-27,13.736464500427246,26.95652198791504,27.035572052001953,26.324111938476562,26.48221206665039,5866539
2015-08-28,13.84388542175293,27.16732406616211,27.325428009033203,26.693016052246094,26.772069931030273,4110365
2015-08-31,13.655902862548828,26.798419952392578,27.40447998046875,26.693016052246094,27.035572052001953,6569676
2015-09-01,13.132222175598145,25.770751953125,26.48221206665039,25.638999938964844,26.13965606689453,5861491
2015-09-02,13.387348175048828,26.27140998840332,26.27140998840332,25.770751953125,26.245058059692383,4856310
2015-09-03,13.454483032226562,26.403162002563477,26.798419952392578,26.297760009765625,26.297760009765625,7488180
2015-09-04,13.30678653717041,26.11330795288086,26.350460052490234,25.981555938720703,26.11330795288086,3881906
2015-09-08,13.99158763885498,27.457181930541992,27.536231994628906,26.48221206665039,26.587614059448242,5140593
2015-09-09,13.736464500427246,26.95652198791504,27.90513801574707,26.9301700592041,27.79973602294922,5109664
2015-09-10,13.84388542175293,27.16732406616211,27.35177993774414,26.851119995117188,26.982872009277344,3965358
2015-09-11,14.00501823425293,27.483531951904297,27.50988006591797,26.9301700592041,26.982872009277344,3438004
2015-09-14,13.857316970825195,27.193675994873047,27.536231994628906,27.06192398071289,27.50988006591797,3186851
2015-09-15,14.206427574157715,27.878787994384766,28.010540008544922,27.22002601623535,27.325428009033203,3712383
2015-09-16,14.260139465332031,27.984189987182617,28.274045944213867,27.79973602294922,27.878787994384766,3904334
2015-09-17,14.206427574157715,27.878787994384766,28.40579605102539,27.79973602294922,27.90513801574707,3420244
2015-09-18,13.897598266601562,27.27272605895996,27.720684051513672,27.00922393798828,27.378128051757812,8995402
2015-09-21,14.11243724822998,27.6943359375,27.6943359375,27.114625930786133,27.40447998046875,4784243
2015-09-22,13.870743751525879,27.22002601623535,27.40447998046875,27.088274002075195,27.2990779876709,3449883
2015-09-23,13.669327735900879,26.82476806640625,27.24637794494629,26.772069931030273,27.22002601623535,3115885
2015-09-24,13.56190299987793,26.61396598815918,26.82476806640625,26.245058059692383,26.587614059448242,3143740
2015-09-25,13.535052299499512,26.56126594543457,27.00922393798828,26.27140998840332,26.9301700592041,3799706
2015-09-28,13.034751892089844,25.401845932006836,26.429513931274414,25.296443939208984,26.27140998840332,4227516
2015-09-29,12.831929206848145,25.006587982177734,25.612648010253906,24.927536010742188,25.42819595336914,4684206
2015-09-30,13.156451225280762,25.638999938964844,25.691699981689453,25.08563995361328,25.349143981933594,4207782
2015-10-01,13.034751892089844,25.401845932006836,25.770751953125,25.03293800354004,25.5862979888916,4241102
2015-10-02,13.318705558776855,25.955204010009766,25.981555938720703,24.901185989379883,25.03293800354004,3550982
2015-10-05,13.480964660644531,26.27140998840332,26.350460052490234,25.744401931762695,26.16600799560547,4758854
2015-10-06,13.494485855102539,26.297760009765625,26.508563995361328,26.086957931518555,26.297760009765625,4058411
2015-10-07,13.994782447814941,27.27272605895996,27.2990779876709,26.324111938476562,26.508563995361328,7382489
2015-10-08,14.238162994384766,27.74703598022461,27.90513801574707,27.24637794494629,27.2990779876709,3872266
2015-10-09,14.26521110534668,27.79973602294922,28.03689193725586,27.641633987426758,27.74703598022461,4185809
2015-10-12,14.143521308898926,27.56258201599121,27.95783805847168,27.378128051757812,27.826087951660156,3289886
2015-10-13,14.075909614562988,27.430830001831055,27.74703598022461,27.27272605895996,27.430830001831055,2849741
2015-10-14,13.697307586669922,26.693016052246094,27.483531951904297,26.640316009521484,27.40447998046875,6338409
2015-10-15,13.927175521850586,27.140975952148438,27.24637794494629,26.429513931274414,26.61396598815918,13470011
2015-10-16,13.791960716247559,26.877470016479492,27.27272605895996,26.61396598815918,27.24637794494629,5938833
2015-10-19,13.77843952178955,26.851119995117188,26.90382194519043,26.640316009521484,26.772069931030273,4584777
2015-10-20,13.832523345947266,26.95652198791504,27.378128051757812,26.693016052246094,26.745718002319336,3362446
2015-10-21,13.737873077392578,26.772069931030273,27.16732406616211,26.693016052246094,27.035572052001953,4663030
2015-10-22,13.913656234741211,27.114625930786133,27.24637794494629,26.745718002319336,26.851119995117188,3537737
2015-10-23,13.981263160705566,27.24637794494629,27.641633987426758,27.06192398071289,27.2990779876709,5850676
2015-10-26,13.562092781066895,26.429513931274414,27.931489944458008,26.16600799560547,27.483531951904297,8520079
2015-10-27,12.561500549316406,24.479578018188477,26.350460052490234,24.24242401123047,26.192358016967773,12003737
2015-10-28,12.656152725219727,24.664031982421875,25.059289932250977,24.268775939941406,24.584980010986328,7087125
2015-10-29,12.629110336303711,24.611331939697266,24.637680053710938,24.163373947143555,24.558629989624023,4176853
2015-10-30,12.696717262268066,24.74308204650879,25.006587982177734,24.40052604675293,24.822134017944336,4958357
2015-11-02,13.102360725402832,25.533597946166992,25.744401931762695,24.74308204650879,24.848485946655273,8355755
2015-11-03,13.169967651367188,25.665348052978516,25.955204010009766,25.42819595336914,25.533597946166992,3799706
2015-11-04,13.034751892089844,25.401845932006836,25.744401931762695,25.296443939208984,25.691699981689453,2491493
2015-11-05,13.021231651306152,25.3754940032959,25.638999938964844,25.111988067626953,25.401845932006836,2414986
2015-11-06,13.183488845825195,25.691699981689453,25.691699981689453,25.059289932250977,25.243741989135742,5001962
2015-11-09,13.088835716247559,25.507246017456055,25.718050003051758,25.322792053222656,25.665348052978516,3568211
2015-11-10,13.007713317871094,25.349143981933594,25.5862979888916,25.164690017700195,25.42819595336914,2617601
2015-11-11,13.85956859588623,27.00922393798828,27.140975952148438,25.559946060180664,25.559946060180664,10368092
2015-11-12,13.697307586669922,26.693016052246094,27.140975952148438,26.56126594543457,26.82476806640625,6001147
2015-11-13,13.629701614379883,26.56126594543457,26.877470016479492,26.45586395263672,26.48221206665039,5422296
2015-11-16,13.791960716247559,26.877470016479492,26.95652198791504,26.324111938476562,26.48221206665039,5670982
2015-11-17,13.900129318237305,27.088274002075195,27.193675994873047,26.772069931030273,26.9301700592041,4500453
2015-11-18,14.251688957214355,27.773386001586914,27.852436065673828,27.035572052001953,27.140975952148438,5304347
2015-11-19,14.102953910827637,27.483531951904297,27.90513801574707,27.325428009033203,27.74703598022461,2511531
2015-11-20,14.143521308898926,27.56258201599121,27.931489944458008,27.457181930541992,27.720684051513672,3877617
2015-11-23,14.53564453125,28.326745986938477,28.432147979736328,27.536231994628906,27.641633987426758,5792612
2015-11-24,14.34634017944336,27.95783805847168,29.0382080078125,27.457181930541992,29.0382080078125,9969807
2015-11-25,14.31929874420166,27.90513801574707,28.326745986938477,27.56258201599121,27.95783805847168,2907767
2015-11-27,14.373385429382324,28.010540008544922,28.142292022705078,27.878787994384766,27.90513801574707,947308
2015-11-30,14.26521110534668,27.79973602294922,28.142292022705078,27.667984008789062,28.08959197998047,3294553
2015-12-01,14.454513549804688,28.168643951416016,28.24769401550293,27.74703598022461,27.878787994384766,2664014
2015-12-02,14.02182388305664,27.325428009033203,28.221343994140625,27.325428009033203,28.194992065429688,3013761
2015-12-03,14.008304595947266,27.2990779876709,27.61528205871582,27.00922393798828,27.50988006591797,7722180
2015-12-04,14.17056655883789,27.61528205871582,27.984189987182617,27.2990779876709,27.2990779876709,5232546
2015-12-07,13.751397132873535,26.798419952392578,27.58893394470215,26.71936798095703,27.50988006591797,3204346
2015-12-08,13.683788299560547,26.666667938232422,26.71936798095703,26.297760009765625,26.534914016723633,3116112
2015-12-09,13.548569679260254,26.403162002563477,27.088274002075195,26.21870994567871,26.48221206665039,4497189
2015-12-10,13.751397132873535,26.798419952392578,26.95652198791504,26.324111938476562,26.508563995361328,3700580
2015-12-11,13.575615882873535,26.45586395263672,26.693016052246094,26.27140998840332,26.297760009765625,4562311
2015-12-14,13.332225799560547,25.981555938720703,26.61396598815918,25.559946060180664,26.508563995361328,3832798
2015-12-15,13.548569679260254,26.403162002563477,26.61396598815918,26.034255981445312,26.403162002563477,3416297
2015-12-16,13.886608123779297,27.06192398071289,27.140975952148438,26.45586395263672,26.534914016723633,3010270
2015-12-17,13.77843952178955,26.851119995117188,27.430830001831055,26.508563995361328,27.088274002075195,4398557
2015-12-18,13.724350929260254,26.745718002319336,26.90382194519043,26.324111938476562,26.640316009521484,7071755
2015-12-21,13.927175521850586,27.140975952148438,27.50988006591797,26.851119995117188,27.00922393798828,3333073
2015-12-22,14.468029022216797,28.194992065429688,28.24769401550293,27.16732406616211,27.27272605895996,3446126
2015-12-23,14.630294799804688,28.511199951171875,28.616601943969727,28.194992065429688,28.30039405822754,2919228
2015-12-24,14.711424827575684,28.669301986694336,28.801054000854492,28.432147979736328,28.511199951171875,1327491
2015-12-28,14.40042781829834,28.06324005126953,28.537548065185547,27.852436065673828,28.511199951171875,2209487
2015-12-29,14.563755989074707,28.194992065429688,28.37944793701172,28.010540008544922,28.08959197998047,1781373
2015-12-30,14.590983390808105,28.24769401550293,28.326745986938477,28.06324005126953,28.142292022705078,1648282
2015-12-31,14.468482971191406,28.010540008544922,28.194992065429688,27.773386001586914,28.115942001342773,2392520
2016-01-04,14.019319534301758,27.140975952148438,27.483531951904297,26.693016052246094,27.430830001831055,3462027
2016-01-05,13.992094993591309,27.088274002075195,27.430830001831055,26.95652198791504,27.140975952148438,2460033
2016-01-06,13.815155982971191,26.745718002319336,26.851119995117188,26.429513931274414,26.693016052246094,2625343
2016-01-07,13.434048652648926,26.007904052734375,26.350460052490234,25.82345199584961,26.21870994567871,4048051
2016-01-08,13.052938461303711,25.270092010498047,26.324111938476562,25.13833999633789,26.192358016967773,4503109
2016-01-11,12.794329643249512,24.769432067871094,25.454544067382812,24.34782600402832,25.401845932006836,3475119
2016-01-12,12.971272468566895,25.111988067626953,25.217390060424805,24.505929946899414,25.111988067626953,2435062
2016-01-13,12.54932975769043,24.295124053955078,25.322792053222656,24.24242401123047,25.270092010498047,2174877
2016-01-14,12.494887351989746,24.189722061157227,24.74308204650879,23.873517990112305,24.426876068115234,3613941
2016-01-15,12.386003494262695,23.978919982910156,24.0316219329834,23.293807983398438,23.530961990356445,3614851
2016-01-19,12.12739372253418,23.478261947631836,24.374177932739258,23.21475601196289,24.321475982666016,2683103
2016-01-20,11.92322826385498,23.083003997802734,23.293807983398438,22.345190048217773,23.056652069091797,3550223
2016-01-21,12.304335594177246,23.820817947387695,24.0316219329834,22.81949806213379,23.056652069091797,3714850
2016-01-22,12.345169067382812,23.89986801147461,24.40052604675293,23.741764068603516,24.268775939941406,2458818
2016-01-25,12.386003494262695,23.978919982910156,24.216073989868164,23.55731201171875,23.820817947387695,3618381
2016-01-26,12.630998611450195,24.453227996826172,24.532278060913086,23.89986801147461,24.05797004699707,4263379
2016-01-27,12.562944412231445,24.321475982666016,24.874834060668945,24.137022018432617,24.321475982666016,3445101
2016-01-28,12.562944412231445,24.321475982666016,26.27140998840332,24.137022018432617,24.532278060913086,5472276
2016-01-29,13.270715713500977,25.691699981689453,26.060606002807617,24.426876068115234,24.505929946899414,8196745
2016-02-01,12.835165023803711,24.848485946655273,25.507246017456055,24.637680053710938,25.507246017456055,7244313
2016-02-02,12.181836128234863,23.583663940429688,24.664031982421875,23.478261947631836,24.584980010986328,6579619
2016-02-03,12.576553344726562,24.34782600402832,24.374177932739258,23.504610061645508,23.820817947387695,6783297
2016-02-04,12.753496170043945,24.69038200378418,25.059289932250977,24.24242401123047,24.374177932739258,3773141
2016-02-05,12.875997543334961,24.927536010742188,25.243741989135742,24.664031982421875,24.769432067871094,4961583
2016-02-08,12.317943572998047,23.847166061401367,24.74308204650879,23.61001205444336,24.611331939697266,5097975
2016-02-09,11.92322826385498,23.083003997802734,23.71541404724121,22.793149948120117,23.636363983154297,3584340
2016-02-10,12.08655834197998,23.399208068847656,23.68906593322754,23.16205406188965,23.293807983398438,3131710
2016-02-11,11.827948570251465,22.89855194091797,23.16205406188965,22.47694206237793,22.977602005004883,3462862
2016-02-12,11.93684196472168,23.10935401916504,23.320158004760742,22.76679801940918,22.977602005004883,2796498
2016-02-16,12.27711296081543,23.768115997314453,23.820817947387695,22.977602005004883,23.4519100189209,3165030
2016-02-17,12.508504867553711,24.216073989868164,24.637680053710938,23.89986801147461,23.95256805419922,2275672
2016-02-18,12.712668418884277,24.611331939697266,24.69038200378418,24.189722061157227,24.321475982666016,2351913
2016-02-19,12.739889144897461,24.664031982421875,24.822134017944336,24.189722061157227,24.374177932739258,2227589
2016-02-22,13.052938461303711,25.270092010498047,25.322792053222656,24.822134017944336,24.874834060668945,2296165
2016-02-23,12.930441856384277,25.03293800354004,25.322792053222656,24.927536010742188,25.111988067626953,2692780
2016-02-24,13.025718688964844,25.217390060424805,25.217390060424805,24.295124053955078,24.769432067871094,2317872
2016-02-25,13.120992660522461,25.401845932006836,25.454544067382812,25.059289932250977,25.243741989135742,2332521
2016-02-26,13.14822006225586,25.454544067382812,25.691699981689453,25.270092010498047,25.454544067382812,2809818
2016-02-29,13.080162048339844,25.322792053222656,25.638999938964844,25.191041946411133,25.3754940032959,5140138
2016-03-01,13.515713691711426,26.16600799560547,26.21870994567871,25.533597946166992,25.533597946166992,2216963
2016-03-02,13.88321304321289,26.877470016479492,26.9301700592041,26.034255981445312,26.11330795288086,2745379
2016-03-03,14.155430793762207,27.40447998046875,27.483531951904297,26.851119995117188,26.9301700592041,2395518
2016-03-04,14.29153823852539,27.667984008789062,27.773386001586914,27.325428009033203,27.378128051757812,2003418
2016-03-07,14.18265151977539,27.457181930541992,27.6943359375,27.2990779876709,27.483531951904297,2038864
2016-03-08,13.95127010345459,27.00922393798828,27.50988006591797,26.798419952392578,27.35177993774414,1870366
2016-03-09,14.345983505249023,27.773386001586914,27.826087951660156,27.035572052001953,27.16732406616211,2724810
2016-03-10,14.223485946655273,27.536231994628906,27.931489944458008,27.06192398071289,27.773386001586914,1990440
2016-03-11,14.672647476196289,28.40579605102539,28.432147979736328,27.667984008789062,27.773386001586914,1760690
2016-03-14,14.414041519165039,27.90513801574707,28.24769401550293,27.457181930541992,28.168643951416016,2444891
2016-03-15,14.373208045959473,27.826087951660156,27.90513801574707,27.40447998046875,27.720684051513672,1539594
2016-03-16,14.414041519165039,27.90513801574707,28.06324005126953,27.50988006591797,27.74703598022461,1643083
2016-03-17,14.563755989074707,28.194992065429688,28.40579605102539,27.826087951660156,27.852436065673828,3108219
2016-03-18,14.645429611206055,28.35309600830078,28.37944793701172,28.142292022705078,28.30039405822754,3111369
2016-03-21,14.50931453704834,28.08959197998047,28.30039405822754,27.984189987182617,28.194992065429688,1674164
2016-03-22,14.563755989074707,28.194992065429688,28.432147979736328,28.03689193725586,28.06324005126953,2358668
2016-03-23,14.373208045959473,27.826087951660156,28.274045944213867,27.720684051513672,28.24769401550293,1865850
2016-03-24,14.468482971191406,28.010540008544922,28.03689193725586,27.27272605895996,27.6943359375,1538417
2016-03-28,14.52292537689209,28.115942001342773,28.40579605102539,28.03689193725586,28.06324005126953,2335633
2016-03-29,14.849254608154297,28.537548065185547,28.853755950927734,27.667984008789062,27.74703598022461,3053229
2016-03-30,14.849254608154297,28.537548065185547,28.959157943725586,28.35309600830078,28.669301986694336,3227875
2016-03-31,15.301728248596191,29.407115936279297,29.802371978759766,28.801054000854492,28.827404022216797,4164747
2016-04-01,15.21945858001709,29.249011993408203,29.459815979003906,28.853755950927734,29.117259979248047,2537868
2016-04-04,15.082344055175781,28.985506057739258,29.565216064453125,28.985506057739258,29.196311950683594,2081937
2016-04-05,15.054922103881836,28.93280601501465,29.09090805053711,28.669301986694336,28.827404022216797,2314722
2016-04-06,15.1646089553833,29.14361000061035,29.14361000061035,28.511199951171875,28.906455993652344,1795566
2016-04-07,14.931517601013184,28.69565200805664,29.011857986450195,28.484848022460938,28.93280601501465,2258518
2016-04-08,15.054922103881836,28.93280601501465,29.14361000061035,28.827404022216797,28.959157943725586,1198689
2016-04-11,15.054922103881836,28.93280601501465,29.275362014770508,28.774703979492188,29.011857986450195,1960839
2016-04-12,15.27430248260498,29.354413986206055,29.512516021728516,29.064559936523438,29.09090805053711,3316906
2016-04-13,15.356569290161133,29.512516021728516,29.565216064453125,29.354413986206055,29.565216064453125,1839778
2016-04-14,15.301728248596191,29.407115936279297,29.512516021728516,29.169960021972656,29.48616600036621,1374018
2016-04-15,15.34286117553711,29.48616600036621,29.644269943237305,29.301713943481445,29.459815979003906,2636197
2016-04-18,15.42512321472168,29.644269943237305,29.670618057250977,29.169960021972656,29.48616600036621,1723196
2016-04-19,15.397705078125,29.591567993164062,30.013174057006836,29.43346405029297,29.696969985961914,2137989
2016-04-20,15.34286117553711,29.48616600036621,29.670618057250977,29.354413986206055,29.670618057250977,2252674
2016-04-21,15.301728248596191,29.407115936279297,29.72332000732422,29.38076400756836,29.591567993164062,2456504
2016-04-22,15.315436363220215,29.43346405029297,29.617918014526367,29.301713943481445,29.354413986206055,2540980
2016-04-25,13.272464752197266,25.507246017456055,28.142292022705078,25.401845932006836,28.03689193725586,13416501
2016-04-26,13.450709342956543,25.849802017211914,26.13965606689453,25.059289932250977,25.191041946411133,6937715
2016-04-27,13.71121883392334,26.350460052490234,26.376811981201172,25.691699981689453,25.718050003051758,5802897
2016-04-28,13.478131294250488,25.902502059936523,26.297760009765625,25.718050003051758,26.21870994567871,3798947
2016-04-29,13.162771224975586,25.296443939208984,25.92885398864746,25.111988067626953,25.797100067138672,4363567
2016-05-02,13.231331825256348,25.42819595336914,25.42819595336914,25.059289932250977,25.296443939208984,2555553
2016-05-03,12.984527587890625,24.953887939453125,25.322792053222656,24.874834060668945,25.270092010498047,2630390
2016-05-04,12.957107543945312,24.901185989379883,25.13833999633789,24.769432067871094,24.874834060668945,3667488
2016-05-05,12.7377290725708,24.479578018188477,25.111988067626953,24.40052604675293,25.006587982177734,2557602
2016-05-06,12.998235702514648,24.980236053466797,25.059289932250977,24.295124053955078,24.426876068115234,2749705
2016-05-09,12.819993019104004,24.637680053710938,24.980236053466797,24.611331939697266,24.874834060668945,1547335
2016-05-10,13.02566146850586,25.03293800354004,25.08563995361328,24.611331939697266,24.716733932495117,2161290
2016-05-11,12.7377290725708,24.479578018188477,25.111988067626953,24.453227996826172,25.059289932250977,2176812
2016-05-12,12.669169425964355,24.34782600402832,24.664031982421875,24.216073989868164,24.584980010986328,2410584
2016-05-13,12.381233215332031,23.794466018676758,24.479578018188477,23.71541404724121,24.295124053955078,2790577
2016-05-16,12.504638671875,24.0316219329834,24.268775939941406,23.794466018676758,23.794466018676758,2758661
2016-05-17,12.532057762145996,24.084320068359375,24.295124053955078,23.89986801147461,24.00527000427246,2279467
2016-05-18,12.490925788879395,24.00527000427246,24.268775939941406,23.847166061401367,24.05797004699707,1913743
2016-05-19,12.408658027648926,23.847166061401367,24.189722061157227,23.741764068603516,24.110671997070312,1643007
2016-05-20,12.532057762145996,24.084320068359375,24.321475982666016,23.926219940185547,24.0316219329834,2098369
2016-05-23,12.490925788879395,24.00527000427246,24.216073989868164,23.926219940185547,24.084320068359375,1675113
2016-05-24,12.724013328552246,24.453227996826172,24.479578018188477,24.163373947143555,24.24242401123047,2499994
2016-05-25,13.053084373474121,25.08563995361328,25.559946060180664,24.716733932495117,24.716733932495117,3385254
2016-05-26,13.176481246948242,25.322792053222656,25.401845932006836,25.006587982177734,25.111988067626953,3028714
2016-05-27,13.478131294250488,25.902502059936523,25.955204010009766,25.191041946411133,25.3754940032959,2265008
2016-05-31,13.67009162902832,26.27140998840332,26.27140998840332,25.87615394592285,25.955204010009766,4447095
2016-06-01,13.683804512023926,26.297760009765625,26.350460052490234,25.87615394592285,26.13965606689453,2374000
2016-06-02,13.903178215026855,26.71936798095703,26.71936798095703,26.245058059692383,26.297760009765625,1998864
2016-06-03,13.793487548828125,26.508563995361328,26.666667938232422,26.324111938476562,26.587614059448242,1496293
2016-06-06,14.12255573272705,27.140975952148438,27.22002601623535,26.61396598815918,26.61396598815918,2193472
2016-06-07,14.095135688781738,27.088274002075195,27.22002601623535,26.851119995117188,27.22002601623535,1573369
2016-06-08,14.040291786193848,26.982872009277344,27.114625930786133,26.851119995117188,27.088274002075195,1994690
2016-06-09,13.875755310058594,26.666667938232422,26.877470016479492,26.508563995361328,26.82476806640625,1432195
2016-06-10,13.61524772644043,26.16600799560547,26.45586395263672,25.955204010009766,26.45586395263672,1394625
2016-06-13,13.519265174865723,25.981555938720703,26.324111938476562,25.92885398864746,26.060606002807617,1746269
2016-06-14,13.341022491455078,25.638999938964844,26.034255981445312,25.401845932006836,25.849802017211914,2159848
2016-06-15,13.5878267288208,26.11330795288086,26.350460052490234,25.612648010253906,25.691699981689453,2415480
2016-06-16,13.299881935119629,25.559946060180664,25.955204010009766,25.454544067382812,25.902502059936523,2607810
2016-06-17,13.395861625671387,25.744401931762695,25.955204010009766,25.507246017456055,25.5862979888916,2149109
2016-06-20,13.423290252685547,25.797100067138672,26.324111938476562,25.770751953125,26.13965606689453,1560125
2016-06-21,13.478131294250488,25.902502059936523,25.92885398864746,25.559946060180664,25.82345199584961,1259219
2016-06-22,13.409576416015625,25.770751953125,26.13965606689453,25.744401931762695,25.902502059936523,1254058
2016-06-23,13.738642692565918,26.403162002563477,26.403162002563477,26.060606002807617,26.11330795288086,1229049
2016-06-24,12.957107543945312,24.901185989379883,25.665348052978516,24.901185989379883,25.296443939208984,3306963
2016-06-27,12.28525447845459,23.61001205444336,24.664031982421875,23.530961990356445,24.637680053710938,2459350
2016-06-28,12.5452880859375,23.89986801147461,24.137022018432617,23.6627140045166,23.89986801147461,2476313
2016-06-29,12.725101470947266,24.24242401123047,24.374177932739258,23.926219940185547,24.189722061157227,2853309
2016-06-30,13.126222610473633,25.006587982177734,25.006587982177734,24.163373947143555,24.321475982666016,2191954
2016-07-01,12.932574272155762,24.637680053710938,24.953887939453125,24.505929946899414,24.927536010742188,1968277
2016-07-05,12.780426979064941,24.34782600402832,24.558629989624023,24.137022018432617,24.558629989624023,1686991
2016-07-06,12.891079902648926,24.558629989624023,24.611331939697266,23.794466018676758,24.137022018432617,1861599
2016-07-07,12.974071502685547,24.716733932495117,24.822134017944336,24.505929946899414,24.558629989624023,1784485
2016-07-08,13.1953763961792,25.13833999633789,25.296443939208984,24.927536010742188,25.006587982177734,1746231
2016-07-11,13.140050888061523,25.03293800354004,25.296443939208984,25.006587982177734,25.191041946411133,2232257
2016-07-12,13.3751859664917,25.48089599609375,26.034255981445312,25.296443939208984,25.454544067382812,2873270
2016-07-13,13.292195320129395,25.322792053222656,25.691699981689453,24.874834060668945,25.691699981689453,2251042
2016-07-14,13.347527503967285,25.42819595336914,25.691699981689453,25.111988067626953,25.401845932006836,2255027
2016-07-15,13.347527503967285,25.42819595336914,25.612648010253906,25.217390060424805,25.5862979888916,2226451
2016-07-18,13.444344520568848,25.612648010253906,25.665348052978516,25.270092010498047,25.42819595336914,1230529
2016-07-19,13.236871719360352,25.217390060424805,25.612648010253906,25.164690017700195,25.48089599609375,1448210
2016-07-20,13.568830490112305,25.849802017211914,25.87615394592285,25.296443939208984,25.401845932006836,1942281
2016-07-21,13.51350212097168,25.744401931762695,26.060606002807617,25.638999938964844,25.87615394592285,1166773
2016-07-22,13.541166305541992,25.797100067138672,25.87615394592285,25.559946060180664,25.797100067138672,851826
2016-07-25,13.679481506347656,26.060606002807617,26.086957931518555,25.5862979888916,25.797100067138672,1458419
2016-07-26,13.762472152709961,26.21870994567871,26.350460052490234,26.007904052734375,26.13965606689453,1588967
2016-07-27,13.831628799438477,26.350460052490234,26.429513931274414,26.034255981445312,26.192358016967773,1655948
2016-07-28,13.707146644592285,26.11330795288086,26.45586395263672,26.086957931518555,26.297760009765625,2143947
2016-07-29,14.246583938598633,27.140975952148438,27.193675994873047,26.534914016723633,26.877470016479492,8152571
2016-08-01,14.025274276733398,26.71936798095703,27.27272605895996,26.27140998840332,27.22002601623535,5663544
2016-08-02,13.568830490112305,25.849802017211914,26.745718002319336,25.665348052978516,26.640316009521484,4134235
2016-08-03,13.748644828796387,26.192358016967773,26.192358016967773,25.744401931762695,25.82345199584961,1873060
2016-08-04,13.610325813293457,25.92885398864746,26.350460052490234,25.82345199584961,26.21870994567871,1818602
2016-08-05,13.831628799438477,26.350460052490234,26.403162002563477,26.034255981445312,26.086957931518555,1559328
2016-08-08,13.817803382873535,26.324111938476562,26.508563995361328,26.27140998840332,26.403162002563477,1614279
2016-08-09,13.748644828796387,26.192358016967773,26.45586395263672,26.16600799560547,26.376811981201172,1239143
2016-08-10,13.65181827545166,26.007904052734375,26.403162002563477,25.902502059936523,26.27140998840332,1386731
2016-08-11,13.693314552307129,26.086957931518555,26.245058059692383,25.981555938720703,26.13965606689453,1688168
2016-08-12,13.51350212097168,25.744401931762695,26.21870994567871,25.718050003051758,26.086957931518555,1891959
2016-08-15,13.610325813293457,25.92885398864746,26.034255981445312,25.770751953125,25.770751953125,1357927
2016-08-16,13.541166305541992,25.797100067138672,25.981555938720703,25.770751953125,25.902502059936523,1541757
2016-08-17,13.389021873474121,25.507246017456055,25.849802017211914,25.401845932006836,25.797100067138672,2135143
2016-08-18,13.416682243347168,25.559946060180664,25.718050003051758,25.48089599609375,25.612648010253906,2094195
2016-08-19,13.402853965759277,25.533597946166992,25.5862979888916,25.322792053222656,25.42819595336914,1542857
2016-08-22,13.43051528930664,25.5862979888916,25.5862979888916,25.270092010498047,25.454544067382812,1711773
2016-08-23,13.499672889709473,25.718050003051758,25.87615394592285,25.612648010253906,25.770751953125,1715947
2016-08-24,13.389021873474121,25.507246017456055,25.797100067138672,25.401845932006836,25.718050003051758,1543730
2016-08-25,13.444344520568848,25.612648010253906,25.638999938964844,25.322792053222656,25.454544067382812,2309979
2016-08-26,13.45817756652832,25.638999938964844,25.92885398864746,25.42819595336914,25.665348052978516,1962470
2016-08-29,13.402853965759277,25.533597946166992,25.744401931762695,25.48089599609375,25.638999938964844,1462783
2016-08-30,13.568830490112305,25.849802017211914,25.87615394592285,25.507246017456055,25.533597946166992,2263528
2016-08-31,13.624154090881348,25.955204010009766,25.981555938720703,25.691699981689453,25.797100067138672,2804695
2016-09-01,13.65181827545166,26.007904052734375,26.11330795288086,25.612648010253906,26.034255981445312,2671642
2016-09-02,13.679481506347656,26.060606002807617,26.11330795288086,25.902502059936523,26.086957931518555,2277645
2016-09-06,13.554999351501465,25.82345199584961,26.060606002807617,25.48089599609375,26.007904052734375,2163492
2016-09-07,13.665648460388184,26.034255981445312,26.034255981445312,25.718050003051758,25.770751953125,2391305
2016-09-08,13.693314552307129,26.086957931518555,26.11330795288086,25.849802017211914,25.955204010009766,3174100
2016-09-09,13.264533996582031,25.270092010498047,25.981555938720703,25.270092010498047,25.902502059936523,3152544
2016-09-12,13.568830490112305,25.849802017211914,25.902502059936523,24.927536010742188,25.059289932250977,3061275
2016-09-13,13.541166305541992,25.797100067138672,26.086957931518555,25.638999938964844,25.849802017211914,3792533
2016-09-14,13.45817756652832,25.638999938964844,25.87615394592285,25.349143981933594,25.797100067138672,3188976
2016-09-15,13.568830490112305,25.849802017211914,25.902502059936523,25.507246017456055,25.612648010253906,3462824
2016-09-16,13.554999351501465,25.82345199584961,25.82345199584961,25.401845932006836,25.744401931762695,9356762
2016-09-19,13.624154090881348,25.955204010009766,26.192358016967773,25.902502059936523,25.981555938720703,3253302
2016-09-20,13.568830490112305,25.849802017211914,26.16600799560547,25.849802017211914,26.16600799560547,1776781
2016-09-21,13.748644828796387,26.192358016967773,26.27140998840332,25.955204010009766,26.034255981445312,2367245
2016-09-22,13.845463752746582,26.376811981201172,26.403162002563477,26.21870994567871,26.245058059692383,1983419
2016-09-23,13.720974922180176,26.13965606689453,26.403162002563477,26.13965606689453,26.324111938476562,1512801
2016-09-26,13.803969383239746,26.297760009765625,26.429513931274414,25.955204010009766,26.060606002807617,3748511
2016-09-27,13.87313175201416,26.429513931274414,26.48221206665039,26.13965606689453,26.13965606689453,3949343
2016-09-28,14.05156135559082,26.56126594543457,26.587614059448242,26.27140998840332,26.324111938476562,3021655
2016-09-29,14.190954208374023,26.82476806640625,27.16732406616211,26.429513931274414,26.587614059448242,5037255
2016-09-30,14.121259689331055,26.693016052246094,26.877470016479492,26.403162002563477,26.82476806640625,2913573
2016-10-03,14.107318878173828,26.666667938232422,26.82476806640625,26.508563995361328,26.82476806640625,2124669
2016-10-04,13.716999053955078,25.92885398864746,26.666667938232422,25.849802017211914,26.666667938232422,2327587
2016-10-05,13.898221015930176,26.27140998840332,26.429513931274414,26.034255981445312,26.060606002807617,1648131
2016-10-06,13.953978538513184,26.376811981201172,26.45586395263672,26.192358016967773,26.245058059692383,2093929
2016-10-07,13.800639152526855,26.086957931518555,26.534914016723633,26.086957931518555,26.429513931274414,1956209
2016-10-10,13.884275436401367,26.245058059692383,26.376811981201172,26.16600799560547,26.192358016967773,1808280
2016-10-11,13.605477333068848,25.718050003051758,26.245058059692383,25.533597946166992,26.192358016967773,2881468
2016-10-12,13.661238670349121,25.82345199584961,25.902502059936523,25.48089599609375,25.718050003051758,2049945
2016-10-13,13.312739372253418,25.164690017700195,25.665348052978516,25.08563995361328,25.638999938964844,3241689
2016-10-14,13.452138900756836,25.42819595336914,25.5862979888916,25.243741989135742,25.296443939208984,2256128
2016-10-17,13.340619087219238,25.217390060424805,25.5862979888916,25.217390060424805,25.454544067382812,1880460
2016-10-18,13.53577995300293,25.5862979888916,25.691699981689453,25.42819595336914,25.48089599609375,1705966
2016-10-19,13.53577995300293,25.5862979888916,25.797100067138672,25.559946060180664,25.612648010253906,1474889
2016-10-20,13.410319328308105,25.349143981933594,25.638999938964844,25.270092010498047,25.5862979888916,1660844
2016-10-21,13.243038177490234,25.03293800354004,25.243741989135742,24.953887939453125,25.243741989135742,2021141
2016-10-24,13.493959426879883,25.507246017456055,25.559946060180664,25.191041946411133,25.270092010498047,1811467
2016-10-25,13.396374702453613,25.322792053222656,25.533597946166992,24.980236053466797,25.507246017456055,2847730
2016-10-26,13.452138900756836,25.42819595336914,25.454544067382812,25.217390060424805,25.270092010498047,1743613
2016-10-27,13.340619087219238,25.217390060424805,25.507246017456055,25.006587982177734,25.507246017456055,2572896
2016-10-28,13.716999053955078,25.92885398864746,26.324111938476562,25.08563995361328,25.111988067626953,4957940
2016-10-31,13.619417190551758,25.744401931762695,25.92885398864746,25.243741989135742,25.849802017211914,3423811
2016-11-01,13.243038177490234,25.03293800354004,25.770751953125,24.874834060668945,25.770751953125,2927653
2016-11-02,13.256978988647461,25.059289932250977,25.13833999633789,24.822134017944336,24.901185989379883,2892359
2016-11-03,13.033934593200684,24.637680053710938,25.243741989135742,24.611331939697266,25.059289932250977,2010971
2016-11-04,12.783018112182617,24.163373947143555,24.69038200378418,24.110671997070312,24.637680053710938,3874657
2016-11-07,12.97817611694336,24.532278060913086,24.532278060913086,24.00527000427246,24.0316219329834,3648968
2016-11-08,12.936354637145996,24.453227996826172,24.584980010986328,23.978919982910156,24.505929946899414,3748815
2016-11-09,13.256978988647461,25.059289932250977,25.111988067626953,23.95256805419922,24.084320068359375,4024635
2016-11-10,13.354559898376465,25.243741989135742,25.559946060180664,25.059289932250977,25.08563995361328,3267988
2016-11-11,13.243038177490234,25.03293800354004,25.296443939208984,24.901185989379883,25.191041946411133,3360207
2016-11-14,13.270919799804688,25.08563995361328,25.217390060424805,24.79578399658203,24.79578399658203,3606389
2016-11-15,13.368496894836426,25.270092010498047,25.401845932006836,24.953887939453125,25.13833999633789,2491683
2016-11-16,13.312739372253418,25.164690017700195,25.296443939208984,25.111988067626953,25.243741989135742,2527470
2016-11-17,13.354559898376465,25.243741989135742,25.322792053222656,25.03293800354004,25.191041946411133,3670790
2016-11-18,13.159398078918457,24.874834060668945,25.243741989135742,24.848485946655273,25.217390060424805,2311914
2016-11-21,13.270919799804688,25.08563995361328,25.217390060424805,24.927536010742188,25.13833999633789,2781052
2016-11-22,12.97817611694336,24.532278060913086,25.08563995361328,24.479578018188477,25.059289932250977,3840198
2016-11-23,12.922417640686035,24.426876068115234,24.611331939697266,24.295124053955078,24.558629989624023,3708702
2016-11-25,13.075757026672363,24.716733932495117,24.79578399658203,24.479578018188477,24.532278060913086,1409463
2016-11-28,13.243038177490234,25.03293800354004,25.13833999633789,24.69038200378418,24.769432067871094,3235162
2016-11-29,13.187277793884277,24.927536010742188,25.13833999633789,24.716733932495117,25.03293800354004,2462196
2016-11-30,13.033934593200684,24.637680053710938,25.111988067626953,24.453227996826172,25.03293800354004,4460947
2016-12-01,13.173335075378418,24.901185989379883,24.953887939453125,24.611331939697266,24.74308204650879,4322088
2016-12-02,13.243038177490234,25.03293800354004,25.164690017700195,24.874834060668945,24.901185989379883,3921601
2016-12-05,12.99211597442627,24.558629989624023,25.243741989135742,24.505929946899414,25.164690017700195,4710544
2016-12-06,12.96423625946045,24.505929946899414,24.74308204650879,24.24242401123047,24.611331939697266,9792390
2016-12-07,13.215156555175781,24.980236053466797,25.744401931762695,24.558629989624023,24.558629989624023,10251851
2016-12-08,13.270919799804688,25.08563995361328,25.401845932006836,24.874834060668945,24.980236053466797,7176649
2016-12-09,13.187277793884277,24.927536010742188,25.111988067626953,24.874834060668945,25.08563995361328,4113476
2016-12-12,12.96423625946045,24.505929946899414,24.927536010742188,24.268775939941406,24.79578399658203,4025129
2016-12-13,13.073890686035156,24.505929946899414,24.769432067871094,24.34782600402832,24.34782600402832,7778194
2016-12-14,12.65215015411377,23.71541404724121,24.769432067871094,23.6627140045166,24.453227996826172,8233784
2016-12-15,12.694324493408203,23.794466018676758,24.00527000427246,23.583663940429688,23.68906593322754,5379868
2016-12-16,12.834903717041016,24.05797004699707,24.084320068359375,23.768115997314453,23.820817947387695,11138780
2016-12-19,12.834903717041016,24.05797004699707,24.24242401123047,24.00527000427246,24.084320068359375,3038694
2016-12-20,12.975480079650879,24.321475982666016,24.426876068115234,24.110671997070312,24.163373947143555,5321539
2016-12-21,12.77867317199707,23.95256805419922,24.189722061157227,23.89986801147461,23.89986801147461,2798775
2016-12-22,12.666206359863281,23.741764068603516,24.084320068359375,23.68906593322754,23.926219940185547,3687298
2016-12-23,12.581859588623047,23.583663940429688,23.741764068603516,23.504610061645508,23.68906593322754,2259012
2016-12-27,12.5678071975708,23.55731201171875,23.768115997314453,23.425559997558594,23.583663940429688,1924976
2016-12-28,12.314763069152832,23.083003997802734,23.61001205444336,23.00395393371582,23.530961990356445,2640941
2016-12-29,12.258528709411621,22.977602005004883,23.241107940673828,22.89855194091797,23.16205406188965,2736423
2016-12-30,12.272587776184082,23.00395393371582,23.188405990600586,22.92490005493164,22.977602005004883,4269527
2017-01-03,16.89139747619629,27.559999465942383,28.0,25.84000015258789,26.1200008392334,16111900
2017-01-04,17.528810501098633,28.600000381469727,28.799999237060547,27.799999237060547,28.15999984741211,7687100
2017-01-05,17.455251693725586,28.479999542236328,28.920000076293945,27.799999237060547,28.639999389648438,7060275
2017-01-06,17.18558120727539,28.040000915527344,28.600000381469727,27.8799991607666,28.559999465942383,6171125
2017-01-09,17.0875186920166,27.8799991607666,28.479999542236328,27.84000015258789,28.280000686645508,3802725
2017-01-10,17.23461151123047,28.1200008392334,28.559999465942383,28.040000915527344,28.440000534057617,4547275
2017-01-11,17.161067962646484,28.0,28.31999969482422,27.639999389648438,28.280000686645508,4137650
2017-01-12,17.01397132873535,27.760000228881836,28.15999984741211,27.31999969482422,28.079999923706055,3730175
2017-01-13,17.283647537231445,28.200000762939453,28.31999969482422,27.920000076293945,28.0,2520325
2017-01-17,16.989458084106445,27.719999313354492,28.200000762939453,27.520000457763672,28.15999984741211,2641450
2017-01-18,17.210100173950195,28.079999923706055,28.15999984741211,27.719999313354492,27.760000228881836,2988375
2017-01-19,17.01397132873535,27.760000228881836,28.040000915527344,27.639999389648438,28.040000915527344,1971450
2017-01-20,17.01397132873535,27.760000228881836,27.920000076293945,27.559999465942383,27.799999237060547,2103000
2017-01-23,16.89139747619629,27.559999465942383,27.959999084472656,27.440000534057617,27.719999313354492,2370800
2017-01-24,17.01397132873535,27.760000228881836,27.84000015258789,27.479999542236328,27.639999389648438,3037725
2017-01-25,17.161067962646484,28.0,28.1200008392334,27.639999389648438,27.8799991607666,3321800
2017-01-26,17.063005447387695,27.84000015258789,28.239999771118164,27.559999465942383,28.079999923706055,2284650
2017-01-27,17.112035751342773,27.920000076293945,27.920000076293945,27.639999389648438,27.8799991607666,1914725
2017-01-30,17.038488388061523,27.799999237060547,27.8799991607666,27.399999618530273,27.8799991607666,2665700
2017-01-31,16.989458084106445,27.719999313354492,28.200000762939453,26.479999542236328,27.760000228881836,9476525
2017-02-01,17.33267593383789,28.280000686645508,28.31999969482422,27.68000030517578,28.1200008392334,4594525
2017-02-02,17.577838897705078,28.68000030517578,29.079999923706055,27.959999084472656,28.040000915527344,2811875
2017-02-03,17.528810501098633,28.600000381469727,29.0,28.559999465942383,28.799999237060547,2043950
2017-02-06,17.33267593383789,28.280000686645508,28.68000030517578,28.239999771118164,28.399999618530273,1829175
2017-02-07,17.33267593383789,28.280000686645508,28.559999465942383,28.15999984741211,28.31999969482422,2801450
2017-02-08,18.04363441467285,29.440000534057617,29.559999465942383,28.31999969482422,28.360000610351562,4427600
2017-02-09,17.798477172851562,29.040000915527344,29.600000381469727,28.959999084472656,29.440000534057617,2131050
2017-02-10,17.89654541015625,29.200000762939453,29.719999313354492,29.040000915527344,29.239999771118164,1779400
2017-02-13,17.798477172851562,29.040000915527344,29.479999542236328,29.040000915527344,29.31999969482422,2667250
2017-02-14,18.337827682495117,29.920000076293945,29.959999084472656,29.0,29.0,2413275
2017-02-15,18.313304901123047,29.8799991607666,29.959999084472656,29.600000381469727,29.920000076293945,2710550
2017-02-16,18.141695022583008,29.600000381469727,29.959999084472656,29.520000457763672,29.920000076293945,1500050
2017-02-17,18.239761352539062,29.760000228881836,29.84000015258789,29.31999969482422,29.520000457763672,1615300
2017-02-21,18.239761352539062,29.760000228881836,29.8799991607666,29.0,29.520000457763672,1646800
2017-02-22,18.28879737854004,29.84000015258789,30.0,29.639999389648438,29.68000030517578,1705100
2017-02-23,18.460407257080078,30.1200008392334,30.239999771118164,29.559999465942383,29.8799991607666,2083675
2017-02-24,18.484922409057617,30.15999984741211,30.760000228881836,29.719999313354492,29.920000076293945,2439125
2017-02-27,18.239761352539062,29.760000228881836,30.15999984741211,29.479999542236328,30.1200008392334,3069075
2017-02-28,18.239761352539062,29.760000228881836,29.8799991607666,29.479999542236328,29.760000228881836,2962725
2017-03-01,18.1171875,29.559999465942383,29.920000076293945,29.360000610351562,29.920000076293945,2429000
2017-03-02,17.872020721435547,29.15999984741211,29.799999237060547,29.1200008392334,29.639999389648438,3329925
2017-03-03,18.04363441467285,29.440000534057617,29.559999465942383,29.15999984741211,29.280000686645508,1447025
2017-03-06,18.2642822265625,29.799999237060547,30.479999542236328,29.799999237060547,30.479999542236328,4469900
2017-03-07,18.04363441467285,29.440000534057617,29.8799991607666,29.200000762939453,29.84000015258789,3998925
2017-03-08,18.239761352539062,29.760000228881836,29.760000228881836,29.239999771118164,29.520000457763672,2404575
2017-03-09,18.092666625976562,29.520000457763672,30.0,29.399999618530273,29.639999389648438,2166350
2017-03-10,18.04363441467285,29.440000534057617,29.920000076293945,29.31999969482422,29.520000457763672,1716000
2017-03-13,17.921056747436523,29.239999771118164,29.799999237060547,29.15999984741211,29.479999542236328,4489300
2017-03-14,17.945571899414062,29.280000686645508,29.440000534057617,28.84000015258789,29.360000610351562,2008000
2017-03-15,17.872020721435547,29.15999984741211,29.479999542236328,29.040000915527344,29.399999618530273,2817625
2017-03-16,18.16621971130371,29.639999389648438,29.68000030517578,29.15999984741211,29.239999771118164,2635950
2017-03-17,18.04363441467285,29.440000534057617,29.600000381469727,29.200000762939453,29.559999465942383,2803325
2017-03-20,18.215246200561523,29.719999313354492,29.719999313354492,29.31999969482422,29.520000457763672,2229375
2017-03-21,17.651382446289062,28.799999237060547,29.760000228881836,28.639999389648438,29.719999313354492,3353175
2017-03-22,17.602354049682617,28.719999313354492,28.84000015258789,28.399999618530273,28.84000015258789,1771325
2017-03-23,17.651382446289062,28.799999237060547,29.079999923706055,28.68000030517578,28.719999313354492,1497375
2017-03-24,17.626869201660156,28.760000228881836,29.0,28.600000381469727,28.920000076293945,1679475
2017-03-27,17.504291534423828,28.559999465942383,28.799999237060547,28.360000610351562,28.559999465942383,1914000
2017-03-28,17.994609832763672,29.360000610351562,29.600000381469727,28.520000457763672,28.559999465942383,3037600
2017-03-29,17.977296829223633,29.079999923706055,29.1200008392334,28.600000381469727,29.079999923706055,2313975
2017-03-30,18.24930191040039,29.520000457763672,29.639999389648438,29.0,29.040000915527344,1519275
2017-03-31,18.150388717651367,29.360000610351562,29.719999313354492,29.360000610351562,29.520000457763672,2170875
2017-04-03,17.927841186523438,29.0,29.559999465942383,28.719999313354492,29.440000534057617,2123300
2017-04-04,17.828922271728516,28.84000015258789,29.079999923706055,28.719999313354492,28.8799991607666,1550075
2017-04-05,17.705286026000977,28.639999389648438,29.079999923706055,28.479999542236328,28.959999084472656,1901375
2017-04-06,17.631101608276367,28.520000457763672,28.68000030517578,28.280000686645508,28.68000030517578,2014225
2017-04-07,17.606369018554688,28.479999542236328,28.639999389648438,28.040000915527344,28.479999542236328,2833725
2017-04-10,17.507465362548828,28.31999969482422,28.639999389648438,28.200000762939453,28.479999542236328,2090075
2017-04-11,17.507465362548828,28.31999969482422,28.440000534057617,28.1200008392334,28.31999969482422,1394150
2017-04-12,17.383821487426758,28.1200008392334,28.440000534057617,28.040000915527344,28.360000610351562,1351000
2017-04-13,17.383821487426758,28.1200008392334,28.31999969482422,28.040000915527344,28.079999923706055,1480700
2017-04-17,17.35909080505371,28.079999923706055,28.200000762939453,27.8799991607666,28.079999923706055,1613300
2017-04-18,17.35909080505371,28.079999923706055,28.1200008392334,27.84000015258789,28.0,1130875
2017-04-19,17.161266326904297,27.760000228881836,28.239999771118164,27.719999313354492,28.15999984741211,1657975
2017-04-20,17.235454559326172,27.8799991607666,28.079999923706055,27.600000381469727,27.8799991607666,1910650
2017-04-21,17.1118106842041,27.68000030517578,27.959999084472656,27.600000381469727,27.799999237060547,2292850
2017-04-24,17.458005905151367,28.239999771118164,28.239999771118164,27.84000015258789,27.959999084472656,2143175
2017-04-25,17.28490447998047,27.959999084472656,28.280000686645508,26.639999389648438,27.799999237060547,4944300
2017-04-26,17.556917190551758,28.399999618530273,28.760000228881836,27.68000030517578,27.8799991607666,3570075
2017-04-27,17.606369018554688,28.479999542236328,28.920000076293945,28.280000686645508,28.520000457763672,1760200
2017-04-28,17.77947235107422,28.760000228881836,28.760000228881836,28.31999969482422,28.559999465942383,2273100
2017-05-01,17.458005905151367,28.239999771118164,28.799999237060547,28.239999771118164,28.760000228881836,1696950
2017-05-02,17.408550262451172,28.15999984741211,28.280000686645508,27.8799991607666,28.280000686645508,1954175
2017-05-03,17.210723876953125,27.84000015258789,28.079999923706055,27.799999237060547,28.0,1590850
2017-05-04,17.13654327392578,27.719999313354492,28.15999984741211,27.68000030517578,28.0,1201575
2017-05-05,17.482730865478516,28.280000686645508,28.31999969482422,27.639999389648438,27.68000030517578,2123950
2017-05-08,17.581647872924805,28.440000534057617,28.440000534057617,28.079999923706055,28.280000686645508,2315575
2017-05-09,17.408550262451172,28.15999984741211,28.600000381469727,28.079999923706055,28.440000534057617,1476350
2017-05-10,17.556917190551758,28.399999618530273,28.440000534057617,27.959999084472656,28.15999984741211,1431050
2017-05-11,17.507465362548828,28.31999969482422,28.399999618530273,28.200000762939453,28.31999969482422,1815925
2017-05-12,17.433279037475586,28.200000762939453,28.360000610351562,28.1200008392334,28.280000686645508,846725
2017-05-15,17.680557250976562,28.600000381469727,28.600000381469727,28.200000762939453,28.239999771118164,1154575
2017-05-16,17.655824661254883,28.559999465942383,28.639999389648438,28.31999969482422,28.639999389648438,1791075
2017-05-17,17.01289939880371,27.520000457763672,28.559999465942383,27.479999542236328,28.559999465942383,2807275
2017-05-18,17.28490447998047,27.959999084472656,28.040000915527344,27.520000457763672,27.639999389648438,2289900
2017-05-19,17.30963897705078,28.0,28.15999984741211,27.8799991607666,28.079999923706055,1469875
2017-05-22,17.26017951965332,27.920000076293945,28.040000915527344,27.84000015258789,28.0,1062800
2017-05-23,17.18599510192871,27.799999237060547,28.0,27.760000228881836,27.959999084472656,726475
2017-05-24,17.35909080505371,28.079999923706055,28.15999984741211,27.600000381469727,27.760000228881836,1345050
2017-05-25,17.28490447998047,27.959999084472656,28.200000762939453,27.920000076293945,28.15999984741211,808550
2017-05-26,17.30963897705078,28.0,28.040000915527344,27.399999618530273,27.920000076293945,1572325
2017-05-30,17.507465362548828,28.31999969482422,28.84000015258789,27.8799991607666,27.959999084472656,1689150
2017-05-31,17.482730865478516,28.280000686645508,28.520000457763672,28.1200008392334,28.479999542236328,2077075
2017-06-01,17.556917190551758,28.399999618530273,28.68000030517578,28.200000762939453,28.280000686645508,1752125
2017-06-02,17.507465362548828,28.31999969482422,28.520000457763672,28.15999984741211,28.479999542236328,1443325
2017-06-05,17.26017951965332,27.920000076293945,28.399999618530273,27.8799991607666,28.280000686645508,1417350
2017-06-06,17.30963897705078,28.0,28.079999923706055,27.760000228881836,27.8799991607666,1076300
2017-06-07,17.408550262451172,28.15999984741211,28.200000762939453,27.600000381469727,28.0,2134250
2017-06-08,17.30963897705078,28.0,28.15999984741211,27.799999237060547,28.15999984741211,1584750
2017-06-09,17.161266326904297,27.760000228881836,28.15999984741211,27.600000381469727,27.719999313354492,1333400
2017-06-12,17.458005905151367,28.239999771118164,28.600000381469727,27.760000228881836,27.760000228881836,1608300
2017-06-13,17.33436393737793,28.040000915527344,28.440000534057617,28.0,28.280000686645508,960800
2017-06-14,17.13654327392578,27.719999313354492,28.15999984741211,27.440000534057617,28.040000915527344,1520925
2017-06-15,17.1798152923584,27.790000915527344,28.139999389648438,27.18000030517578,27.43000030517578,3518800
2017-06-16,17.618743896484375,28.5,28.84000015258789,27.84000015258789,27.8799991607666,7246700
2017-06-19,17.79802131652832,28.790000915527344,28.989999771118164,28.540000915527344,28.719999313354492,3163700
2017-06-20,17.51364517211914,28.329999923706055,28.8799991607666,28.309999465942383,28.729999542236328,2443700
2017-06-21,17.235454559326172,27.8799991607666,28.329999923706055,27.770000457763672,28.290000915527344,2168400
2017-06-22,17.29109001159668,27.969999313354492,28.030000686645508,27.760000228881836,27.950000762939453,2216800
2017-06-23,17.581647872924805,28.440000534057617,28.479999542236328,27.90999984741211,28.0,4103900
2017-06-26,18.045297622680664,29.190000534057617,29.299999237060547,28.520000457763672,28.520000457763672,5372200
2017-06-27,17.915475845336914,28.979999542236328,29.399999618530273,28.940000534057617,29.190000534057617,3972300
2017-06-28,18.26468276977539,29.290000915527344,29.459999084472656,28.959999084472656,29.010000228881836,3310900
2017-06-29,18.158672332763672,29.1200008392334,29.360000610351562,28.8799991607666,29.31999969482422,3817900
2017-06-30,17.915477752685547,28.729999542236328,29.34000015258789,28.719999313354492,29.270000457763672,2832000
2017-07-03,17.99030303955078,28.850000381469727,29.229999542236328,28.68000030517578,28.780000686645508,1511500
2017-07-05,17.74087142944336,28.450000762939453,29.0,28.34000015258789,28.899999618530273,2940700
2017-07-06,17.67852020263672,28.350000381469727,28.459999084472656,28.049999237060547,28.239999771118164,3069000
2017-07-07,17.946653366088867,28.780000686645508,28.90999984741211,28.40999984741211,28.40999984741211,3169600
2017-07-10,18.009014129638672,28.8799991607666,28.969999313354492,28.700000762939453,28.799999237060547,2340000
2017-07-11,18.021480560302734,28.899999618530273,29.209999084472656,28.81999969482422,28.860000610351562,3838100
2017-07-12,18.10878562927246,29.040000915527344,29.219999313354492,28.899999618530273,29.110000610351562,1952400
2017-07-13,18.233505249023438,29.239999771118164,29.3799991607666,28.93000030517578,29.010000228881836,2868900
2017-07-14,18.34575080871582,29.420000076293945,29.540000915527344,29.239999771118164,29.25,1815000
2017-07-17,18.302095413208008,29.350000381469727,29.450000762939453,29.25,29.3700008392334,1375000
2017-07-18,18.27091407775879,29.299999237060547,29.389999389648438,29.049999237060547,29.350000381469727,1600300
2017-07-19,18.32080841064453,29.3799991607666,29.5,29.200000762939453,29.3799991607666,1524000
2017-07-20,18.33951187133789,29.40999984741211,29.600000381469727,29.299999237060547,29.459999084472656,4500900
2017-07-21,18.364452362060547,29.450000762939453,29.459999084472656,29.15999984741211,29.299999237060547,2151000
2017-07-24,19.05662727355957,30.559999465942383,30.610000610351562,29.579999923706055,29.729999542236328,4150200
2017-07-25,19.34971046447754,31.030000686645508,31.15999984741211,30.549999237060547,30.59000015258789,5446700
2017-07-26,19.012977600097656,30.489999771118164,31.06999969482422,30.389999389648438,31.06999969482422,2326200
2017-07-27,19.069103240966797,30.579999923706055,30.90999984741211,30.290000915527344,30.579999923706055,2751600
2017-07-28,18.975563049316406,30.43000030517578,30.510000228881836,30.170000076293945,30.479999542236328,2539900
2017-07-31,19.125221252441406,30.670000076293945,30.68000030517578,30.3700008392334,30.510000228881836,6408900
2017-08-01,20.241432189941406,32.459999084472656,32.540000915527344,30.8799991607666,30.950000762939453,5765400
2017-08-02,20.297550201416016,32.54999923706055,32.9900016784668,32.290000915527344,32.560001373291016,3812600
2017-08-03,20.016937255859375,32.099998474121094,32.68000030517578,32.0,32.56999969482422,2286300
2017-08-04,20.091768264770508,32.220001220703125,32.29999923706055,31.940000534057617,32.290000915527344,2524600
2017-08-07,20.27260971069336,32.5099983215332,32.599998474121094,32.099998474121094,32.220001220703125,1474800
2017-08-08,20.147897720336914,32.310001373291016,32.650001525878906,32.2400016784668,32.439998626708984,2395300
2017-08-09,20.141660690307617,32.29999923706055,32.349998474121094,31.940000534057617,32.060001373291016,2002000
2017-08-10,19.605375289916992,31.440000534057617,32.29999923706055,31.389999389648438,32.18000030517578,3218200
2017-08-11,19.742570877075195,31.65999984741211,31.760000228881836,31.399999618530273,31.40999984741211,1739000
2017-08-14,20.035648345947266,32.130001068115234,32.16999816894531,31.829999923706055,31.979999542236328,1729900
2017-08-15,20.12918472290039,32.279998779296875,32.369998931884766,31.899999618530273,32.150001525878906,1737400
2017-08-16,20.210256576538086,32.40999984741211,32.459999084472656,32.20000076293945,32.41999816894531,1596700
2017-08-17,19.86104965209961,31.850000381469727,32.31999969482422,31.850000381469727,32.25,1897300
2017-08-18,19.611618041992188,31.450000762939453,31.81999969482422,31.440000534057617,31.75,1866100
2017-08-21,19.474430084228516,31.229999542236328,31.399999618530273,31.079999923706055,31.389999389648438,1453900
2017-08-22,19.64279556274414,31.5,31.549999237060547,31.239999771118164,31.34000015258789,1091500
2017-08-23,19.854820251464844,31.84000015258789,31.899999618530273,31.239999771118164,31.25,2482100
2017-08-24,19.98575782775879,32.04999923706055,32.290000915527344,31.75,32.0,2084800
2017-08-25,20.116714477539062,32.2599983215332,32.36000061035156,32.150001525878906,32.15999984741211,981900
2017-08-28,20.147897720336914,32.310001373291016,32.4900016784668,32.189998626708984,32.41999816894531,1713600
2017-08-29,20.1042423248291,32.2400016784668,32.31999969482422,32.029998779296875,32.099998474121094,1123300
2017-08-30,20.141660690307617,32.29999923706055,32.400001525878906,32.04999923706055,32.22999954223633,1079700
2017-08-31,20.122953414916992,32.27000045776367,32.41999816894531,32.150001525878906,32.349998474121094,2065600
2017-09-01,20.303791046142578,32.560001373291016,32.599998474121094,32.34000015258789,32.34000015258789,897800
2017-09-05,20.029409408569336,32.119998931884766,32.560001373291016,31.979999542236328,32.4900016784668,1134700
2017-09-06,20.04812240600586,32.150001525878906,32.34000015258789,32.119998931884766,32.22999954223633,2257900
2017-09-07,19.8797550201416,31.8799991607666,32.220001220703125,31.8700008392334,32.15999984741211,1223100
2017-09-08,19.680208206176758,31.559999465942383,31.899999618530273,31.540000915527344,31.75,1594000
2017-09-11,19.992000579833984,32.060001373291016,32.15999984741211,31.68000030517578,31.75,1235900
2017-09-12,20.45345115661621,32.79999923706055,32.86000061035156,32.25,32.34000015258789,1557100
2017-09-13,20.4035587310791,32.720001220703125,32.720001220703125,32.40999984741211,32.599998474121094,865500
2017-09-14,20.459686279296875,32.810001373291016,32.83000183105469,32.45000076293945,32.58000183105469,976000
2017-09-15,20.353675842285156,32.63999938964844,32.7599983215332,32.470001220703125,32.58000183105469,2868300
2017-09-18,20.135425567626953,32.290000915527344,32.7400016784668,32.15999984741211,32.70000076293945,1770200
2017-09-19,20.22896385192871,32.439998626708984,32.54999923706055,32.279998779296875,32.400001525878906,1459800
2017-09-20,20.503337860107422,32.880001068115234,32.959999084472656,32.43000030517578,32.439998626708984,2391600
2017-09-21,20.534509658813477,32.93000030517578,33.0,32.66999816894531,32.83000183105469,1677400
2017-09-22,20.659231185913086,33.130001068115234,33.189998626708984,32.7400016784668,32.880001068115234,1416800
2017-09-25,20.73406410217285,33.25,33.279998779296875,32.81999969482422,33.0,1229200
2017-09-26,21.02090835571289,33.709999084472656,33.79999923706055,33.310001373291016,33.38999938964844,2104400
2017-09-27,21.170564651489258,33.95000076293945,34.130001068115234,33.58000183105469,33.79999923706055,1561900
2017-09-28,21.27107810974121,33.86000061035156,33.90999984741211,33.52000045776367,33.720001220703125,1785700
2017-09-29,20.913007736206055,33.290000915527344,33.84000015258789,33.27000045776367,33.84000015258789,1416600
2017-10-02,21.019794464111328,33.459999084472656,33.689998626708984,33.2400016784668,33.2599983215332,1525500
2017-10-03,20.79364013671875,33.099998474121094,33.70000076293945,33.08000183105469,33.459999084472656,1552100
2017-10-04,20.642873764038086,32.86000061035156,33.209999084472656,32.79999923706055,33.08000183105469,1985500
2017-10-05,20.74966812133789,33.029998779296875,33.209999084472656,32.79999923706055,32.849998474121094,1829500
2017-10-06,20.68056297302246,32.91999816894531,32.9900016784668,32.77000045776367,32.9900016784668,1004700
2017-10-09,20.485828399658203,32.61000061035156,33.119998931884766,32.58000183105469,33.0,1455500
2017-10-10,20.548641204833984,32.709999084472656,32.91999816894531,32.61000061035156,32.779998779296875,1075100
2017-10-11,20.567487716674805,32.7400016784668,32.790000915527344,32.58000183105469,32.689998626708984,1069400
2017-10-12,20.548641204833984,32.709999084472656,32.810001373291016,32.540000915527344,32.689998626708984,1178200
2017-10-13,20.73710060119629,33.0099983215332,33.2400016784668,32.689998626708984,32.810001373291016,1801400
2017-10-16,20.7873592376709,33.09000015258789,33.119998931884766,32.83000183105469,33.08000183105469,946500
2017-10-17,20.57376480102539,32.75,33.09000015258789,32.63999938964844,33.02000045776367,1194700
2017-10-18,20.630308151245117,32.84000015258789,33.119998931884766,32.70000076293945,32.810001373291016,1160700
2017-10-19,20.79364013671875,33.099998474121094,33.11000061035156,32.5099983215332,32.650001525878906,1584700
2017-10-20,20.969541549682617,33.380001068115234,33.599998474121094,33.189998626708984,33.310001373291016,2301400
2017-10-23,20.90672492980957,33.279998779296875,33.619998931884766,33.25,33.4900016784668,1004800
2017-10-24,21.013517379760742,33.45000076293945,33.630001068115234,33.2400016784668,33.34000015258789,1149700
2017-10-25,20.79364013671875,33.099998474121094,33.52000045776367,32.95000076293945,33.43000030517578,1872300
2017-10-26,19.254531860351562,30.649999618530273,32.83000183105469,29.81999969482422,32.83000183105469,6999200
2017-10-27,19.14774513244629,30.479999542236328,30.770000457763672,29.3799991607666,30.649999618530273,5344900
2017-10-30,18.990692138671875,30.229999542236328,30.579999923706055,29.850000381469727,30.25,3385400
2017-10-31,19.04094886779785,30.309999465942383,30.649999618530273,29.84000015258789,30.139999389648438,3553800
2017-11-01,19.02838134765625,30.290000915527344,30.520000457763672,29.979999542236328,30.34000015258789,2784600
2017-11-02,18.519533157348633,29.479999542236328,30.290000915527344,29.459999084472656,30.290000915527344,2438500
2017-11-03,18.25568199157715,29.059999465942383,29.56999969482422,28.889999389648438,29.510000228881836,2916900
2017-11-06,18.26825523376465,29.079999923706055,29.239999771118164,28.799999237060547,29.020000457763672,1621400
2017-11-07,17.960432052612305,28.59000015258789,29.139999389648438,28.540000915527344,29.139999389648438,2263500
2017-11-08,18.450437545776367,29.3700008392334,29.5,28.510000228881836,28.59000015258789,2301700
2017-11-09,18.387609481811523,29.270000457763672,29.559999465942383,29.06999969482422,29.079999923706055,1577000
2017-11-10,18.324787139892578,29.170000076293945,29.389999389648438,29.020000457763672,29.200000762939453,1503300
2017-11-13,17.696584701538086,28.170000076293945,29.09000015258789,28.06999969482422,29.040000915527344,3355600
2017-11-14,17.640050888061523,28.079999923706055,28.489999771118164,28.020000457763672,28.149999618530273,2253300
2017-11-15,17.696584701538086,28.170000076293945,28.329999923706055,27.549999237060547,27.93000030517578,1812700
2017-11-16,17.753122329711914,28.260000228881836,28.3700008392334,28.110000610351562,28.299999237060547,2219500
2017-11-17,17.815948486328125,28.360000610351562,28.469999313354492,28.06999969482422,28.200000762939453,1717000
2017-11-20,17.90389633178711,28.5,28.690000534057617,28.270000457763672,28.360000610351562,2451900
2017-11-21,17.859920501708984,28.43000030517578,28.760000228881836,28.40999984741211,28.6200008392334,1429000
2017-11-22,17.77197265625,28.290000915527344,28.479999542236328,28.06999969482422,28.31999969482422,2267200
2017-11-24,17.897613525390625,28.489999771118164,28.510000228881836,28.200000762939453,28.459999084472656,675300
2017-11-27,17.73427963256836,28.229999542236328,28.450000762939453,28.18000030517578,28.40999984741211,1944600
2017-11-28,18.21799087524414,29.0,29.09000015258789,28.229999542236328,28.290000915527344,1705900
2017-11-29,18.406452178955078,29.299999237060547,29.489999771118164,29.049999237060547,29.049999237060547,1955600
2017-11-30,18.63261604309082,29.65999984741211,29.860000610351562,29.270000457763672,29.5,3438300
2017-12-01,18.67030143737793,29.719999313354492,29.860000610351562,29.1299991607666,29.6200008392334,3169300
2017-12-04,18.450437545776367,29.3700008392334,30.440000534057617,29.31999969482422,29.959999084472656,3084200
2017-12-05,18.494403839111328,29.440000534057617,29.700000762939453,29.229999542236328,29.510000228881836,2025100
2017-12-06,18.620046615600586,29.639999389648438,29.719999313354492,29.260000228881836,29.420000076293945,1404600
2017-12-07,18.58863639831543,29.59000015258789,29.8799991607666,29.530000686645508,29.670000076293945,1522000
2017-12-08,18.58863639831543,29.59000015258789,29.84000015258789,29.459999084472656,29.799999237060547,1460100
2017-12-11,18.58863639831543,29.59000015258789,29.889999389648438,29.420000076293945,29.59000015258789,2589900
2017-12-12,18.682872772216797,29.739999771118164,29.979999542236328,29.600000381469727,29.670000076293945,2864200
2017-12-13,18.48184585571289,29.420000076293945,30.040000915527344,29.3700008392334,29.729999542236328,4010600
2017-12-14,18.412738800048828,29.309999465942383,29.579999923706055,29.239999771118164,29.389999389648438,2211400
2017-12-15,18.626331329345703,29.649999618530273,29.860000610351562,29.3700008392334,29.450000762939453,4322600
2017-12-18,19.034664154052734,30.299999237060547,30.31999969482422,29.8700008392334,29.8700008392334,2594200
2017-12-19,18.852481842041016,30.010000228881836,30.309999465942383,29.950000762939453,30.219999313354492,1769900
2017-12-20,18.839920043945312,29.989999771118164,30.280000686645508,29.950000762939453,30.219999313354492,1707300
2017-12-21,18.66402244567871,29.709999084472656,30.020000457763672,29.639999389648438,29.979999542236328,1784300
2017-12-22,18.582351684570312,29.579999923706055,29.770000457763672,29.5,29.719999313354492,970900
2017-12-26,18.475563049316406,29.40999984741211,29.690000534057617,29.31999969482422,29.510000228881836,1410400
2017-12-27,18.519533157348633,29.479999542236328,29.690000534057617,29.350000381469727,29.420000076293945,908700
2017-12-28,18.658926010131836,29.450000762939453,29.479999542236328,29.110000610351562,29.25,1032300
2017-12-29,18.468847274780273,29.149999618530273,29.469999313354492,29.1200008392334,29.399999618530273,1537400
2018-01-02,18.608234405517578,29.3700008392334,29.479999542236328,29.110000610351562,29.3799991607666,1776800
2018-01-03,18.58289337158203,29.329999923706055,29.479999542236328,29.020000457763672,29.40999984741211,1907500
2018-01-04,18.810977935791016,29.690000534057617,29.719999313354492,29.34000015258789,29.469999313354492,2565900
2018-01-05,18.95036506652832,29.90999984741211,29.940000534057617,29.549999237060547,29.799999237060547,1542100
2018-01-08,19.172122955322266,30.260000228881836,30.280000686645508,29.8700008392334,29.889999389648438,1282200
2018-01-09,19.127769470214844,30.190000534057617,30.549999237060547,30.149999618530273,30.280000686645508,1585900
2018-01-10,19.229145050048828,30.350000381469727,30.389999389648438,30.030000686645508,30.170000076293945,994900
2018-01-11,20.18585205078125,31.860000610351562,32.5099983215332,31.239999771118164,31.959999084472656,4010200
2018-01-12,20.762409210205078,32.77000045776367,32.84000015258789,31.610000610351562,31.719999313354492,3323900
2018-01-16,20.496305465698242,32.349998474121094,32.970001220703125,32.2400016784668,32.849998474121094,1730900
2018-01-17,20.22386360168457,31.920000076293945,32.43000030517578,31.860000610351562,32.43000030517578,1724800
2018-01-18,19.875398635864258,31.3700008392334,31.829999923706055,31.309999465942383,31.81999969482422,1528300
2018-01-19,20.1478328704834,31.799999237060547,31.889999389648438,31.309999465942383,31.469999313354492,1578800
2018-01-22,20.68004035949707,32.63999938964844,33.08000183105469,32.08000183105469,32.63999938964844,3574600
2018-01-23,20.642024993896484,32.58000183105469,32.7400016784668,32.20000076293945,32.56999969482422,1533000
2018-01-24,20.502639770507812,32.36000061035156,32.66999816894531,32.25,32.65999984741211,1676900
2018-01-25,20.515308380126953,32.380001068115234,32.540000915527344,32.119998931884766,32.47999954223633,1479100
2018-01-26,20.80042266845703,32.83000183105469,32.880001068115234,32.43000030517578,32.7599983215332,2086900
2018-01-29,20.806760787963867,32.84000015258789,32.970001220703125,32.689998626708984,32.790000915527344,1222800
2018-01-30,20.705381393432617,32.68000030517578,32.84000015258789,32.2599983215332,32.619998931884766,2213000
2018-01-31,21.624074935913086,34.130001068115234,37.41999816894531,33.599998474121094,33.880001068115234,17964300
2018-02-01,20.749731063842773,32.75,34.33000183105469,32.560001373291016,34.099998474121094,8154900
2018-02-02,20.040128707885742,31.6299991607666,32.5099983215332,31.540000915527344,32.5099983215332,3526000
2018-02-05,19.881729125976562,31.3799991607666,32.68000030517578,31.3799991607666,31.799999237060547,4104600
2018-02-06,19.545930862426758,30.850000381469727,31.530000686645508,30.219999313354492,30.940000534057617,4431200
2018-02-07,19.755014419555664,31.18000030517578,31.40999984741211,30.729999542236328,30.729999542236328,2983500
2018-02-08,18.880674362182617,29.799999237060547,31.3700008392334,29.799999237060547,31.25,3557100
2018-02-09,18.760297775268555,29.610000610351562,30.15999984741211,28.479999542236328,30.079999923706055,3781400
2018-02-12,18.9757137298584,29.950000762939453,30.309999465942383,29.540000915527344,29.84000015258789,3225100
2018-02-13,18.48151969909668,29.170000076293945,29.81999969482422,29.100000381469727,29.739999771118164,3204200
2018-02-14,18.874340057373047,29.790000915527344,29.8799991607666,28.8799991607666,29.0,2662100
2018-02-15,19.324180603027344,30.5,30.56999969482422,29.739999771118164,30.0,2289600
2018-02-16,19.355857849121094,30.549999237060547,30.799999237060547,30.25,30.43000030517578,2274200
2018-02-20,19.65997886657715,31.030000686645508,31.170000076293945,30.110000610351562,30.360000610351562,3287600
2018-02-21,19.24815559387207,30.3799991607666,31.40999984741211,30.350000381469727,31.149999618530273,2391400
2018-02-22,19.153112411499023,30.229999542236328,30.549999237060547,30.040000915527344,30.5,1799900
2018-02-23,19.558609008789062,30.8700008392334,30.8799991607666,30.329999923706055,30.530000686645508,1350600
2018-02-26,19.71700096130371,31.1200008392334,31.170000076293945,30.760000228881836,30.920000076293945,1222400
2018-02-27,19.165782928466797,30.25,31.059999465942383,30.25,31.040000915527344,2089400
2018-02-28,19.210134506225586,30.31999969482422,30.860000610351562,29.959999084472656,30.34000015258789,2474100
2018-03-01,19.355857849121094,30.549999237060547,30.75,29.969999313354492,30.360000610351562,2931600
2018-03-02,19.045406341552734,30.059999465942383,30.360000610351562,29.799999237060547,30.34000015258789,2394500
2018-03-05,19.191131591796875,30.290000915527344,30.450000762939453,29.829999923706055,29.93000030517578,2690300
2018-03-06,19.032730102539062,30.040000915527344,30.3799991607666,30.0,30.299999237060547,1965100
2018-03-07,18.89967918395996,29.829999923706055,29.940000534057617,29.719999313354492,29.780000686645508,1840300
2018-03-08,18.89967918395996,29.829999923706055,29.90999984741211,29.68000030517578,29.899999618530273,958400
2018-03-09,18.956707000732422,29.920000076293945,29.979999542236328,29.709999084472656,29.979999542236328,1708400
2018-03-12,18.810977935791016,29.690000534057617,30.09000015258789,29.6299991607666,29.979999542236328,1485800
2018-03-13,19.85638999938965,31.34000015258789,31.579999923706055,29.790000915527344,29.84000015258789,4950700
2018-03-14,19.482574462890625,30.75,31.610000610351562,30.5,31.540000915527344,2629200
2018-03-15,19.672649383544922,31.049999237060547,31.06999969482422,30.75,30.75,2608200
2018-03-16,19.704328536987305,31.100000381469727,31.459999084472656,31.010000228881836,31.1299991607666,2376400
2018-03-19,19.127769470214844,30.190000534057617,31.06999969482422,30.1299991607666,30.989999771118164,3109200
2018-03-20,19.526927947998047,30.81999969482422,31.34000015258789,30.260000228881836,30.309999465942383,3160500
2018-03-21,19.552268981933594,30.860000610351562,31.190000534057617,30.450000762939453,30.709999084472656,2322800
2018-03-22,18.880674362182617,29.799999237060547,30.56999969482422,29.700000762939453,30.540000915527344,2410200
2018-03-23,18.24709701538086,28.799999237060547,29.8700008392334,28.790000915527344,29.81999969482422,2418300
2018-03-26,18.62724494934082,29.399999618530273,29.59000015258789,28.760000228881836,29.290000915527344,2414400
2018-03-27,18.373807907104492,29.0,29.5,28.860000610351562,29.459999084472656,2453200
2018-03-28,18.437721252441406,28.850000381469727,29.010000228881836,28.1299991607666,28.829999923706055,2527500
2018-03-29,18.39298439025879,28.780000686645508,29.09000015258789,28.6299991607666,29.09000015258789,1962700
2018-04-02,17.932838439941406,28.059999465942383,28.799999237060547,27.829999923706055,28.68000030517578,1780300
2018-04-03,17.843368530273438,27.920000076293945,28.260000228881836,27.760000228881836,28.260000228881836,1797000
2018-04-04,18.09261131286621,28.309999465942383,28.350000381469727,27.5,27.6299991607666,3230700
2018-04-05,18.073436737060547,28.280000686645508,28.559999465942383,28.06999969482422,28.450000762939453,988800
2018-04-06,17.881715774536133,27.979999542236328,28.34000015258789,27.799999237060547,28.09000015258789,2090400
2018-04-09,17.5941219329834,27.530000686645508,28.290000915527344,27.489999771118164,28.190000534057617,2040500
2018-04-10,18.09900665283203,28.31999969482422,28.479999542236328,27.8700008392334,27.899999618530273,1445000
2018-04-11,18.054269790649414,28.25,28.3799991607666,28.049999237060547,28.100000381469727,814600
2018-04-12,18.041484832763672,28.229999542236328,28.520000457763672,28.229999542236328,28.40999984741211,1658100
2018-04-13,18.00313949584961,28.170000076293945,28.700000762939453,28.06999969482422,28.420000076293945,1205900
2018-04-16,18.571924209594727,29.059999465942383,29.1299991607666,27.979999542236328,28.360000610351562,1974100
2018-04-17,19.159893035888672,29.979999542236328,30.040000915527344,29.040000915527344,29.190000534057617,3179700
2018-04-18,19.34522819519043,30.270000457763672,30.959999084472656,29.729999542236328,30.010000228881836,3828700
2018-04-19,19.383573532104492,30.329999923706055,30.889999389648438,30.020000457763672,30.059999465942383,2543300
2018-04-20,20.156869888305664,31.540000915527344,31.780000686645508,30.25,30.450000762939453,4606800
2018-04-23,19.939579010009766,31.200000762939453,31.670000076293945,30.639999389648438,31.520000457763672,2617400
2018-04-24,19.620031356811523,30.700000762939453,31.489999771118164,30.350000381469727,31.299999237060547,1698700
2018-04-25,19.581687927246094,30.639999389648438,30.770000457763672,30.290000915527344,30.690000534057617,993100
2018-04-26,19.44108772277832,30.420000076293945,30.75,30.31999969482422,30.75,1287800
2018-04-27,19.990703582763672,31.280000686645508,31.3700008392334,30.850000381469727,30.940000534057617,1865000
2018-04-30,20.099355697631836,31.450000762939453,31.559999465942383,31.190000534057617,31.280000686645508,2053200
2018-05-01,20.636188507080078,32.290000915527344,32.310001373291016,31.350000381469727,31.350000381469727,3301900
2018-05-02,18.776439666748047,29.3799991607666,32.04999923706055,29.200000762939453,32.04999923706055,8017900
2018-05-03,18.09261131286621,28.309999465942383,29.5,28.170000076293945,29.239999771118164,5107300
2018-05-04,18.137348175048828,28.3799991607666,28.889999389648438,27.8700008392334,28.1200008392334,3043200
2018-05-07,18.188474655151367,28.459999084472656,28.799999237060547,27.65999984741211,28.399999618530273,4832300
2018-05-08,18.137348175048828,28.3799991607666,28.81999969482422,28.040000915527344,28.59000015258789,3520400
2018-05-09,18.424938201904297,28.829999923706055,29.049999237060547,28.06999969482422,28.68000030517578,3114300
2018-05-10,18.74448013305664,29.329999923706055,29.3700008392334,28.700000762939453,28.940000534057617,1483100
2018-05-11,19.281314849853516,30.170000076293945,30.420000076293945,29.670000076293945,29.75,3542700
2018-05-14,18.450502395629883,28.8700008392334,29.149999618530273,27.110000610351562,28.889999389648438,11700400
2018-05-15,18.220428466796875,28.510000228881836,29.040000915527344,28.440000534057617,28.59000015258789,2602700
2018-05-16,18.24599266052246,28.549999237060547,28.649999618530273,28.309999465942383,28.420000076293945,1764100
2018-05-17,18.194868087768555,28.469999313354492,28.920000076293945,28.3700008392334,28.549999237060547,1641600
2018-05-18,18.01592254638672,28.190000534057617,28.530000686645508,28.1200008392334,28.489999771118164,2077900
2018-05-21,17.881715774536133,27.979999542236328,28.389999389648438,27.93000030517578,28.299999237060547,2370000
2018-05-22,17.977575302124023,28.1299991607666,28.290000915527344,27.799999237060547,28.040000915527344,2742700
2018-05-23,17.913665771484375,28.030000686645508,28.190000534057617,27.940000534057617,28.059999465942383,1782000
2018-05-24,17.964792251586914,28.110000610351562,28.190000534057617,27.90999984741211,28.0,1633800
2018-05-25,17.836973190307617,27.90999984741211,28.170000076293945,27.81999969482422,28.059999465942383,1186300
2018-05-29,17.734718322753906,27.75,27.940000534057617,27.479999542236328,27.649999618530273,2156000
2018-05-30,17.753896713256836,27.780000686645508,27.959999084472656,27.6299991607666,27.959999084472656,2099800
2018-05-31,17.37044334411621,27.18000030517578,27.729999542236328,27.18000030517578,27.709999084472656,4482700
2018-06-01,17.47908592224121,27.350000381469727,27.450000762939453,27.15999984741211,27.34000015258789,2234300
2018-06-04,17.49186897277832,27.3700008392334,27.670000076293945,27.299999237060547,27.469999313354492,1805900
2018-06-05,17.68998146057129,27.68000030517578,28.1200008392334,27.399999618530273,27.420000076293945,3919000
2018-06-06,17.68998146057129,27.68000030517578,27.950000762939453,27.40999984741211,27.75,1935600
2018-06-07,17.562164306640625,27.479999542236328,27.719999313354492,27.360000610351562,27.68000030517578,2487400
2018-06-08,17.836973190307617,27.90999984741211,27.920000076293945,27.399999618530273,27.420000076293945,2034300
2018-06-11,17.9711856842041,28.1200008392334,28.329999923706055,27.829999923706055,27.899999618530273,1662800
2018-06-12,17.721940994262695,27.729999542236328,28.200000762939453,27.639999389648438,28.18000030517578,1871000
2018-06-13,17.62607765197754,27.579999923706055,27.899999618530273,27.56999969482422,27.780000686645508,2356300
2018-06-14,17.728334426879883,27.739999771118164,27.860000610351562,27.59000015258789,27.739999771118164,1858600
2018-06-15,17.517431259155273,27.40999984741211,27.65999984741211,27.239999771118164,27.6200008392334,3553100
2018-06-18,17.40878677368164,27.239999771118164,27.450000762939453,27.1299991607666,27.170000076293945,2232700
2018-06-19,17.5941219329834,27.530000686645508,27.56999969482422,26.959999084472656,27.030000686645508,2174400
2018-06-20,17.41518211364746,27.25,27.739999771118164,27.200000762939453,27.639999389648438,1181200
2018-06-21,16.90390968322754,26.450000762939453,27.239999771118164,26.309999465942383,27.239999771118164,2746500
2018-06-22,16.871950149536133,26.399999618530273,26.6299991607666,26.34000015258789,26.579999923706055,2880700
2018-06-25,16.264822006225586,25.450000762939453,26.329999923706055,25.3700008392334,26.299999237060547,3036400
2018-06-26,16.188129425048828,25.329999923706055,25.520000457763672,25.15999984741211,25.5,2312400
2018-06-27,15.66407585144043,24.510000228881836,25.440000534057617,24.40999984741211,25.309999465942383,3781600
2018-06-28,15.5801362991333,24.1299991607666,24.270000457763672,23.520000457763672,24.1200008392334,4305000
2018-06-29,15.496196746826172,24.0,24.450000762939453,23.959999084472656,24.25,2664200
2018-07-02,15.625334739685059,24.200000762939453,24.260000228881836,23.709999084472656,23.799999237060547,2459700
2018-07-03,15.676983833312988,24.280000686645508,24.510000228881836,24.1299991607666,24.329999923706055,1582400
2018-07-05,15.618873596191406,24.190000534057617,24.489999771118164,23.90999984741211,24.3799991607666,2497700
2018-07-06,15.748007774353027,24.389999389648438,24.479999542236328,24.040000915527344,24.149999618530273,2646900
2018-07-09,16.15478515625,25.020000457763672,25.350000381469727,24.5,24.559999465942383,2736100
2018-07-10,16.316205978393555,25.270000457763672,25.459999084472656,25.010000228881836,25.170000076293945,3067900
2018-07-11,16.148330688476562,25.010000228881836,25.270000457763672,25.0,25.020000457763672,2132900
2018-07-12,16.245182037353516,25.15999984741211,25.209999084472656,24.90999984741211,25.149999618530273,1622100
2018-07-13,16.316205978393555,25.270000457763672,25.68000030517578,25.010000228881836,25.15999984741211,2676000
2018-07-16,16.12250328063965,24.969999313354492,25.459999084472656,24.90999984741211,25.239999771118164,1748500
2018-07-17,16.141874313354492,25.0,25.149999618530273,24.799999237060547,24.920000076293945,1306200
2018-07-18,16.35494613647461,25.329999923706055,25.3799991607666,24.899999618530273,24.989999771118164,1932600
2018-07-19,16.258089065551758,25.18000030517578,25.469999313354492,25.15999984741211,25.34000015258789,1627100
2018-07-20,16.199983596801758,25.09000015258789,25.260000228881836,25.010000228881836,25.209999084472656,1497700
2018-07-23,16.206436157226562,25.100000381469727,25.350000381469727,24.90999984741211,25.06999969482422,1635000
2018-07-24,16.01273536682129,24.799999237060547,25.329999923706055,24.739999771118164,25.200000762939453,2386100
2018-07-25,15.993370056152344,24.770000457763672,24.8799991607666,24.309999465942383,24.8799991607666,2536800
2018-07-26,16.587385177612305,25.690000534057617,26.020000457763672,24.510000228881836,24.6200008392334,3974000
2018-07-27,16.522823333740234,25.59000015258789,25.809999465942383,25.139999389648438,25.510000228881836,3237800
2018-07-30,16.613216400146484,25.729999542236328,25.979999542236328,25.5,25.56999969482422,2550200
2018-07-31,16.768177032470703,25.969999313354492,26.100000381469727,25.639999389648438,25.790000915527344,3236700
2018-08-01,16.458248138427734,25.489999771118164,25.959999084472656,25.479999542236328,25.90999984741211,3179200
2018-08-02,16.580934524536133,25.68000030517578,25.889999389648438,25.209999084472656,25.309999465942383,2549800
2018-08-03,16.877944946289062,26.139999389648438,26.18000030517578,25.770000457763672,25.799999237060547,1933500
2018-08-06,16.85211753845215,26.100000381469727,26.239999771118164,25.93000030517578,26.1200008392334,1794800
2018-08-07,17.19432258605957,26.6299991607666,26.690000534057617,26.0,26.15999984741211,2381100
2018-08-08,17.136215209960938,26.540000915527344,26.860000610351562,26.469999313354492,26.68000030517578,2147200
2018-08-09,17.013538360595703,26.350000381469727,27.030000686645508,26.25,26.510000228881836,2918800
2018-08-10,16.936052322387695,26.229999542236328,26.34000015258789,26.059999465942383,26.139999389648438,2030300
2018-08-13,16.78109359741211,25.989999771118164,26.299999237060547,25.950000762939453,26.190000534057617,1905000
2018-08-14,16.8843936920166,26.149999618530273,26.299999237060547,25.889999389648438,26.059999465942383,2665800
2018-08-15,16.8843936920166,26.149999618530273,26.229999542236328,25.829999923706055,26.0,1904200
2018-08-16,17.323453903198242,26.829999923706055,26.979999542236328,26.200000762939453,26.34000015258789,3176000
2018-08-17,17.394485473632812,26.940000534057617,27.079999923706055,26.6299991607666,26.780000686645508,1862600
2018-08-20,17.594636917114258,27.25,27.43000030517578,26.989999771118164,27.049999237060547,2710000
2018-08-21,17.956220626831055,27.809999465942383,27.989999771118164,27.239999771118164,27.239999771118164,4548500
2018-08-22,17.852909088134766,27.649999618530273,27.90999984741211,27.610000610351562,27.790000915527344,3728300
2018-08-23,17.723779678344727,27.450000762939453,28.030000686645508,27.420000076293945,27.700000762939453,3753400
2018-08-24,17.69148826599121,27.399999618530273,27.520000457763672,27.239999771118164,27.420000076293945,2212200
2018-08-27,17.87873649597168,27.690000534057617,27.829999923706055,27.5,27.559999465942383,3142600
2018-08-28,17.846452713012695,27.639999389648438,27.93000030517578,27.559999465942383,27.780000686645508,2539500
2018-08-29,18.046615600585938,27.950000762939453,28.149999618530273,27.389999389648438,27.600000381469727,2685800
2018-08-30,17.872282028198242,27.68000030517578,28.06999969482422,27.639999389648438,27.850000381469727,1886200
2018-08-31,17.98849868774414,27.860000610351562,28.15999984741211,27.6200008392334,27.6200008392334,2488900
2018-09-04,17.80125617980957,27.56999969482422,27.690000534057617,27.3799991607666,27.670000076293945,2242000
2018-09-05,17.62691879272461,27.299999237060547,27.770000457763672,27.260000228881836,27.469999313354492,2903100
2018-09-06,17.446136474609375,27.020000457763672,27.530000686645508,26.950000762939453,27.360000610351562,2257900
2018-09-07,17.413846969604492,26.969999313354492,27.18000030517578,26.8700008392334,26.920000076293945,2441600
2018-09-10,17.484878540039062,27.079999923706055,27.360000610351562,26.989999771118164,27.1299991607666,1744800
2018-09-11,17.542985916137695,27.170000076293945,27.3700008392334,26.889999389648438,26.920000076293945,2336700
2018-09-12,17.69148826599121,27.399999618530273,27.559999465942383,27.059999465942383,27.079999923706055,2660800
2018-09-13,17.917478561401367,27.75,27.850000381469727,27.469999313354492,27.530000686645508,2396300
2018-09-14,18.124094009399414,28.06999969482422,28.170000076293945,27.780000686645508,27.799999237060547,2078100
2018-09-17,18.13055419921875,28.079999923706055,28.350000381469727,28.030000686645508,28.139999389648438,2531300
2018-09-18,18.091814041137695,28.020000457763672,28.170000076293945,27.6299991607666,28.06999969482422,2319900
2018-09-19,18.259685516357422,28.280000686645508,28.540000915527344,28.100000381469727,28.100000381469727,2233600
2018-09-20,18.395275115966797,28.489999771118164,28.68000030517578,28.459999084472656,28.459999084472656,2430700
2018-09-21,18.078899383544922,28.0,28.770000457763672,27.959999084472656,28.56999969482422,5694700
2018-09-24,17.60755729675293,27.270000457763672,27.989999771118164,27.239999771118164,27.950000762939453,2690900
2018-09-25,17.52361488342285,27.139999389648438,27.34000015258789,27.09000015258789,27.229999542236328,2412600
2018-09-26,17.497791290283203,27.100000381469727,27.5,27.010000228881836,27.149999618530273,1756300
2018-09-27,17.497793197631836,26.850000381469727,27.09000015258789,26.81999969482422,26.899999618530273,1976400
2018-09-28,17.58250617980957,26.979999542236328,27.06999969482422,26.469999313354492,26.719999313354492,2564400
2018-10-01,17.647680282592773,27.079999923706055,27.229999542236328,26.8799991607666,27.06999969482422,2545300
2018-10-02,17.615089416503906,27.030000686645508,27.549999237060547,26.969999313354492,27.079999923706055,1908200
2018-10-03,17.725879669189453,27.200000762939453,27.610000610351562,27.09000015258789,27.09000015258789,2256500
2018-10-04,17.667226791381836,27.110000610351562,27.459999084472656,26.989999771118164,27.209999084472656,2564900
2018-10-05,17.074193954467773,26.200000762939453,27.3700008392334,26.110000610351562,27.040000915527344,2922400
2018-10-08,17.308801651000977,26.559999465942383,26.690000534057617,26.020000457763672,26.030000686645508,3221900
2018-10-09,17.080711364746094,26.209999084472656,26.670000076293945,26.1200008392334,26.489999771118164,1810400
2018-10-10,16.63104820251465,25.520000457763672,26.229999542236328,25.510000228881836,26.1299991607666,3499800
2018-10-11,16.122730255126953,24.739999771118164,25.540000915527344,24.65999984741211,25.440000534057617,5779000
2018-10-12,16.435537338256836,25.219999313354492,25.290000915527344,24.860000610351562,25.06999969482422,3354300
2018-10-15,16.74182891845703,25.690000534057617,26.030000686645508,25.1200008392334,25.209999084472656,2433200
2018-10-16,17.204530715942383,26.399999618530273,26.420000076293945,25.809999465942383,25.8700008392334,2183800
2018-10-17,17.426105499267578,26.739999771118164,27.299999237060547,26.459999084472656,26.5,4668500
2018-10-18,17.40655517578125,26.709999084472656,26.950000762939453,26.3799991607666,26.59000015258789,3116900
2018-10-19,17.510826110839844,26.8700008392334,27.25,26.700000762939453,26.760000228881836,3486800
2018-10-22,17.204530715942383,26.399999618530273,27.139999389648438,26.34000015258789,26.959999084472656,3583200
2018-10-23,17.367454528808594,26.649999618530273,27.1200008392334,25.5,26.18000030517578,7017900
2018-10-24,17.83666229248047,27.3700008392334,27.989999771118164,26.559999465942383,26.729999542236328,8002700
2018-10-25,18.077791213989258,27.739999771118164,27.979999542236328,27.190000534057617,27.610000610351562,4492200
2018-10-26,17.849693298339844,27.389999389648438,27.799999237060547,26.899999618530273,27.190000534057617,4600100
2018-10-29,17.895315170288086,27.459999084472656,28.18000030517578,27.1299991607666,27.829999923706055,4510100
2018-10-30,18.38408851623535,28.209999084472656,28.219999313354492,27.56999969482422,27.59000015258789,3138200
2018-10-31,18.162508010864258,27.8700008392334,28.34000015258789,27.84000015258789,28.280000686645508,3268200
2018-11-01,18.586105346679688,28.520000457763672,28.540000915527344,27.860000610351562,27.940000534057617,3303400
2018-11-02,18.455768585205078,28.31999969482422,28.850000381469727,28.25,28.540000915527344,2755700
2018-11-05,18.65127944946289,28.6200008392334,28.770000457763672,28.31999969482422,28.3799991607666,3254400
2018-11-06,18.898914337158203,29.0,29.059999465942383,28.610000610351562,28.610000610351562,2117000
2018-11-07,18.918466567993164,29.030000686645508,29.15999984741211,28.729999542236328,29.15999984741211,3613600
2018-11-08,18.990158081054688,29.139999389648438,29.18000030517578,28.84000015258789,28.940000534057617,1765700
2018-11-09,18.527454376220703,28.43000030517578,29.219999313354492,28.34000015258789,29.09000015258789,2981600
2018-11-12,17.797561645507812,27.309999465942383,28.3700008392334,27.229999542236328,28.3700008392334,3582200
2018-11-13,17.81060218811035,27.329999923706055,27.649999618530273,27.209999084472656,27.299999237060547,2952100
2018-11-14,17.595544815063477,27.0,27.799999237060547,26.889999389648438,27.56999969482422,2901400
2018-11-15,17.686779022216797,27.139999389648438,27.229999542236328,26.399999618530273,26.760000228881836,5468400
2018-11-16,17.621610641479492,27.040000915527344,27.299999237060547,26.860000610351562,27.040000915527344,5106500
2018-11-19,17.289249420166016,26.530000686645508,27.149999618530273,26.420000076293945,26.989999771118164,3456500
2018-11-20,16.48116111755371,25.290000915527344,26.260000228881836,25.270000457763672,26.229999542236328,5189900
2018-11-21,16.415990829467773,25.190000534057617,25.719999313354492,24.639999389648438,25.40999984741211,5447100
2018-11-23,16.533294677734375,25.3700008392334,25.770000457763672,24.950000762939453,24.959999084472656,1914000
2018-11-26,16.83958625793457,25.84000015258789,25.899999618530273,25.489999771118164,25.6299991607666,2721000
2018-11-27,17.02206039428711,26.1200008392334,26.139999389648438,25.59000015258789,25.59000015258789,2352900
2018-11-28,17.595544815063477,27.0,27.020000457763672,26.059999465942383,26.219999313354492,2988800
2018-11-29,17.517335891723633,26.8799991607666,27.040000915527344,26.719999313354492,26.8799991607666,2308800
2018-11-30,17.543405532836914,26.920000076293945,27.110000610351562,26.770000457763672,26.920000076293945,3418900
2018-12-03,17.921382904052734,27.5,27.56999969482422,27.100000381469727,27.290000915527344,3249700
2018-12-04,17.400035858154297,26.700000762939453,27.520000457763672,26.5,27.31999969482422,4996800
2018-12-06,17.360933303833008,26.639999389648438,26.649999618530273,25.8799991607666,26.25,3935200
2018-12-07,16.624528884887695,25.510000228881836,26.6200008392334,25.3799991607666,26.5,3453200
2018-12-10,16.292173385620117,25.0,25.5,24.40999984741211,25.440000534057617,3108600
2018-12-11,16.318235397338867,25.040000915527344,25.290000915527344,24.719999313354492,25.290000915527344,2478400
2018-12-12,16.4029541015625,25.170000076293945,25.579999923706055,25.149999618530273,25.34000015258789,1920800
2018-12-13,16.12924575805664,24.75,25.420000076293945,24.549999237060547,25.280000686645508,2681300
2018-12-14,15.933745384216309,24.450000762939453,24.739999771118164,24.3799991607666,24.5,3009700
2018-12-17,13.874411582946777,21.290000915527344,24.34000015258789,21.079999923706055,24.299999237060547,12124700
2018-12-18,13.731040000915527,21.06999969482422,22.06999969482422,20.739999771118164,21.59000015258789,6527500
2018-12-19,13.470367431640625,20.670000076293945,21.649999618530273,20.360000610351562,21.25,6087600
2018-12-20,12.746992111206055,19.559999465942383,20.6299991607666,19.3700008392334,20.579999923706055,7335500
2018-12-21,12.5971040725708,19.329999923706055,20.020000457763672,19.100000381469727,19.719999313354492,10065700
2018-12-24,12.329911231994629,18.920000076293945,19.479999542236328,18.709999084472656,18.979999542236328,1893900
2018-12-26,12.83823013305664,19.700000762939453,19.719999313354492,18.579999923706055,19.010000228881836,4131200
2018-12-27,12.825197219848633,19.68000030517578,19.68000030517578,18.670000076293945,19.5,4179900
2018-12-28,12.97040843963623,19.649999618530273,19.989999771118164,19.489999771118164,19.56999969482422,4357500
2018-12-31,13.04301929473877,19.760000228881836,19.81999969482422,19.139999389648438,19.700000762939453,3462600
2019-01-02,13.287243843078613,20.1299991607666,20.290000915527344,19.329999923706055,19.479999542236328,3726900
2019-01-03,12.996811866760254,19.690000534057617,20.1299991607666,19.350000381469727,19.920000076293945,3390100
2019-01-04,13.498468399047852,20.450000762939453,20.75,20.020000457763672,20.1200008392334,4557100
2019-01-07,13.788902282714844,20.889999389648438,21.1200008392334,20.43000030517578,20.489999771118164,3293100
2019-01-08,14.24435043334961,21.579999923706055,21.600000381469727,21.0,21.09000015258789,3552600
2019-01-09,14.448972702026367,21.889999389648438,22.06999969482422,21.65999984741211,21.690000534057617,3510300
2019-01-10,14.620588302612305,22.149999618530273,22.18000030517578,21.649999618530273,21.739999771118164,3332600
2019-01-11,14.613993644714355,22.139999389648438,22.139999389648438,21.479999542236328,21.940000534057617,4390700
2019-01-14,14.719602584838867,22.299999237060547,22.459999084472656,21.829999923706055,21.90999984741211,3320900
2019-01-15,15.056235313415527,22.809999465942383,22.889999389648438,22.329999923706055,22.360000610351562,2826100
2019-01-16,15.254255294799805,23.110000610351562,23.1299991607666,22.530000686645508,22.719999313354492,3347900
2019-01-17,15.26086139678955,23.1200008392334,23.25,22.729999542236328,23.100000381469727,2993000
2019-01-18,15.465479850769043,23.43000030517578,23.81999969482422,23.200000762939453,23.270000457763672,4487000
2019-01-22,15.432479858398438,23.3799991607666,23.559999465942383,23.170000076293945,23.3799991607666,4434100
2019-01-23,15.557889938354492,23.56999969482422,23.579999923706055,23.229999542236328,23.40999984741211,4027400
2019-01-24,15.788918495178223,23.920000076293945,24.389999389648438,23.520000457763672,23.59000015258789,2768500
2019-01-25,16.19816017150879,24.540000915527344,24.56999969482422,24.170000076293945,24.219999313354492,3449400
2019-01-28,16.039745330810547,24.299999237060547,24.469999313354492,24.020000457763672,24.209999084472656,3423400
2019-01-29,17.868139266967773,27.06999969482422,27.290000915527344,25.59000015258789,25.65999984741211,10519900
2019-01-30,18.587621688842773,28.15999984741211,28.309999465942383,27.06999969482422,27.600000381469727,6826900
2019-01-31,18.620630264282227,28.209999084472656,28.610000610351562,27.90999984741211,28.059999465942383,5970100
2019-02-01,18.825244903564453,28.520000457763672,28.670000076293945,28.219999313354492,28.34000015258789,4348000
2019-02-04,18.930858612060547,28.68000030517578,28.700000762939453,28.290000915527344,28.549999237060547,2915200
2019-02-05,19.128883361816406,28.979999542236328,29.0,28.309999465942383,28.739999771118164,5402700
2019-02-06,19.425907135009766,29.43000030517578,29.520000457763672,28.81999969482422,29.059999465942383,3613900
2019-02-07,19.128883361816406,28.979999542236328,29.489999771118164,28.75,29.200000762939453,3059400
2019-02-08,19.20149040222168,29.09000015258789,29.239999771118164,28.700000762939453,28.729999542236328,2570000
2019-02-11,19.3335018157959,29.290000915527344,29.549999237060547,29.18000030517578,29.280000686645508,2591800
2019-02-12,19.8615665435791,30.09000015258789,30.299999237060547,29.450000762939453,29.450000762939453,3945900
2019-02-13,19.802154541015625,30.0,30.350000381469727,29.940000534057617,30.219999313354492,3068700
2019-02-14,19.689939498901367,29.829999923706055,30.110000610351562,29.670000076293945,29.719999313354492,3085400
2019-02-15,20.10578727722168,30.459999084472656,30.5,29.989999771118164,30.100000381469727,3536700
2019-02-19,20.231201171875,30.649999618530273,30.940000534057617,30.43000030517578,30.469999313354492,3452900
2019-02-20,20.376419067382812,30.8700008392334,31.010000228881836,30.6200008392334,30.739999771118164,3112900
2019-02-21,20.680044174194336,31.329999923706055,31.389999389648438,30.8799991607666,30.899999618530273,3252100
2019-02-22,20.785659790039062,31.489999771118164,31.75,30.979999542236328,31.030000686645508,3027400
2019-02-25,20.7790584564209,31.479999542236328,31.959999084472656,31.420000076293945,31.700000762939453,2440900
2019-02-26,20.772459030151367,31.469999313354492,31.760000228881836,31.31999969482422,31.40999984741211,3015200
2019-02-27,20.739458084106445,31.420000076293945,31.530000686645508,31.18000030517578,31.3799991607666,2971200
2019-02-28,20.396221160888672,30.899999618530273,31.31999969482422,30.729999542236328,31.209999084472656,4290000
2019-03-01,20.653648376464844,31.290000915527344,31.520000457763672,31.110000610351562,31.110000610351562,2737600
2019-03-04,20.69985580444336,31.360000610351562,31.489999771118164,30.81999969482422,31.3799991607666,2563500
2019-03-05,20.521635055541992,31.09000015258789,31.489999771118164,31.0,31.3799991607666,2370800
2019-03-06,20.363210678100586,30.850000381469727,31.239999771118164,30.81999969482422,31.040000915527344,2831200
2019-03-07,19.960573196411133,30.239999771118164,30.81999969482422,30.200000762939453,30.81999969482422,3121600
2019-03-08,20.000179290771484,30.299999237060547,30.3799991607666,29.75,29.860000610351562,2150900
2019-03-11,20.56123924255371,31.149999618530273,31.15999984741211,30.40999984741211,30.450000762939453,2291500
2019-03-12,20.54803466796875,31.1299991607666,31.290000915527344,30.90999984741211,31.190000534057617,2572300
2019-03-13,20.825265884399414,31.549999237060547,31.670000076293945,31.219999313354492,31.219999313354492,2518300
2019-03-14,20.515033721923828,31.079999923706055,31.549999237060547,30.530000686645508,31.510000228881836,3404000
2019-03-15,20.8648738861084,31.610000610351562,31.729999542236328,31.040000915527344,31.09000015258789,4505700
2019-03-18,21.1289005279541,32.0099983215332,32.13999938964844,31.540000915527344,31.6200008392334,3122700
2019-03-19,21.043092727661133,31.8799991607666,32.34000015258789,31.809999465942383,32.09000015258789,3785700
2019-03-20,21.1289005279541,32.0099983215332,32.27000045776367,31.559999465942383,31.84000015258789,2404500
2019-03-21,21.722959518432617,32.90999984741211,33.08000183105469,31.989999771118164,32.0,2681100
2019-03-22,20.508432388305664,31.06999969482422,32.70000076293945,31.040000915527344,32.70000076293945,3359200
2019-03-25,20.554636001586914,31.139999389648438,31.270000457763672,30.559999465942383,30.940000534057617,3036100
2019-03-26,21.142099380493164,32.029998779296875,32.029998779296875,31.43000030517578,31.489999771118164,2487000
2019-03-27,20.963878631591797,31.760000228881836,32.130001068115234,31.479999542236328,32.119998931884766,3054900
2019-03-28,21.296533584594727,32.0099983215332,32.130001068115234,31.65999984741211,31.65999984741211,3028300
2019-03-29,21.276573181152344,31.979999542236328,32.400001525878906,31.790000915527344,32.209999084472656,4058100
2019-04-01,21.961841583251953,33.0099983215332,33.099998474121094,32.52000045776367,32.52000045776367,3519600
2019-04-02,21.92192840576172,32.95000076293945,33.150001525878906,32.7599983215332,32.91999816894531,3411600
2019-04-03,22.01506996154785,33.09000015258789,33.66999816894531,32.93000030517578,33.13999938964844,2400800
2019-04-04,21.98845863342285,33.04999923706055,33.310001373291016,32.95000076293945,33.11000061035156,937900
2019-04-05,22.2080078125,33.380001068115234,33.56999969482422,33.06999969482422,33.06999969482422,2409800
2019-04-08,22.45417022705078,33.75,33.83000183105469,33.279998779296875,33.279998779296875,2906000
2019-04-09,22.1148681640625,33.2400016784668,33.65999984741211,33.13999938964844,33.59000015258789,1672400
2019-04-10,22.514047622680664,33.84000015258789,33.959999084472656,33.13999938964844,33.20000076293945,1856400
2019-04-11,22.78682518005371,34.25,34.34000015258789,33.939998626708984,34.0,2041200
2019-04-12,22.879968643188477,34.38999938964844,34.63999938964844,34.290000915527344,34.59000015258789,1446800
2019-04-15,22.973112106323242,34.529998779296875,34.68000030517578,34.36000061035156,34.36000061035156,1526300
2019-04-16,23.285812377929688,35.0,35.0099983215332,34.58000183105469,34.66999816894531,2067600
2019-04-17,23.066261291503906,34.66999816894531,35.18000030517578,34.529998779296875,35.0,2227000
2019-04-18,22.99306869506836,34.560001373291016,34.9900016784668,34.47999954223633,34.65999984741211,2745600
2019-04-22,22.494091033935547,33.810001373291016,34.41999816894531,33.41999816894531,34.34000015258789,4078700
2019-04-23,22.746910095214844,34.189998626708984,34.459999084472656,33.68000030517578,33.970001220703125,3690800
2019-04-24,22.41424560546875,33.689998626708984,34.25,33.619998931884766,34.25,2927800
2019-04-25,21.429590225219727,32.209999084472656,33.439998626708984,31.459999084472656,33.34000015258789,3662100
2019-04-26,21.49612808227539,32.310001373291016,32.83000183105469,31.920000076293945,32.18000030517578,2798500
2019-04-29,21.97515296936035,33.029998779296875,33.279998779296875,32.29999923706055,32.349998474121094,2908300
2019-04-30,22.194705963134766,33.36000061035156,33.439998626708984,32.70000076293945,32.88999938964844,2883000
2019-05-01,22.128171920776367,33.2599983215332,33.7599983215332,33.2599983215332,33.65999984741211,1667400
2019-05-02,21.92192840576172,32.95000076293945,33.25,32.540000915527344,33.0,2276200
2019-05-03,21.92192840576172,32.95000076293945,33.310001373291016,32.779998779296875,33.20000076293945,2361800
2019-05-06,21.722333908081055,32.650001525878906,32.72999954223633,32.02000045776367,32.189998626708984,2469200
2019-05-07,21.735639572143555,32.66999816894531,32.9900016784668,32.220001220703125,32.31999969482422,3304300
2019-05-08,21.34975814819336,32.09000015258789,32.75,32.040000915527344,32.59000015258789,3663900
2019-05-09,21.40298080444336,32.16999816894531,32.279998779296875,31.360000610351562,31.719999313354492,3897300
2019-05-10,21.442901611328125,32.22999954223633,32.38999938964844,31.399999618530273,31.8700008392334,2620900
2019-05-13,20.744327545166016,31.18000030517578,31.56999969482422,30.899999618530273,31.420000076293945,2555800
2019-05-14,20.91731071472168,31.440000534057617,31.770000457763672,31.170000076293945,31.25,2122100
2019-05-15,21.276573181152344,31.979999542236328,32.040000915527344,31.139999389648438,31.360000610351562,1647000
2019-05-16,21.602575302124023,32.470001220703125,32.790000915527344,32.119998931884766,32.119998931884766,2200800
2019-05-17,21.489473342895508,32.29999923706055,32.779998779296875,31.93000030517578,32.13999938964844,2088600
2019-05-20,21.369714736938477,32.119998931884766,32.400001525878906,31.649999618530273,31.81999969482422,1457000
2019-05-21,21.895309448242188,32.90999984741211,32.97999954223633,32.43000030517578,32.43000030517578,3544400
2019-05-22,21.190086364746094,31.850000381469727,32.619998931884766,31.780000686645508,32.619998931884766,2337700
2019-05-23,21.210046768188477,31.8799991607666,31.90999984741211,30.969999313354492,31.34000015258789,1697000
2019-05-24,21.230005264282227,31.90999984741211,32.29999923706055,31.799999237060547,32.13999938964844,1546700
2019-05-28,21.416292190551758,32.189998626708984,32.4900016784668,31.829999923706055,32.0,3158200
2019-05-29,20.990495681762695,31.549999237060547,32.0099983215332,31.469999313354492,31.8700008392334,1382100
2019-05-30,20.997142791748047,31.559999465942383,31.760000228881836,31.399999618530273,31.700000762939453,1324500
2019-05-31,20.36510467529297,30.610000610351562,31.06999969482422,30.399999618530273,31.059999465942383,3086900
2019-06-03,20.611270904541016,30.979999542236328,31.229999542236328,30.670000076293945,30.670000076293945,2030000
2019-06-04,22.15478515625,33.29999923706055,33.31999969482422,31.280000686645508,31.280000686645508,3416200
2019-06-05,22.234617233276367,33.41999816894531,33.75,33.11000061035156,33.40999984741211,1859300
2019-06-06,22.640457153320312,34.029998779296875,34.09000015258789,33.47999954223633,33.529998779296875,2033500
2019-06-07,22.72695541381836,34.15999984741211,34.470001220703125,33.9900016784668,34.130001068115234,1537900
2019-06-10,23.079561233520508,34.689998626708984,35.0,34.27000045776367,34.27000045776367,1310200
2019-06-11,23.29911231994629,35.02000045776367,35.16999816894531,34.650001525878906,35.0,1778100
2019-06-12,23.22593116760254,34.90999984741211,35.22999954223633,34.779998779296875,34.779998779296875,1806800
2019-06-13,23.398910522460938,35.16999816894531,35.2599983215332,34.869998931884766,35.0099983215332,1883300
2019-06-14,22.899930953979492,34.41999816894531,34.959999084472656,34.369998931884766,34.95000076293945,1470600
2019-06-17,22.806781768798828,34.279998779296875,34.529998779296875,34.099998474121094,34.43000030517578,1893200
2019-06-18,23.212623596191406,34.88999938964844,35.08000183105469,34.40999984741211,34.529998779296875,2244100
2019-06-19,23.259193420410156,34.959999084472656,35.099998474121094,34.599998474121094,34.970001220703125,1863300
2019-06-20,23.585193634033203,35.45000076293945,35.52000045776367,34.97999954223633,35.38999938964844,2057400
2019-06-21,23.458786010742188,35.2599983215332,35.560001373291016,35.22999954223633,35.34000015258789,3293000
2019-06-24,23.166057586669922,34.81999969482422,35.619998931884766,34.720001220703125,35.369998931884766,1562000
2019-06-25,23.12613296508789,34.7599983215332,35.06999969482422,34.68000030517578,34.790000915527344,1940400
2019-06-26,23.485401153564453,35.29999923706055,35.369998931884766,34.959999084472656,35.02000045776367,1697500
2019-06-27,23.673017501831055,35.33000183105469,35.40999984741211,35.09000015258789,35.15999984741211,1136600
2019-06-28,23.726627349853516,35.40999984741211,35.599998474121094,35.06999969482422,35.439998626708984,2775300
2019-07-01,24.282764434814453,36.2400016784668,36.4900016784668,35.849998474121094,36.08000183105469,2492700
2019-07-02,23.88072967529297,35.63999938964844,36.25,35.45000076293945,36.150001525878906,1543800
2019-07-03,24.443584442138672,36.47999954223633,36.58000183105469,35.650001525878906,35.880001068115234,805900
2019-07-05,24.416772842407227,36.439998626708984,36.4900016784668,35.810001373291016,36.06999969482422,1339300
2019-07-08,23.894134521484375,35.65999984741211,36.220001220703125,35.52000045776367,36.09000015258789,1571300
2019-07-09,24.08844757080078,35.95000076293945,36.02000045776367,35.290000915527344,35.38999938964844,1819800
2019-07-10,23.77352523803711,35.47999954223633,36.2400016784668,35.47999954223633,36.06999969482422,2126200
2019-07-11,23.398290634155273,34.91999816894531,35.599998474121094,34.689998626708984,35.52000045776367,1943900
2019-07-12,23.69981575012207,35.369998931884766,35.59000015258789,35.06999969482422,35.119998931884766,1452500
2019-07-15,23.458593368530273,35.0099983215332,35.52000045776367,34.779998779296875,35.34000015258789,1403000
2019-07-16,23.659618377685547,35.310001373291016,35.63999938964844,34.939998626708984,35.0099983215332,1836000
2019-07-17,23.358089447021484,34.86000061035156,35.439998626708984,34.81999969482422,35.29999923706055,1795000
2019-07-18,23.58591079711914,35.20000076293945,35.2400016784668,34.630001068115234,34.779998779296875,1391100
2019-07-19,22.976160049438477,34.290000915527344,35.290000915527344,34.27000045776367,35.290000915527344,1827200
2019-07-22,22.801952362060547,34.029998779296875,34.5,33.939998626708984,34.31999969482422,1947800
2019-07-23,23.2642879486084,34.720001220703125,34.75,33.97999954223633,34.349998474121094,1429000
2019-07-24,23.5122013092041,35.09000015258789,35.16999816894531,34.540000915527344,34.540000915527344,1962700
2019-07-25,23.143672943115234,34.540000915527344,35.16999816894531,34.470001220703125,34.959999084472656,2022300
2019-07-26,23.069965362548828,34.43000030517578,34.79999923706055,34.40999984741211,34.59000015258789,1442900
2019-07-29,22.741641998291016,33.939998626708984,34.400001525878906,33.7599983215332,34.400001525878906,2001800
2019-07-30,21.964374542236328,32.779998779296875,33.56999969482422,32.29999923706055,33.560001373291016,5448500
2019-07-31,21.508737564086914,32.099998474121094,32.459999084472656,31.329999923706055,32.38999938964844,5865800
2019-08-01,21.200517654418945,31.639999389648438,32.709999084472656,31.360000610351562,32.040000915527344,2410400
2019-08-02,20.490259170532227,30.579999923706055,31.65999984741211,30.100000381469727,31.520000457763672,3903700
2019-08-05,19.659391403198242,29.34000015258789,29.93000030517578,29.100000381469727,29.709999084472656,2761600
2019-08-06,19.625886917114258,29.290000915527344,29.520000457763672,28.860000610351562,29.309999465942383,2571200
2019-08-07,19.599084854125977,29.25,29.3799991607666,28.489999771118164,28.90999984741211,2015000
2019-08-08,19.91401481628418,29.719999313354492,29.81999969482422,29.209999084472656,29.420000076293945,1818500
2019-08-09,18.895526885986328,28.200000762939453,29.670000076293945,28.18000030517578,29.670000076293945,2598600
2019-08-12,18.82182502746582,28.09000015258789,28.110000610351562,27.579999923706055,27.93000030517578,2101400
2019-08-13,18.99603843688965,28.350000381469727,29.010000228881836,27.969999313354492,28.0,2068600
2019-08-14,18.4800968170166,27.579999923706055,28.100000381469727,27.459999084472656,27.75,2859600
2019-08-15,18.714614868164062,27.93000030517578,28.030000686645508,27.399999618530273,27.59000015258789,2696100
2019-08-16,19.143447875976562,28.56999969482422,28.600000381469727,28.100000381469727,28.219999313354492,1504900
2019-08-19,19.002742767333984,28.360000610351562,29.190000534057617,28.299999237060547,29.020000457763672,1750500
2019-08-20,18.81511878967285,28.079999923706055,28.43000030517578,28.030000686645508,28.190000534057617,1487800
2019-08-21,19.1568546295166,28.59000015258789,28.790000915527344,28.299999237060547,28.469999313354492,1588100
2019-08-22,19.17025375366211,28.610000610351562,29.06999969482422,28.559999465942383,28.770000457763672,2118600
2019-08-23,18.614105224609375,27.780000686645508,28.6200008392334,27.670000076293945,28.239999771118164,2621000
2019-08-26,18.828521728515625,28.100000381469727,28.389999389648438,27.989999771118164,28.15999984741211,1604000
2019-08-27,18.419790267944336,27.489999771118164,28.09000015258789,27.25,27.309999465942383,2136400
2019-08-28,18.640905380249023,27.81999969482422,28.06999969482422,27.43000030517578,27.43000030517578,2114700
2019-08-29,19.29085922241211,28.790000915527344,28.90999984741211,28.239999771118164,28.239999771118164,1505200
2019-08-30,19.42487144470215,28.989999771118164,29.440000534057617,28.829999923706055,29.110000610351562,2053600
2019-09-03,19.50527572631836,29.110000610351562,29.209999084472656,28.540000915527344,28.600000381469727,2431400
2019-09-04,19.639293670654297,29.309999465942383,29.739999771118164,29.079999923706055,29.399999618530273,1405400
2019-09-05,20.001117706298828,29.850000381469727,30.260000228881836,29.6299991607666,29.6299991607666,1774700
2019-09-06,20.001117706298828,29.850000381469727,30.149999618530273,29.68000030517578,29.780000686645508,1493600
2019-09-09,20.972694396972656,31.299999237060547,31.559999465942383,30.09000015258789,30.100000381469727,2916900
2019-09-10,20.972694396972656,31.299999237060547,31.6200008392334,31.139999389648438,31.3799991607666,2014300
2019-09-11,20.92579460144043,31.229999542236328,31.489999771118164,30.459999084472656,31.260000228881836,1705000
2019-09-12,20.41655158996582,30.469999313354492,31.360000610351562,30.110000610351562,31.110000610351562,2400200
2019-09-13,20.65106964111328,30.81999969482422,31.040000915527344,30.540000915527344,30.6200008392334,1368000
2019-09-16,20.8118839263916,31.059999465942383,31.100000381469727,30.399999618530273,30.690000534057617,1265900
2019-09-17,20.59076690673828,30.729999542236328,30.850000381469727,30.25,30.719999313354492,1011400
2019-09-18,20.490259170532227,30.579999923706055,30.760000228881836,30.1299991607666,30.760000228881836,1288000
2019-09-19,20.235641479492188,30.200000762939453,30.8700008392334,30.149999618530273,30.709999084472656,1245800
2019-09-20,19.86040496826172,29.639999389648438,30.649999618530273,29.6299991607666,30.399999618530273,3137800
2019-09-23,19.98771858215332,29.829999923706055,30.149999618530273,29.389999389648438,29.56999969482422,1763900
2019-09-24,19.77330207824707,29.510000228881836,30.190000534057617,29.34000015258789,29.979999542236328,1399900
2019-09-25,20.10162925720215,30.0,30.149999618530273,29.579999923706055,29.579999923706055,1010600
2019-09-26,20.362947463989258,30.389999389648438,30.399999618530273,29.610000610351562,30.0,2879300
2019-09-27,20.491315841674805,30.329999923706055,30.809999465942383,30.239999771118164,30.3700008392334,1813600
2019-09-30,20.207557678222656,29.90999984741211,30.709999084472656,29.889999389648438,30.389999389648438,2227200
2019-10-01,19.910289764404297,29.469999313354492,30.610000610351562,29.469999313354492,30.170000076293945,1919600
2019-10-02,19.572481155395508,28.969999313354492,29.290000915527344,28.639999389648438,29.170000076293945,1493100
2019-10-03,19.815702438354492,29.329999923706055,29.350000381469727,28.600000381469727,28.889999389648438,1396500
2019-10-04,19.991363525390625,29.59000015258789,29.68000030517578,28.969999313354492,29.440000534057617,1428400
2019-10-07,20.153507232666016,29.829999923706055,30.110000610351562,29.329999923706055,29.459999084472656,1906000
2019-10-08,19.126575469970703,28.309999465942383,29.65999984741211,28.290000915527344,29.510000228881836,2070000
2019-10-09,19.430606842041016,28.760000228881836,28.940000534057617,28.350000381469727,28.59000015258789,1214300
2019-10-10,19.471139907836914,28.81999969482422,29.229999542236328,28.729999542236328,28.75,1221600
2019-10-11,19.869754791259766,29.40999984741211,29.799999237060547,29.1200008392334,29.229999542236328,1987700
2019-10-14,19.76841163635254,29.260000228881836,29.40999984741211,29.049999237060547,29.350000381469727,1281700
2019-10-15,20.160268783569336,29.84000015258789,30.059999465942383,29.299999237060547,29.329999923706055,1295600
2019-10-16,19.896780014038086,29.450000762939453,29.979999542236328,29.360000610351562,29.729999542236328,1527100
2019-10-17,19.97784996032715,29.56999969482422,29.68000030517578,29.34000015258789,29.540000915527344,723500
2019-10-18,20.133243560791016,29.799999237060547,29.979999542236328,29.420000076293945,29.420000076293945,1558500
2019-10-21,20.241336822509766,29.959999084472656,30.31999969482422,29.899999618530273,29.979999542236328,1133600
2019-10-22,20.511585235595703,30.360000610351562,30.510000228881836,29.829999923706055,29.940000534057617,1167000
2019-10-23,20.72777557373047,30.68000030517578,30.729999542236328,29.93000030517578,30.100000381469727,1517400
2019-10-24,20.52509307861328,30.3799991607666,30.989999771118164,30.290000915527344,30.84000015258789,1101700
2019-10-25,20.612926483154297,30.510000228881836,30.700000762939453,30.25,30.280000686645508,1440800
2019-10-28,20.80209732055664,30.790000915527344,31.020000457763672,30.6200008392334,30.719999313354492,1423200
2019-10-29,23.254566192626953,34.41999816894531,35.86000061035156,32.810001373291016,32.810001373291016,6324300
2019-10-30,23.051883697509766,34.119998931884766,34.720001220703125,33.439998626708984,34.029998779296875,2913700
2019-10-31,22.92352294921875,33.93000030517578,34.2400016784668,33.70000076293945,34.130001068115234,2902600
2019-11-01,22.61949348449707,33.47999954223633,34.06999969482422,33.43000030517578,34.040000915527344,1918900
2019-11-04,23.4234676361084,34.66999816894531,34.79999923706055,33.20000076293945,33.439998626708984,1910700
2019-11-05,24.572010040283203,36.369998931884766,36.9900016784668,36.04999923706055,36.5,3266600
2019-11-06,25.44355010986328,37.65999984741211,38.0,36.099998474121094,36.369998931884766,10863400
2019-11-07,25.20708465576172,37.310001373291016,38.54999923706055,37.22999954223633,38.029998779296875,5836400
2019-11-08,26.247529983520508,38.849998474121094,39.380001068115234,37.310001373291016,37.59000015258789,4746700
2019-11-11,25.916481018066406,38.36000061035156,39.20000076293945,37.88999938964844,38.540000915527344,2061600
2019-11-12,25.301668167114258,37.45000076293945,38.41999816894531,37.16999816894531,38.41999816894531,3256300
2019-11-13,25.403011322021484,37.599998474121094,37.779998779296875,37.150001525878906,37.29999923706055,1550800
2019-11-14,26.11240577697754,38.650001525878906,38.95000076293945,37.75,37.79999923706055,3367900
2019-11-15,26.308334350585938,38.939998626708984,39.20000076293945,38.54999923706055,39.029998779296875,2276700
2019-11-18,26.551549911499023,39.29999923706055,39.43000030517578,38.459999084472656,38.560001373291016,2242600
2019-11-19,26.139421463012695,38.689998626708984,39.470001220703125,38.47999954223633,39.369998931884766,3022400
2019-11-20,25.875944137573242,38.29999923706055,38.619998931884766,38.060001373291016,38.369998931884766,2484500
2019-11-21,26.139421463012695,38.689998626708984,38.95000076293945,38.2400016784668,38.439998626708984,2160800
2019-11-22,26.389404296875,39.060001373291016,39.290000915527344,38.5099983215332,38.689998626708984,1526000
2019-11-25,26.186721801757812,38.7599983215332,39.150001525878906,38.45000076293945,39.150001525878906,2834300
2019-11-26,25.875944137573242,38.29999923706055,38.84000015258789,38.279998779296875,38.650001525878906,2688000
2019-11-27,26.213743209838867,38.79999923706055,38.86000061035156,38.20000076293945,38.459999084472656,1301100
2019-11-29,26.30158042907715,38.93000030517578,39.18000030517578,38.630001068115234,38.65999984741211,1137800
2019-12-02,26.01106834411621,38.5,39.029998779296875,38.380001068115234,38.95000076293945,1421400
2019-12-03,25.8421573638916,38.25,38.34000015258789,37.34000015258789,38.02000045776367,3213300
2019-12-04,25.90972137451172,38.349998474121094,38.79999923706055,38.290000915527344,38.33000183105469,1470000
2019-12-05,25.5516414642334,37.81999969482422,38.61000061035156,37.779998779296875,38.43000030517578,2357400
2019-12-06,25.51786994934082,37.77000045776367,38.470001220703125,37.70000076293945,38.0,1826100
2019-12-09,25.20708465576172,37.310001373291016,38.08000183105469,37.189998626708984,37.849998474121094,2851900
2019-12-10,24.835498809814453,36.7599983215332,37.38999938964844,36.63999938964844,37.20000076293945,3814500
2019-12-11,24.67335319519043,36.52000045776367,36.869998931884766,36.2400016784668,36.650001525878906,1766100
2019-12-12,25.078718185424805,37.119998931884766,37.18000030517578,36.310001373291016,36.310001373291016,2070400
2019-12-13,24.88955307006836,36.84000015258789,37.36000061035156,36.29999923706055,37.0,1781800
2019-12-16,24.869281768798828,36.810001373291016,37.27000045776367,36.790000915527344,37.040000915527344,1960700
2019-12-17,25.051692962646484,37.08000183105469,37.2599983215332,36.959999084472656,37.06999969482422,2560600
2019-12-18,25.193574905395508,37.290000915527344,37.66999816894531,36.86000061035156,36.93000030517578,2722000
2019-12-19,25.017913818359375,37.029998779296875,37.689998626708984,36.9900016784668,37.40999984741211,2187100
2019-12-20,25.23410987854004,37.349998474121094,37.560001373291016,37.099998474121094,37.20000076293945,4772600
2019-12-23,25.23410987854004,37.349998474121094,37.5099983215332,37.25,37.310001373291016,1187900
2019-12-24,25.247623443603516,37.369998931884766,37.52000045776367,37.279998779296875,37.41999816894531,416600
2019-12-26,25.321943283081055,37.47999954223633,37.619998931884766,37.29999923706055,37.29999923706055,776800
2019-12-27,25.20708465576172,37.310001373291016,37.72999954223633,37.189998626708984,37.54999923706055,1163800
2019-12-30,25.098262786865234,36.900001525878906,37.209999084472656,36.689998626708984,37.130001068115234,1083600
2019-12-31,25.077848434448242,36.869998931884766,37.06999969482422,36.72999954223633,36.779998779296875,1380100
2020-01-02,25.11866569519043,36.93000030517578,37.16999816894531,36.2599983215332,37.09000015258789,1581300
2020-01-03,24.792186737060547,36.45000076293945,36.779998779296875,36.029998779296875,36.29999923706055,1042600
2020-01-06,24.418092727661133,35.900001525878906,36.25,35.79999923706055,36.09000015258789,1199200
2020-01-07,24.45209503173828,35.95000076293945,36.2599983215332,35.81999969482422,36.04999923706055,1533100
2020-01-08,24.438493728637695,35.93000030517578,36.029998779296875,35.54999923706055,35.90999984741211,1345400
2020-01-09,24.894208908081055,36.599998474121094,36.619998931884766,35.86000061035156,36.060001373291016,2060900
2020-01-10,24.928218841552734,36.650001525878906,37.0,36.349998474121094,36.66999816894531,1908900
2020-01-13,25.193485260009766,37.040000915527344,37.08000183105469,36.08000183105469,36.72999954223633,1840200
2020-01-14,25.016637802124023,36.779998779296875,37.18000030517578,36.459999084472656,37.130001068115234,1673400
2020-01-15,24.975833892822266,36.720001220703125,37.27000045776367,36.540000915527344,36.68000030517578,1487600
2020-01-16,25.363529205322266,37.290000915527344,37.31999969482422,36.93000030517578,36.93000030517578,1281300
2020-01-17,25.39073371887207,37.33000183105469,37.47999954223633,37.0,37.369998931884766,2329000
2020-01-21,24.50650978088379,36.029998779296875,37.150001525878906,35.75,37.119998931884766,2255900
2020-01-22,24.70376205444336,36.31999969482422,36.56999969482422,36.099998474121094,36.150001525878906,1549400
2020-01-23,24.64255142211914,36.22999954223633,36.349998474121094,35.75,36.119998931884766,1769400
2020-01-24,24.159626007080078,35.52000045776367,36.36000061035156,34.970001220703125,36.099998474121094,2243900
2020-01-27,23.83994483947754,35.04999923706055,35.529998779296875,34.40999984741211,34.65999984741211,2797200
2020-01-28,25.016637802124023,36.779998779296875,37.5,36.099998474121094,37.0,4411400
2020-01-29,24.982627868652344,36.72999954223633,37.20000076293945,36.61000061035156,36.849998474121094,2256600
2020-01-30,25.152673721313477,36.97999954223633,36.9900016784668,36.0,36.290000915527344,1730800
2020-01-31,24.19363021850586,35.56999969482422,36.7599983215332,35.459999084472656,36.72999954223633,2335900
2020-02-03,24.6833553314209,36.290000915527344,36.97999954223633,35.63999938964844,35.650001525878906,1839500
2020-02-04,24.873804092407227,36.56999969482422,37.380001068115234,36.45000076293945,36.95000076293945,2661900
2020-02-05,25.587976455688477,37.619998931884766,37.779998779296875,36.86000061035156,36.9900016784668,2328500
2020-02-06,25.62879180908203,37.68000030517578,38.20000076293945,37.61000061035156,38.0,2313700
2020-02-07,25.28190803527832,37.16999816894531,37.5,36.79999923706055,37.470001220703125,1597500
2020-02-10,25.635589599609375,37.689998626708984,38.06999969482422,36.869998931884766,37.0,1303900
2020-02-11,25.51316261291504,37.5099983215332,38.25,37.43000030517578,37.72999954223633,1539100
2020-02-12,25.975675582885742,38.189998626708984,38.689998626708984,37.650001525878906,37.790000915527344,2276800
2020-02-13,25.989282608032227,38.209999084472656,38.2599983215332,37.58000183105469,37.959999084472656,2121800
2020-02-14,25.724008560180664,37.81999969482422,38.40999984741211,37.65999984741211,38.349998474121094,1333500
2020-02-18,25.315916061401367,37.220001220703125,37.56999969482422,37.150001525878906,37.41999816894531,1526600
2020-02-19,25.009841918945312,36.77000045776367,37.54999923706055,36.77000045776367,37.369998931884766,1586000
2020-02-20,25.016637802124023,36.779998779296875,37.13999938964844,36.470001220703125,36.650001525878906,1697900
2020-02-21,24.717370986938477,36.34000015258789,36.54999923706055,35.880001068115234,36.529998779296875,1882300
2020-02-24,23.710712432861328,34.86000061035156,35.34000015258789,34.13999938964844,35.279998779296875,3216500
2020-02-25,24.798988342285156,36.459999084472656,36.58000183105469,35.59000015258789,35.95000076293945,8618200
2020-02-26,24.302457809448242,35.72999954223633,37.119998931884766,35.72999954223633,36.81999969482422,3672800
2020-02-27,23.010143280029297,33.83000183105469,35.349998474121094,33.70000076293945,34.869998931884766,3436900
2020-02-28,21.901464462280273,32.20000076293945,33.36000061035156,31.079999923706055,32.7400016784668,5711900
2020-03-02,22.792482376098633,33.5099983215332,33.52000045776367,32.060001373291016,32.349998474121094,4163200
2020-03-03,21.6770076751709,31.8700008392334,34.099998474121094,30.940000534057617,33.52000045776367,3121400
2020-03-04,22.914913177490234,33.689998626708984,33.75,31.700000762939453,32.31999969482422,3264600
2020-03-05,21.534170150756836,31.65999984741211,32.66999816894531,31.299999237060547,32.41999816894531,3017900
2020-03-06,21.282506942749023,31.290000915527344,31.469999313354492,30.40999984741211,30.600000381469727,2078500
2020-03-09,18.704662322998047,27.5,29.739999771118164,27.40999984741211,29.299999237060547,2124200
2020-03-10,19.5208683013916,28.700000762939453,29.040000915527344,27.06999969482422,28.540000915527344,2751500
2020-03-11,18.935924530029297,27.84000015258789,28.559999465942383,27.079999923706055,27.75,4413300
2020-03-12,16.25605583190918,23.899999618530273,26.610000610351562,23.59000015258789,26.100000381469727,2283200
2020-03-13,16.29686737060547,23.959999084472656,25.979999542236328,22.06999969482422,25.639999389648438,3338300
2020-03-16,13.562582015991211,19.940000534057617,21.8700008392334,17.0,17.0,2889800
2020-03-17,13.385738372802734,19.68000030517578,22.190000534057617,18.440000534057617,20.389999389648438,4115000
2020-03-18,10.869110107421875,15.979999542236328,18.709999084472656,15.3100004196167,18.170000076293945,3430900
2020-03-19,11.875761032104492,17.459999084472656,18.25,15.010000228881836,15.8100004196167,2846100
2020-03-20,11.18879222869873,16.450000762939453,18.520000457763672,16.309999465942383,17.8799991607666,3262800
2020-03-23,10.957531929016113,16.110000610351562,17.0,15.449999809265137,16.329999923706055,3120400
2020-03-24,11.923372268676758,17.530000686645508,18.139999389648438,17.010000228881836,17.479999542236328,3171500
2020-03-25,12.66476058959961,18.6200008392334,19.649999618530273,15.880000114440918,17.690000534057617,5438500
2020-03-26,13.378936767578125,19.670000076293945,20.520000457763672,18.770000457763672,19.059999465942383,4289600
2020-03-27,12.166430473327637,17.65999984741211,19.299999237060547,17.510000228881836,19.030000686645508,3945900
2020-03-30,12.366216659545898,17.950000762939453,18.079999923706055,16.940000534057617,17.75,2335300
2020-03-31,13.048253059387207,18.940000534057617,19.579999923706055,17.6299991607666,17.780000686645508,4510000
2020-04-01,12.125093460083008,17.600000381469727,18.979999542236328,17.299999237060547,17.739999771118164,4313300
2020-04-02,12.73134708404541,18.479999542236328,19.170000076293945,16.899999618530273,17.450000762939453,6637000
2020-04-03,11.642844200134277,16.899999618530273,18.829999923706055,16.65999984741211,18.209999084472656,4968500
2020-04-06,12.889800071716309,18.709999084472656,18.889999389648438,17.850000381469727,18.0,2882800
2020-04-07,12.820907592773438,18.610000610351562,20.760000228881836,18.399999618530273,20.0,3665700
2020-04-08,13.268709182739258,19.260000228881836,19.690000534057617,18.709999084472656,18.959999084472656,3280300
2020-04-09,13.337604522705078,19.360000610351562,20.559999465942383,19.100000381469727,19.829999923706055,3925000
2020-04-13,12.5315580368042,18.190000534057617,19.5,17.799999237060547,19.5,2949000
2020-04-14,13.089590072631836,19.0,19.239999771118164,18.3799991607666,18.690000534057617,2669000
2020-04-15,11.897746086120605,17.270000457763672,18.389999389648438,17.049999237060547,18.200000762939453,3646400
2020-04-16,11.64973258972168,16.90999984741211,17.59000015258789,16.5,17.559999465942383,2245600
2020-04-17,12.4833345413208,18.1200008392334,18.270000457763672,17.139999389648438,17.329999923706055,3528200
2020-04-20,12.283547401428223,17.829999923706055,18.520000457763672,17.149999618530273,17.649999618530273,2513800
2020-04-21,11.553282737731934,16.770000457763672,17.760000228881836,16.729999542236328,17.290000915527344,2598800
2020-04-22,11.773738861083984,17.09000015258789,17.3700008392334,16.899999618530273,17.09000015258789,2046600
2020-04-23,11.980417251586914,17.389999389648438,17.489999771118164,17.09000015258789,17.18000030517578,2242300
2020-04-24,12.379992485046387,17.969999313354492,18.229999542236328,17.3700008392334,17.700000762939453,5861100
2020-04-27,12.276654243469238,17.81999969482422,18.1299991607666,16.799999237060547,17.780000686645508,4940500
2020-04-28,12.221541404724121,17.739999771118164,18.43000030517578,17.100000381469727,17.81999969482422,4737300
2020-04-29,13.28937816619873,19.290000915527344,19.549999237060547,18.219999313354492,18.469999313354492,3279800
2020-04-30,12.60045337677002,18.290000915527344,18.979999542236328,18.010000228881836,18.93000030517578,2650400
2020-05-01,11.732405662536621,17.030000686645508,17.979999542236328,16.690000534057617,17.739999771118164,3943200
2020-05-04,11.58773136138916,16.81999969482422,16.93000030517578,16.280000686645508,16.81999969482422,3258600
2020-05-05,11.732405662536621,17.030000686645508,17.719999313354492,17.010000228881836,17.200000762939453,2134900
2020-05-06,11.505062103271484,16.700000762939453,17.489999771118164,16.56999969482422,17.290000915527344,1698000
2020-05-07,11.939082145690918,17.329999923706055,17.6200008392334,16.850000381469727,16.950000762939453,2033500
2020-05-08,12.49022102355957,18.1299991607666,18.270000457763672,17.56999969482422,17.6200008392334,2005500
2020-05-11,12.11131477355957,17.579999923706055,17.8799991607666,17.1299991607666,17.8799991607666,1892500
2020-05-12,11.642844200134277,16.899999618530273,17.979999542236328,16.899999618530273,17.670000076293945,1988500
2020-05-13,10.588786125183105,15.369999885559082,16.690000534057617,15.170000076293945,16.670000076293945,3952200
2020-05-14,10.60256576538086,15.390000343322754,15.399999618530273,14.220000267028809,14.960000038146973,3114300
2020-05-15,10.25810432434082,14.890000343322754,15.100000381469727,14.609999656677246,14.979999542236328,3363400
2020-05-18,11.560174942016602,16.780000686645508,16.899999618530273,15.630000114440918,15.65999984741211,4389500
2020-05-19,11.973528861999512,17.3799991607666,17.600000381469727,16.260000228881836,16.649999618530273,3572200
2020-05-20,11.877079963684082,17.239999771118164,18.049999237060547,17.139999389648438,17.639999389648438,3668500
2020-05-21,11.877079963684082,17.239999771118164,17.649999618530273,17.020000457763672,17.190000534057617,2337800
2020-05-22,11.697956085205078,16.979999542236328,17.3799991607666,16.739999771118164,17.239999771118164,1624200
2020-05-26,12.007975578308105,17.43000030517578,18.06999969482422,17.420000076293945,17.889999389648438,3506400
2020-05-27,12.462665557861328,18.09000015258789,18.100000381469727,17.510000228881836,18.0,2878400
2020-05-28,11.580839157104492,16.809999465942383,18.100000381469727,16.780000686645508,18.0,4849200
2020-05-29,10.940141677856445,15.880000114440918,16.700000762939453,15.819999694824219,16.610000610351562,20754600
2020-06-01,11.711734771728516,17.0,17.06999969482422,15.850000381469727,16.0,4494500
2020-06-02,11.856412887573242,17.209999084472656,17.520000457763672,17.020000457763672,17.200000762939453,4156400
2020-06-03,12.366216659545898,17.950000762939453,18.420000076293945,17.5,17.540000915527344,3696200
2020-06-04,12.180209159851074,17.68000030517578,18.079999923706055,17.450000762939453,17.84000015258789,3440300
2020-06-05,12.71756649017334,18.459999084472656,19.360000610351562,18.43000030517578,18.950000762939453,5480800
2020-06-08,13.688956260681152,19.8700008392334,20.219999313354492,19.200000762939453,19.940000534057617,4873300
2020-06-09,13.034476280212402,18.920000076293945,19.3799991607666,18.709999084472656,19.329999923706055,4369100
2020-06-10,12.262877464294434,17.799999237060547,19.049999237060547,17.799999237060547,18.93000030517578,3582500
2020-06-11,11.064146041870117,16.059999465942383,16.889999389648438,16.020000457763672,16.59000015258789,4432600
2020-06-12,11.753071784973145,17.059999465942383,17.170000076293945,16.280000686645508,16.940000534057617,4209600
2020-06-15,11.56706428527832,16.790000915527344,17.059999465942383,16.010000228881836,16.25,5625300
2020-06-16,11.980417251586914,17.389999389648438,17.8700008392334,16.959999084472656,17.6200008392334,4157400
2020-06-17,11.532615661621094,16.739999771118164,17.43000030517578,16.709999084472656,17.389999389648438,2585200
2020-06-18,11.408612251281738,16.559999465942383,16.93000030517578,16.40999984741211,16.510000228881836,2660100
2020-06-19,11.236376762390137,16.309999465942383,16.950000762939453,16.200000762939453,16.93000030517578,4216000
2020-06-22,11.319046974182129,16.43000030517578,16.450000762939453,15.859999656677246,16.15999984741211,3576300
2020-06-23,11.250157356262207,16.329999923706055,16.790000915527344,16.290000915527344,16.649999618530273,2892300
2020-06-24,10.657682418823242,15.470000267028809,16.1200008392334,15.279999732971191,16.110000610351562,4020400
2020-06-25,10.781688690185547,15.649999618530273,15.65999984741211,15.020000457763672,15.329999923706055,3405600
2020-06-26,10.375221252441406,15.0600004196167,15.59000015258789,14.949999809265137,15.510000228881836,4401100
2020-06-29,10.718494415283203,15.300000190734863,15.470000267028809,14.760000228881836,15.039999961853027,3079400
2020-06-30,10.711487770080566,15.289999961853027,15.600000381469727,15.100000381469727,15.279999732971191,5371000
2020-07-01,10.613409996032715,15.149999618530273,15.680000305175781,15.050000190734863,15.350000381469727,4900200
2020-07-02,11.019731521606445,15.729999542236328,16.15999984741211,15.449999809265137,15.470000267028809,4470500
2020-07-06,11.131820678710938,15.890000343322754,16.229999542236328,15.5600004196167,16.139999389648438,5807700
2020-07-07,10.599397659301758,15.130000114440918,15.84000015258789,15.109999656677246,15.680000305175781,4169900
2020-07-08,10.802560806274414,15.420000076293945,15.550000190734863,15.020000457763672,15.199999809265137,5695200
2020-07-09,10.249120712280273,14.630000114440918,15.449999809265137,14.510000228881836,15.449999809265137,4128200
2020-07-10,10.85159969329834,15.489999771118164,15.5,14.520000457763672,14.520000457763672,3543200
2020-07-13,11.096792221069336,15.84000015258789,16.34000015258789,15.5600004196167,15.65999984741211,3885600
2020-07-14,11.31396484375,16.149999618530273,16.15999984741211,15.460000038146973,15.670000076293945,4460300
2020-07-15,12.05655288696289,17.209999084472656,17.290000915527344,16.43000030517578,16.479999542236328,7020200
2020-07-16,12.140618324279785,17.329999923706055,17.579999923706055,16.860000610351562,17.010000228881836,3965100
2020-07-17,12.154632568359375,17.350000381469727,17.610000610351562,17.229999542236328,17.450000762939453,2329300
2020-07-20,11.804353713989258,16.850000381469727,17.350000381469727,16.829999923706055,17.15999984741211,2481000
2020-07-21,11.804353713989258,16.850000381469727,17.469999313354492,16.81999969482422,17.020000457763672,3005600
2020-07-22,11.867403984069824,16.940000534057617,17.18000030517578,16.6200008392334,16.770000457763672,1832800
2020-07-23,11.776330947875977,16.809999465942383,17.059999465942383,16.459999084472656,16.860000610351562,2686400
2020-07-24,10.963685035705566,15.649999618530273,16.670000076293945,15.579999923706055,16.200000762939453,5312200
2020-07-27,11.082780838012695,15.819999694824219,15.819999694824219,15.3100004196167,15.6899995803833,3714000
2020-07-28,10.65544319152832,15.210000038146973,16.3799991607666,15.039999961853027,16.030000686645508,4701400
2020-07-29,11.110803604125977,15.859999656677246,15.989999771118164,14.819999694824219,15.109999656677246,5770000
2020-07-30,11.433059692382812,16.31999969482422,16.579999923706055,15.199999809265137,15.550000190734863,5656300
2020-07-31,11.664241790771484,16.649999618530273,16.68000030517578,15.5600004196167,16.110000610351562,8724300
2020-08-03,11.215888977050781,16.010000228881836,16.600000381469727,15.850000381469727,16.579999923706055,3808800
2020-08-04,10.98470401763916,15.680000305175781,16.40999984741211,15.600000381469727,16.010000228881836,2963200
2020-08-05,11.292950630187988,16.1200008392334,16.239999771118164,15.710000038146973,15.75,3776900
2020-08-06,11.45407772064209,16.350000381469727,16.360000610351562,15.90999984741211,15.930000305175781,2847700
2020-08-07,11.741302490234375,16.760000228881836,16.770000457763672,16.190000534057617,16.229999542236328,3621100
2020-08-10,12.49089527130127,17.829999923706055,17.860000610351562,17.200000762939453,17.209999084472656,6077600
2020-08-11,12.392821311950684,17.690000534057617,18.469999313354492,17.600000381469727,18.100000381469727,3338100
2020-08-12,12.119604110717773,17.299999237060547,17.950000762939453,17.010000228881836,17.889999389648438,4927700
2020-08-13,12.259714126586914,17.5,17.56999969482422,16.969999313354492,17.1299991607666,2711500
2020-08-14,12.46287727355957,17.790000915527344,17.850000381469727,17.149999618530273,17.239999771118164,1866400
2020-08-17,12.687052726745605,18.110000610351562,18.280000686645508,17.809999465942383,18.110000610351562,2991400
2020-08-18,12.743098258972168,18.190000534057617,18.229999542236328,17.850000381469727,18.0,2587000
2020-08-19,12.75710678100586,18.209999084472656,18.700000762939453,18.020000457763672,18.15999984741211,3324200
2020-08-20,13.13541030883789,18.75,18.969999313354492,18.170000076293945,18.260000228881836,3390600
2020-08-21,13.142415046691895,18.760000228881836,18.860000610351562,18.440000534057617,18.709999084472656,3508500
2020-08-24,13.520713806152344,19.299999237060547,19.530000686645508,18.8799991607666,18.899999618530273,3764700
2020-08-25,13.247496604919434,18.90999984741211,19.610000610351562,18.68000030517578,19.440000534057617,3011900
2020-08-26,13.163430213928223,18.790000915527344,19.209999084472656,18.729999542236328,18.75,2424400
2020-08-27,13.38060188293457,19.100000381469727,19.15999984741211,18.719999313354492,18.809999465942383,2853100
2020-08-28,13.681842803955078,19.530000686645508,19.56999969482422,19.09000015258789,19.110000610351562,3107900
2020-08-31,13.212471008300781,18.860000610351562,19.420000076293945,18.850000381469727,19.389999389648438,3775100
2020-09-01,12.967273712158203,18.510000228881836,18.889999389648438,18.43000030517578,18.75,3015600
2020-09-02,13.12840461730957,18.739999771118164,18.84000015258789,18.420000076293945,18.649999618530273,3133600
2020-09-03,12.869196891784668,18.3700008392334,19.15999984741211,18.25,18.829999923706055,2998400
2020-09-04,13.065351486206055,18.649999618530273,18.90999984741211,18.219999313354492,18.489999771118164,3576700
2020-09-08,13.065351486206055,18.649999618530273,19.020000457763672,18.270000457763672,18.329999923706055,4032000
2020-09-09,13.317557334899902,19.010000228881836,19.100000381469727,18.579999923706055,18.84000015258789,2309000
2020-09-10,13.051339149475098,18.6299991607666,19.520000457763672,18.579999923706055,19.329999923706055,3912500
2020-09-11,13.373594284057617,19.09000015258789,19.209999084472656,18.729999542236328,18.81999969482422,2811700
2020-09-14,13.471673011779785,19.229999542236328,19.530000686645508,19.100000381469727,19.110000610351562,4506500
2020-09-15,13.240493774414062,18.899999618530273,19.510000228881836,18.770000457763672,19.3700008392334,3906700
2020-09-16,13.478680610656738,19.239999771118164,19.56999969482422,18.8700008392334,19.0,2894600
2020-09-17,13.646812438964844,19.479999542236328,19.59000015258789,18.709999084472656,18.940000534057617,2682200
2020-09-18,13.254502296447754,18.920000076293945,19.56999969482422,18.780000686645508,19.450000762939453,6850300
2020-09-21,12.659029006958008,18.06999969482422,18.530000686645508,17.84000015258789,18.479999542236328,3427100
2020-09-22,12.77812671661377,18.239999771118164,18.510000228881836,18.049999237060547,18.15999984741211,1871700
2020-09-23,12.476885795593262,17.809999465942383,18.709999084472656,17.790000915527344,18.219999313354492,2169200
2020-09-24,12.46287727355957,17.790000915527344,18.020000457763672,17.350000381469727,17.719999313354492,1840700
2020-09-25,12.595979690551758,17.979999542236328,18.06999969482422,17.600000381469727,17.649999618530273,2009400
2020-09-28,13.016315460205078,18.579999923706055,18.75,18.329999923706055,18.360000610351562,2001800
2020-09-29,13.108628273010254,18.459999084472656,18.639999389648438,18.229999542236328,18.25,1724000
2020-09-30,13.328761100769043,18.770000457763672,18.920000076293945,18.5,18.5,2837600
2020-10-01,13.257750511169434,18.670000076293945,19.190000534057617,18.56999969482422,18.899999618530273,2331800
2020-10-02,13.527592658996582,19.049999237060547,19.15999984741211,18.18000030517578,18.200000762939453,2666200
2020-10-05,13.94655704498291,19.639999389648438,19.790000915527344,19.260000228881836,19.34000015258789,4242200
2020-10-06,13.99626350402832,19.709999084472656,20.479999542236328,19.639999389648438,19.719999313354492,3224900
2020-10-07,14.365521430969238,20.229999542236328,20.389999389648438,19.8700008392334,19.979999542236328,2388500
2020-10-08,14.315813064575195,20.15999984741211,20.6200008392334,19.979999542236328,20.43000030517578,2395700
2020-10-09,14.116981506347656,19.8799991607666,20.5,19.860000610351562,20.3799991607666,2264300
2020-10-12,14.308716773986816,20.149999618530273,20.25,19.790000915527344,20.049999237060547,1675300
2020-10-13,14.152487754821777,19.93000030517578,20.420000076293945,19.93000030517578,20.149999618530273,1705700
2020-10-14,14.209294319152832,20.010000228881836,20.31999969482422,19.989999771118164,20.049999237060547,1849100
2020-10-15,14.287413597106934,20.1200008392334,20.190000534057617,19.709999084472656,19.760000228881836,1480900
2020-10-16,14.259005546569824,20.079999923706055,20.399999618530273,20.020000457763672,20.100000381469727,2051800
2020-10-19,14.003365516662598,19.719999313354492,20.290000915527344,19.68000030517578,20.190000534057617,2096700
2020-10-20,13.925257682800293,19.610000610351562,20.139999389648438,19.59000015258789,19.959999084472656,2140800
2020-10-21,13.87554931640625,19.540000915527344,19.979999542236328,19.520000457763672,19.579999923706055,2131800
2020-10-22,14.124085426330566,19.889999389648438,19.899999618530273,19.18000030517578,19.579999923706055,1454600
2020-10-23,14.010467529296875,19.729999542236328,20.1200008392334,19.520000457763672,19.950000762939453,1585300
2020-10-26,13.435277938842773,18.920000076293945,19.399999618530273,18.479999542236328,19.399999618530273,2818200
2020-10-27,13.151236534118652,18.520000457763672,19.280000686645508,18.260000228881836,19.149999618530273,2135600
2020-10-28,12.235193252563477,17.229999542236328,18.06999969482422,17.149999618530273,18.049999237060547,2976500
2020-10-29,12.533441543579102,17.649999618530273,17.81999969482422,17.139999389648438,17.25,1831900
2020-10-30,12.341708183288574,17.3799991607666,17.65999984741211,17.049999237060547,17.510000228881836,2974100
2020-11-02,12.87429141998291,18.1299991607666,18.139999389648438,17.43000030517578,17.690000534057617,2145300
2020-11-03,13.271950721740723,18.690000534057617,18.84000015258789,18.219999313354492,18.3799991607666,2337200
2020-11-04,12.959502220153809,18.25,18.68000030517578,17.8799991607666,18.68000030517578,3286600
2020-11-05,13.52049446105957,19.040000915527344,19.190000534057617,18.479999542236328,18.510000228881836,2468500
2020-11-06,13.605704307556152,19.15999984741211,19.739999771118164,18.8799991607666,19.649999618530273,2888500
2020-11-09,15.26736068725586,21.5,21.829999923706055,20.3799991607666,20.719999313354492,4943600
2020-11-10,15.35257625579834,21.6200008392334,21.950000762939453,21.030000686645508,21.6299991607666,3122100
2020-11-11,15.06852912902832,21.219999313354492,21.940000534057617,20.860000610351562,21.799999237060547,2136000
2020-11-12,14.493345260620117,20.40999984741211,20.959999084472656,19.920000076293945,20.829999923706055,2291300
2020-11-13,15.366778373718262,21.639999389648438,21.709999084472656,20.719999313354492,20.770000457763672,2240600
2020-11-16,16.119495391845703,22.700000762939453,22.809999465942383,22.200000762939453,22.239999771118164,2732200
2020-11-17,15.736034393310547,22.15999984741211,22.5,21.770000457763672,22.25,2401500
2020-11-18,15.530101776123047,21.8700008392334,22.600000381469727,21.860000610351562,22.299999237060547,2050300
2020-11-19,15.558509826660156,21.90999984741211,22.170000076293945,21.459999084472656,21.75,1615000
2020-11-20,15.558509826660156,21.90999984741211,22.020000457763672,21.639999389648438,21.760000228881836,1367100
2020-11-23,16.041379928588867,22.59000015258789,22.690000534057617,22.049999237060547,22.18000030517578,1760500
2020-11-24,16.72308921813965,23.549999237060547,23.75,22.719999313354492,23.149999618530273,2419900
2020-11-25,16.60236358642578,23.3799991607666,23.579999923706055,23.100000381469727,23.280000686645508,1562000
2020-11-27,16.488752365112305,23.219999313354492,23.40999984741211,23.110000610351562,23.31999969482422,723500
2020-11-30,15.544304847717285,21.889999389648438,23.079999923706055,21.790000915527344,22.969999313354492,3263700
2020-12-01,15.736034393310547,22.15999984741211,22.5,22.15999984741211,22.299999237060547,2724600
2020-12-02,16.09108543395996,22.65999984741211,22.700000762939453,21.799999237060547,22.34000015258789,1415200
2020-12-03,16.133695602416992,22.719999313354492,23.020000457763672,22.420000076293945,22.649999618530273,1351300
2020-12-04,16.581066131591797,23.350000381469727,23.479999542236328,22.8799991607666,23.030000686645508,1827400
2020-12-07,16.31832504272461,22.979999542236328,23.25,22.799999237060547,23.229999542236328,1708300
2020-12-08,16.233112335205078,22.860000610351562,23.15999984741211,22.709999084472656,22.760000228881836,1565300
2020-12-09,16.233112335205078,22.860000610351562,23.1200008392334,22.559999465942383,22.969999313354492,1678900
2020-12-10,16.233112335205078,22.860000610351562,22.940000534057617,22.40999984741211,22.600000381469727,1538700
2020-12-11,16.162092208862305,22.760000228881836,22.829999923706055,22.290000915527344,22.65999984741211,2229300
2020-12-14,16.14790153503418,22.739999771118164,23.170000076293945,22.670000076293945,23.040000915527344,2569300
2020-12-15,16.872211456298828,23.760000228881836,23.760000228881836,22.90999984741211,23.06999969482422,2160500
2020-12-16,16.35382843017578,23.030000686645508,24.219999313354492,22.93000030517578,24.010000228881836,2637400
2020-12-17,16.424840927124023,23.1299991607666,23.290000915527344,22.709999084472656,23.280000686645508,2297100
2020-12-18,16.233112335205078,22.860000610351562,23.34000015258789,22.559999465942383,22.969999313354492,8124100
2020-12-21,15.892256736755371,22.3799991607666,22.479999542236328,22.030000686645508,22.34000015258789,2337600
2020-12-22,15.892256736755371,22.3799991607666,22.739999771118164,22.270000457763672,22.549999237060547,1650500
2020-12-23,16.176305770874023,22.780000686645508,22.90999984741211,22.479999542236328,22.65999984741211,1155900
2020-12-24,16.034278869628906,22.579999923706055,22.959999084472656,22.389999389648438,22.90999984741211,940500
2020-12-28,16.53135871887207,23.280000686645508,23.719999313354492,22.739999771118164,22.809999465942383,1903300
2020-12-29,16.268617630004883,22.90999984741211,23.43000030517578,22.760000228881836,23.350000381469727,1488500
2020-12-30,16.433746337890625,22.889999389648438,23.149999618530273,22.610000610351562,22.65999984741211,1092600
2020-12-31,16.64912986755371,23.190000534057617,23.31999969482422,22.670000076293945,22.780000686645508,1514100
2021-01-04,16.125024795532227,22.459999084472656,23.3799991607666,22.260000228881836,23.299999237060547,1764900
2021-01-05,16.405025482177734,22.850000381469727,23.1299991607666,22.450000762939453,22.6299991607666,1297800
2021-01-06,16.65630531311035,23.200000762939453,23.6299991607666,23.040000915527344,23.15999984741211,2276900
2021-01-07,16.929126739501953,23.579999923706055,23.770000457763672,23.270000457763672,23.540000915527344,1737500
2021-01-08,16.907588958740234,23.549999237060547,23.959999084472656,23.270000457763672,23.709999084472656,1554800
2021-01-11,16.828615188598633,23.440000534057617,23.520000457763672,22.969999313354492,23.25,1101600
2021-01-12,16.670663833618164,23.219999313354492,23.610000610351562,23.18000030517578,23.56999969482422,1151900
2021-01-13,16.469640731811523,22.940000534057617,23.31999969482422,22.829999923706055,23.190000534057617,2325400
2021-01-14,16.54143714904785,23.040000915527344,23.280000686645508,22.940000534057617,23.229999542236328,1573000
2021-01-15,16.146564483642578,22.489999771118164,22.860000610351562,22.350000381469727,22.829999923706055,1877200
2021-01-19,15.14144515991211,21.09000015258789,22.610000610351562,21.059999465942383,22.530000686645508,3926200
2021-01-20,15.112724304199219,21.049999237060547,21.170000076293945,20.850000381469727,21.110000610351562,3011400
2021-01-21,15.328110694885254,21.350000381469727,21.450000762939453,20.809999465942383,21.020000457763672,2047900
2021-01-22,15.127083778381348,21.06999969482422,21.170000076293945,20.540000915527344,20.540000915527344,2324500
2021-01-25,14.897345542907715,20.75,21.110000610351562,20.270000457763672,20.84000015258789,3822300
2021-01-26,15.127083778381348,21.06999969482422,21.149999618530273,19.790000915527344,20.739999771118164,3812000
2021-01-27,14.983494758605957,20.8700008392334,21.309999465942383,20.290000915527344,20.399999618530273,3580000
2021-01-28,15.23477840423584,21.219999313354492,21.56999969482422,20.56999969482422,20.93000030517578,3023000
2021-01-29,15.098367691040039,21.030000686645508,21.530000686645508,20.790000915527344,21.239999771118164,3622100
2021-02-01,16.218364715576172,22.59000015258789,22.899999618530273,21.18000030517578,21.280000686645508,5058700
2021-02-02,16.405025482177734,22.850000381469727,23.100000381469727,22.6200008392334,22.81999969482422,2721300
2021-02-03,16.92194366455078,23.56999969482422,23.899999618530273,22.8700008392334,22.90999984741211,3353900
2021-02-04,16.634765625,23.170000076293945,23.280000686645508,22.1200008392334,22.799999237060547,3281100
2021-02-05,16.871688842773438,23.5,23.809999465942383,23.290000915527344,23.459999084472656,2192500
2021-02-08,17.402965545654297,24.239999771118164,24.3700008392334,23.649999618530273,23.649999618530273,2629300
2021-02-09,17.187585830688477,23.940000534057617,24.450000762939453,23.790000915527344,24.239999771118164,2068900
2021-02-10,16.88604736328125,23.520000457763672,24.139999389648438,23.399999618530273,23.959999084472656,1923400
2021-02-11,16.929126739501953,23.579999923706055,23.8700008392334,23.209999084472656,23.559999465942383,2623600
2021-02-12,17.022459030151367,23.709999084472656,23.719999313354492,23.239999771118164,23.399999618530273,1475800
2021-02-16,17.19476890563965,23.950000762939453,24.139999389648438,23.829999923706055,23.90999984741211,1480300
2021-02-17,16.828615188598633,23.440000534057617,24.020000457763672,23.399999618530273,23.81999969482422,2261500
2021-02-18,16.728099822998047,23.299999237060547,23.5,23.059999465942383,23.200000762939453,1420200
2021-02-19,16.986562728881836,23.65999984741211,23.969999313354492,23.3799991607666,23.540000915527344,2274800
2021-02-22,17.489124298095703,24.360000610351562,24.3700008392334,23.489999771118164,23.59000015258789,2900300
2021-02-23,17.697324752807617,24.649999618530273,24.690000534057617,23.84000015258789,24.219999313354492,3099100
2021-02-24,18.178348541259766,25.31999969482422,25.760000228881836,24.6200008392334,24.639999389648438,2647200
2021-02-25,18.199888229370117,25.350000381469727,25.790000915527344,24.920000076293945,25.309999465942383,3828900
2021-02-26,18.29322052001953,25.479999542236328,25.93000030517578,25.209999084472656,25.34000015258789,3759500
2021-03-01,18.501426696777344,25.770000457763672,26.40999984741211,25.68000030517578,26.0,2034700
2021-03-02,18.53731918334961,25.81999969482422,26.1200008392334,25.579999923706055,25.600000381469727,1889500
2021-03-03,18.39373016357422,25.6200008392334,26.200000762939453,25.610000610351562,26.030000686645508,2006700
2021-03-04,18.35783576965332,25.56999969482422,25.84000015258789,24.950000762939453,25.600000381469727,3532900
2021-03-05,18.731164932250977,26.09000015258789,26.219999313354492,25.18000030517578,25.84000015258789,2272300
2021-03-08,19.16910743713379,26.700000762939453,26.93000030517578,26.020000457763672,26.25,1891300
2021-03-09,19.03270149230957,26.510000228881836,26.940000534057617,26.31999969482422,26.68000030517578,2113600
2021-03-10,19.047061920166016,26.530000686645508,26.739999771118164,26.350000381469727,26.65999984741211,1447900
2021-03-11,19.08296012878418,26.579999923706055,26.959999084472656,26.5,26.579999923706055,1275200
2021-03-12,19.319881439208984,26.90999984741211,26.959999084472656,26.540000915527344,26.639999389648438,1489700
2021-03-15,18.709627151489258,26.059999465942383,26.940000534057617,26.0,26.700000762939453,2554000
2021-03-16,18.39373016357422,25.6200008392334,26.149999618530273,25.420000076293945,26.1299991607666,2233100
2021-03-17,18.680912017822266,26.020000457763672,26.059999465942383,25.450000762939453,25.610000610351562,2507900
2021-03-18,17.805017471313477,24.799999237060547,26.170000076293945,24.780000686645508,25.829999923706055,2836900
2021-03-19,17.797840118408203,24.790000915527344,25.489999771118164,24.170000076293945,24.68000030517578,36778500
2021-03-22,17.833736419677734,24.84000015258789,25.25,24.530000686645508,25.190000534057617,2760300
2021-03-23,16.96501922607422,23.6299991607666,24.8799991607666,23.469999313354492,24.420000076293945,3970200
2021-03-24,16.857332229614258,23.479999542236328,24.520000457763672,23.479999542236328,24.0,3051100
2021-03-25,17.539379119873047,24.43000030517578,24.520000457763672,23.209999084472656,23.270000457763672,2433600
2021-03-26,17.934249877929688,24.979999542236328,25.030000686645508,24.59000015258789,24.59000015258789,2504200
2021-03-29,17.4101505279541,24.25,24.959999084472656,24.18000030517578,24.81999969482422,2410900
2021-03-30,17.772859573364258,24.5,24.549999237060547,23.989999771118164,23.989999771118164,1999200
2021-03-31,17.60601043701172,24.270000457763672,24.56999969482422,24.030000686645508,24.43000030517578,1735300
2021-04-01,17.838150024414062,24.59000015258789,24.600000381469727,24.200000762939453,24.420000076293945,1783500
2021-04-05,17.975976943969727,24.780000686645508,25.09000015258789,24.549999237060547,24.81999969482422,1956400
2021-04-06,18.17184066772461,25.049999237060547,25.09000015258789,24.68000030517578,24.790000915527344,2145500
2021-04-07,18.135570526123047,25.0,25.479999542236328,24.950000762939453,25.139999389648438,1359900
2021-04-08,17.9397029876709,24.729999542236328,25.040000915527344,24.559999465942383,24.950000762939453,1845300
2021-04-09,18.055768966674805,24.889999389648438,24.93000030517578,24.610000610351562,24.729999542236328,1618900
2021-04-12,18.084793090820312,24.93000030517578,25.020000457763672,24.709999084472656,24.8799991607666,1325500
2021-04-13,17.801876068115234,24.540000915527344,24.860000610351562,24.350000381469727,24.799999237060547,1925900
2021-04-14,17.910688400268555,24.690000534057617,25.229999542236328,24.540000915527344,24.549999237060547,2844000
2021-04-15,17.94696044921875,24.739999771118164,25.079999923706055,24.639999389648438,24.90999984741211,3138500
2021-04-16,18.186349868774414,25.06999969482422,25.229999542236328,24.649999618530273,24.809999465942383,3291000
2021-04-19,18.367708206176758,25.31999969482422,25.59000015258789,24.989999771118164,25.0,5002600
2021-04-20,17.19977378845215,23.709999084472656,25.030000686645508,23.700000762939453,24.93000030517578,4080000
2021-04-21,17.642284393310547,24.31999969482422,24.469999313354492,23.420000076293945,23.520000457763672,2082400
2021-04-22,17.38113021850586,23.959999084472656,24.65999984741211,23.950000762939453,24.31999969482422,2329600
2021-04-23,17.685808181762695,24.3799991607666,24.549999237060547,23.8700008392334,24.040000915527344,2587000
2021-04-26,17.714826583862305,24.420000076293945,24.829999923706055,24.3799991607666,24.530000686645508,1961600
2021-04-27,17.59150505065918,24.25,24.530000686645508,24.15999984741211,24.40999984741211,1871500
2021-04-28,17.787364959716797,24.520000457763672,24.610000610351562,24.299999237060547,24.440000534057617,1720700
2021-04-29,17.8526554107666,24.610000610351562,24.940000534057617,24.34000015258789,24.729999542236328,1250000
2021-04-30,17.511707305908203,24.139999389648438,24.549999237060547,23.920000076293945,24.540000915527344,2881700
2021-05-03,17.482690811157227,24.100000381469727,24.760000228881836,24.079999923706055,24.479999542236328,2198600
2021-05-04,17.294078826904297,23.84000015258789,24.209999084472656,23.649999618530273,24.15999984741211,2241700
2021-05-05,17.315839767456055,23.8700008392334,24.040000915527344,23.600000381469727,23.899999618530273,1706000
2021-05-06,17.642284393310547,24.31999969482422,24.329999923706055,23.770000457763672,23.889999389648438,1415600
2021-05-07,17.751094818115234,24.469999313354492,24.479999542236328,24.100000381469727,24.219999313354492,1511000
2021-05-10,17.511707305908203,24.139999389648438,24.90999984741211,24.1299991607666,24.65999984741211,1456500
2021-05-11,17.39563751220703,23.979999542236328,24.209999084472656,23.709999084472656,23.809999465942383,1606600
2021-05-12,16.575910568237305,22.850000381469727,24.079999923706055,22.829999923706055,23.829999923706055,2217500
2021-05-13,16.808048248291016,23.170000076293945,23.399999618530273,22.81999969482422,22.940000534057617,1606500
2021-05-14,17.56248664855957,24.209999084472656,24.25,23.280000686645508,23.34000015258789,2014100
2021-05-17,17.635028839111328,24.309999465942383,24.360000610351562,23.979999542236328,24.020000457763672,1589400
2021-05-18,17.207029342651367,23.719999313354492,24.489999771118164,23.700000762939453,24.329999923706055,1893000
2021-05-19,17.279571533203125,23.81999969482422,23.93000030517578,23.209999084472656,23.280000686645508,2218100
2021-05-20,17.178010940551758,23.68000030517578,23.959999084472656,23.549999237060547,23.8799991607666,1304500
2021-05-21,17.221534729003906,23.739999771118164,24.15999984741211,23.700000762939453,23.8799991607666,1331200
2021-05-24,17.330347061157227,23.889999389648438,24.030000686645508,23.75,23.8799991607666,1078300
2021-05-25,16.967636108398438,23.389999389648438,24.020000457763672,23.360000610351562,23.950000762939453,1234000
2021-05-26,17.22879409790039,23.75,23.780000686645508,23.309999465942383,23.420000076293945,1710200
2021-05-27,17.40289306640625,23.989999771118164,24.25,23.8799991607666,23.969999313354492,1631800
2021-05-28,17.011165618896484,23.450000762939453,24.020000457763672,23.34000015258789,24.010000228881836,2623600
2021-06-01,16.989404678344727,23.420000076293945,23.700000762939453,23.219999313354492,23.68000030517578,2704900
2021-06-02,17.439165115356445,24.040000915527344,24.040000915527344,23.329999923706055,23.440000534057617,1876000
2021-06-03,17.40289306640625,23.989999771118164,24.09000015258789,23.760000228881836,23.920000076293945,1243600
2021-06-04,17.547975540161133,24.190000534057617,24.280000686645508,23.989999771118164,24.049999237060547,1023000
2021-06-07,17.46092414855957,24.06999969482422,24.420000076293945,23.90999984741211,24.309999465942383,1453100
2021-06-08,18.004995346069336,24.81999969482422,24.989999771118164,24.049999237060547,24.09000015258789,2530900
2021-06-09,18.25164031982422,25.15999984741211,25.40999984741211,24.719999313354492,24.899999618530273,2819500
2021-06-10,18.20086097717285,25.09000015258789,25.450000762939453,24.90999984741211,25.280000686645508,2016900
2021-06-11,18.33143424987793,25.270000457763672,25.530000686645508,25.1200008392334,25.270000457763672,1931200
2021-06-14,17.707571029663086,24.40999984741211,25.43000030517578,24.34000015258789,25.309999465942383,2530400
2021-06-15,17.809127807617188,24.549999237060547,24.799999237060547,24.139999389648438,24.420000076293945,2410800
2021-06-16,17.881669998168945,24.649999618530273,24.84000015258789,24.43000030517578,24.520000457763672,2394300
2021-06-17,17.141738891601562,23.6299991607666,24.75,23.6299991607666,24.670000076293945,3459700
2021-06-18,16.99665641784668,23.43000030517578,23.600000381469727,22.899999618530273,23.25,6654800
2021-06-21,17.22879409790039,23.75,23.850000381469727,23.170000076293945,23.6200008392334,2572000
2021-06-22,16.96038246154785,23.3799991607666,23.600000381469727,23.190000534057617,23.5,2434600
2021-06-23,16.99665641784668,23.43000030517578,23.729999542236328,23.329999923706055,23.420000076293945,1920500
2021-06-24,17.28682518005371,23.829999923706055,23.920000076293945,23.3799991607666,23.610000610351562,1656100
2021-06-25,17.6495361328125,24.329999923706055,24.34000015258789,23.739999771118164,23.739999771118164,3310500
2021-06-28,17.28682518005371,23.829999923706055,24.350000381469727,23.780000686645508,24.329999923706055,2044700
2021-06-29,17.11087417602539,23.34000015258789,23.90999984741211,23.299999237060547,23.68000030517578,1394200
2021-06-30,17.22084617614746,23.489999771118164,23.600000381469727,23.239999771118164,23.239999771118164,1269200
2021-07-01,17.4627742767334,23.81999969482422,23.950000762939453,23.540000915527344,23.600000381469727,1439500
2021-07-02,17.616729736328125,24.030000686645508,24.299999237060547,23.75,24.0,1508900
2021-07-06,17.374797821044922,23.700000762939453,24.399999618530273,22.93000030517578,23.8799991607666,5168500
2021-07-07,17.66805076599121,24.100000381469727,24.25,23.510000228881836,23.65999984741211,2904100
2021-07-08,17.4627742767334,23.81999969482422,24.040000915527344,23.3700008392334,23.6200008392334,2436700
2021-07-09,17.675378799438477,24.110000610351562,24.299999237060547,24.010000228881836,24.100000381469727,1897900
2021-07-12,17.64604949951172,24.06999969482422,24.149999618530273,23.829999923706055,24.030000686645508,1295600
2021-07-13,17.140201568603516,23.3799991607666,24.040000915527344,23.280000686645508,23.850000381469727,2112000
2021-07-14,17.301488876342773,23.600000381469727,23.920000076293945,23.3799991607666,23.649999618530273,2128800
2021-07-15,17.096216201782227,23.31999969482422,23.59000015258789,23.219999313354492,23.3700008392334,1137700
2021-07-16,16.539045333862305,22.559999465942383,23.510000228881836,22.510000228881836,23.450000762939453,2190000
2021-07-19,16.09185218811035,21.950000762939453,22.270000457763672,21.56999969482422,22.059999465942383,3135900
2021-07-20,16.575708389282227,22.610000610351562,22.799999237060547,22.010000228881836,22.049999237060547,2266300
2021-07-21,17.374797821044922,23.700000762939453,23.799999237060547,22.6299991607666,22.700000762939453,3648300
2021-07-22,17.044897079467773,23.25,23.75,23.190000534057617,23.75,1852500
2021-07-23,17.17685890197754,23.43000030517578,23.450000762939453,22.959999084472656,23.18000030517578,2059200
2021-07-26,17.316150665283203,23.6200008392334,23.729999542236328,23.270000457763672,23.270000457763672,2512700
2021-07-27,18.188552856445312,24.809999465942383,24.8700008392334,23.040000915527344,23.540000915527344,2860000
2021-07-28,17.873319625854492,24.3799991607666,24.989999771118164,24.079999923706055,24.90999984741211,1937700
2021-07-29,17.800003051757812,24.280000686645508,24.770000457763672,24.260000228881836,24.68000030517578,1170800
2021-07-30,17.690034866333008,24.1299991607666,24.360000610351562,23.899999618530273,23.979999542236328,1759100
2021-08-02,17.653379440307617,24.079999923706055,24.68000030517578,24.010000228881836,24.25,1335400
2021-08-03,17.865985870361328,24.3700008392334,24.3799991607666,23.649999618530273,24.299999237060547,1109200
2021-08-04,17.184188842773438,23.440000534057617,24.06999969482422,23.420000076293945,23.950000762939453,1086000
2021-08-05,17.213512420654297,23.479999542236328,23.729999542236328,23.420000076293945,23.6200008392334,1048200
2021-08-06,17.558080673217773,23.950000762939453,24.190000534057617,23.549999237060547,23.690000534057617,1138700
2021-08-09,17.455440521240234,23.809999465942383,23.93000030517578,23.530000686645508,23.920000076293945,1334600
2021-08-10,17.59473419189453,24.0,24.059999465942383,23.43000030517578,23.729999542236328,1177400
2021-08-11,17.836660385131836,24.329999923706055,24.459999084472656,23.8700008392334,24.09000015258789,914500
2021-08-12,17.712034225463867,24.15999984741211,24.34000015258789,24.0,24.31999969482422,1039000
2021-08-13,17.52142333984375,23.899999618530273,24.190000534057617,23.799999237060547,24.190000534057617,680000
2021-08-16,17.426118850708008,23.770000457763672,23.8700008392334,23.40999984741211,23.809999465942383,671600
2021-08-17,17.2061824798584,23.469999313354492,23.610000610351562,23.1200008392334,23.610000610351562,1043400
2021-08-18,16.84695816040039,22.979999542236328,23.489999771118164,22.959999084472656,23.329999923706055,1059900
2021-08-19,16.319116592407227,22.260000228881836,22.780000686645508,22.1299991607666,22.600000381469727,1272600
2021-08-20,16.495067596435547,22.5,22.530000686645508,22.110000610351562,22.170000076293945,1255700
2021-08-23,16.568376541137695,22.600000381469727,22.760000228881836,22.40999984741211,22.739999771118164,1222200
2021-08-24,16.744321823120117,22.84000015258789,22.920000076293945,22.540000915527344,22.719999313354492,1274700
2021-08-25,16.77364730834961,22.8799991607666,23.059999465942383,22.65999984741211,22.84000015258789,1242000
2021-08-26,16.377763748168945,22.34000015258789,23.030000686645508,22.260000228881836,23.010000228881836,1243100
2021-08-27,16.744321823120117,22.84000015258789,22.920000076293945,22.239999771118164,22.239999771118164,2032700
2021-08-30,16.39975929260254,22.3700008392334,22.920000076293945,22.360000610351562,22.889999389648438,1465400
2021-08-31,16.502397537231445,22.510000228881836,22.68000030517578,22.309999465942383,22.350000381469727,1961900
2021-09-01,16.414419174194336,22.389999389648438,22.540000915527344,22.040000915527344,22.540000915527344,2301600
2021-09-02,17.022903442382812,23.219999313354492,23.25,22.360000610351562,22.520000457763672,2686600
2021-09-03,16.502397537231445,22.510000228881836,23.3799991607666,22.399999618530273,23.239999771118164,2846200
2021-09-07,15.959890365600586,21.770000457763672,22.489999771118164,21.75,22.34000015258789,2643000
2021-09-08,15.50535774230957,21.149999618530273,21.93000030517578,20.860000610351562,21.799999237060547,3142500
2021-09-09,15.542019844055176,21.200000762939453,21.34000015258789,20.969999313354492,21.049999237060547,1936600
2021-09-10,15.219443321228027,20.760000228881836,21.3700008392334,20.6299991607666,21.260000228881836,2708900
2021-09-13,15.336743354797363,20.920000076293945,21.049999237060547,20.670000076293945,20.959999084472656,2293500
2021-09-14,15.094816207885742,20.59000015258789,20.959999084472656,20.510000228881836,20.950000762939453,1936400
2021-09-15,15.395390510559082,21.0,21.15999984741211,20.469999313354492,20.600000381469727,3088500
2021-09-16,15.380728721618652,20.979999542236328,21.31999969482422,20.84000015258789,21.030000686645508,2941100
2021-09-17,15.380728721618652,20.979999542236328,21.1299991607666,20.799999237060547,20.8799991607666,9491500
2021-09-20,15.314745903015137,20.889999389648438,21.0,20.489999771118164,20.65999984741211,3096900
2021-09-21,14.794239044189453,20.18000030517578,20.989999771118164,20.040000915527344,20.93000030517578,3369500
2021-09-22,14.896871566772461,20.31999969482422,20.59000015258789,20.309999465942383,20.5,1478100
2021-09-23,15.160797119140625,20.68000030517578,20.959999084472656,20.34000015258789,20.389999389648438,1156000
2021-09-24,15.226778984069824,20.770000457763672,20.920000076293945,20.610000610351562,20.649999618530273,1334200
2021-09-27,15.629985809326172,21.31999969482422,21.65999984741211,20.850000381469727,20.899999618530273,1516600
2021-09-28,15.468704223632812,21.100000381469727,21.510000228881836,21.040000915527344,21.260000228881836,1514600
2021-09-29,15.157103538513184,20.43000030517578,21.0,20.389999389648438,20.850000381469727,1651900
2021-09-30,14.964210510253906,20.170000076293945,20.6200008392334,20.079999923706055,20.5,1435600
2021-10-01,15.579986572265625,21.0,21.059999465942383,20.209999084472656,20.389999389648438,2125200
2021-10-04,15.446441650390625,20.81999969482422,21.270000457763672,20.75,20.899999618530273,1592400
2021-10-05,15.646759033203125,21.09000015258789,21.139999389648438,20.600000381469727,20.770000457763672,2000200
2021-10-06,15.57257080078125,20.989999771118164,21.049999237060547,20.479999542236328,20.739999771118164,1731500
2021-10-07,15.698698043823242,21.15999984741211,21.360000610351562,21.110000610351562,21.190000534057617,1224000
2021-10-08,15.617081642150879,21.049999237060547,21.360000610351562,21.030000686645508,21.219999313354492,637000
2021-10-11,15.357417106628418,20.700000762939453,21.260000228881836,20.6200008392334,21.239999771118164,1534000
2021-10-12,15.305482864379883,20.6299991607666,20.940000534057617,20.510000228881836,20.690000534057617,1164900
2021-10-13,15.0235595703125,20.25,20.719999313354492,20.1299991607666,20.559999465942383,1353600
2021-10-14,15.134847640991211,20.399999618530273,20.690000534057617,20.309999465942383,20.450000762939453,1872900
2021-10-15,15.223872184753418,20.520000457763672,20.809999465942383,20.479999542236328,20.59000015258789,1384600
2021-10-18,14.919692993164062,20.110000610351562,20.520000457763672,20.0,20.360000610351562,1498200
2021-10-19,15.171945571899414,20.450000762939453,20.559999465942383,20.139999389648438,20.209999084472656,1398400
2021-10-20,15.246131896972656,20.549999237060547,20.75,20.360000610351562,20.420000076293945,1280400
2021-10-21,15.476127624511719,20.860000610351562,21.030000686645508,20.450000762939453,20.559999465942383,1324900
2021-10-22,15.387091636657715,20.739999771118164,20.989999771118164,20.65999984741211,20.8799991607666,882100
2021-10-25,15.260970115661621,20.56999969482422,20.8700008392334,20.43000030517578,20.760000228881836,2742100
2021-10-26,13.50265884399414,18.200000762939453,19.920000076293945,17.959999084472656,19.920000076293945,8443100
2021-10-27,13.198478698730469,17.790000915527344,18.40999984741211,17.59000015258789,18.280000686645508,5396200
2021-10-28,13.354276657104492,18.0,18.1200008392334,17.809999465942383,17.860000610351562,3025100
2021-10-29,13.20589542388916,17.799999237060547,18.139999389648438,17.610000610351562,17.93000030517578,2684100
2021-11-01,13.784579277038574,18.579999923706055,18.729999542236328,17.979999542236328,17.989999771118164,4511800
2021-11-02,14.244560241699219,19.200000762939453,19.329999923706055,18.75,18.75,2804500
2021-11-03,14.422618865966797,19.440000534057617,19.510000228881836,18.950000762939453,19.190000534057617,2483600
2021-11-04,13.984895706176758,18.850000381469727,19.690000534057617,18.84000015258789,19.579999923706055,2683200
2021-11-05,14.48939037322998,19.530000686645508,19.690000534057617,18.84000015258789,18.989999771118164,2228800
2021-11-08,14.48939037322998,19.530000686645508,19.780000686645508,19.40999984741211,19.5,2277900
2021-11-09,14.734220504760742,19.860000610351562,19.979999542236328,19.43000030517578,19.540000915527344,2272600
2021-11-10,14.660026550292969,19.760000228881836,20.139999389648438,19.690000534057617,19.850000381469727,2371800
2021-11-11,14.875178337097168,20.049999237060547,20.110000610351562,19.530000686645508,19.68000030517578,2019600
2021-11-12,14.971627235412598,20.18000030517578,20.3700008392334,19.950000762939453,20.010000228881836,1925700
2021-11-15,14.741637229919434,19.8700008392334,20.479999542236328,19.799999237060547,20.25,2197500
2021-11-16,14.652606010437012,19.75,20.020000457763672,19.690000534057617,19.8700008392334,2713400
2021-11-17,14.54874324798584,19.610000610351562,19.809999465942383,19.469999313354492,19.6200008392334,2856200
2021-11-18,14.244560241699219,19.200000762939453,19.709999084472656,19.110000610351562,19.649999618530273,3464200
2021-11-19,14.244560241699219,19.200000762939453,19.3700008392334,18.899999618530273,19.100000381469727,3392900
2021-11-22,14.749055862426758,19.8799991607666,20.09000015258789,19.15999984741211,19.270000457763672,3801300
2021-11-23,14.979046821594238,20.190000534057617,20.520000457763672,19.760000228881836,19.940000534057617,3958700
2021-11-24,14.986465454101562,20.200000762939453,20.3799991607666,20.1200008392334,20.190000534057617,2012000
2021-11-26,14.28907585144043,19.260000228881836,19.709999084472656,19.079999923706055,19.610000610351562,2627400
2021-11-29,14.222305297851562,19.170000076293945,19.530000686645508,18.889999389648438,19.3700008392334,3260200
2021-11-30,13.665873527526855,18.420000076293945,19.010000228881836,18.139999389648438,18.969999313354492,5161400
2021-12-01,14.214884757995605,19.15999984741211,19.649999618530273,18.760000228881836,18.889999389648438,4621200
2021-12-02,14.763893127441406,19.899999618530273,20.059999465942383,19.290000915527344,19.290000915527344,2923900
2021-12-03,14.838083267211914,20.0,20.309999465942383,19.8700008392334,19.950000762939453,2568500
2021-12-06,15.186777114868164,20.469999313354492,20.809999465942383,20.15999984741211,20.290000915527344,3020000
2021-12-07,15.305482864379883,20.6299991607666,20.969999313354492,20.469999313354492,20.579999923706055,2304200
2021-12-08,15.683854103088379,21.139999389648438,21.329999923706055,20.649999618530273,20.649999618530273,2927300
2021-12-09,15.624502182006836,21.059999465942383,21.389999389648438,20.889999389648438,20.93000030517578,1920100
2021-12-10,15.691271781921387,21.149999618530273,21.479999542236328,21.020000457763672,21.25,2176400
2021-12-13,15.246131896972656,20.549999237060547,21.260000228881836,20.479999542236328,21.079999923706055,2786000
2021-12-14,15.253551483154297,20.559999465942383,21.09000015258789,20.549999237060547,20.639999389648438,3316600
2021-12-15,15.357417106628418,20.700000762939453,20.760000228881836,20.25,20.510000228881836,2824800
2021-12-16,15.31290054321289,20.639999389648438,21.110000610351562,20.56999969482422,21.0,3314000
2021-12-17,15.216452598571777,20.510000228881836,20.8700008392334,20.360000610351562,20.56999969482422,4846200
2021-12-20,14.956786155700684,20.15999984741211,20.239999771118164,19.84000015258789,20.100000381469727,2553200
2021-12-21,15.854496002197266,21.3700008392334,21.3799991607666,20.43000030517578,20.510000228881836,2816900
2021-12-22,16.240285873413086,21.889999389648438,21.889999389648438,21.309999465942383,21.329999923706055,3091000
2021-12-23,16.655752182006836,22.450000762939453,22.479999542236328,21.90999984741211,21.969999313354492,2461000
2021-12-27,16.856061935424805,22.719999313354492,22.729999542236328,22.350000381469727,22.350000381469727,2209600
2021-12-28,17.093477249145508,23.040000915527344,23.059999465942383,22.649999618530273,22.729999542236328,1983400
2021-12-29,17.323463439941406,23.350000381469727,23.3799991607666,23.040000915527344,23.040000915527344,2269700
2021-12-30,17.113481521606445,22.81999969482422,23.389999389648438,22.799999237060547,23.1200008392334,1747000
2021-12-31,16.97849464416504,22.639999389648438,22.989999771118164,22.600000381469727,22.739999771118164,1598500
2022-01-03,17.06848907470703,22.760000228881836,23.190000534057617,22.649999618530273,22.8799991607666,1787800
2022-01-04,17.81842041015625,23.760000228881836,23.850000381469727,23.010000228881836,23.010000228881836,2605800
2022-01-05,17.495946884155273,23.329999923706055,24.139999389648438,23.280000686645508,23.8700008392334,3288700
2022-01-06,17.72842788696289,23.639999389648438,23.81999969482422,23.280000686645508,23.559999465942383,1729300
2022-01-07,17.773426055908203,23.700000762939453,23.93000030517578,23.690000534057617,23.700000762939453,1651800
2022-01-10,17.765926361083984,23.690000534057617,23.799999237060547,23.3700008392334,23.68000030517578,2302600
2022-01-11,17.86341667175293,23.81999969482422,23.920000076293945,23.639999389648438,23.709999084472656,1683000
2022-01-12,17.71342658996582,23.6200008392334,24.020000457763672,23.549999237060547,23.719999313354492,1282100
2022-01-13,17.945905685424805,23.93000030517578,24.06999969482422,23.65999984741211,23.799999237060547,1830500
2022-01-14,17.86341667175293,23.81999969482422,23.920000076293945,23.56999969482422,23.690000534057617,2127800
2022-01-18,17.630937576293945,23.510000228881836,23.81999969482422,23.290000915527344,23.649999618530273,2321600
2022-01-19,17.1209774017334,22.829999923706055,23.59000015258789,22.809999465942383,23.43000030517578,2600000
2022-01-20,16.813507080078125,22.420000076293945,23.1200008392334,22.3799991607666,22.690000534057617,3816300
2022-01-21,16.26605987548828,21.690000534057617,22.450000762939453,21.639999389648438,22.110000610351562,3374500
2022-01-24,15.73360538482666,20.979999542236328,21.420000076293945,20.3799991607666,21.350000381469727,4812000
2022-01-25,14.983670234680176,19.979999542236328,20.56999969482422,19.18000030517578,20.3700008392334,5362400
2022-01-26,15.081159591674805,20.110000610351562,20.559999465942383,19.889999389648438,20.209999084472656,4098400
2022-01-27,15.321138381958008,20.43000030517578,20.93000030517578,20.329999923706055,20.59000015258789,3162500
2022-01-28,15.388633728027344,20.520000457763672,20.530000686645508,19.93000030517578,20.309999465942383,3245300
2022-01-31,15.831094741821289,21.110000610351562,21.1299991607666,20.229999542236328,20.290000915527344,4092800
2022-02-01,16.543533325195312,22.059999465942383,22.100000381469727,20.959999084472656,21.010000228881836,3014400
2022-02-02,16.56603240966797,22.09000015258789,22.510000228881836,21.8799991607666,21.969999313354492,2939000
2022-02-03,16.453542709350586,21.940000534057617,22.479999542236328,21.760000228881836,21.850000381469727,2280600
2022-02-04,16.528533935546875,22.040000915527344,22.260000228881836,21.649999618530273,21.829999923706055,2122300
2022-02-07,16.273555755615234,21.700000762939453,22.190000534057617,21.59000015258789,22.190000534057617,1961400
2022-02-08,16.04107666015625,21.389999389648438,21.959999084472656,21.350000381469727,21.899999618530273,2092400
2022-02-09,16.108572006225586,21.479999542236328,21.709999084472656,21.299999237060547,21.43000030517578,1836300
2022-02-10,16.0485782623291,21.399999618530273,21.889999389648438,21.219999313354492,21.229999542236328,2814200
2022-02-11,15.921087265014648,21.229999542236328,21.81999969482422,21.100000381469727,21.350000381469727,2111000
2022-02-14,15.418631553649902,20.559999465942383,21.290000915527344,20.389999389648438,21.239999771118164,2759100
2022-02-15,16.611026763916016,22.149999618530273,22.18000030517578,20.780000686645508,20.790000915527344,3016200
2022-02-16,17.383459091186523,23.18000030517578,23.25,21.959999084472656,22.1299991607666,3578400
2022-02-17,16.551034927368164,22.06999969482422,23.079999923706055,22.0,22.8799991607666,1760900
2022-02-18,16.363548278808594,21.81999969482422,22.200000762939453,21.489999771118164,22.030000686645508,2053200
2022-02-22,15.68860912322998,20.920000076293945,21.739999771118164,20.729999542236328,21.639999389648438,2044100
2022-02-23,15.036164283752441,20.049999237060547,21.170000076293945,20.010000228881836,21.110000610351562,2050300
2022-02-24,14.833685874938965,19.780000686645508,19.81999969482422,18.959999084472656,19.25,3477000
2022-02-25,15.043667793273926,20.059999465942383,20.1299991607666,19.360000610351562,19.950000762939453,2735400
2022-02-28,14.781189918518066,19.709999084472656,19.799999237060547,19.229999542236328,19.399999618530273,2549100
2022-03-01,14.106247901916504,18.809999465942383,19.649999618530273,18.649999618530273,19.610000610351562,2872500
2022-03-02,14.73619556427002,19.649999618530273,19.75,18.84000015258789,19.020000457763672,1960800
2022-03-03,14.488716125488281,19.31999969482422,19.780000686645508,19.170000076293945,19.690000534057617,1413300
2022-03-04,13.881266593933105,18.510000228881836,19.010000228881836,18.280000686645508,18.989999771118164,2338900
2022-03-07,13.221325874328613,17.6299991607666,18.399999618530273,17.610000610351562,18.3700008392334,3267400
2022-03-08,13.43131160736084,17.90999984741211,18.459999084472656,17.510000228881836,17.739999771118164,2581000
2022-03-09,14.14374828338623,18.860000610351562,19.139999389648438,18.360000610351562,18.360000610351562,2735800
2022-03-10,14.113747596740723,18.81999969482422,18.8700008392334,18.420000076293945,18.520000457763672,1957400
2022-03-11,13.993760108947754,18.65999984741211,19.290000915527344,18.649999618530273,19.260000228881836,1710100
2022-03-14,13.971261024475098,18.6299991607666,18.860000610351562,18.25,18.829999923706055,2348700
2022-03-15,14.316229820251465,19.09000015258789,19.190000534057617,18.700000762939453,18.700000762939453,1894700
2022-03-16,14.788688659667969,19.719999313354492,19.84000015258789,19.18000030517578,19.440000534057617,2721700
2022-03-17,14.691195487976074,19.59000015258789,19.719999313354492,19.239999771118164,19.520000457763672,2755300
2022-03-18,15.081159591674805,20.110000610351562,20.1200008392334,19.260000228881836,19.309999465942383,5850600
2022-03-21,14.968672752380371,19.959999084472656,20.549999237060547,19.739999771118164,20.15999984741211,1483700
2022-03-22,15.1786527633667,20.239999771118164,20.559999465942383,20.010000228881836,20.030000686645508,1517000
2022-03-23,14.84118366241455,19.790000915527344,20.280000686645508,19.770000457763672,20.270000457763672,1300300
2022-03-24,15.11115837097168,20.149999618530273,20.34000015258789,19.739999771118164,19.959999084472656,2172500
2022-03-25,15.546121597290039,20.729999542236328,20.75,20.1299991607666,20.350000381469727,1968300
2022-03-28,15.418631553649902,20.559999465942383,20.690000534057617,20.149999618530273,20.690000534057617,1788900
2022-03-29,15.613615036010742,20.81999969482422,20.989999771118164,20.579999923706055,20.739999771118164,1710600
2022-03-30,15.530116081237793,20.459999084472656,20.8799991607666,20.3799991607666,20.56999969482422,2650700
2022-03-31,15.309996604919434,20.170000076293945,20.479999542236328,20.1299991607666,20.25,1421100
2022-04-01,15.158183097839355,19.969999313354492,20.34000015258789,19.56999969482422,20.25,1873900
2022-04-04,14.801437377929688,19.5,19.889999389648438,19.309999465942383,19.8700008392334,2313300
2022-04-05,14.611671447753906,19.25,19.68000030517578,19.09000015258789,19.40999984741211,3526400
2022-04-06,14.437092781066895,19.020000457763672,19.1299991607666,18.6299991607666,19.06999969482422,1905800
2022-04-07,14.710346221923828,19.3799991607666,19.520000457763672,19.020000457763672,19.18000030517578,1913500
2022-04-08,14.566129684448242,19.190000534057617,19.59000015258789,19.1299991607666,19.459999084472656,1329200
2022-04-11,14.740710258483887,19.420000076293945,19.81999969482422,19.049999237060547,19.149999618530273,1575800
2022-04-12,14.414321899414062,18.989999771118164,19.6200008392334,18.8799991607666,19.290000915527344,1901700
2022-04-13,14.642034530639648,19.290000915527344,19.309999465942383,18.90999984741211,18.940000534057617,2002600
2022-04-14,14.26251220703125,18.790000915527344,19.40999984741211,18.68000030517578,19.270000457763672,2967300
2022-04-18,14.452277183532715,19.040000915527344,19.110000610351562,18.59000015258789,18.68000030517578,2320300
2022-04-19,14.846977233886719,19.559999465942383,19.6299991607666,19.100000381469727,19.18000030517578,1971700
2022-04-20,15.067099571228027,19.850000381469727,20.290000915527344,19.649999618530273,19.649999618530273,3037300
2022-04-21,12.706461906433105,16.739999771118164,17.149999618530273,16.06999969482422,16.510000228881836,12277300
2022-04-22,13.00249195098877,17.1299991607666,17.219999313354492,16.170000076293945,16.510000228881836,5633500
2022-04-25,13.404786109924316,17.65999984741211,17.700000762939453,16.90999984741211,16.920000076293945,4691000
2022-04-26,13.252979278564453,17.459999084472656,18.280000686645508,17.09000015258789,18.049999237060547,3223100
2022-04-27,12.956948280334473,17.06999969482422,17.559999465942383,16.899999618530273,17.420000076293945,2893500
2022-04-28,13.306110382080078,17.530000686645508,17.600000381469727,17.110000610351562,17.31999969482422,2277000
2022-04-29,13.207433700561523,17.399999618530273,17.940000534057617,17.360000610351562,17.510000228881836,2923800
2022-05-02,13.260567665100098,17.469999313354492,17.700000762939453,17.030000686645508,17.399999618530273,2011800
2022-05-03,13.442737579345703,17.709999084472656,17.81999969482422,17.389999389648438,17.510000228881836,1640200
2022-05-04,13.943713188171387,18.3700008392334,18.389999389648438,17.600000381469727,17.75,1612900
2022-05-05,13.495874404907227,17.780000686645508,18.31999969482422,17.56999969482422,18.079999923706055,1964300
2022-05-06,13.41237735748291,17.670000076293945,17.90999984741211,17.43000030517578,17.59000015258789,1578800
2022-05-09,13.085987091064453,17.239999771118164,17.540000915527344,17.059999465942383,17.389999389648438,1931400
2022-05-10,13.169483184814453,17.350000381469727,17.700000762939453,16.850000381469727,17.549999237060547,1867200
2022-05-11,12.789957046508789,16.850000381469727,17.649999618530273,16.760000228881836,17.610000610351562,2036900
2022-05-12,12.736824989318848,16.780000686645508,16.889999389648438,16.329999923706055,16.6299991607666,2304800
2022-05-13,13.108757972717285,17.270000457763672,17.3799991607666,16.790000915527344,16.8799991607666,1563400
2022-05-16,13.298521995544434,17.520000457763672,17.649999618530273,17.0,17.270000457763672,1985800
2022-05-17,14.034795761108398,18.489999771118164,18.56999969482422,17.860000610351562,17.8799991607666,1917100
2022-05-18,13.306110382080078,17.530000686645508,18.43000030517578,17.43000030517578,18.290000915527344,1456100
2022-05-19,13.085987091064453,17.239999771118164,17.530000686645508,17.010000228881836,17.299999237060547,1637800
2022-05-20,13.04044246673584,17.18000030517578,17.479999542236328,16.559999465942383,17.440000534057617,1915600
2022-05-23,13.252979278564453,17.459999084472656,17.5,17.030000686645508,17.479999542236328,1145500
2022-05-24,13.123939514160156,17.290000915527344,17.6200008392334,16.979999542236328,17.489999771118164,1718500
2022-05-25,13.344062805175781,17.579999923706055,17.739999771118164,17.239999771118164,17.299999237060547,1809400
2022-05-26,13.746359825134277,18.110000610351562,18.239999771118164,17.559999465942383,17.6299991607666,1962000
2022-05-27,14.065159797668457,18.530000686645508,18.540000915527344,18.239999771118164,18.25,1345900
2022-05-31,14.285282135009766,18.81999969482422,18.989999771118164,18.18000030517578,18.510000228881836,2808500
2022-06-01,14.361187934875488,18.920000076293945,19.15999984741211,18.530000686645508,18.93000030517578,1570900
2022-06-02,14.5357666015625,19.149999618530273,19.209999084472656,18.780000686645508,18.969999313354492,1265400
2022-06-03,14.270100593566895,18.799999237060547,19.040000915527344,18.690000534057617,18.889999389648438,1119400
2022-06-06,14.490225791931152,19.09000015258789,19.25,18.850000381469727,19.06999969482422,1717000
2022-06-07,14.475044250488281,19.06999969482422,19.09000015258789,18.760000228881836,18.899999618530273,1182900
2022-06-08,14.459866523742676,19.049999237060547,19.25,18.780000686645508,19.0,1111800
2022-06-09,14.072752952575684,18.540000915527344,18.959999084472656,18.520000457763672,18.959999084472656,1128400
2022-06-10,13.533824920654297,17.829999923706055,18.290000915527344,17.729999542236328,18.209999084472656,1348100
2022-06-13,12.516701698303223,16.489999771118164,17.469999313354492,16.40999984741211,17.270000457763672,2670100
2022-06-14,12.015728950500488,15.829999923706055,16.700000762939453,15.65999984741211,16.56999969482422,2867700
2022-06-15,12.585015296936035,16.579999923706055,16.790000915527344,15.899999618530273,15.949999809265137,2570900
2022-06-16,11.772833824157715,15.510000228881836,16.270000457763672,15.369999885559082,16.18000030517578,3424500
2022-06-17,12.11440658569336,15.960000038146973,16.260000228881836,15.600000381469727,15.829999923706055,4969300
2022-06-21,12.11440658569336,15.960000038146973,16.450000762939453,15.880000114440918,16.350000381469727,2922300
2022-06-22,12.273805618286133,16.170000076293945,16.399999618530273,15.65999984741211,15.720000267028809,2587200
2022-06-23,11.947412490844727,15.739999771118164,16.31999969482422,15.579999923706055,16.110000610351562,1936500
2022-06-24,11.985366821289062,15.789999961853027,16.520000457763672,15.75,15.869999885559082,17772700
2022-06-27,12.311758041381836,16.219999313354492,16.360000610351562,15.84000015258789,15.869999885559082,2743200
2022-06-28,12.008139610290527,15.819999694824219,16.520000457763672,15.729999542236328,16.299999237060547,2717100
2022-06-29,11.62252140045166,15.069999694824219,15.5,14.890000343322754,15.489999771118164,2065100
2022-06-30,11.452850341796875,14.850000381469727,14.9399995803833,14.550000190734863,14.789999961853027,3238500
2022-07-01,10.889845848083496,14.119999885559082,14.880000114440918,14.0600004196167,14.649999618530273,2735900
2022-07-05,10.78187370300293,13.979999542236328,13.989999771118164,13.239999771118164,13.930000305175781,2862200
2022-07-06,10.558215141296387,13.6899995803833,14.0,13.5,13.979999542236328,2558500
2022-07-07,10.912983894348145,14.149999618530273,14.289999961853027,14.0,14.100000381469727,1861600
2022-07-08,11.090367317199707,14.380000114440918,14.640000343322754,14.109999656677246,14.140000343322754,1287700
2022-07-11,10.812724113464355,14.020000457763672,14.279999732971191,13.960000038146973,14.220000267028809,1256200
2022-07-12,10.943832397460938,14.1899995803833,14.390000343322754,13.9399995803833,13.9399995803833,1470100
2022-07-13,10.82814884185791,14.039999961853027,14.069999694824219,13.699999809265137,13.920000076293945,1184400
2022-07-14,10.70474910736084,13.880000114440918,13.960000038146973,13.5,13.729999542236328,1163900
2022-07-15,11.206052780151367,14.529999732971191,14.550000190734863,13.930000305175781,14.149999618530273,2127700
2022-07-18,11.3988618850708,14.779999732971191,15.34000015258789,14.670000076293945,14.699999809265137,1883100
2022-07-19,12.023563385009766,15.59000015258789,15.75,15.050000190734863,15.050000190734863,1853500
2022-07-20,12.440030097961426,16.1299991607666,16.18000030517578,15.5,15.59000015258789,2244900
2022-07-21,12.57114028930664,16.299999237060547,16.479999542236328,15.989999771118164,16.049999237060547,1597200
2022-07-22,12.262645721435547,15.899999618530273,16.299999237060547,15.649999618530273,16.229999542236328,1613900
2022-07-25,12.023563385009766,15.59000015258789,16.030000686645508,15.449999809265137,16.010000228881836,2299000
2022-07-26,12.632838249206543,16.3799991607666,16.520000457763672,15.149999618530273,15.489999771118164,3214400
2022-07-27,12.895057678222656,16.719999313354492,16.770000457763672,16.270000457763672,16.420000076293945,2759300
2022-07-28,12.995317459106445,16.850000381469727,16.969999313354492,16.420000076293945,16.690000534057617,1840400
2022-07-29,13.21126651763916,17.1299991607666,17.170000076293945,16.690000534057617,16.850000381469727,1679500
2022-08-01,13.24982738494873,17.18000030517578,17.360000610351562,16.93000030517578,16.93000030517578,1490500
2022-08-02,13.09557819366455,16.979999542236328,17.299999237060547,16.899999618530273,17.079999923706055,1259100
2022-08-03,13.48119831085205,17.479999542236328,17.540000915527344,17.06999969482422,17.110000610351562,1178300
2022-08-04,13.488911628723145,17.489999771118164,17.59000015258789,17.350000381469727,17.510000228881836,1272200
2022-08-05,13.542896270751953,17.559999465942383,17.639999389648438,17.15999984741211,17.260000228881836,1246600
2022-08-08,13.58917236328125,17.6200008392334,17.770000457763672,17.479999542236328,17.6200008392334,1295800
2022-08-09,13.55060863494873,17.56999969482422,17.579999923706055,17.40999984741211,17.5,1380500
2022-08-10,13.96707820892334,18.110000610351562,18.1200008392334,17.790000915527344,17.950000762939453,2114200
2022-08-11,14.221585273742676,18.440000534057617,18.68000030517578,18.200000762939453,18.290000915527344,1522200
2022-08-12,14.76145076751709,19.139999389648438,19.170000076293945,18.43000030517578,18.579999923706055,1621800
2022-08-15,14.73831558227539,19.110000610351562,19.329999923706055,18.8799991607666,18.969999313354492,1126500
2022-08-16,14.838577270507812,19.239999771118164,19.399999618530273,18.969999313354492,18.969999313354492,856500
2022-08-17,14.337270736694336,18.59000015258789,18.809999465942383,18.110000610351562,18.799999237060547,1607100
2022-08-18,14.645767211914062,18.989999771118164,19.09000015258789,18.459999084472656,18.56999969482422,1299600
2022-08-19,14.329559326171875,18.579999923706055,18.68000030517578,18.280000686645508,18.670000076293945,927800
2022-08-22,13.612309455871582,17.649999618530273,18.270000457763672,17.6200008392334,18.270000457763672,1615900
2022-08-23,13.62002182006836,17.65999984741211,17.90999984741211,17.649999618530273,17.649999618530273,1007700
2022-08-24,13.44263744354248,17.43000030517578,17.68000030517578,17.31999969482422,17.549999237060547,899800
2022-08-25,13.897665977478027,18.020000457763672,18.040000915527344,17.540000915527344,17.540000915527344,854200
2022-08-26,13.14185619354248,17.040000915527344,18.020000457763672,16.989999771118164,18.020000457763672,953100
2022-08-29,13.326953887939453,17.280000686645508,17.489999771118164,16.75,16.829999923706055,1286100
2022-08-30,12.987607955932617,16.84000015258789,17.350000381469727,16.770000457763672,17.270000457763672,982400
2022-08-31,12.817938804626465,16.6200008392334,16.8799991607666,16.559999465942383,16.860000610351562,1236200
2022-09-01,12.46316909790039,16.15999984741211,16.420000076293945,15.819999694824219,16.360000610351562,1507700
2022-09-02,12.177810668945312,15.789999961853027,16.59000015258789,15.729999542236328,16.489999771118164,1263100
2022-09-06,12.231797218322754,15.859999656677246,16.09000015258789,15.649999618530273,15.850000381469727,1430500
2022-09-07,12.33976936340332,16.0,16.0,15.539999961853027,15.699999809265137,1255200
2022-09-08,12.40918254852295,16.09000015258789,16.09000015258789,15.680000305175781,15.819999694824219,1120400
2022-09-09,12.632838249206543,16.3799991607666,16.450000762939453,16.200000762939453,16.219999313354492,1119200
2022-09-12,12.771660804748535,16.559999465942383,16.850000381469727,16.420000076293945,16.610000610351562,1336700
2022-09-13,12.370617866516113,16.040000915527344,16.25,15.90999984741211,16.06999969482422,1118700
2022-09-14,12.370617866516113,16.040000915527344,16.15999984741211,15.640000343322754,16.1200008392334,1435700
2022-09-15,12.200948715209961,15.819999694824219,16.25,15.710000038146973,15.970000267028809,1226600
2022-09-16,12.509442329406738,16.219999313354492,16.34000015258789,15.460000038146973,15.720000267028809,4873600
2022-09-19,12.548005104064941,16.270000457763672,16.34000015258789,16.040000915527344,16.06999969482422,1361300
2022-09-20,12.478591918945312,16.18000030517578,16.25,15.90999984741211,16.100000381469727,882100
2022-09-21,11.84617805480957,15.359999656677246,16.3799991607666,15.350000381469727,16.299999237060547,1904500
2022-09-22,11.691932678222656,15.15999984741211,15.420000076293945,15.130000114440918,15.399999618530273,1444500
2022-09-23,11.051807403564453,14.329999923706055,15.0,13.890000343322754,14.960000038146973,2126500
2022-09-26,10.67390251159668,13.84000015258789,14.550000190734863,13.75,14.15999984741211,1874200
2022-09-27,10.797298431396484,14.0,14.140000343322754,13.789999961853027,14.020000457763672,2222800
2022-09-28,11.182917594909668,14.5,14.569999694824219,13.880000114440918,13.949999809265137,1940800
2022-09-29,10.539408683776855,13.430000305175781,13.960000038146973,13.130000114440918,13.859999656677246,2421000
2022-09-30,10.264739036560059,13.079999923706055,13.680000305175781,13.0600004196167,13.430000305175781,2059300
2022-10-03,10.657123565673828,13.579999923706055,13.729999542236328,13.130000114440918,13.3100004196167,1595000
2022-10-04,11.504670143127441,14.65999984741211,14.670000076293945,13.739999771118164,13.760000228881836,1991900
2022-10-05,11.68516731262207,14.890000343322754,14.930000305175781,14.270000457763672,14.3100004196167,1653500
2022-10-06,11.536062240600586,14.699999809265137,14.979999542236328,14.609999656677246,14.760000228881836,1073100
2022-10-07,11.214306831359863,14.289999961853027,14.640000343322754,14.1899995803833,14.479999542236328,1120400
2022-10-10,11.025964736938477,14.050000190734863,14.479999542236328,13.779999732971191,14.34000015258789,896700
2022-10-11,10.664970397949219,13.59000015258789,14.020000457763672,13.529999732971191,13.90999984741211,1134800
2022-10-12,11.230001449584961,14.3100004196167,14.369999885559082,13.5600004196167,13.6899995803833,1613400
2022-10-13,11.787187576293945,15.020000457763672,15.039999961853027,13.880000114440918,14.079999923706055,1759200
2022-10-14,11.583148002624512,14.760000228881836,15.149999618530273,14.729999542236328,15.0600004196167,1406300
2022-10-17,11.55960464477539,14.729999542236328,15.100000381469727,14.65999984741211,14.920000076293945,2009900
2022-10-18,11.724405288696289,14.9399995803833,15.289999961853027,14.6899995803833,15.09000015258789,1298700
2022-10-19,11.991225242614746,15.279999732971191,15.3100004196167,14.75,14.779999732971191,1314200
2022-10-20,11.959833145141602,15.239999771118164,15.609999656677246,15.100000381469727,15.350000381469727,1043400
2022-10-21,12.60334300994873,16.059999465942383,16.110000610351562,15.029999732971191,15.199999809265137,1882900
2022-10-24,12.485627174377441,15.90999984741211,16.260000228881836,15.739999771118164,16.18000030517578,1986800
2022-10-25,10.73559856414795,13.680000305175781,13.729999542236328,11.800000190734863,13.619999885559082,10977600
2022-10-26,11.363412857055664,14.479999542236328,14.680000305175781,13.260000228881836,13.529999732971191,4439500
2022-10-27,11.512518882751465,14.670000076293945,14.989999771118164,14.40999984741211,14.550000190734863,2573400
2022-10-28,11.300630569458008,14.399999618530273,14.850000381469727,14.3100004196167,14.760000228881836,2110100
2022-10-31,11.481127738952637,14.630000114440918,14.710000038146973,14.130000114440918,14.270000457763672,1535600
2022-11-01,11.849966049194336,15.100000381469727,15.229999542236328,14.8100004196167,14.899999618530273,1449600
2022-11-02,11.536062240600586,14.699999809265137,15.369999885559082,14.680000305175781,14.970000267028809,1214300
2022-11-03,10.9396390914917,13.9399995803833,14.390000343322754,13.90999984741211,14.369999885559082,1842800
2022-11-04,11.190763473510742,14.260000228881836,14.640000343322754,13.930000305175781,14.279999732971191,2163400
2022-11-07,11.567453384399414,14.739999771118164,14.739999771118164,14.329999923706055,14.399999618530273,998300
2022-11-08,11.441888809204102,14.579999923706055,14.859999656677246,14.399999618530273,14.800000190734863,1189100
2022-11-09,11.112287521362305,14.15999984741211,14.470000267028809,14.100000381469727,14.399999618530273,1060600
2022-11-10,11.724405288696289,14.9399995803833,14.979999542236328,14.550000190734863,14.800000190734863,1396300
2022-11-11,12.108940124511719,15.430000305175781,15.800000190734863,15.010000228881836,15.079999923706055,1581200
2022-11-14,12.093244552612305,15.40999984741211,15.829999923706055,15.3100004196167,15.420000076293945,1726800
2022-11-15,12.360065460205078,15.75,16.020000457763672,15.550000190734863,15.649999618530273,1196700
2022-11-16,11.967681884765625,15.25,15.649999618530273,15.15999984741211,15.550000190734863,971300
2022-11-17,12.030463218688965,15.329999923706055,15.329999923706055,14.949999809265137,14.970000267028809,1248300
2022-11-18,12.01476764678955,15.3100004196167,15.649999618530273,15.229999542236328,15.649999618530273,932300
2022-11-21,11.951985359191895,15.229999542236328,15.289999961853027,14.989999771118164,15.170000076293945,861400
2022-11-22,12.11678695678711,15.4399995803833,15.529999732971191,15.199999809265137,15.279999732971191,963000
2022-11-23,12.360065460205078,15.75,15.930000305175781,15.319999694824219,15.399999618530273,1099600
2022-11-25,12.485627174377441,15.90999984741211,15.90999984741211,15.619999885559082,15.630000114440918,512000
2022-11-28,12.124635696411133,15.449999809265137,15.829999923706055,15.350000381469727,15.760000228881836,839400
2022-11-29,12.281588554382324,15.649999618530273,15.720000267028809,15.420000076293945,15.510000228881836,1110300
2022-11-30,12.79953384399414,16.309999465942383,16.34000015258789,15.1899995803833,15.59000015258789,2525400
2022-12-01,12.925095558166504,16.469999313354492,16.739999771118164,16.190000534057617,16.43000030517578,1610500
2022-12-02,13.082050323486328,16.670000076293945,16.729999542236328,16.170000076293945,16.170000076293945,1160600
2022-12-05,13.058505058288574,16.639999389648438,16.940000534057617,16.510000228881836,16.549999237060547,1513700
2022-12-06,12.030463218688965,15.329999923706055,16.670000076293945,15.050000190734863,16.670000076293945,1748700
2022-12-07,12.39930248260498,15.800000190734863,15.970000267028809,15.100000381469727,15.220000267028809,1507400
2022-12-08,12.52486801147461,15.960000038146973,16.43000030517578,15.850000381469727,15.979999542236328,1414200
2022-12-09,12.360065460205078,15.75,16.1200008392334,15.710000038146973,15.859999656677246,882200
2022-12-12,12.65827751159668,16.1299991607666,16.18000030517578,15.539999961853027,15.630000114440918,1307500
2022-12-13,12.972182273864746,16.530000686645508,16.93000030517578,16.389999389648438,16.6299991607666,2319000
2022-12-14,12.823078155517578,16.34000015258789,16.790000915527344,16.100000381469727,16.469999313354492,1705700
2022-12-15,12.156026840209961,15.489999771118164,16.0,15.460000038146973,15.949999809265137,1490800
2022-12-16,11.920594215393066,15.1899995803833,15.649999618530273,15.109999656677246,15.40999984741211,2363600
2022-12-19,11.073049545288086,14.109999656677246,15.260000228881836,13.979999542236328,15.25,2207700
2022-12-20,11.54390811920166,14.710000038146973,14.829999923706055,13.920000076293945,14.109999656677246,1974800
2022-12-21,11.653777122497559,14.850000381469727,14.960000038146973,14.729999542236328,14.90999984741211,1017500
2022-12-22,11.504670143127441,14.65999984741211,14.680000305175781,14.329999923706055,14.680000305175781,853700
2022-12-23,11.465433120727539,14.609999656677246,14.729999542236328,14.489999771118164,14.59000015258789,725600
2022-12-27,11.536062240600586,14.699999809265137,14.75,14.420000076293945,14.710000038146973,620900
2022-12-28,11.277088165283203,14.369999885559082,14.75,14.329999923706055,14.6899995803833,1185700
2022-12-29,11.572592735290527,14.489999771118164,14.710000038146973,14.140000343322754,14.25,869900
2022-12-30,11.660446166992188,14.600000381469727,14.710000038146973,14.199999809265137,14.350000381469727,1603500
2023-01-03,12.051788330078125,15.09000015258789,15.289999961853027,14.710000038146973,14.760000228881836,1482600
2023-01-04,12.363265991210938,15.479999542236328,15.720000267028809,15.279999732971191,15.34000015258789,1378300
2023-01-05,12.570916175842285,15.739999771118164,15.800000190734863,15.079999923706055,15.460000038146973,1222900
2023-01-06,13.1060209274292,16.40999984741211,16.600000381469727,15.859999656677246,16.030000686645508,1236400
2023-01-09,12.962262153625488,16.229999542236328,16.579999923706055,16.18000030517578,16.389999389648438,1324000
2023-01-10,13.145951271057129,16.459999084472656,16.469999313354492,16.040000915527344,16.229999542236328,963000
2023-01-11,13.257766723632812,16.600000381469727,16.75,16.420000076293945,16.549999237060547,1265400
2023-01-12,13.209847450256348,16.540000915527344,16.799999237060547,16.299999237060547,16.770000457763672,1221900
2023-01-13,13.361591339111328,16.729999542236328,16.770000457763672,16.34000015258789,16.350000381469727,762800
2023-01-17,13.233806610107422,16.56999969482422,16.8700008392334,16.549999237060547,16.780000686645508,1176500
2023-01-18,13.409512519836426,16.790000915527344,16.979999542236328,16.40999984741211,16.639999389648438,1323100
2023-01-19,13.209847450256348,16.540000915527344,16.81999969482422,16.40999984741211,16.690000534057617,1490800
2023-01-20,13.585219383239746,17.010000228881836,17.020000457763672,16.420000076293945,16.649999618530273,1575900
2023-01-23,13.617164611816406,17.049999237060547,17.360000610351562,17.040000915527344,17.15999984741211,2403200
2023-01-24,13.800857543945312,17.280000686645508,17.579999923706055,16.989999771118164,17.049999237060547,1897300
2023-01-25,13.912667274475098,17.420000076293945,17.559999465942383,16.950000762939453,17.100000381469727,1774800
2023-01-26,13.713004112243652,17.170000076293945,18.0,15.779999732971191,17.93000030517578,4937200
2023-01-27,13.433470726013184,16.81999969482422,17.1299991607666,16.6299991607666,16.93000030517578,2267900
2023-01-30,12.914342880249023,16.170000076293945,16.739999771118164,15.989999771118164,16.600000381469727,2157700
2023-01-31,13.082060813903809,16.3799991607666,16.43000030517578,16.06999969482422,16.15999984741211,2212600
2023-02-01,13.33763313293457,16.700000762939453,16.90999984741211,16.270000457763672,16.299999237060547,1419300
2023-02-02,13.489378929138184,16.889999389648438,17.059999465942383,16.65999984741211,16.860000610351562,1407400
2023-02-03,13.545284271240234,16.959999084472656,17.09000015258789,16.6200008392334,16.719999313354492,2155000
2023-02-06,13.369577407836914,16.739999771118164,16.81999969482422,16.549999237060547,16.760000228881836,1067700
2023-02-07,13.401525497436523,16.780000686645508,16.829999923706055,16.40999984741211,16.700000762939453,1252800
2023-02-08,13.33763313293457,16.700000762939453,16.829999923706055,16.579999923706055,16.65999984741211,911600
2023-02-09,13.129980087280273,16.440000534057617,16.8799991607666,16.350000381469727,16.719999313354492,820100
2023-02-10,13.305685043334961,16.65999984741211,16.700000762939453,16.299999237060547,16.360000610351562,1179900
2023-02-13,13.46541976928711,16.860000610351562,16.93000030517578,16.489999771118164,16.56999969482422,763500
2023-02-14,13.417497634887695,16.799999237060547,16.889999389648438,16.59000015258789,16.780000686645508,753700
2023-02-15,13.665082931518555,17.110000610351562,17.200000762939453,16.639999389648438,16.670000076293945,1008600
2023-02-16,13.34561824798584,16.709999084472656,17.0,16.65999984741211,16.90999984741211,1402900
2023-02-17,13.393538475036621,16.770000457763672,16.829999923706055,16.600000381469727,16.75,1630900
2023-02-21,12.962262153625488,16.229999542236328,16.6200008392334,16.209999084472656,16.5,928400
2023-02-22,12.978235244750977,16.25,16.399999618530273,16.1200008392334,16.270000457763672,782100
2023-02-23,13.265754699707031,16.610000610351562,16.700000762939453,16.270000457763672,16.40999984741211,864400
2023-02-24,13.002197265625,16.280000686645508,16.3700008392334,16.170000076293945,16.350000381469727,774600
2023-02-27,13.042126655578613,16.329999923706055,16.540000915527344,16.290000915527344,16.469999313354492,827300
2023-02-28,13.169915199279785,16.489999771118164,16.700000762939453,16.309999465942383,16.350000381469727,1383200
2023-03-01,13.241793632507324,16.579999923706055,16.670000076293945,16.389999389648438,16.459999084472656,1033000
2023-03-02,13.249778747558594,16.59000015258789,16.6299991607666,16.31999969482422,16.450000762939453,544000
2023-03-03,13.441459655761719,16.829999923706055,16.950000762939453,16.6299991607666,16.709999084472656,1226800
2023-03-06,13.34561824798584,16.709999084472656,17.06999969482422,16.639999389648438,16.920000076293945,811700
2023-03-07,13.137967109680176,16.450000762939453,16.780000686645508,16.350000381469727,16.780000686645508,843400
2023-03-08,13.098033905029297,16.399999618530273,16.520000457763672,16.290000915527344,16.479999542236328,762700
2023-03-09,12.858438491821289,16.100000381469727,16.530000686645508,16.049999237060547,16.440000534057617,809200
2023-03-10,12.443132400512695,15.579999923706055,16.049999237060547,15.420000076293945,16.049999237060547,1307200
2023-03-13,11.947962760925293,14.960000038146973,15.390000343322754,14.8100004196167,15.289999961853027,2041300
2023-03-14,12.091721534729004,15.140000343322754,15.569999694824219,14.979999542236328,15.380000114440918,1220300
2023-03-15,11.97990894317627,15.0,15.069999694824219,14.640000343322754,14.760000228881836,1633300
2023-03-16,12.139640808105469,15.199999809265137,15.350000381469727,14.59000015258789,14.800000190734863,1330100
2023-03-17,11.67641830444336,14.619999885559082,15.09000015258789,14.5600004196167,15.09000015258789,1895900
2023-03-20,11.860111236572266,14.850000381469727,15.09000015258789,14.670000076293945,14.829999923706055,1323200
2023-03-21,12.219507217407227,15.300000190734863,15.420000076293945,15.09000015258789,15.130000114440918,1019100
2023-03-22,11.860111236572266,14.850000381469727,15.399999618530273,14.84000015258789,15.300000190734863,928000
2023-03-23,11.628499984741211,14.5600004196167,15.229999542236328,14.399999618530273,14.920000076293945,1345500
2023-03-24,11.684404373168945,14.630000114440918,14.65999984741211,14.229999542236328,14.40999984741211,1225100
2023-03-27,11.987895965576172,15.010000228881836,15.15999984741211,14.75,14.819999694824219,1473600
2023-03-28,11.700377464294434,14.649999618530273,14.930000305175781,14.470000267028809,14.930000305175781,1323800
2023-03-29,11.892058372497559,14.890000343322754,14.930000305175781,14.710000038146973,14.880000114440918,1341400
2023-03-30,12.054518699645996,14.84000015258789,14.960000038146973,14.65999984741211,14.850000381469727,1386800
2023-03-31,12.50940227508545,15.399999618530273,15.449999809265137,14.819999694824219,14.899999618530273,1383400
2023-04-03,12.257590293884277,15.09000015258789,15.550000190734863,15.0600004196167,15.300000190734863,1717100
2023-04-04,11.892059326171875,14.640000343322754,15.180000305175781,14.199999809265137,15.15999984741211,2302700
2023-04-05,11.680858612060547,14.380000114440918,14.600000381469727,14.34000015258789,14.510000228881836,1607800
2023-04-06,11.688981056213379,14.390000343322754,14.539999961853027,14.229999542236328,14.430000305175781,1101300
2023-04-10,11.98141098022461,14.75,14.75,14.420000076293945,14.420000076293945,1186200
2023-04-11,12.078885078430176,14.869999885559082,15.010000228881836,14.699999809265137,14.8100004196167,1202400
2023-04-12,11.835196495056152,14.569999694824219,15.069999694824219,14.5,15.069999694824219,1123200
2023-04-13,11.900178909301758,14.649999618530273,14.680000305175781,14.489999771118164,14.550000190734863,960500
2023-04-14,11.786458015441895,14.510000228881836,14.789999961853027,14.40999984741211,14.600000381469727,861200
2023-04-17,11.98141098022461,14.75,14.75,14.430000305175781,14.510000228881836,821000
2023-04-18,11.965165138244629,14.729999542236328,14.899999618530273,14.609999656677246,14.800000190734863,1004300
2023-04-19,11.583382606506348,14.260000228881836,14.510000228881836,14.09000015258789,14.510000228881836,1702800
2023-04-20,11.323448181152344,13.9399995803833,14.25,13.859999656677246,14.119999885559082,1133500
2023-04-21,11.177233695983887,13.760000228881836,13.960000038146973,13.670000076293945,13.920000076293945,2345900
2023-04-24,11.039142608642578,13.59000015258789,13.760000228881836,13.380000114440918,13.710000038146973,2254500
2023-04-25,12.550019264221191,15.449999809265137,15.640000343322754,14.329999923706055,14.470000267028809,5805000
2023-04-26,12.493158340454102,15.380000114440918,15.850000381469727,15.229999542236328,15.5600004196167,3094000
2023-04-27,12.736847877502441,15.680000305175781,15.800000190734863,15.079999923706055,15.5,2284300
2023-04-28,12.728723526000977,15.670000076293945,16.0,15.600000381469727,15.739999771118164,2056900
2023-05-01,12.501280784606934,15.390000343322754,15.920000076293945,15.260000228881836,15.670000076293945,1865900
2023-05-02,12.355067253112793,15.210000038146973,15.460000038146973,15.119999885559082,15.460000038146973,1725600
2023-05-03,11.989532470703125,14.760000228881836,15.3100004196167,14.680000305175781,15.300000190734863,2469400
2023-05-04,11.242218971252441,13.84000015258789,14.649999618530273,13.630000114440918,14.649999618530273,3462700
2023-05-05,11.502153396606445,14.15999984741211,14.329999923706055,14.0,14.109999656677246,2129800
2023-05-08,11.965165138244629,14.729999542236328,14.770000457763672,14.050000190734863,14.15999984741211,1882600
2023-05-09,12.005777359008789,14.779999732971191,14.819999694824219,14.4399995803833,14.640000343322754,1344400
2023-05-10,11.615875244140625,14.300000190734863,14.90999984741211,14.020000457763672,14.899999618530273,1533800
2023-05-11,11.404678344726562,14.039999961853027,14.279999732971191,13.90999984741211,14.140000343322754,1317300
2023-05-12,11.49402904510498,14.149999618530273,14.199999809265137,13.899999618530273,14.109999656677246,820800
2023-05-15,11.713351249694824,14.420000076293945,14.609999656677246,14.1899995803833,14.229999542236328,1037100
2023-05-16,11.453415870666504,14.100000381469727,14.430000305175781,14.0600004196167,14.3100004196167,1031900
2023-05-17,11.843317985534668,14.579999923706055,14.640000343322754,14.210000038146973,14.25,1175100
2023-05-18,11.875810623168945,14.619999885559082,14.720000267028809,14.460000038146973,14.579999923706055,845000
2023-05-19,11.810827255249023,14.539999961853027,14.899999618530273,14.479999542236328,14.779999732971191,1203300
2023-05-22,11.908303260803223,14.65999984741211,14.75,14.399999618530273,14.579999923706055,915300
2023-05-23,11.965165138244629,14.729999542236328,15.119999885559082,14.630000114440918,14.630000114440918,1218300
2023-05-24,11.62399959564209,14.3100004196167,14.619999885559082,14.199999809265137,14.609999656677246,1243400
2023-05-25,11.315325736999512,13.930000305175781,14.300000190734863,13.170000076293945,14.25,4744400
2023-05-26,11.737719535827637,14.449999809265137,14.5,13.770000457763672,13.970000267028809,1861600
2023-05-30,11.453415870666504,14.100000381469727,14.699999809265137,14.0600004196167,14.539999961853027,1197200
2023-05-31,11.429047584533691,14.069999694824219,14.15999984741211,13.789999961853027,13.949999809265137,2981200
2023-06-01,11.412800788879395,14.050000190734863,14.279999732971191,14.0,14.100000381469727,1372700
2023-06-02,12.005777359008789,14.779999732971191,14.800000190734863,14.25,14.270000457763672,1598000
2023-06-05,11.567136764526367,14.239999771118164,14.739999771118164,14.229999542236328,14.739999771118164,1064900
2023-06-06,11.827072143554688,14.5600004196167,14.640000343322754,14.140000343322754,14.210000038146973,921700
2023-06-07,12.493158340454102,15.380000114440918,15.4399995803833,14.569999694824219,14.630000114440918,1750000
2023-06-08,12.306330680847168,15.149999618530273,15.4399995803833,15.050000190734863,15.4399995803833,1168500
2023-06-09,12.257590293884277,15.09000015258789,15.380000114440918,14.989999771118164,15.15999984741211,821100
2023-06-12,12.379436492919922,15.239999771118164,15.380000114440918,15.010000228881836,15.09000015258789,1199800
2023-06-13,12.83432388305664,15.800000190734863,15.890000343322754,15.300000190734863,15.390000343322754,1629000
2023-06-14,12.696232795715332,15.630000114440918,16.020000457763672,15.600000381469727,15.770000457763672,1824100
2023-06-15,12.468791007995605,15.350000381469727,15.75,15.329999923706055,15.609999656677246,2671600
2023-06-16,12.176361083984375,14.989999771118164,15.300000190734863,14.550000190734863,15.25,3753100
2023-06-20,11.762088775634766,14.479999542236328,15.1899995803833,14.350000381469727,15.1899995803833,1978100
2023-06-21,11.786458015441895,14.510000228881836,14.75,14.390000343322754,14.470000267028809,1639400
2023-06-22,11.8514404296875,14.59000015258789,14.710000038146973,14.3100004196167,14.4399995803833,1762800
2023-06-23,11.526521682739258,14.1899995803833,14.529999732971191,14.029999732971191,14.380000114440918,2912400
2023-06-26,11.591506958007812,14.270000457763672,14.5,14.229999542236328,14.270000457763672,971400
2023-06-27,11.745844841003418,14.460000038146973,14.5600004196167,14.210000038146973,14.270000457763672,1883900
2023-06-28,11.591506958007812,14.270000457763672,14.420000076293945,14.149999618530273,14.420000076293945,2075500
2023-06-29,12.277737617492676,14.850000381469727,14.859999656677246,14.050000190734863,14.09000015258789,1877400
2023-06-30,12.310808181762695,14.890000343322754,15.119999885559082,14.789999961853027,15.029999732971191,1420800
2023-07-03,12.434826850891113,15.039999961853027,15.050000190734863,14.829999923706055,14.84000015258789,424000
2023-07-05,12.195059776306152,14.75,14.949999809265137,14.569999694824219,14.84000015258789,1328200
2023-07-06,12.112380027770996,14.649999618530273,14.739999771118164,14.390000343322754,14.569999694824219,1043300
2023-07-07,12.484431266784668,15.100000381469727,15.1899995803833,14.710000038146973,14.720000267028809,1846900
2023-07-10,12.782074928283691,15.460000038146973,15.670000076293945,15.0,15.029999732971191,2022300
2023-07-11,13.286413192749023,16.06999969482422,16.139999389648438,15.470000267028809,15.699999809265137,1727700
2023-07-12,13.286413192749023,16.06999969482422,16.399999618530273,15.9399995803833,16.31999969482422,1772200
2023-07-13,13.302949905395508,16.09000015258789,16.309999465942383,16.079999923706055,16.170000076293945,1367600
2023-07-14,12.914361953735352,15.619999885559082,16.079999923706055,15.399999618530273,16.049999237060547,1003400
2023-07-17,12.997038841247559,15.720000267028809,15.779999732971191,15.430000305175781,15.630000114440918,756200
2023-07-18,13.145859718322754,15.899999618530273,16.0,15.619999885559082,15.65999984741211,1156600
2023-07-19,13.03837776184082,15.770000457763672,16.049999237060547,15.729999542236328,16.030000686645508,1550400
2023-07-20,12.831683158874512,15.520000457763672,15.789999961853027,15.449999809265137,15.770000457763672,1139200
2023-07-21,12.732466697692871,15.399999618530273,15.680000305175781,15.34000015258789,15.619999885559082,1098800
2023-07-24,12.815145492553711,15.5,15.819999694824219,15.390000343322754,15.430000305175781,1700400
2023-07-25,13.526182174682617,16.360000610351562,17.18000030517578,15.520000457763672,15.579999923706055,4401600
2023-07-26,13.881696701049805,16.790000915527344,16.829999923706055,16.280000686645508,16.360000610351562,2096700
2023-07-27,13.344286918640137,16.139999389648438,16.969999313354492,16.020000457763672,16.940000534057617,1483600
2023-07-28,13.162396430969238,15.920000076293945,16.3700008392334,15.859999656677246,16.299999237060547,1295500
2023-07-31,13.212000846862793,15.979999542236328,16.270000457763672,15.800000190734863,15.979999542236328,1600100
2023-08-01,12.963967323303223,15.680000305175781,16.09000015258789,15.569999694824219,15.859999656677246,1036900
2023-08-02,13.03837776184082,15.770000457763672,15.890000343322754,15.460000038146973,15.529999732971191,1127200
2023-08-03,12.848217010498047,15.539999961853027,15.819999694824219,15.449999809265137,15.770000457763672,1294100
2023-08-04,12.8812894821167,15.579999923706055,15.829999923706055,15.399999618530273,15.539999961853027,1119700
2023-08-07,12.823412895202637,15.510000228881836,15.84000015258789,15.40999984741211,15.720000267028809,856600
2023-08-08,12.972235679626465,15.6899995803833,15.75,15.220000267028809,15.34000015258789,1072200
2023-08-09,12.839948654174805,15.529999732971191,15.710000038146973,15.390000343322754,15.640000343322754,1249100
2023-08-10,12.831683158874512,15.520000457763672,15.819999694824219,15.420000076293945,15.630000114440918,733500
2023-08-11,12.782074928283691,15.460000038146973,15.550000190734863,15.350000381469727,15.449999809265137,1056700
2023-08-14,12.62498664855957,15.270000457763672,15.430000305175781,15.140000343322754,15.380000114440918,814000
2023-08-15,12.509235382080078,15.130000114440918,15.25,15.069999694824219,15.109999656677246,885200
2023-08-16,12.228129386901855,14.789999961853027,15.180000305175781,14.770000457763672,15.029999732971191,940700
2023-08-17,12.509235382080078,15.130000114440918,15.170000076293945,14.84000015258789,14.890000343322754,1135200
2023-08-18,12.54230785369873,15.170000076293945,15.279999732971191,14.949999809265137,14.960000038146973,1119100
2023-08-21,12.749003410339355,15.420000076293945,15.449999809265137,15.180000305175781,15.180000305175781,1042500
2023-08-22,12.74073600769043,15.40999984741211,15.710000038146973,15.369999885559082,15.569999694824219,1363400
2023-08-23,12.848217010498047,15.539999961853027,15.649999618530273,15.329999923706055,15.399999618530273,1060300
2023-08-24,12.79861068725586,15.479999542236328,15.720000267028809,15.40999984741211,15.470000267028809,962900
2023-08-25,12.848217010498047,15.539999961853027,15.640000343322754,15.300000190734863,15.529999732971191,1016300
2023-08-28,13.154128074645996,15.90999984741211,15.949999809265137,15.630000114440918,15.630000114440918,995200
2023-08-29,13.228538513183594,16.0,16.06999969482422,15.8100004196167,15.90999984741211,1044000
2023-08-30,13.112788200378418,15.859999656677246,15.979999542236328,15.630000114440918,15.84000015258789,1620200
2023-08-31,13.137591361999512,15.890000343322754,16.170000076293945,15.869999885559082,15.890000343322754,1629500
2023-09-01,13.625394821166992,16.479999542236328,16.56999969482422,16.049999237060547,16.049999237060547,1314500
2023-09-05,14.005714416503906,16.940000534057617,17.389999389648438,16.43000030517578,16.540000915527344,3273700
2023-09-06,14.022249221801758,16.959999084472656,16.989999771118164,16.75,16.899999618530273,1515800
2023-09-07,13.790752410888672,16.68000030517578,16.950000762939453,16.6200008392334,16.81999969482422,1514900
2023-09-08,13.832090377807617,16.729999542236328,16.959999084472656,16.649999618530273,16.690000534057617,1313200
2023-09-11,13.914769172668457,16.829999923706055,17.200000762939453,16.799999237060547,16.889999389648438,1544700
2023-09-12,13.410430908203125,16.219999313354492,16.8700008392334,16.200000762939453,16.780000686645508,1504200
2023-09-13,12.922628402709961,15.630000114440918,16.389999389648438,15.510000228881836,16.299999237060547,1995400
2023-09-14,13.278144836425781,16.059999465942383,16.079999923706055,15.710000038146973,15.729999542236328,1424100
2023-09-15,13.278144836425781,16.059999465942383,16.290000915527344,15.899999618530273,15.989999771118164,21899800
2023-09-18,13.04664421081543,15.779999732971191,16.040000915527344,15.420000076293945,16.010000228881836,1645500
2023-09-19,13.294679641723633,16.079999923706055,16.229999542236328,15.850000381469727,15.850000381469727,1164800
2023-09-20,13.410430908203125,16.219999313354492,16.540000915527344,16.170000076293945,16.190000534057617,1170200
2023-09-21,13.509644508361816,16.34000015258789,16.530000686645508,16.15999984741211,16.200000762939453,1725300
2023-09-22,13.302949905395508,16.09000015258789,16.420000076293945,16.049999237060547,16.309999465942383,963800
2023-09-25,13.137591361999512,15.890000343322754,16.170000076293945,15.869999885559082,16.0,891300
2023-09-26,13.129323959350586,15.880000114440918,16.010000228881836,15.75,15.850000381469727,1390800
2023-09-27,13.096253395080566,15.84000015258789,16.110000610351562,15.779999732971191,16.049999237060547,985600
2023-09-28,13.449070930480957,16.010000228881836,16.200000762939453,15.319999694824219,15.670000076293945,2818600
2023-09-29,13.180256843566895,15.6899995803833,16.239999771118164,15.680000305175781,16.010000228881836,1797900
2023-10-02,13.029047966003418,15.510000228881836,15.779999732971191,15.479999542236328,15.65999984741211,2250600
2023-10-03,12.79383659362793,15.229999542236328,15.670000076293945,15.210000038146973,15.399999618530273,1700300
2023-10-04,12.961846351623535,15.430000305175781,15.609999656677246,15.130000114440918,15.220000267028809,1362800
2023-10-05,12.869441032409668,15.319999694824219,15.489999771118164,15.149999618530273,15.1899995803833,1558400
2023-10-06,12.667831420898438,15.079999923706055,15.420000076293945,15.050000190734863,15.270000457763672,1954000
2023-10-09,12.709833145141602,15.130000114440918,15.270000457763672,14.829999923706055,14.979999542236328,1136900
2023-10-10,12.592227935791016,14.989999771118164,15.300000190734863,14.949999809265137,15.020000457763672,1682100
2023-10-11,12.600628852844238,15.0,15.109999656677246,14.920000076293945,14.989999771118164,1434200
2023-10-12,12.15540599822998,14.470000267028809,14.960000038146973,14.40999984741211,14.949999809265137,1298400
2023-10-13,12.020999908447266,14.3100004196167,14.619999885559082,14.199999809265137,14.449999809265137,1562100
2023-10-16,12.113404273986816,14.420000076293945,14.609999656677246,14.329999923706055,14.420000076293945,1844000
2023-10-17,12.247810363769531,14.579999923706055,14.65999984741211,14.239999771118164,14.239999771118164,1538500
2023-10-18,12.037799835205078,14.329999923706055,14.529999732971191,14.260000228881836,14.380000114440918,890400
2023-10-19,11.777387619018555,14.020000457763672,14.430000305175781,14.0,14.300000190734863,1588400
2023-10-20,11.542174339294434,13.739999771118164,14.149999618530273,13.739999771118164,14.0600004196167,1413700
2023-10-23,11.323763847351074,13.479999542236328,13.84000015258789,13.479999542236328,13.75,1960900
2023-10-24,10.550926208496094,12.5600004196167,13.899999618530273,12.130000114440918,13.829999923706055,6121700
2023-10-25,10.164507865905762,12.100000381469727,13.069999694824219,12.0600004196167,12.619999885559082,3177100
2023-10-26,10.282113075256348,12.239999771118164,12.529999732971191,12.100000381469727,12.100000381469727,2723300
2023-10-27,10.240110397338867,12.1899995803833,12.350000381469727,12.140000343322754,12.300000190734863,1836000
2023-10-30,10.307313919067383,12.270000457763672,12.470000267028809,12.170000076293945,12.289999961853027,1668100
2023-10-31,10.786138534545898,12.84000015258789,12.949999809265137,12.25,12.270000457763672,2741400
2023-11-01,10.987746238708496,13.079999923706055,13.149999618530273,12.8100004196167,12.869999885559082,2350500
2023-11-02,11.33216381072998,13.489999771118164,13.510000228881836,13.199999809265137,13.199999809265137,2619700
2023-11-03,11.752185821533203,13.989999771118164,14.0600004196167,13.710000038146973,13.710000038146973,2305900
2023-11-06,11.508573532104492,13.699999809265137,14.100000381469727,13.59000015258789,14.050000190734863,1563700
2023-11-07,11.323763847351074,13.479999542236328,13.649999618530273,13.380000114440918,13.609999656677246,1573100
2023-11-08,11.172558784484863,13.300000190734863,13.520000457763672,13.1899995803833,13.520000457763672,1746100
2023-11-09,10.996148109436035,13.09000015258789,13.369999885559082,13.029999732971191,13.369999885559082,1247500
2023-11-10,11.222960472106934,13.359999656677246,13.399999618530273,13.050000190734863,13.140000343322754,1100300
2023-11-13,11.113752365112305,13.229999542236328,13.329999923706055,13.149999618530273,13.300000190734863,1594700
2023-11-14,11.567378044128418,13.770000457763672,13.819999694824219,13.59000015258789,13.699999809265137,1688800
2023-11-15,11.567378044128418,13.770000457763672,14.069999694824219,13.609999656677246,13.760000228881836,2079700
2023-11-16,11.407768249511719,13.579999923706055,13.760000228881836,13.470000267028809,13.739999771118164,1021100
2023-11-17,11.567378044128418,13.770000457763672,13.789999961853027,13.600000381469727,13.75,1844600
2023-11-20,11.441370010375977,13.619999885559082,13.75,13.5600004196167,13.75,1261900
2023-11-21,11.390969276428223,13.5600004196167,13.640000343322754,13.40999984741211,13.5600004196167,1054000
2023-11-22,11.449769973754883,13.630000114440918,13.869999885559082,13.510000228881836,13.720000267028809,1477900
2023-11-24,11.617779731750488,13.829999923706055,13.859999656677246,13.609999656677246,13.710000038146973,586500
2023-11-27,11.516975402832031,13.710000038146973,13.800000190734863,13.5600004196167,13.720000267028809,1105800
2023-11-28,11.533774375915527,13.729999542236328,13.739999771118164,13.5600004196167,13.670000076293945,1206800
2023-11-29,11.794188499450684,14.039999961853027,14.149999618530273,13.859999656677246,13.890000343322754,1643100
2023-11-30,11.752185821533203,13.989999771118164,14.109999656677246,13.90999984741211,14.050000190734863,1499400
2023-12-01,11.903392791748047,14.170000076293945,14.220000267028809,13.59000015258789,13.9399995803833,1770900
2023-12-04,11.768986701965332,14.010000228881836,14.199999809265137,13.920000076293945,14.069999694824219,1956800
2023-12-05,11.819389343261719,14.069999694824219,14.100000381469727,13.770000457763672,13.970000267028809,1594800
2023-12-06,11.836189270019531,14.09000015258789,14.300000190734863,13.989999771118164,14.229999542236328,1709300
2023-12-07,12.2730131149292,14.609999656677246,14.6899995803833,14.1899995803833,14.199999809265137,2343300
2023-12-08,12.63422966003418,15.039999961853027,15.069999694824219,14.520000457763672,14.569999694824219,2229400
2023-12-11,12.743435859680176,15.170000076293945,15.40999984741211,15.0600004196167,15.0600004196167,2403300
2023-12-12,13.19705867767334,15.710000038146973,15.819999694824219,15.109999656677246,15.140000343322754,3418700
2023-12-13,14.037100791931152,16.709999084472656,16.719999313354492,15.569999694824219,15.579999923706055,3119100
2023-12-14,14.767935752868652,17.579999923706055,17.8700008392334,16.940000534057617,16.959999084472656,4605800
2023-12-15,15.364368438720703,18.290000915527344,18.360000610351562,17.399999618530273,17.56999969482422,16927700
2023-12-18,15.1543550491333,18.040000915527344,18.610000610351562,17.850000381469727,18.290000915527344,4133100
2023-12-19,15.515570640563965,18.469999313354492,18.68000030517578,18.079999923706055,18.079999923706055,3465900
2023-12-20,15.364368438720703,18.290000915527344,18.6299991607666,18.260000228881836,18.479999542236328,2143700
2023-12-21,15.767584800720215,18.770000457763672,18.770000457763672,18.329999923706055,18.510000228881836,1602400
2023-12-22,15.708786964416504,18.700000762939453,18.899999618530273,18.559999465942383,18.84000015258789,1223100
2023-12-26,15.801187515258789,18.809999465942383,18.950000762939453,18.610000610351562,18.709999084472656,1154500
2023-12-27,15.910392761230469,18.940000534057617,19.0,18.81999969482422,18.90999984741211,1099000
2023-12-28,15.816752433776855,18.579999923706055,18.68000030517578,18.520000457763672,18.610000610351562,1152200
2023-12-29,15.603936195373535,18.329999923706055,18.610000610351562,18.1299991607666,18.610000610351562,1692400
2024-01-02,15.348551750183105,18.030000686645508,18.200000762939453,17.8799991607666,18.149999618530273,2006800
2024-01-03,13.48425006866455,15.84000015258789,17.690000534057617,15.6899995803833,17.690000534057617,4622000
2024-01-04,14.105683326721191,16.56999969482422,16.639999389648438,15.850000381469727,15.960000038146973,2422300
2024-01-05,13.892861366271973,16.31999969482422,16.780000686645508,16.260000228881836,16.40999984741211,1793000
2024-01-08,14.12270736694336,16.59000015258789,16.860000610351562,16.299999237060547,16.31999969482422,1758100
2024-01-09,13.833273887634277,16.25,16.59000015258789,16.229999542236328,16.309999465942383,1539700
2024-01-10,13.81624698638916,16.229999542236328,16.299999237060547,15.949999809265137,16.170000076293945,1850800
2024-01-11,13.68004322052002,16.06999969482422,16.1299991607666,15.65999984741211,16.1299991607666,1631900
2024-01-12,13.671529769897461,16.059999465942383,16.299999237060547,15.90999984741211,16.190000534057617,1541500
2024-01-16,13.705583572387695,16.100000381469727,16.229999542236328,15.710000038146973,15.90999984741211,1500000
2024-01-17,13.296968460083008,15.619999885559082,15.880000114440918,15.5,15.8100004196167,1651500
2024-01-18,13.48425006866455,15.84000015258789,15.859999656677246,15.550000190734863,15.739999771118164,1381900
2024-01-19,13.697071075439453,16.09000015258789,16.15999984741211,15.720000267028809,15.949999809265137,1424500
2024-01-22,14.156758308410645,16.6299991607666,16.760000228881836,16.18000030517578,16.190000534057617,2809500
2024-01-23,14.16527271270752,16.639999389648438,16.889999389648438,16.520000457763672,16.700000762939453,3286300
2024-01-24,13.995017051696777,16.440000534057617,16.8799991607666,16.420000076293945,16.790000915527344,2246300
2024-01-25,15.450701713562012,18.149999618530273,18.829999923706055,15.319999694824219,15.350000381469727,8771400
2024-01-26,16.216854095458984,19.049999237060547,19.139999389648438,18.15999984741211,18.170000076293945,4738700
2024-01-29,16.693567276000977,19.610000610351562,19.6200008392334,18.809999465942383,19.1200008392334,2544700
2024-01-30,16.216854095458984,19.049999237060547,19.780000686645508,18.93000030517578,19.600000381469727,2320900
2024-01-31,15.714598655700684,18.459999084472656,19.25,18.40999984741211,18.969999313354492,1738000
2024-02-01,15.782700538635254,18.540000915527344,18.700000762939453,18.280000686645508,18.579999923706055,1409100
2024-02-02,15.535829544067383,18.25,18.389999389648438,17.829999923706055,18.280000686645508,1432800
2024-02-05,15.144245147705078,17.790000915527344,18.049999237060547,17.68000030517578,17.969999313354492,1119100
2024-02-06,15.731623649597168,18.479999542236328,18.65999984741211,17.799999237060547,17.799999237060547,1566500
2024-02-07,15.305984497070312,17.979999542236328,18.5,17.889999389648438,18.469999313354492,1259900
2024-02-08,15.731623649597168,18.479999542236328,18.520000457763672,17.68000030517578,17.93000030517578,2016700
2024-02-09,15.731623649597168,18.479999542236328,18.6200008392334,18.229999542236328,18.5,1257800
2024-02-12,15.961469650268555,18.75,18.81999969482422,18.489999771118164,18.489999771118164,1474800
2024-02-13,15.323010444641113,18.0,18.34000015258789,17.81999969482422,18.25,1524600
2024-02-14,15.552857398986816,18.270000457763672,18.389999389648438,17.950000762939453,18.299999237060547,1090000
2024-02-15,16.089162826538086,18.899999618530273,18.920000076293945,18.40999984741211,18.40999984741211,1228700
2024-02-16,15.82526683807373,18.59000015258789,18.829999923706055,18.520000457763672,18.809999465942383,997500
2024-02-20,16.01254653930664,18.809999465942383,18.81999969482422,18.270000457763672,18.329999923706055,1202100
2024-02-21,15.842289924621582,18.610000610351562,18.729999542236328,18.399999618530273,18.59000015258789,1136300
2024-02-22,15.935931205749512,18.719999313354492,19.030000686645508,18.559999465942383,18.68000030517578,1405500
2024-02-23,15.731623649597168,18.479999542236328,18.760000228881836,18.420000076293945,18.719999313354492,1249200
2024-02-26,16.021059036254883,18.81999969482422,18.989999771118164,18.420000076293945,18.420000076293945,1240000
2024-02-27,16.004032135009766,18.799999237060547,19.030000686645508,18.520000457763672,18.899999618530273,1285200
2024-02-28,15.969982147216797,18.760000228881836,19.030000686645508,18.6200008392334,18.68000030517578,1293900
2024-02-29,15.876341819763184,18.649999618530273,19.010000228881836,18.510000228881836,19.0,2053700
2024-03-01,16.421157836914062,19.290000915527344,19.34000015258789,18.610000610351562,18.780000686645508,1440500
2024-03-04,16.225364685058594,19.059999465942383,19.479999542236328,18.979999542236328,19.239999771118164,1322000
2024-03-05,15.99552059173584,18.790000915527344,19.110000610351562,18.670000076293945,18.899999618530273,1290400
2024-03-06,14.190808296203613,16.670000076293945,17.81999969482422,16.610000610351562,17.170000076293945,8820600
2024-03-07,14.267424583435059,16.760000228881836,17.25,16.549999237060547,16.780000686645508,8729600
2024-03-08,14.216347694396973,16.700000762939453,17.100000381469727,16.639999389648438,16.860000610351562,3479200
2024-03-11,14.361064910888672,16.8700008392334,16.950000762939453,16.579999923706055,16.6299991607666,2382500
2024-03-12,14.395115852355957,16.90999984741211,17.010000228881836,16.530000686645508,16.950000762939453,2721000
2024-03-13,14.344039916992188,16.850000381469727,17.059999465942383,16.760000228881836,16.920000076293945,2180000
2024-03-14,14.13122272491455,16.600000381469727,16.8799991607666,16.3700008392334,16.8799991607666,2848800
2024-03-15,13.995017051696777,16.440000534057617,16.75,16.299999237060547,16.5,6199200
2024-03-18,14.020554542541504,16.469999313354492,16.829999923706055,16.31999969482422,16.350000381469727,1954400
2024-03-19,14.318503379821777,16.81999969482422,16.8799991607666,16.299999237060547,16.420000076293945,1852700
2024-03-20,14.71860408782959,17.290000915527344,17.290000915527344,16.75,16.75,3351100
2024-03-21,14.53132152557373,17.06999969482422,17.459999084472656,16.950000762939453,17.360000610351562,3192800
2024-03-22,14.488758087158203,17.020000457763672,17.290000915527344,16.989999771118164,17.200000762939453,1504600
2024-03-25,14.897371292114258,17.5,17.579999923706055,16.989999771118164,17.049999237060547,1603900
2024-03-26,15.042088508605957,17.670000076293945,17.920000076293945,17.59000015258789,17.690000534057617,2209600
2024-03-27,15.327043533325195,17.75,17.790000915527344,17.459999084472656,17.59000015258789,1629700
2024-03-28,15.456568717956543,17.899999618530273,17.950000762939453,17.700000762939453,17.729999542236328,2271500
2024-04-01,15.370216369628906,17.799999237060547,18.0,17.530000686645508,18.0,1444700
2024-04-02,15.344314575195312,17.770000457763672,17.850000381469727,17.600000381469727,17.639999389648438,3881700
2024-04-03,15.447930335998535,17.889999389648438,18.040000915527344,17.559999465942383,17.760000228881836,2333000
2024-04-04,15.119805335998535,17.510000228881836,18.18000030517578,17.420000076293945,18.15999984741211,1855400
2024-04-05,14.921199798583984,17.280000686645508,17.530000686645508,17.209999084472656,17.479999542236328,1189800
2024-04-08,14.878024101257324,17.229999542236328,17.75,17.139999389648438,17.5,2933700
2024-04-09,15.050725936889648,17.43000030517578,17.440000534057617,16.899999618530273,17.18000030517578,2328400
2024-04-10,14.584436416625977,16.889999389648438,17.200000762939453,16.700000762939453,17.0,2624700
2024-04-11,14.8866605758667,17.239999771118164,17.31999969482422,16.889999389648438,17.079999923706055,2783800
2024-04-12,14.549896240234375,16.850000381469727,17.18000030517578,16.770000457763672,17.18000030517578,2065900
2024-04-15,14.135420799255371,16.3700008392334,16.959999084472656,16.329999923706055,16.84000015258789,1482900
2024-04-16,13.997260093688965,16.209999084472656,16.489999771118164,16.049999237060547,16.3799991607666,1556500
2024-04-17,13.97999095916748,16.190000534057617,16.43000030517578,16.100000381469727,16.3799991607666,1817500
2024-04-18,13.971355438232422,16.18000030517578,16.549999237060547,16.15999984741211,16.299999237060547,1607300
2024-04-19,14.195863723754883,16.440000534057617,16.530000686645508,16.06999969482422,16.09000015258789,1400500
2024-04-22,14.178593635559082,16.420000076293945,16.770000457763672,16.309999465942383,16.440000534057617,2153500
2024-04-23,12.745192527770996,14.760000228881836,15.199999809265137,14.039999961853027,14.600000381469727,10610100
2024-04-24,12.417061805725098,14.380000114440918,14.800000190734863,14.229999542236328,14.800000190734863,5311900
2024-04-25,12.244363784790039,14.180000305175781,14.489999771118164,14.079999923706055,14.210000038146973,3045400
2024-04-26,12.088934898376465,14.0,14.399999618530273,13.970000267028809,14.15999984741211,2665500
2024-04-29,11.968045234680176,13.859999656677246,14.34000015258789,13.800000190734863,14.020000457763672,3280000
2024-04-30,11.47585391998291,13.289999961853027,13.869999885559082,13.279999732971191,13.800000190734863,4365900
2024-05-01,11.277249336242676,13.0600004196167,13.420000076293945,12.819999694824219,13.369999885559082,2773400
2024-05-02,11.56220531463623,13.390000343322754,13.529999732971191,13.199999809265137,13.199999809265137,1791200
2024-05-03,11.536298751831055,13.359999656677246,13.729999542236328,13.319999694824219,13.609999656677246,1980400
2024-05-06,11.639917373657227,13.479999542236328,13.640000343322754,13.4399995803833,13.470000267028809,1479100
2024-05-07,11.56220531463623,13.390000343322754,13.649999618530273,13.380000114440918,13.529999732971191,1303100
2024-05-08,11.622647285461426,13.460000038146973,13.479999542236328,13.229999542236328,13.279999732971191,1115500
2024-05-09,11.75217056274414,13.609999656677246,13.670000076293945,13.40999984741211,13.420000076293945,1257900
2024-05-10,11.691727638244629,13.539999961853027,13.720000267028809,13.470000267028809,13.649999618530273,1326200
2024-05-13,11.778076171875,13.640000343322754,13.770000457763672,13.520000457763672,13.699999809265137,1415400
2024-05-14,11.993950843811035,13.890000343322754,13.970000267028809,13.6899995803833,13.800000190734863,1756200
2024-05-15,12.218459129333496,14.149999618530273,14.239999771118164,13.930000305175781,14.069999694824219,1539400
2024-05-16,12.106204986572266,14.020000457763672,14.119999885559082,13.930000305175781,14.109999656677246,1218800
2024-05-17,12.045760154724121,13.949999809265137,14.020000457763672,13.800000190734863,14.010000228881836,1115100
2024-05-20,12.028491020202637,13.930000305175781,14.029999732971191,13.850000381469727,13.979999542236328,860300
2024-05-21,12.097570419311523,14.010000228881836,14.039999961853027,13.850000381469727,13.880000114440918,973700
2024-05-22,12.028491020202637,13.930000305175781,14.050000190734863,13.84000015258789,13.949999809265137,907100
2024-05-23,11.916236877441406,13.800000190734863,14.020000457763672,13.649999618530273,14.020000457763672,1276900
2024-05-24,11.968045234680176,13.859999656677246,13.960000038146973,13.720000267028809,13.920000076293945,911800
2024-05-28,12.028491020202637,13.930000305175781,14.039999961853027,13.890000343322754,13.989999771118164,1123200
2024-05-29,11.691727638244629,13.539999961853027,13.789999961853027,13.529999732971191,13.760000228881836,1084000
2024-05-30,11.924871444702148,13.8100004196167,13.899999618530273,13.619999885559082,13.699999809265137,1599900
2024-05-31,12.140746116638184,14.0600004196167,14.069999694824219,13.6899995803833,13.84000015258789,1996400
2024-06-03,11.968045234680176,13.859999656677246,14.1899995803833,13.789999961853027,14.180000305175781,1164300
2024-06-04,11.95941162109375,13.850000381469727,13.960000038146973,13.75,13.760000228881836,1549700
2024-06-05,11.890332221984863,13.770000457763672,13.989999771118164,13.760000228881836,13.9399995803833,1481600
2024-06-06,12.16664981842041,14.09000015258789,14.130000114440918,13.710000038146973,13.710000038146973,1121800
2024-06-07,12.296174049377441,14.239999771118164,14.279999732971191,13.850000381469727,13.949999809265137,1249900
2024-06-10,12.503412246704102,14.479999542236328,14.569999694824219,13.970000267028809,14.039999961853027,1472500
2024-06-11,12.399792671203613,14.359999656677246,14.460000038146973,14.229999542236328,14.399999618530273,1243500
2024-06-12,12.313443183898926,14.260000228881836,14.8100004196167,14.229999542236328,14.779999732971191,1560600
2024-06-13,11.898964881896973,13.779999732971191,14.239999771118164,13.729999542236328,14.239999771118164,1591800
2024-06-14,11.786711692810059,13.649999618530273,13.680000305175781,13.359999656677246,13.609999656677246,1249300
2024-06-17,12.002585411071777,13.899999618530273,13.90999984741211,13.40999984741211,13.680000305175781,1516500
2024-06-18,11.683093070983887,13.529999732971191,13.930000305175781,13.449999809265137,13.880000114440918,1954800
2024-06-20,11.467218399047852,13.279999732971191,13.630000114440918,13.260000228881836,13.470000267028809,1938500
2024-06-21,11.501757621765137,13.319999694824219,13.579999923706055,13.220000267028809,13.319999694824219,3733900
2024-06-24,11.285882949829102,13.069999694824219,13.40999984741211,13.050000190734863,13.319999694824219,1834200
2024-06-25,10.819595336914062,12.529999732971191,13.0600004196167,12.510000228881836,13.050000190734863,2286200
2024-06-26,10.871405601501465,12.59000015258789,12.6899995803833,12.449999809265137,12.529999732971191,2422800
2024-06-27,10.620992660522461,12.300000190734863,12.720000267028809,12.260000228881836,12.65999984741211,1640900
2024-06-28,10.241985321044922,11.619999885559082,12.039999961853027,11.5,11.989999771118164,3816800
2024-07-01,10.180288314819336,11.550000190734863,11.90999984741211,11.529999732971191,11.680000305175781,1964100
2024-07-02,10.338939666748047,11.729999542236328,11.75,11.4399995803833,11.520000457763672,2003800
2024-07-03,10.233170509338379,11.609999656677246,11.829999923706055,11.59000015258789,11.779999732971191,1015300
2024-07-05,9.968748092651367,11.3100004196167,11.619999885559082,11.140000343322754,11.579999923706055,2631700
2024-07-08,9.783653259277344,11.100000381469727,11.479999542236328,11.09000015258789,11.399999618530273,1991800
2024-07-09,9.475159645080566,10.75,11.069999694824219,10.699999809265137,11.050000190734863,3119700
2024-07-10,9.263620376586914,10.510000228881836,10.850000381469727,10.279999732971191,10.760000228881836,3128900
2024-07-11,9.545672416687012,10.829999923706055,10.989999771118164,10.649999618530273,10.720000267028809,2965300
2024-07-12,9.422274589538574,10.6899995803833,11.0600004196167,10.65999984741211,10.970000267028809,1914700
2024-07-15,9.818909645080566,11.140000343322754,11.229999542236328,10.710000038146973,10.770000457763672,3258600
2024-07-16,10.47996711730957,11.890000343322754,11.9399995803833,11.170000076293945,11.170000076293945,3372400
2024-07-17,10.612178802490234,12.039999961853027,12.109999656677246,11.789999961853027,11.8100004196167,1986900
2024-07-18,10.524036407470703,11.9399995803833,12.289999961853027,11.789999961853027,11.890000343322754,1661100
2024-07-19,10.471152305603027,11.880000114440918,12.020000457763672,11.800000190734863,11.920000076293945,1273200
2024-07-22,10.471152305603027,11.880000114440918,11.90999984741211,11.510000228881836,11.869999885559082,1634500
2024-07-23,10.294872283935547,11.680000305175781,11.819999694824219,11.579999923706055,11.789999961853027,2033700
2024-07-24,10.383012771606445,11.779999732971191,12.039999961853027,11.670000076293945,11.699999809265137,2304400
2024-07-25,9.536857604980469,10.819999694824219,11.680000305175781,10.520000457763672,11.649999618530273,4183600
2024-07-26,9.721954345703125,11.029999732971191,11.1899995803833,10.520000457763672,10.880000114440918,3452000
2024-07-29,9.968748092651367,11.3100004196167,11.449999809265137,10.859999656677246,11.100000381469727,2429800
2024-07-30,9.766024589538574,11.079999923706055,11.359999656677246,10.890000343322754,11.329999923706055,2185200
2024-07-31,9.492786407470703,10.770000457763672,11.449999809265137,10.75,11.25,2118300
2024-08-01,9.149038314819336,10.380000114440918,10.829999923706055,10.289999961853027,10.739999771118164,2559000
2024-08-02,8.937499046325684,10.140000343322754,10.329999923706055,10.020000457763672,10.1899995803833,3516900
2024-08-05,8.558492660522461,9.710000038146973,9.880000114440918,9.510000228881836,9.779999732971191,2924700
2024-08-06,8.708331108093262,9.880000114440918,10.029999732971191,9.510000228881836,9.6899995803833,2203100
2024-08-07,8.514424324035645,9.65999984741211,10.130000114440918,9.649999618530273,10.0,2000100
2024-08-08,8.822916030883789,10.010000228881836,10.010000228881836,9.680000305175781,9.789999961853027,1773600
2024-08-09,8.778846740722656,9.960000038146973,10.039999961853027,9.819999694824219,10.0,1308300
2024-08-12,8.558492660522461,9.710000038146973,10.0600004196167,9.649999618530273,9.949999809265137,1382400
2024-08-13,8.98157024383545,10.1899995803833,10.199999809265137,9.760000228881836,9.770000457763672,1913200
2024-08-14,8.75240421295166,9.930000305175781,10.350000381469727,9.829999923706055,10.239999771118164,1484100
2024-08-15,8.884614944458008,10.079999923706055,10.15999984741211,9.9399995803833,10.140000343322754,1672900
2024-08-16,9.034454345703125,10.25,10.319999694824219,10.0600004196167,10.109999656677246,1204700
2024-08-19,9.113780975341797,10.34000015258789,10.430000305175781,10.210000038146973,10.260000228881836,1221300
2024-08-20,9.069710731506348,10.289999961853027,10.359999656677246,10.130000114440918,10.25,1750900
2024-08-21,9.210736274719238,10.449999809265137,10.5600004196167,10.270000457763672,10.270000457763672,2238800
2024-08-22,9.210736274719238,10.449999809265137,10.579999923706055,10.350000381469727,10.449999809265137,1124500
2024-08-23,9.510416030883789,10.789999961853027,10.880000114440918,10.4399995803833,10.5,1674400
2024-08-26,9.686697006225586,10.989999771118164,11.09000015258789,10.829999923706055,10.850000381469727,1877600
2024-08-27,9.704326629638672,11.010000228881836,11.050000190734863,10.829999923706055,10.949999809265137,1620700
2024-08-28,9.642627716064453,10.9399995803833,10.989999771118164,10.800000190734863,10.920000076293945,988300
2024-08-29,9.898236274719238,11.229999542236328,11.270000457763672,10.850000381469727,10.970000267028809,1809700
2024-08-30,9.986377716064453,11.329999923706055,11.420000076293945,11.199999809265137,11.270000457763672,2126500
2024-09-03,9.651440620422363,10.949999809265137,11.279999732971191,10.90999984741211,11.199999809265137,1646300
2024-09-04,9.580928802490234,10.869999885559082,11.100000381469727,10.770000457763672,10.930000305175781,2526400
2024-09-05,8.963942527770996,10.170000076293945,10.9399995803833,10.130000114440918,10.899999618530273,2146500
2024-09-06,9.016826629638672,10.229999542236328,10.390000343322754,10.0,10.140000343322754,1660400
2024-09-09,9.025640487670898,10.239999771118164,10.479999542236328,10.119999885559082,10.329999923706055,1623900
2024-09-10,8.814101219177246,10.0,10.210000038146973,9.819999694824219,10.199999809265137,1806900
2024-09-11,8.796472549438477,9.979999542236328,10.039999961853027,9.680000305175781,9.920000076293945,1917600
2024-09-12,8.902243614196777,10.100000381469727,10.180000305175781,9.779999732971191,10.039999961853027,1243800
2024-09-13,9.193109512329102,10.430000305175781,10.5600004196167,10.239999771118164,10.239999771118164,1518600
2024-09-16,9.32532024383545,10.579999923706055,10.6899995803833,10.40999984741211,10.430000305175781,1141300
2024-09-17,9.149038314819336,10.380000114440918,10.579999923706055,10.25,10.529999732971191,2071200
2024-09-18,9.30769157409668,10.5600004196167,10.899999618530273,10.369999885559082,10.399999618530273,2628000
2024-09-19,9.528044700622559,10.8100004196167,11.069999694824219,10.75,10.90999984741211,2379600
2024-09-20,9.201922416687012,10.4399995803833,10.880000114440918,10.430000305175781,10.75,9446100
2024-09-23,8.963942527770996,10.170000076293945,10.550000190734863,10.140000343322754,10.4399995803833,1870800
2024-09-24,9.025640487670898,10.239999771118164,10.470000267028809,10.220000267028809,10.229999542236328,1901800
2024-09-25,8.866987228393555,10.0600004196167,10.3100004196167,10.039999961853027,10.25,1455100
2024-09-26,9.184292793273926,10.420000076293945,10.4399995803833,10.210000038146973,10.270000457763672,2368700
2024-09-27,9.32532024383545,10.579999923706055,10.800000190734863,10.449999809265137,10.550000190734863,1481700
2024-09-30,9.37045669555664,10.380000114440918,10.420000076293945,10.180000305175781,10.34000015258789,1552500
2024-10-01,9.162824630737305,10.149999618530273,10.390000343322754,10.020000457763672,10.359999656677246,1637200
2024-10-02,9.316291809082031,10.319999694824219,10.489999771118164,10.100000381469727,10.15999984741211,1689500
2024-10-03,9.298237800598145,10.300000190734863,10.329999923706055,10.109999656677246,10.239999771118164,993500
2024-10-04,9.469758033752441,10.489999771118164,10.569999694824219,10.34000015258789,10.5,1221200
2024-10-07,9.37045669555664,10.380000114440918,10.569999694824219,10.319999694824219,10.489999771118164,1403900
2024-10-08,9.198935508728027,10.1899995803833,10.430000305175781,9.970000267028809,10.359999656677246,1116300
2024-10-09,9.153799057006836,10.140000343322754,10.270000457763672,10.050000190734863,10.15999984741211,928400
2024-10-10,9.135743141174316,10.119999885559082,10.180000305175781,9.90999984741211,10.050000190734863,1670000
2024-10-11,9.262127876281738,10.260000228881836,10.350000381469727,10.130000114440918,10.140000343322754,1111800
2024-10-14,9.18088150024414,10.170000076293945,10.270000457763672,10.100000381469727,10.270000457763672,847700
2024-10-15,9.352402687072754,10.359999656677246,10.520000457763672,10.130000114440918,10.130000114440918,1394100
2024-10-16,9.460729598999023,10.479999542236328,10.5,10.260000228881836,10.449999809265137,1245400
2024-10-17,9.993348121643066,11.069999694824219,11.140000343322754,10.359999656677246,10.550000190734863,3548500
2024-10-18,9.740580558776855,10.789999961853027,11.289999961853027,10.739999771118164,11.100000381469727,2428200
2024-10-21,9.135743141174316,10.119999885559082,10.779999732971191,10.09000015258789,10.640000343322754,3614000
2024-10-22,9.397538185119629,10.40999984741211,10.579999923706055,10.140000343322754,10.140000343322754,2341200
2024-10-23,9.099634170532227,10.079999923706055,10.399999618530273,10.020000457763672,10.300000190734863,2358400
2024-10-24,9.072551727294922,10.050000190734863,10.1899995803833,9.90999984741211,10.079999923706055,1252400
2024-10-25,8.982277870178223,9.949999809265137,10.25,9.920000076293945,10.100000381469727,1240600
2024-10-28,9.280181884765625,10.279999732971191,10.479999542236328,10.029999732971191,10.029999732971191,1991100
2024-10-29,7.664275169372559,8.489999771118164,8.989999771118164,8.020000457763672,8.75,14678400
2024-10-30,7.429561614990234,8.229999542236328,8.760000228881836,8.069999694824219,8.479999542236328,5934200
2024-10-31,7.3753981590271,8.170000076293945,8.279999732971191,8.039999961853027,8.270000457763672,3263800
2024-11-01,7.483726978302002,8.289999961853027,8.380000114440918,8.069999694824219,8.220000267028809,4041800
2024-11-04,7.574001312255859,8.390000343322754,8.649999618530273,8.079999923706055,8.239999771118164,3514500
2024-11-05,7.6462202072143555,8.470000267028809,8.59000015258789,8.220000267028809,8.40999984741211,1909900
2024-11-06,8.124673843383789,9.0,9.069999694824219,8.640000343322754,8.84000015258789,2759000
2024-11-07,8.034398078918457,8.899999618530273,9.069999694824219,8.800000190734863,9.020000457763672,1576000
2024-11-08,8.025372505187988,8.890000343322754,8.949999809265137,8.649999618530273,8.920000076293945,1664000
2024-11-11,8.079537391662598,8.949999809265137,9.170000076293945,8.819999694824219,8.979999542236328,1902500
2024-11-12,7.826768398284912,8.670000076293945,8.989999771118164,8.640000343322754,8.819999694824219,1531700
2024-11-13,7.465672969818115,8.270000457763672,8.729999542236328,8.199999809265137,8.710000038146973,2476600
2024-11-14,7.574001312255859,8.390000343322754,8.430000305175781,8.229999542236328,8.319999694824219,1500800
2024-11-15,7.610111713409424,8.430000305175781,8.539999961853027,8.369999885559082,8.470000267028809,1200500
2024-11-18,7.501782417297363,8.3100004196167,8.510000228881836,8.279999732971191,8.430000305175781,1812400
2024-11-19,7.601083278656006,8.420000076293945,8.470000267028809,8.180000305175781,8.220000267028809,1574800
2024-11-20,7.574001312255859,8.390000343322754,8.520000457763672,8.260000228881836,8.430000305175781,1012600
2024-11-21,7.898987293243408,8.75,8.829999923706055,8.270000457763672,8.359999656677246,1856300
2024-11-22,8.160782814025879,9.039999961853027,9.229999542236328,8.819999694824219,8.819999694824219,2204900
2024-11-25,8.269112586975098,9.15999984741211,9.460000038146973,9.119999885559082,9.199999809265137,2241900
2024-11-26,8.196893692016602,9.079999923706055,9.180000305175781,8.789999961853027,9.079999923706055,1928600
2024-11-27,8.178838729858398,9.0600004196167,9.239999771118164,8.989999771118164,9.100000381469727,1317400
2024-11-29,8.251056671142578,9.140000343322754,9.380000114440918,9.100000381469727,9.100000381469727,1078200
2024-12-02,8.422577857971191,9.329999923706055,9.369999885559082,9.0600004196167,9.119999885559082,1786000
2024-12-03,7.98926305770874,8.850000381469727,9.329999923706055,8.699999809265137,9.289999961853027,2173800
2024-12-04,7.935098171234131,8.789999961853027,9.020000457763672,8.770000457763672,8.850000381469727,1405100
2024-12-05,7.862879276275635,8.710000038146973,8.850000381469727,8.529999732971191,8.710000038146973,1877900
2024-12-06,7.763576507568359,8.600000381469727,8.9399995803833,8.5600004196167,8.819999694824219,1355300
2024-12-09,8.016345024108887,8.880000114440918,8.979999542236328,8.670000076293945,8.699999809265137,1728300
2024-12-10,8.043427467346191,8.90999984741211,9.0,8.609999656677246,8.869999885559082,1467100
2024-12-11,7.998289585113525,8.859999656677246,9.079999923706055,8.8100004196167,8.960000038146973,3484400
2024-12-12,7.8357977867126465,8.680000305175781,8.869999885559082,8.609999656677246,8.84000015258789,1537100
2024-12-13,7.926069736480713,8.779999732971191,8.800000190734863,8.539999961853027,8.699999809265137,1303500
2024-12-16,7.898987293243408,8.75,8.850000381469727,8.65999984741211,8.720000267028809,1849900
2024-12-17,7.754549026489258,8.59000015258789,8.899999618530273,8.470000267028809,8.699999809265137,2602000
2024-12-18,7.546918869018555,8.359999656677246,8.779999732971191,8.34000015258789,8.630000114440918,3194000
2024-12-19,7.6913580894470215,8.520000457763672,8.600000381469727,8.34000015258789,8.489999771118164,2646200
2024-12-20,7.574001312255859,8.390000343322754,8.699999809265137,8.34000015258789,8.430000305175781,9074100
2024-12-23,8.53090763092041,9.449999809265137,9.489999771118164,8.569999694824219,8.989999771118164,7002600
2024-12-24,8.332304000854492,9.229999542236328,9.449999809265137,9.15999984741211,9.4399995803833,2157000
2024-12-26,8.278138160705566,9.170000076293945,9.550000190734863,9.109999656677246,9.220000267028809,2971100
2024-12-27,8.260085105895996,9.149999618530273,9.390000343322754,9.050000190734863,9.109999656677246,1874700
2024-12-30,8.043427467346191,8.90999984741211,9.039999961853027,8.609999656677246,9.029999732971191,2120300
2024-12-31,7.829802989959717,8.430000305175781,8.880000114440918,8.399999618530273,8.729999542236328,2035800
2025-01-02,7.671905517578125,8.260000228881836,8.800000190734863,8.239999771118164,8.569999694824219,2139300
2025-01-03,7.68119478225708,8.270000457763672,8.34000015258789,8.130000114440918,8.270000457763672,2624200
2025-01-06,7.8112263679504395,8.40999984741211,8.649999618530273,8.300000190734863,8.359999656677246,3276100
2025-01-07,8.219900131225586,8.850000381469727,9.100000381469727,8.510000228881836,8.520000457763672,3334100
2025-01-08,8.284915924072266,8.920000076293945,8.949999809265137,8.489999771118164,8.720000267028809,2824700
2025-01-10,8.405659675598145,9.050000190734863,9.390000343322754,8.710000038146973,8.75,2737000
2025-01-13,8.14559555053711,8.770000457763672,9.050000190734863,8.710000038146973,8.960000038146973,1687400
2025-01-14,8.099154472351074,8.720000267028809,9.100000381469727,8.6899995803833,8.850000381469727,1664100
2025-01-15,8.498539924621582,9.149999618530273,9.180000305175781,8.9399995803833,9.010000228881836,2250800
2025-01-16,8.359219551086426,9.0,9.119999885559082,8.819999694824219,9.029999732971191,1651000
2025-01-17,8.67501163482666,9.34000015258789,9.390000343322754,9.09000015258789,9.109999656677246,2345700
2025-01-21,8.814332962036133,9.489999771118164,9.609999656677246,9.270000457763672,9.359999656677246,1936300
2025-01-22,8.712163925170898,9.380000114440918,9.5600004196167,9.34000015258789,9.420000076293945,2114700
2025-01-23,9.139412879943848,9.84000015258789,9.880000114440918,9.09000015258789,9.100000381469727,2160800
2025-01-24,8.990804672241211,9.680000305175781,9.90999984741211,9.600000381469727,9.869999885559082,2681900
2025-01-27,9.018668174743652,9.710000038146973,9.869999885559082,9.529999732971191,9.65999984741211,2463700
2025-01-28,8.498539924621582,9.149999618530273,9.470000267028809,8.430000305175781,9.460000038146973,4810300
2025-01-29,8.006275177001953,8.619999885559082,9.119999885559082,8.399999618530273,9.100000381469727,4439400
2025-01-30,8.052714347839355,8.670000076293945,8.90999984741211,8.529999732971191,8.739999771118164,2798100
2025-01-31,7.931970119476318,8.539999961853027,8.869999885559082,8.420000076293945,8.649999618530273,2746100
2025-02-03,7.690481185913086,8.279999732971191,8.59000015258789,8.239999771118164,8.319999694824219,2636800
2025-02-04,7.755497455596924,8.350000381469727,8.489999771118164,8.220000267028809,8.289999961853027,2083400
2025-02-05,7.801937103271484,8.399999618530273,8.569999694824219,8.260000228881836,8.359999656677246,1712300
2025-02-06,7.79265022277832,8.390000343322754,8.5600004196167,8.260000228881836,8.449999809265137,1954300
2025-02-07,7.291097164154053,7.849999904632568,8.359999656677246,7.809999942779541,8.34000015258789,4343200
2025-02-10,7.402553081512451,7.96999979019165,8.130000114440918,7.769999980926514,7.880000114440918,2576300
2025-02-11,7.523297309875488,8.100000381469727,8.130000114440918,7.860000133514404,7.880000114440918,2126400
2025-02-12,7.374689102172852,7.940000057220459,8.020000457763672,7.840000152587891,7.989999771118164,1690400
2025-02-13,7.448993682861328,8.020000457763672,8.1899995803833,7.880000114440918,7.949999809265137,2044700
2025-02-14,7.421128749847412,7.989999771118164,8.199999809265137,7.889999866485596,8.069999694824219,1930700
2025-02-18,7.569737434387207,8.149999618530273,8.260000228881836,7.940000057220459,7.96999979019165,2046000
2025-02-19,7.45828104019165,8.029999732971191,8.140000343322754,8.0,8.09000015258789,2612900
2025-02-20,7.291097164154053,7.849999904632568,8.010000228881836,7.800000190734863,7.96999979019165,4144100
2025-02-21,7.328248500823975,7.889999866485596,7.96999979019165,7.699999809265137,7.900000095367432,3754000
2025-02-24,7.216792583465576,7.769999980926514,8.119999885559082,7.760000228881836,7.900000095367432,3465100
2025-02-25,6.956727981567383,7.489999771118164,7.789999961853027,7.440000057220459,7.760000228881836,5744500
2025-02-26,6.436598777770996,6.929999828338623,7.46999979019165,6.880000114440918,7.440000057220459,6195600
2025-02-27,6.436598777770996,6.929999828338623,7.150000095367432,6.869999885559082,6.940000057220459,4813800
2025-02-28,6.157958984375,6.630000114440918,7.019999980926514,6.599999904632568,6.909999847412109,3504500
2025-03-03,5.944333076477051,6.400000095367432,6.769999980926514,6.349999904632568,6.630000114440918,4304300
2025-03-04,5.916469097137451,6.369999885559082,6.480000019073486,6.159999847412109,6.25,4345800
2025-03-05,5.739996910095215,6.179999828338623,6.440000057220459,6.130000114440918,6.360000133514404,3963100
2025-03-06,5.777148723602295,6.21999979019165,6.289999961853027,6.070000171661377,6.119999885559082,2939300
2025-03-07,5.907182216644287,6.360000133514404,6.809999942779541,6.190000057220459,6.210000038146973,5535800
2025-03-10,5.814302444458008,6.260000228881836,6.539999961853027,6.159999847412109,6.5,3665000
2025-03-11,5.674981594085693,6.110000133514404,6.360000133514404,6.079999923706055,6.289999961853027,4791200
2025-03-12,5.619253635406494,6.050000190734863,6.230000019073486,5.920000076293945,6.130000114440918,4356200
2025-03-13,5.387052536010742,5.800000190734863,6.130000114440918,5.789999961853027,6.03000020980835,3718400
2025-03-14,5.3777642250061035,5.789999961853027,5.940000057220459,5.739999771118164,5.840000152587891,3590800
2025-03-17,5.359189033508301,5.769999980926514,5.809999942779541,5.619999885559082,5.769999980926514,4291000
2025-03-18,5.349900722503662,5.760000228881836,5.900000095367432,5.730000019073486,5.739999771118164,3491700
2025-03-19,5.387052536010742,5.800000190734863,6.0,5.630000114440918,5.760000228881836,4073400
2025-03-20,5.238443851470947,5.639999866485596,5.840000152587891,5.630000114440918,5.75,3042200
2025-03-21,5.117700099945068,5.510000228881836,5.699999809265137,5.480000019073486,5.539999961853027,34303400
2025-03-24,5.089836120605469,5.480000019073486,5.690000057220459,5.28000020980835,5.599999904632568,4729300
2025-03-25,4.885499477386475,5.260000228881836,5.46999979019165,5.190000057220459,5.449999809265137,5710700
2025-03-26,4.913363456726074,5.289999961853027,5.349999904632568,5.119999885559082,5.210000038146973,5882400
2025-03-27,5.043395042419434,5.429999828338623,5.449999809265137,5.130000114440918,5.269999980926514,4918900
2025-03-28,4.7647552490234375,5.130000114440918,5.409999847412109,5.070000171661377,5.409999847412109,4399700
2025-03-31,4.598155498504639,4.829999923706055,4.949999809265137,4.71999979019165,4.929999828338623,5347700
2025-04-01,4.683835506439209,4.920000076293945,4.929999828338623,4.739999771118164,4.829999923706055,3619000
2025-04-02,4.674315452575684,4.909999847412109,4.989999771118164,4.809999942779541,4.840000152587891,2756200
2025-04-03,3.979355812072754,4.179999828338623,4.730000019073486,4.03000020980835,4.679999828338623,7461900
2025-04-04,3.8079962730407715,4.0,4.059999942779541,3.75,4.03000020980835,6012500
2025-04-07,3.922236204147339,4.119999885559082,4.119999885559082,3.7100000381469727,3.8399999141693115,7711200
2025-04-08,3.4652764797210693,3.640000104904175,4.300000190734863,3.549999952316284,4.21999979019165,6741500
2025-04-09,4.045995712280273,4.25,4.320000171661377,3.450000047683716,3.5899999141693115,8392200
2025-04-10,3.6842362880706787,3.869999885559082,4.150000095367432,3.630000114440918,4.139999866485596,5323400
2025-04-11,3.769916296005249,3.9600000381469727,3.9800000190734863,3.6700000762939453,3.859999895095825,5047900
2025-04-14,3.693756580352783,3.880000114440918,4.170000076293945,3.8299999237060547,4.119999885559082,3026200
2025-04-15,3.665196418762207,3.8499999046325684,4.019999980926514,3.819999933242798,3.8299999237060547,2545100
2025-04-16,3.589036464691162,3.7699999809265137,3.880000114440918,3.680000066757202,3.799999952316284,2306900
2025-04-17,3.7603962421417236,3.950000047683716,4.0,3.7799999713897705,3.8499999046325684,3466100
2025-04-21,3.8746368885040283,4.070000171661377,4.090000152587891,3.809999942779541,3.930000066757202,3599100
2025-04-22,3.8936760425567627,4.090000152587891,4.179999828338623,4.039999961853027,4.130000114440918,3762700
2025-04-23,3.931756019592285,4.130000114440918,4.449999809265137,4.130000114440918,4.210000038146973,2895700
2025-04-24,3.960315704345703,4.159999847412109,4.199999809265137,4.090000152587891,4.170000076293945,2144500
2025-04-25,4.065035820007324,4.269999980926514,4.28000020980835,4.019999980926514,4.090000152587891,2726300
2025-04-28,4.1792755126953125,4.389999866485596,4.420000076293945,4.260000228881836,4.28000020980835,3940500
2025-04-29,4.2268757820129395,4.440000057220459,4.5,4.289999961853027,4.360000133514404,2976700
2025-04-30,4.198315143585205,4.409999847412109,4.5,4.320000171661377,4.340000152587891,4919800
2025-05-01,4.131676197052002,4.340000152587891,4.650000095367432,4.090000152587891,4.369999885559082,6555900
2025-05-02,4.607675075531006,4.840000152587891,4.849999904632568,4.420000076293945,4.420000076293945,5772900
2025-05-05,4.874235153198242,5.119999885559082,5.269999980926514,4.71999979019165,4.769999980926514,5205900
2025-05-06,5.1503143310546875,5.409999847412109,5.449999809265137,5.019999980926514,5.019999980926514,5977600
2025-05-07,5.055114269256592,5.309999942779541,5.559999942779541,5.150000095367432,5.199999809265137,5366200
2025-05-08,5.321674346923828,5.590000152587891,5.650000095367432,5.369999885559082,5.409999847412109,5595500
2025-05-09,5.255035400390625,5.519999980926514,5.630000114440918,5.429999828338623,5.590000152587891,2746800
2025-05-12,5.435914516448975,5.710000038146973,5.989999771118164,5.550000190734863,5.900000095367432,4427200
2025-05-13,5.664393901824951,5.949999809265137,6.170000076293945,5.739999771118164,5.769999980926514,5231700
2025-05-14,5.29311466217041,5.559999942779541,5.989999771118164,5.429999828338623,5.980000019073486,4789200
2025-05-15,5.178874492645264,5.440000057220459,5.570000171661377,5.300000190734863,5.480000019073486,2698600
2025-05-16,5.274075031280518,5.539999961853027,5.590000152587891,5.380000114440918,5.449999809265137,1888100
2025-05-19,5.1407952308654785,5.400000095367432,5.429999828338623,5.28000020980835,5.409999847412109,1990900
2025-05-20,5.083674430847168,5.340000152587891,5.449999809265137,5.309999942779541,5.389999866485596,1428000
2025-05-21,4.826635360717773,5.070000171661377,5.360000133514404,5.050000190734863,5.25,3546300
2025-05-22,4.874235153198242,5.119999885559082,5.170000076293945,4.880000114440918,5.039999961853027,2890800
2025-05-23,4.283996105194092,4.5,4.75,4.199999809265137,4.539999961853027,13374300
2025-05-27,4.617195129394531,4.849999904632568,4.900000095367432,4.650000095367432,4.809999942779541,7553800
2025-05-28,4.569595813751221,4.800000190734863,5.0,4.650000095367432,4.889999866485596,4684400
2025-05-29,4.664795398712158,4.900000095367432,4.920000076293945,4.639999866485596,4.809999942779541,3570100
2025-05-30,4.655274868011475,4.889999866485596,4.909999847412109,4.78000020980835,4.849999904632568,3792000
2025-06-02,4.607675075531006,4.840000152587891,5.010000228881836,4.809999942779541,4.909999847412109,3783700
2025-06-03,4.759995460510254,5.0,5.119999885559082,4.730000019073486,4.869999885559082,2953200
2025-06-04,4.807595729827881,5.050000190734863,5.119999885559082,4.929999828338623,5.0,3106500
2025-06-05,4.75047492980957,4.989999771118164,5.130000114440918,4.929999828338623,5.079999923706055,2202400
2025-06-06,4.883755683898926,5.130000114440918,5.21999979019165,5.039999961853027,5.099999904632568,2154900
2025-06-09,5.074154376983643,5.329999923706055,5.360000133514404,5.21999979019165,5.230000019073486,2548000
2025-06-10,5.521594524383545,5.800000190734863,5.869999885559082,5.369999885559082,5.400000095367432,3809900
2025-06-11,5.302635669708252,5.570000171661377,5.909999847412109,5.5,5.869999885559082,2980400
2025-06-12,5.083674430847168,5.340000152587891,5.579999923706055,5.320000171661377,5.5,2254700
2025-06-13,4.9123148918151855,5.159999847412109,5.380000114440918,5.110000133514404,5.269999980926514,2895100
2025-06-16,5.274075031280518,5.539999961853027,5.550000190734863,5.230000019073486,5.260000228881836,3034700
2025-06-17,5.2455153465271,5.510000228881836,5.699999809265137,5.460000038146973,5.489999771118164,2764200
2025-06-18,5.1407952308654785,5.400000095367432,5.610000133514404,5.380000114440918,5.5,4519100
2025-06-20,5.112234592437744,5.369999885559082,5.630000114440918,5.349999904632568,5.489999771118164,5424600
2025-06-23,5.074154376983643,5.329999923706055,5.340000152587891,5.150000095367432,5.309999942779541,3197900
2025-06-24,5.1503143310546875,5.409999847412109,5.559999942779541,5.340000152587891,5.420000076293945,3149400
2025-06-25,5.131274223327637,5.389999866485596,5.480000019073486,5.360000133514404,5.460000038146973,1821900
2025-06-26,5.102714538574219,5.360000133514404,5.489999771118164,5.300000190734863,5.389999866485596,2470200
2025-06-27,5.026555061340332,5.28000020980835,5.449999809265137,5.239999771118164,5.409999847412109,4229100
2025-06-30,5.040903568267822,5.269999980926514,5.360000133514404,5.139999866485596,5.309999942779541,3690600
2025-07-01,5.39481782913208,5.639999866485596,5.809999942779541,5.230000019073486,5.269999980926514,3595600
2025-07-02,5.500036239624023,5.75,5.889999866485596,5.639999866485596,5.690000057220459,2638100
2025-07-03,5.452209949493408,5.699999809265137,5.900000095367432,5.659999847412109,5.760000228881836,2625800
2025-07-07,5.040903568267822,5.269999980926514,5.739999771118164,5.269999980926514,5.599999904632568,3053000
2025-07-08,5.213078022003174,5.449999809265137,5.619999885559082,5.269999980926514,5.300000190734863,3536600
2025-07-09,5.069599151611328,5.300000190734863,5.559999942779541,5.210000038146973,5.449999809265137,3219200
2025-07-10,4.916553974151611,5.139999866485596,5.360000133514404,5.099999904632568,5.300000190734863,6048300
2025-07-11,4.878293514251709,5.099999904632568,5.179999828338623,4.96999979019165,5.079999923706055,4368300
2025-07-14,4.868727684020996,5.090000152587891,5.150000095367432,4.989999771118164,5.070000171661377,3246100
2025-07-15,4.658291816711426,4.869999885559082,5.199999809265137,4.840000152587891,5.150000095367432,4834000
2025-07-16,4.706118583679199,4.920000076293945,5.0,4.809999942779541,4.880000114440918,3125500
2025-07-17,4.734814167022705,4.949999809265137,5.039999961853027,4.920000076293945,4.920000076293945,2266400
2025-07-18,4.849597454071045,5.070000171661377,5.079999923706055,4.869999885559082,5.010000228881836,3656800
2025-07-21,4.9739460945129395,5.199999809265137,5.349999904632568,5.139999866485596,5.139999866485596,3162300
2025-07-22,5.576558589935303,5.829999923706055,5.880000114440918,5.210000038146973,5.210000038146973,4864100
2025-07-23,6.360911846160889,6.650000095367432,6.800000190734863,5.940000057220459,5.940000057220459,10791100
2025-07-24,5.672211170196533,5.929999828338623,6.550000190734863,5.900000095367432,6.519999980926514,5437200
2025-07-25,5.815690517425537,6.079999923706055,6.099999904632568,5.869999885559082,5.929999828338623,2295400
2025-07-28,5.691341876983643,5.949999809265137,6.079999923706055,5.860000133514404,6.079999923706055,1906500
2025-07-29,5.260904788970947,5.5,6.0,5.480000019073486,5.949999809265137,3082500
2025-07-30,4.993076801300049,5.21999979019165,5.570000171661377,5.199999809265137,5.519999980926514,3546500
2025-07-31,3.87393856048584,4.050000190734863,5.21999979019165,4.0,5.050000190734863,15714700
2025-08-01,3.7687206268310547,3.940000057220459,4.190000057220459,3.9000000953674316,4.010000228881836,7645800
2025-08-04,3.950460910797119,4.130000114440918,4.25,3.9600000381469727,3.9700000286102295,5146300
2025-08-05,3.8930699825286865,4.070000171661377,4.21999979019165,4.059999942779541,4.150000095367432,3231800
2025-08-06,3.988722562789917,4.170000076293945,4.599999904632568,4.119999885559082,4.260000228881836,5251900
2025-08-07,4.036548137664795,4.21999979019165,4.28000020980835,4.139999866485596,4.199999809265137,3368500
2025-08-08,3.988722562789917,4.170000076293945,4.329999923706055,4.099999904632568,4.260000228881836,3676100
2025-08-11,4.017417907714844,4.199999809265137,4.260000228881836,4.139999866485596,4.150000095367432,2513600
2025-08-12,4.036548137664795,4.21999979019165,4.409999847412109,4.199999809265137,4.21999979019165,3306200
2025-08-13,4.160897254943848,4.349999904632568,4.420000076293945,4.170000076293945,4.230000019073486,4144000
2025-08-14,3.9600257873535156,4.139999866485596,4.269999980926514,4.059999942779541,4.269999980926514,3615400
2025-08-15,3.845242738723755,4.019999980926514,4.199999809265137,4.010000228881836,4.170000076293945,3485000
2025-08-18,3.6921980381011963,3.859999895095825,4.010000228881836,3.8499999046325684,4.0,4340500
2025-08-19,3.7782859802246094,3.950000047683716,4.039999961853027,3.890000104904175,3.9000000953674316,4494000
2025-08-20,3.653937339782715,3.819999933242798,3.930000066757202,3.799999952316284,3.930000066757202,5828000
2025-08-21,3.5295886993408203,3.690000057220459,3.809999942779541,3.6600000858306885,3.799999952316284,4898900
2025-08-22,3.6826331615448,3.8499999046325684,4.039999961853027,3.700000047683716,3.700000047683716,4876700
2025-08-25,3.759155750274658,3.930000066757202,3.990000009536743,3.8299999237060547,3.9100000858306885,3485100
2025-08-26,3.653937339782715,3.819999933242798,3.990000009536743,3.7899999618530273,3.9200000762939453,4296100
2025-08-27,3.711329221725464,3.880000114440918,3.940000057220459,3.740000009536743,3.819999933242798,5123800
2025-08-28,3.730459451675415,3.9000000953674316,3.940000057220459,3.799999952316284,3.930000066757202,3070500
2025-08-29,3.8069820404052734,3.9800000190734863,3.9800000190734863,3.869999885559082,3.9000000953674316,2576300
2025-09-02,3.6635026931762695,3.8299999237060547,3.9000000953674316,3.7200000286102295,3.9000000953674316,4741900
2025-09-03,3.6348066329956055,3.799999952316284,3.9000000953674316,3.759999990463257,3.8299999237060547,2739100
2025-09-04,3.711329221725464,3.880000114440918,3.9100000858306885,3.75,3.799999952316284,2943300
2025-09-05,3.7495901584625244,3.9200000762939453,4.090000152587891,3.859999895095825,3.9200000762939453,3506500
2025-09-08,3.6635026931762695,3.8299999237060547,3.9100000858306885,3.740000009536743,3.9000000953674316,5019100
2025-09-09,3.5582845211029053,3.7200000286102295,3.8399999141693115,3.700000047683716,3.8399999141693115,4367200
2025-09-10,3.4626317024230957,3.619999885559082,3.740000009536743,3.609999895095825,3.700000047683716,3997300
2025-09-11,3.539153814315796,3.700000047683716,3.7699999809265137,3.609999895095825,3.630000114440918,4302400
2025-09-12,3.5200233459472656,3.680000066757202,3.740000009536743,3.630000114440918,3.700000047683716,3649100
2025-09-15,3.4721970558166504,3.630000114440918,3.690000057220459,3.5799999237060547,3.6700000762939453,3712000
2025-09-16,3.586980104446411,3.75,3.759999990463257,3.5899999141693115,3.6500000953674316,6793100
2025-09-17,3.510458469390869,3.6700000762939453,3.880000114440918,3.619999885559082,3.75,5356500
2025-09-18,3.816547155380249,3.990000009536743,4.0,3.640000104904175,3.7200000286102295,6088600
2025-09-19,3.921764612197876,4.099999904632568,4.150000095367432,3.9000000953674316,4.010000228881836,30706300
2025-09-22,3.950460910797119,4.130000114440918,4.159999847412109,3.930000066757202,4.079999923706055,4643900
2025-09-23,3.7495901584625244,3.9200000762939453,4.269999980926514,3.9100000858306885,4.159999847412109,7131500
2025-09-24,3.615676164627075,3.7799999713897705,3.990000009536743,3.7300000190734863,3.940000057220459,4498600
2025-09-25,3.481762170791626,3.640000104904175,3.740000009536743,3.569999933242798,3.7100000381469727,4958400
2025-09-26,3.586980104446411,3.75,3.799999952316284,3.5899999141693115,3.6500000953674316,4002900
2025-09-29,3.596545696258545,3.759999990463257,3.799999952316284,3.7100000381469727,3.7799999713897705,2651800
2025-09-30,3.620619058609009,3.759999990463257,3.799999952316284,3.6700000762939453,3.7300000190734863,2151000
2025-10-01,3.736170768737793,3.880000114440918,3.890000104904175,3.759999990463257,3.759999990463257,3135600
2025-10-02,3.6398775577545166,3.7799999713897705,3.9700000286102295,3.759999990463257,3.9200000762939453,3053100
2025-10-03,3.610989570617676,3.75,3.940000057220459,3.7300000190734863,3.799999952316284,3243100
2025-10-06,3.5435845851898193,3.680000066757202,3.7799999713897705,3.6600000858306885,3.759999990463257,3240400
2025-10-07,3.4954380989074707,3.630000114440918,3.819999933242798,3.5899999141693115,3.690000057220459,6169800
2025-10-08,3.4184036254882812,3.549999952316284,3.6700000762939453,3.5299999713897705,3.630000114440918,3842900
2025-10-09,3.331739902496338,3.4600000381469727,3.5799999237060547,3.450000047683716,3.559999942779541,3562800
2025-10-10,3.052489995956421,3.1700000762939453,3.5199999809265137,3.1600000858306885,3.4600000381469727,6328900
2025-10-13,3.158412456512451,3.2799999713897705,3.319999933242798,3.2200000286102295,3.2799999713897705,4473300
2025-10-14,3.1198952198028564,3.240000009536743,3.319999933242798,3.1700000762939453,3.200000047683716,4301900
2025-10-15,3.177670955657959,3.299999952316284,3.390000104904175,3.259999990463257,3.2899999618530273,3595900
2025-10-16,3.004343271255493,3.119999885559082,3.369999885559082,3.109999895095825,3.3399999141693115,4463400
2025-10-17,2.9850847721099854,3.0999999046325684,3.1600000858306885,3.0299999713897705,3.0799999237060547,3893200
2025-10-20,3.071748733520508,3.190000057220459,3.2100000381469727,3.0999999046325684,3.1600000858306885,4497900
2025-10-21,3.0910072326660156,3.2100000381469727,3.2799999713897705,3.1500000953674316,3.190000057220459,3400600
2025-10-22,3.071748733520508,3.190000057220459,3.25,3.1500000953674316,3.2100000381469727,3273400
2025-10-23,3.3509984016418457,3.4800000190734863,3.490000009536743,3.200000047683716,3.200000047683716,5130200
2025-10-24,3.447291374206543,3.5799999237060547,3.6600000858306885,3.5,3.5,5878200
2025-10-27,3.4954380989074707,3.630000114440918,3.6600000858306885,3.5399999618530273,3.619999885559082,2924300
2025-10-28,3.437662124633789,3.569999933242798,3.700000047683716,3.5199999809265137,3.640000104904175,3436200
2025-10-29,3.302851915359497,3.430000066757202,3.680000066757202,3.4100000858306885,3.6600000858306885,4545500
2025-10-30,2.9754552841186523,3.0899999141693115,3.4100000858306885,3.0199999809265137,3.359999895095825,11511100
2025-10-31,3.196929454803467,3.319999933242798,3.3499999046325684,3.0899999141693115,3.0899999141693115,7562400
2025-11-03,3.1006364822387695,3.2200000286102295,3.440000057220459,3.1500000953674316,3.299999952316284,5907800
2025-11-04,2.8502743244171143,2.9600000381469727,3.1700000762939453,2.9600000381469727,3.1700000762939453,5747700
2025-11-05,2.9561967849731445,3.069999933242798,3.0899999141693115,2.9200000762939453,2.9800000190734863,3573100
2025-11-06,2.898421049118042,3.009999990463257,3.0899999141693115,2.9700000286102295,3.059999942779541,2871800
2025-11-07,2.9465675354003906,3.059999942779541,3.069999933242798,2.950000047683716,3.009999990463257,2885300
2025-11-10,2.91767954826355,3.0299999713897705,3.0899999141693115,2.9600000381469727,3.0799999237060547,2890800
2025-11-11,2.879162549972534,2.990000009536743,3.049999952316284,2.9600000381469727,3.0199999809265137,2175600
2025-11-12,2.8599040508270264,2.9700000286102295,3.069999933242798,2.9600000381469727,2.990000009536743,4858400
2025-11-13,2.73472261428833,2.8399999141693115,2.990000009536743,2.8299999237060547,2.950000047683716,5104700
2025-11-14,2.648059129714966,2.75,2.819999933242798,2.6600000858306885,2.7799999713897705,5393600
2025-11-17,2.503619432449341,2.5999999046325684,2.75,2.569999933242798,2.75,3834000
2025-11-18,2.4458436965942383,2.5399999618530273,2.609999895095825,2.509999990463257,2.569999933242798,3282200
2025-11-19,2.359179973602295,2.450000047683716,2.559999942779541,2.4200000762939453,2.5299999713897705,3657500
2025-11-20,2.2532575130462646,2.3399999141693115,2.5,2.319999933242798,2.4200000762939453,3571400
2025-11-21,2.5228779315948486,2.619999885559082,2.630000114440918,2.3499999046325684,2.3499999046325684,5245800
2025-11-24,2.619171142578125,2.7200000286102295,2.740000009536743,2.5799999237060547,2.5999999046325684,6294400
2025-11-25,2.628800392150879,2.7300000190734863,2.8299999237060547,2.6600000858306885,2.7100000381469727,4276700
2025-11-26,2.5613954067230225,2.6600000858306885,2.75,2.640000104904175,2.740000009536743,5248600
2025-11-28,2.6769468784332275,2.7799999713897705,2.7899999618530273,2.619999885559082,2.6600000858306885,2654900
2025-12-01,2.5710246562957764,2.6700000762939453,2.759999990463257,2.6500000953674316,2.7200000286102295,2260100
2025-12-02,2.5806541442871094,2.680000066757202,2.740000009536743,2.6600000858306885,2.690000057220459,2007200
2025-12-03,2.609541893005371,2.7100000381469727,2.7899999618530273,2.690000057220459,2.700000047683716,1899500
2025-12-04,2.6865763664245605,2.7899999618530273,2.809999942779541,2.690000057220459,2.690000057220459,2041100
2025-12-05,2.590283155441284,2.690000057220459,2.869999885559082,2.680000066757202,2.809999942779541,3464100
2025-12-08,2.5710246562957764,2.6700000762939453,2.740000009536743,2.640000104904175,2.7100000381469727,2240600
2025-12-09,2.503619432449341,2.5999999046325684,2.740000009536743,2.5899999141693115,2.6600000858306885,2154000
2025-12-10,2.5228779315948486,2.619999885559082,2.6600000858306885,2.5799999237060547,2.5999999046325684,3490400
2025-12-11,2.5132486820220947,2.609999895095825,2.619999885559082,2.509999990463257,2.5999999046325684,3835300
2025-12-12,2.5132486820220947,2.609999895095825,2.6700000762939453,2.5899999141693115,2.5999999046325684,2142700
2025-12-15,2.648059129714966,2.75,2.990000009536743,2.559999942779541,2.640000104904175,10515600
2025-12-16,2.7058348655700684,2.809999942779541,2.869999885559082,2.6500000953674316,2.7200000286102295,3055700
2025-12-17,2.599912643432617,2.700000047683716,2.8399999141693115,2.690000057220459,2.819999933242798,3036000
2025-12-18,2.5710246562957764,2.6700000762939453,2.740000009536743,2.6600000858306885,2.7100000381469727,2384200
2025-12-19,2.5228779315948486,2.619999885559082,2.690000057220459,2.609999895095825,2.6700000762939453,5851800
2025-12-22,2.3976972103118896,2.490000009536743,2.6700000762939453,2.4700000286102295,2.619999885559082,4107200
2025-12-23,2.3880677223205566,2.4800000190734863,2.5399999618530273,2.4000000953674316,2.4800000190734863,3594100
2025-12-24,2.3976972103118896,2.490000009536743,2.5299999713897705,2.4800000190734863,2.490000009536743,3326900
2025-12-26,2.3976972103118896,2.490000009536743,2.5199999809265137,2.440000057220459,2.5,1644700
2025-12-29,2.359179973602295,2.450000047683716,2.5199999809265137,2.430000066757202,2.450000047683716,2506000
2025-12-30,2.3880677223205566,2.4800000190734863,2.490000009536743,2.430000066757202,2.4600000381469727,3450600
2025-12-31,2.305385112762451,2.369999885559082,2.4600000381469727,2.369999885559082,2.450000047683716,3291200
2026-01-02,2.3929314613342285,2.4600000381469727,2.490000009536743,2.4000000953674316,2.4000000953674316,2440300
2026-01-05,2.44156813621521,2.509999990463257,2.5799999237060547,2.450000047683716,2.490000009536743,3536600
2026-01-06,2.4999325275421143,2.569999933242798,2.5799999237060547,2.4700000286102295,2.490000009536743,2536200
2026-01-07,2.4512956142425537,2.5199999809265137,2.5899999141693115,2.450000047683716,2.5899999141693115,2096700
2026-01-08,2.5193870067596436,2.5899999141693115,2.619999885559082,2.4700000286102295,2.4800000190734863,1651500
2026-01-09,2.470750331878662,2.5399999618530273,2.640000104904175,2.490000009536743,2.619999885559082,2149300
2026-01-12,2.4902050495147705,2.559999942779541,2.5899999141693115,2.490000009536743,2.5299999713897705,1617500
2026-01-13,2.3929314613342285,2.4600000381469727,2.5999999046325684,2.440000057220459,2.5799999237060547,2111700
2026-01-14,2.4318408966064453,2.5,2.5399999618530273,2.450000047683716,2.4700000286102295,1806800
2026-01-15,2.6166608333587646,2.690000057220459,2.7300000190734863,2.490000009536743,2.5299999713897705,2793300
2026-01-16,2.645843029022217,2.7200000286102295,2.7300000190734863,2.619999885559082,2.690000057220459,2301000
2026-01-20,2.44156813621521,2.509999990463257,2.640000104904175,2.4700000286102295,2.609999895095825,4226500
2026-01-21,2.188656806945801,2.25,2.3499999046325684,2.0999999046325684,2.319999933242798,9259600
2026-01-22,2.2372937202453613,2.299999952316284,2.3499999046325684,2.2699999809265137,2.2699999809265137,2399100
2026-01-23,2.247020959854126,2.309999942779541,2.3299999237060547,2.200000047683716,2.2699999809265137,3676600
2026-01-26,2.1594748497009277,2.2200000286102295,2.309999942779541,2.2100000381469727,2.299999952316284,1812500
2026-01-27,2.0719285011291504,2.130000114440918,2.240000009536743,2.130000114440918,2.2100000381469727,3305100
2026-01-28,2.2664756774902344,2.3299999237060547,2.4800000190734863,2.1700000762939453,2.1700000762939453,8990900
2026-01-29,1.984382152557373,2.0399999618530273,2.2899999618530273,2.0299999713897705,2.25,9842000
2026-01-30,2.1302926540374756,2.190000057220459,2.190000057220459,2.0299999713897705,2.069999933242798,5150400
2026-02-02,2.2372937202453613,2.299999952316284,2.390000104904175,2.119999885559082,2.1600000858306885,4320200
2026-02-03,2.1108381748199463,2.1700000762939453,2.2899999618530273,2.069999933242798,2.2899999618530273,3573900
2026-02-04,2.2275662422180176,2.2899999618530273,2.309999942779541,2.190000057220459,2.2100000381469727,2874700
2026-02-05,2.0622010231018066,2.119999885559082,2.2799999713897705,2.059999942779541,2.2799999713897705,4643800
2026-02-06,2.276202917098999,2.3399999141693115,2.3399999141693115,2.1600000858306885,2.1600000858306885,2653600
2026-02-09,2.052473545074463,2.109999895095825,2.2300000190734863,2.0999999046325684,2.2100000381469727,3331400
2026-02-10,2.052473545074463,2.109999895095825,2.2100000381469727,2.0799999237060547,2.109999895095825,2359100
2026-02-11,2.013564348220825,2.069999933242798,2.1600000858306885,2.0199999809265137,2.119999885559082,2518000
2026-02-12,1.887108564376831,1.940000057220459,2.069999933242798,1.8600000143051147,2.0299999713897705,4010600
2026-02-13,1.867653727531433,1.9199999570846558,1.9700000286102295,1.8899999856948853,1.940000057220459,1799900
2026-02-17,1.984382152557373,2.0399999618530273,2.109999895095825,1.9199999570846558,1.9700000286102295,6577600
2026-02-18,1.9162907600402832,1.9700000286102295,2.069999933242798,1.9600000381469727,2.049999952316284,3902600
2026-02-19,1.8092896938323975,1.8600000143051147,2.0299999713897705,1.8300000429153442,1.9500000476837158,4041500
2026-02-20,1.8092896938323975,1.8600000143051147,1.940000057220459,1.809999942779541,1.8300000429153442,3744400
2026-02-23,1.712015986442566,1.7599999904632568,1.850000023841858,1.7400000095367432,1.850000023841858,4641400
2026-02-24,1.760652780532837,1.809999942779541,1.840000033378601,1.7599999904632568,1.7599999904632568,2233600
2026-02-25,1.7411980628967285,1.7899999618530273,1.8799999952316284,1.7699999809265137,1.809999942779541,2481800
2026-02-26,1.7217433452606201,1.7699999809265137,1.8200000524520874,1.7200000286102295,1.7799999713897705,2897600
2026-02-27,1.7509254217147827,1.7999999523162842,1.809999942779541,1.7100000381469727,1.7599999904632568,3287000
2026-03-02,1.7509254217147827,1.7999999523162842,1.8200000524520874,1.6699999570846558,1.7000000476837158,2616400
2026-03-03,1.6536519527435303,1.7000000476837158,1.7400000095367432,1.6799999475479126,1.7400000095367432,3573200
2026-03-04,1.712015986442566,1.7599999904632568,1.809999942779541,1.649999976158142,1.690000057220459,4353600
2026-03-05,1.8287444114685059,1.8799999952316284,1.909999966621399,1.7300000190734863,1.7300000190734863,6253700
2026-03-06,1.692561388015747,1.7400000095367432,1.8300000429153442,1.7100000381469727,1.8200000524520874,3310600
2026-03-09,1.6731066703796387,1.7200000286102295,1.7400000095367432,1.6399999856948853,1.7100000381469727,6464800
2026-03-10,1.6536519527435303,1.7000000476837158,1.7400000095367432,1.659999966621399,1.7100000381469727,2895900
2026-03-11,1.7022886276245117,1.75,1.7799999713897705,1.6699999570846558,1.7100000381469727,3386800
2026-03-12,1.663379192352295,1.7100000381469727,1.7699999809265137,1.690000057220459,1.7200000286102295,2359700
2026-03-13,1.614742398262024,1.659999966621399,1.7400000095367432,1.649999976158142,1.7100000381469727,2888800
2026-03-16,1.498013973236084,1.5399999618530273,1.690000057220459,1.5399999618530273,1.6699999570846558,3174800
2026-03-17,1.4104678630828857,1.4500000476837158,1.6299999952316284,1.4500000476837158,1.5499999523162842,4278100
2026-03-18,1.381285548210144,1.4199999570846558,1.4500000476837158,1.340000033378601,1.440000057220459,4314900
2026-03-19,1.4299225807189941,1.4700000286102295,1.4900000095367432,1.399999976158142,1.440000057220459,2238300
2026-03-20,1.3229215145111084,1.3600000143051147,1.4700000286102295,1.340000033378601,1.440000057220459,4372500
2026-03-23,1.3131940364837646,1.350000023841858,1.399999976158142,1.2799999713897705,1.3700000047683716,4148100
2026-03-24,1.3131940364837646,1.350000023841858,1.3600000143051147,1.309999942779541,1.3300000429153442,2322100
2026-03-25,1.3715581893920898,1.409999966621399,1.4600000381469727,1.3600000143051147,1.3700000047683716,2861600
2026-03-26,1.400740385055542,1.440000057220459,1.5,1.3899999856948853,1.3899999856948853,1971200
2026-03-27,1.3618309497833252,1.399999976158142,1.440000057220459,1.3899999856948853,1.399999976158142,1736400
2026-03-30,1.2451025247573853,1.2799999713897705,1.399999976158142,1.2599999904632568,1.3899999856948853,4188100
2026-03-31,1.2798265218734741,1.2899999618530273,1.3200000524520874,1.2599999904632568,1.2899999618530273,2110500
2026-04-01,1.2500630617141724,1.2599999904632568,1.3200000524520874,1.2599999904632568,1.2799999713897705,1541200
2026-04-02,1.2500630617141724,1.2599999904632568,1.2899999618530273,1.2200000286102295,1.25,3015700
2026-04-06,1.2202997207641602,1.2300000190734863,1.2999999523162842,1.2100000381469727,1.2699999809265137,3586900
2026-04-07,1.2599842548370361,1.2699999809265137,1.2799999713897705,1.2100000381469727,1.2100000381469727,2902500
2026-04-08,1.2599842548370361,1.2699999809265137,1.350000023841858,1.25,1.309999942779541,2451100
2026-04-09,1.2699053287506104,1.2799999713897705,1.2899999618530273,1.2300000190734863,1.2699999809265137,2988200
2026-04-10,1.210378646850586,1.2200000286102295,1.3200000524520874,1.2200000286102295,1.2999999523162842,2072400
2026-04-13,1.2599842548370361,1.2699999809265137,1.2799999713897705,1.190000057220459,1.2200000286102295,2456600
2026-04-14,1.398880124092102,1.409999966621399,1.409999966621399,1.2799999713897705,1.2799999713897705,3634100
2026-04-15,1.4584070444107056,1.4700000286102295,1.4800000190734863,1.399999976158142,1.4199999570846558,4162800
2026-04-16,1.5973029136657715,1.6100000143051147,1.6299999952316284,1.440000057220459,1.4800000190734863,3459000
2026-04-17,1.7163565158843994,1.7300000190734863,1.7699999809265137,1.649999976158142,1.6699999570846558,6414200
2026-04-20,1.8354101181030273,1.850000023841858,1.8799999952316284,1.690000057220459,1.7200000286102295,5449000
2026-04-21,1.7957255840301514,1.809999942779541,1.9299999475479126,1.809999942779541,1.850000023841858,3129700
2026-04-22,1.7957255840301514,1.809999942779541,1.8700000047683716,1.75,1.8200000524520874,2327900
2026-04-23,1.656829595565796,1.6699999570846558,1.809999942779541,1.659999966621399,1.7999999523162842,2138800
2026-04-24,1.5476971864700317,1.559999942779541,1.690000057220459,1.5499999523162842,1.690000057220459,3367200
2026-04-27,1.6072239875793457,1.6200000047683716,1.6299999952316284,1.5299999713897705,1.5399999618530273,1798200
2026-04-28,1.5774606466293335,1.590000033378601,1.6399999856948853,1.5800000429153442,1.6200000047683716,1626500
2026-04-29,1.5576183795928955,1.5700000524520874,1.6200000047683716,1.5399999618530273,1.5700000524520874,3162500
2026-04-30,2.232255458831787,2.25,2.299999952316284,1.75,1.9500000476837158,60840900
2026-05-01,2.678706645965576,2.700000047683716,2.7300000190734863,2.1500000953674316,2.259999990463257,20780900
2026-05-04,2.5794951915740967,2.5999999046325684,3.1700000762939453,2.569999933242798,2.819999933242798,32167300
2026-05-05,2.6191799640655518,2.640000104904175,2.6600000858306885,2.359999895095825,2.5399999618530273,12876500
2026-05-06,2.599337577819824,2.619999885559082,2.640000104904175,2.4000000953674316,2.619999885559082,6469300
2026-05-07,2.351309061050415,2.369999885559082,2.609999895095825,2.299999952316284,2.5999999046325684,6971400
2026-05-08,2.758075714111328,2.7799999713897705,2.809999942779541,2.3499999046325684,2.359999895095825,8442000
2026-05-11,2.6390223503112793,2.6600000858306885,2.9600000381469727,2.5799999237060547,2.7799999713897705,8228100
2026-05-12,2.708470106124878,2.7300000190734863,2.759999990463257,2.5199999809265137,2.640000104904175,6247300
2026-05-13,2.5199685096740723,2.5399999618530273,2.75,2.509999990463257,2.7300000190734863,6030400
2026-05-14,2.4108359813690186,2.430000066757202,2.5999999046325684,2.380000114440918,2.5199999809265137,4895300
2026-05-15,2.5596530437469482,2.5799999237060547,2.759999990463257,2.359999895095825,2.430000066757202,9098900
2026-05-18,2.629101037979126,2.6500000953674316,2.7200000286102295,2.5199999809265137,2.5999999046325684,5160900
2026-05-19,2.549731969833374,2.569999933242798,2.630000114440918,2.4600000381469727,2.630000114440918,4539600
2026-05-20,2.5199685096740723,2.5399999618530273,2.6700000762939453,2.5199999809265137,2.5799999237060547,3232400
2026-05-21,2.4802839756011963,2.5,2.569999933242798,2.369999885559082,2.5,4232300
2026-05-22,2.877129554748535,2.9000000953674316,2.9800000190734863,2.5,2.5199999809265137,9170500
2026-05-26,2.9862618446350098,3.009999990463257,3.2899999618530273,2.9100000858306885,2.9800000190734863,12405400
2026-05-27,3.075551986694336,3.0999999046325684,3.2200000286102295,2.9700000286102295,3.119999885559082,4885900
2026-05-28,3.0160253047943115,3.0399999618530273,3.299999952316284,2.9800000190734863,3.109999895095825,4942800
2026-05-29,3.2144479751586914,3.240000009536743,3.390000104904175,3.069999933242798,3.069999933242798,13541400
2026-06-01,3.0656309127807617,3.0899999141693115,3.4000000953674316,3.049999952316284,3.259999990463257,6029100
2026-06-02,3.2640535831451416,3.2899999618530273,3.319999933242798,3.119999885559082,3.1600000858306885,5239300
2026-06-03,3.2243690490722656,3.25,3.559999942779541,3.200000047683716,3.2899999618530273,7293900
2026-06-04,3.4624764919281006,3.490000009536743,3.609999895095825,3.2100000381469727,3.240000009536743,7679000
2026-06-05,3.2938170433044434,3.319999933242798,3.75,3.2899999618530273,3.680000066757202,7714000
2026-06-08,3.522003173828125,3.549999952316284,3.640000104904175,3.3399999141693115,3.380000114440918,5566900
2026-06-09,3.3632652759552,3.390000104904175,3.630000114440918,3.1500000953674316,3.5799999237060547,5089500
2026-06-10,3.2144479751586914,3.240000009536743,3.440000057220459,3.200000047683716,3.359999895095825,3349800
2026-06-11,3.442634105682373,3.4700000286102295,3.5,3.2100000381469727,3.240000009536743,4095600
2026-06-12,3.442634105682373,3.4700000286102295,3.549999952316284,3.3399999141693115,3.4700000286102295,4309200
2026-06-15,3.393028497695923,3.4200000762939453,3.569999933242798,3.4100000858306885,3.5399999618530273,3217800
2026-06-16,3.2640535831451416,3.2899999618530273,3.4600000381469727,3.2799999713897705,3.4200000762939453,2876800
2026-06-17,3.115236759185791,3.140000104904175,3.359999895095825,3.119999885559082,3.2899999618530273,2951300
2026-06-18,2.996182918548584,3.0199999809265137,3.2100000381469727,2.990000009536743,3.180000066757202,5862500
2026-06-22,3.03586745262146,3.059999942779541,3.130000114440918,3.0,3.0199999809265137,3230300
2026-06-23,3.115236759185791,3.140000104904175,3.440000057220459,2.9700000286102295,2.9800000190734863,7492100
2026-06-24,3.115236759185791,3.140000104904175,3.200000047683716,3.049999952316284,3.0999999046325684,2427500
2026-06-25,3.194605827331543,3.2200000286102295,3.299999952316284,3.140000104904175,3.2100000381469727,3118800
2026-06-26,3.283895969390869,3.309999942779541,3.3299999237060547,3.0799999237060547,3.200000047683716,7754100
2026-06-29,3.1450002193450928,3.1700000762939453,3.4000000953674316,3.119999885559082,3.3399999141693115,4407500
2026-06-30,3.130000114440918,3.130000114440918,3.240000009536743,3.0799999237060547,3.1600000858306885,3292900
2026-07-01,3.0999999046325684,3.0999999046325684,3.2100000381469727,2.9800000190734863,3.069999933242798,2805700
2026-07-02,2.799999952316284,2.799999952316284,3.130000114440918,2.7799999713897705,3.0799999237060547,3949600
2026-07-06,2.880000114440918,2.880000114440918,3.009999990463257,2.7799999713897705,2.7799999713897705,2091400
2026-07-07,2.6700000762939453,2.6700000762939453,2.9600000381469727,2.6600000858306885,2.8399999141693115,4490000
2026-07-08,2.6700000762939453,2.6700000762939453,2.7300000190734863,2.5999999046325684,2.5999999046325684,2462600
2026-07-09,2.7799999713897705,2.7799999713897705,2.8499999046325684,2.690000057220459,2.7100000381469727,3033800
2026-07-10,2.819999933242798,2.819999933242798,2.859999895095825,2.7300000190734863,2.8299999237060547,2547000
2026-07-13,2.7699999809265137,2.7699999809265137,2.859999895095825,2.690000057220459,2.7799999713897705,1975900
2026-07-14,2.7300000190734863,2.7300000190734863,2.880000114440918,2.690000057220459,2.8499999046325684,1898400
2026-07-15,2.700000047683716,2.700000047683716,2.809999942779541,2.690000057220459,2.7300000190734863,1547500
2026-07-16,2.680000066757202,2.680000066757202,2.799999952316284,2.6700000762939453,2.7300000190734863,1912500
2026-07-17,2.7699999809265137,2.7699999809265137,2.819999933242798,2.630000114440918,2.630000114440918,1508700
2026-07-20,2.609999895095825,2.609999895095825,2.7699999809265137,2.5899999141693115,2.759999990463257,2112500
2026-07-21,2.740000009536743,2.740000009536743,2.7799999713897705,2.5999999046325684,2.5999999046325684,2501700
2026-07-22,2.6600000858306885,2.6600000858306885,2.8299999237060547,2.6500000953674316,2.7300000190734863,2212400
2026-07-23,2.609999895095825,2.609999895095825,2.640000104904175,2.509999990463257,2.5999999046325684,1992000
2026-07-24,2.5799999237060547,2.5799999237060547,2.6600000858306885,2.549999952316284,2.630000114440918,1171500
2026-07-27,2.7300000190734863,2.7300000190734863,2.7799999713897705,2.619999885559082,2.619999885559082,2129800
2026-07-28,2.75,2.75,2.759999990463257,2.640000104904175,2.740000009536743,1849100
2026-07-29,2.640000104904175,2.640000104904175,2.819999933242798,2.609999895095825,2.7699999809265137,3065600
2026-07-30,3.490000009536743,3.490000009536743,3.7799999713897705,3.2300000190734863,3.4200000762939453,29519300
2026-07-31,2.950000047683716,2.950000047683716,3.509999990463257,2.869999885559082,3.490000009536743,11714300
2026-08-03,3.130000114440918,3.130000114440918,3.2799999713897705,2.9000000953674316,2.9800000190734863,5354200
2026-08-04,3.2300000190734863,3.2300000190734863,3.3499999046325684,3.1500000953674316,3.200000047683716,4212800
2026-08-05,3.140000104904175,3.140000104904175,3.2300000190734863,3.0999999046325684,3.2100000381469727,1960900
2026-08-06,3.2300000190734863,3.2300000190734863,3.390000104904175,3.0899999141693115,3.140000104904175,2631200
2026-08-07,3.240000009536743,3.240000009536743,3.2899999618530273,3.200000047683716,3.259999990463257,2614200
2026-08-10,3.25,3.25,3.2799999713897705,3.1700000762939453,3.2699999809265137,1932300
2026-08-11,3.2200000286102295,3.2200000286102295,3.25,3.119999885559082,3.200000047683716,1650700
2026-08-12,3.140000104904175,3.140000104904175,3.2300000190734863,3.069999933242798,3.2300000190734863,1729000
2026-08-13,3.140000104904175,3.140000104904175,3.190000057220459,3.0999999046325684,3.119999885559082,1264400
2026-08-14,3.0999999046325684,3.0999999046325684,3.1500000953674316,3.0799999237060547,3.1500000953674316,1606700
2026-08-17,2.950000047683716,2.950000047683716,3.0799999237060547,2.9100000858306885,3.059999942779541,3162600
2026-08-18,2.9700000286102295,2.9700000286102295,3.0899999141693115,2.9600000381469727,3.0,1717600
2026-08-19,2.8499999046325684,2.8499999046325684,3.0199999809265137,2.819999933242798,2.9800000190734863,1880100
2026-08-20,2.8399999141693115,2.8399999141693115,2.880000114440918,2.809999942779541,2.8499999046325684,1334400
2026-08-21,2.9000000953674316,2.9000000953674316,3.0,2.8499999046325684,2.859999895095825,1487200
2026-08-24,2.8499999046325684,2.8499999046325684,2.890000104904175,2.819999933242798,2.859999895095825,1134000
