Industry Group Code,Industry Group,Ticker 1,Ticker 2,Return Observations,Correlation,Screen Passed,Status
1010,Energy,ANDV,APA,251,0.2933535413154401,False,OK
1010,Energy,ANDV,APC,0,,False,Incomplete or constant formation history
1010,Energy,ANDV,BKR,0,,False,Incomplete or constant formation history
1010,Energy,ANDV,CAM,0,,False,Incomplete or constant formation history
1010,Energy,ANDV,CNX,251,0.12049949648656978,False,OK
1010,Energy,ANDV,COP,251,0.3160994621067304,False,OK
1010,Energy,ANDV,CVX,251,0.33830410488967744,False,OK
1010,Energy,ANDV,DVN,251,0.29801690252825236,False,OK
1010,Energy,ANDV,EOG,251,0.31910833128998584,False,OK
1010,Energy,ANDV,EQT,251,0.3062794266593204,False,OK
1010,Energy,ANDV,EXE,0,,False,Incomplete or constant formation history
1010,Energy,ANDV,FANG,0,,False,Incomplete or constant formation history
1010,Energy,ANDV,FTI,251,0.2549185013373217,False,OK
1010,Energy,ANDV,HAL,251,0.23992676492596313,False,OK
1010,Energy,ANDV,HP,251,0.23313277323765677,False,OK
1010,Energy,ANDV,KMI,251,0.21358877180934535,False,OK
1010,Energy,ANDV,MPC,251,0.7078883762477289,False,OK
1010,Energy,ANDV,MUR,251,0.29006767139846085,False,OK
1010,Energy,ANDV,NBR,0,,False,Incomplete or constant formation history
1010,Energy,ANDV,NFX,0,,False,Incomplete or constant formation history
1010,Energy,ANDV,NOV,251,0.15498292182760356,False,OK
1010,Energy,ANDV,OKE,251,0.2921250719086167,False,OK
1010,Energy,ANDV,OXY,251,0.2996181478919387,False,OK
1010,Energy,ANDV,PSX,251,0.6387644195811266,False,OK
1010,Energy,ANDV,RRC,251,0.25871827579618817,False,OK
1010,Energy,ANDV,SLB,251,0.2529847718783551,False,OK
1010,Energy,ANDV,TPL,0,,False,Incomplete or constant formation history
1010,Energy,ANDV,TRGP,0,,False,Incomplete or constant formation history
1010,Energy,ANDV,VLO,251,0.766920225933335,False,OK
1010,Energy,ANDV,WMB,251,0.2608921802738097,False,OK
1010,Energy,ANDV,XOM,251,0.34387596365354867,False,OK
1010,Energy,APA,APC,0,,False,Incomplete or constant formation history
1010,Energy,APA,BKR,0,,False,Incomplete or constant formation history
1010,Energy,APA,CAM,0,,False,Incomplete or constant formation history
1010,Energy,APA,CNX,251,0.4987307128930115,False,OK
1010,Energy,APA,COP,251,0.7589506595152185,False,OK
1010,Energy,APA,CVX,251,0.7079020850624151,False,OK
1010,Energy,APA,DVN,251,0.7562276939517056,False,OK
1010,Energy,APA,EOG,251,0.785733081388483,False,OK
1010,Energy,APA,EQT,251,0.5903885039799903,False,OK
1010,Energy,APA,EXE,0,,False,Incomplete or constant formation history
1010,Energy,APA,FANG,0,,False,Incomplete or constant formation history
1010,Energy,APA,FTI,251,0.596783539517024,False,OK
1010,Energy,APA,HAL,251,0.67068875955416,False,OK
1010,Energy,APA,HP,251,0.7295817586081419,False,OK
1010,Energy,APA,KMI,251,0.4837295143510586,False,OK
1010,Energy,APA,MPC,251,0.34803279267984333,False,OK
1010,Energy,APA,MUR,251,0.7568263366153255,False,OK
1010,Energy,APA,NBR,0,,False,Incomplete or constant formation history
1010,Energy,APA,NFX,0,,False,Incomplete or constant formation history
1010,Energy,APA,NOV,251,0.5903079825730148,False,OK
1010,Energy,APA,OKE,251,0.532828612977199,False,OK
1010,Energy,APA,OXY,251,0.7725878145615741,False,OK
1010,Energy,APA,PSX,251,0.5644326855989603,False,OK
1010,Energy,APA,RRC,251,0.6010042615375221,False,OK
1010,Energy,APA,SLB,251,0.6970750413075868,False,OK
1010,Energy,APA,TPL,0,,False,Incomplete or constant formation history
1010,Energy,APA,TRGP,0,,False,Incomplete or constant formation history
1010,Energy,APA,VLO,251,0.31454296806412685,False,OK
1010,Energy,APA,WMB,251,0.48611522288846243,False,OK
1010,Energy,APA,XOM,251,0.6358726629146494,False,OK
1010,Energy,APC,BKR,0,,False,Incomplete or constant formation history
1010,Energy,APC,CAM,0,,False,Incomplete or constant formation history
1010,Energy,APC,CNX,0,,False,Incomplete or constant formation history
1010,Energy,APC,COP,0,,False,Incomplete or constant formation history
1010,Energy,APC,CVX,0,,False,Incomplete or constant formation history
1010,Energy,APC,DVN,0,,False,Incomplete or constant formation history
1010,Energy,APC,EOG,0,,False,Incomplete or constant formation history
1010,Energy,APC,EQT,0,,False,Incomplete or constant formation history
1010,Energy,APC,EXE,0,,False,Incomplete or constant formation history
1010,Energy,APC,FANG,0,,False,Incomplete or constant formation history
1010,Energy,APC,FTI,0,,False,Incomplete or constant formation history
1010,Energy,APC,HAL,0,,False,Incomplete or constant formation history
1010,Energy,APC,HP,0,,False,Incomplete or constant formation history
1010,Energy,APC,KMI,0,,False,Incomplete or constant formation history
1010,Energy,APC,MPC,0,,False,Incomplete or constant formation history
1010,Energy,APC,MUR,0,,False,Incomplete or constant formation history
1010,Energy,APC,NBR,0,,False,Incomplete or constant formation history
1010,Energy,APC,NFX,0,,False,Incomplete or constant formation history
1010,Energy,APC,NOV,0,,False,Incomplete or constant formation history
1010,Energy,APC,OKE,0,,False,Incomplete or constant formation history
1010,Energy,APC,OXY,0,,False,Incomplete or constant formation history
1010,Energy,APC,PSX,0,,False,Incomplete or constant formation history
1010,Energy,APC,RRC,0,,False,Incomplete or constant formation history
1010,Energy,APC,SLB,0,,False,Incomplete or constant formation history
1010,Energy,APC,TPL,0,,False,Incomplete or constant formation history
1010,Energy,APC,TRGP,0,,False,Incomplete or constant formation history
1010,Energy,APC,VLO,0,,False,Incomplete or constant formation history
1010,Energy,APC,WMB,0,,False,Incomplete or constant formation history
1010,Energy,APC,XOM,0,,False,Incomplete or constant formation history
1010,Energy,BKR,CAM,0,,False,Incomplete or constant formation history
1010,Energy,BKR,CNX,0,,False,Incomplete or constant formation history
1010,Energy,BKR,COP,0,,False,Incomplete or constant formation history
1010,Energy,BKR,CVX,0,,False,Incomplete or constant formation history
1010,Energy,BKR,DVN,0,,False,Incomplete or constant formation history
1010,Energy,BKR,EOG,0,,False,Incomplete or constant formation history
1010,Energy,BKR,EQT,0,,False,Incomplete or constant formation history
1010,Energy,BKR,EXE,0,,False,Incomplete or constant formation history
1010,Energy,BKR,FANG,0,,False,Incomplete or constant formation history
1010,Energy,BKR,FTI,0,,False,Incomplete or constant formation history
1010,Energy,BKR,HAL,0,,False,Incomplete or constant formation history
1010,Energy,BKR,HP,0,,False,Incomplete or constant formation history
1010,Energy,BKR,KMI,0,,False,Incomplete or constant formation history
1010,Energy,BKR,MPC,0,,False,Incomplete or constant formation history
1010,Energy,BKR,MUR,0,,False,Incomplete or constant formation history
1010,Energy,BKR,NBR,0,,False,Incomplete or constant formation history
1010,Energy,BKR,NFX,0,,False,Incomplete or constant formation history
1010,Energy,BKR,NOV,0,,False,Incomplete or constant formation history
1010,Energy,BKR,OKE,0,,False,Incomplete or constant formation history
1010,Energy,BKR,OXY,0,,False,Incomplete or constant formation history
1010,Energy,BKR,PSX,0,,False,Incomplete or constant formation history
1010,Energy,BKR,RRC,0,,False,Incomplete or constant formation history
1010,Energy,BKR,SLB,0,,False,Incomplete or constant formation history
1010,Energy,BKR,TPL,0,,False,Incomplete or constant formation history
1010,Energy,BKR,TRGP,0,,False,Incomplete or constant formation history
1010,Energy,BKR,VLO,0,,False,Incomplete or constant formation history
1010,Energy,BKR,WMB,0,,False,Incomplete or constant formation history
1010,Energy,BKR,XOM,0,,False,Incomplete or constant formation history
1010,Energy,CAM,CNX,0,,False,Incomplete or constant formation history
1010,Energy,CAM,COP,0,,False,Incomplete or constant formation history
1010,Energy,CAM,CVX,0,,False,Incomplete or constant formation history
1010,Energy,CAM,DVN,0,,False,Incomplete or constant formation history
1010,Energy,CAM,EOG,0,,False,Incomplete or constant formation history
1010,Energy,CAM,EQT,0,,False,Incomplete or constant formation history
1010,Energy,CAM,EXE,0,,False,Incomplete or constant formation history
1010,Energy,CAM,FANG,0,,False,Incomplete or constant formation history
1010,Energy,CAM,FTI,0,,False,Incomplete or constant formation history
1010,Energy,CAM,HAL,0,,False,Incomplete or constant formation history
1010,Energy,CAM,HP,0,,False,Incomplete or constant formation history
1010,Energy,CAM,KMI,0,,False,Incomplete or constant formation history
1010,Energy,CAM,MPC,0,,False,Incomplete or constant formation history
1010,Energy,CAM,MUR,0,,False,Incomplete or constant formation history
1010,Energy,CAM,NBR,0,,False,Incomplete or constant formation history
1010,Energy,CAM,NFX,0,,False,Incomplete or constant formation history
1010,Energy,CAM,NOV,0,,False,Incomplete or constant formation history
1010,Energy,CAM,OKE,0,,False,Incomplete or constant formation history
1010,Energy,CAM,OXY,0,,False,Incomplete or constant formation history
1010,Energy,CAM,PSX,0,,False,Incomplete or constant formation history
1010,Energy,CAM,RRC,0,,False,Incomplete or constant formation history
1010,Energy,CAM,SLB,0,,False,Incomplete or constant formation history
1010,Energy,CAM,TPL,0,,False,Incomplete or constant formation history
1010,Energy,CAM,TRGP,0,,False,Incomplete or constant formation history
1010,Energy,CAM,VLO,0,,False,Incomplete or constant formation history
1010,Energy,CAM,WMB,0,,False,Incomplete or constant formation history
1010,Energy,CAM,XOM,0,,False,Incomplete or constant formation history
1010,Energy,CNX,COP,251,0.5286392553431141,False,OK
1010,Energy,CNX,CVX,251,0.50231720397195,False,OK
1010,Energy,CNX,DVN,251,0.5740604199298691,False,OK
1010,Energy,CNX,EOG,251,0.5166850688668715,False,OK
1010,Energy,CNX,EQT,251,0.5315737769191801,False,OK
1010,Energy,CNX,EXE,0,,False,Incomplete or constant formation history
1010,Energy,CNX,FANG,0,,False,Incomplete or constant formation history
1010,Energy,CNX,FTI,251,0.4679886293032438,False,OK
1010,Energy,CNX,HAL,251,0.5151737695602496,False,OK
1010,Energy,CNX,HP,251,0.5177572246084383,False,OK
1010,Energy,CNX,KMI,251,0.43901469916286856,False,OK
1010,Energy,CNX,MPC,251,0.21458942500091963,False,OK
1010,Energy,CNX,MUR,251,0.6092278657759576,False,OK
1010,Energy,CNX,NBR,0,,False,Incomplete or constant formation history
1010,Energy,CNX,NFX,0,,False,Incomplete or constant formation history
1010,Energy,CNX,NOV,251,0.5010070414244315,False,OK
1010,Energy,CNX,OKE,251,0.5152765947823775,False,OK
1010,Energy,CNX,OXY,251,0.533981749426183,False,OK
1010,Energy,CNX,PSX,251,0.33017376129228193,False,OK
1010,Energy,CNX,RRC,251,0.5477968379362168,False,OK
1010,Energy,CNX,SLB,251,0.47432277753932806,False,OK
1010,Energy,CNX,TPL,0,,False,Incomplete or constant formation history
1010,Energy,CNX,TRGP,0,,False,Incomplete or constant formation history
1010,Energy,CNX,VLO,251,0.16647655626600466,False,OK
1010,Energy,CNX,WMB,251,0.38045024035464126,False,OK
1010,Energy,CNX,XOM,251,0.4334553736025661,False,OK
1010,Energy,COP,CVX,251,0.8548915927638485,True,OK
1010,Energy,COP,DVN,251,0.8091344813628548,True,OK
1010,Energy,COP,EOG,251,0.8370278510764677,True,OK
1010,Energy,COP,EQT,251,0.5595245746596079,False,OK
1010,Energy,COP,EXE,0,,False,Incomplete or constant formation history
1010,Energy,COP,FANG,0,,False,Incomplete or constant formation history
1010,Energy,COP,FTI,251,0.6590560297369228,False,OK
1010,Energy,COP,HAL,251,0.7859955049129811,False,OK
1010,Energy,COP,HP,251,0.7886168943973529,False,OK
1010,Energy,COP,KMI,251,0.5573479745419894,False,OK
1010,Energy,COP,MPC,251,0.44894763746113636,False,OK
1010,Energy,COP,MUR,251,0.8182493596357331,True,OK
1010,Energy,COP,NBR,0,,False,Incomplete or constant formation history
1010,Energy,COP,NFX,0,,False,Incomplete or constant formation history
1010,Energy,COP,NOV,251,0.6689613374570416,False,OK
1010,Energy,COP,OKE,251,0.6225421196973876,False,OK
1010,Energy,COP,OXY,251,0.8149997838821824,True,OK
1010,Energy,COP,PSX,251,0.672110479168956,False,OK
1010,Energy,COP,RRC,251,0.5937309777243539,False,OK
1010,Energy,COP,SLB,251,0.7786494434384753,False,OK
1010,Energy,COP,TPL,0,,False,Incomplete or constant formation history
1010,Energy,COP,TRGP,0,,False,Incomplete or constant formation history
1010,Energy,COP,VLO,251,0.39692227123043794,False,OK
1010,Energy,COP,WMB,251,0.5233313690216808,False,OK
1010,Energy,COP,XOM,251,0.8041213525841109,True,OK
1010,Energy,CVX,DVN,251,0.7303021765001303,False,OK
1010,Energy,CVX,EOG,251,0.7634839972750271,False,OK
1010,Energy,CVX,EQT,251,0.5057032986938765,False,OK
1010,Energy,CVX,EXE,0,,False,Incomplete or constant formation history
1010,Energy,CVX,FANG,0,,False,Incomplete or constant formation history
1010,Energy,CVX,FTI,251,0.6370042457562272,False,OK
1010,Energy,CVX,HAL,251,0.7394999183499006,False,OK
1010,Energy,CVX,HP,251,0.7143175284729367,False,OK
1010,Energy,CVX,KMI,251,0.5198501634254984,False,OK
1010,Energy,CVX,MPC,251,0.4784076618042639,False,OK
1010,Energy,CVX,MUR,251,0.759256567188783,False,OK
1010,Energy,CVX,NBR,0,,False,Incomplete or constant formation history
1010,Energy,CVX,NFX,0,,False,Incomplete or constant formation history
1010,Energy,CVX,NOV,251,0.6437545969378072,False,OK
1010,Energy,CVX,OKE,251,0.5864585740024371,False,OK
1010,Energy,CVX,OXY,251,0.7938669865004492,False,OK
1010,Energy,CVX,PSX,251,0.655164343264632,False,OK
1010,Energy,CVX,RRC,251,0.5375784368130965,False,OK
1010,Energy,CVX,SLB,251,0.737313354772283,False,OK
1010,Energy,CVX,TPL,0,,False,Incomplete or constant formation history
1010,Energy,CVX,TRGP,0,,False,Incomplete or constant formation history
1010,Energy,CVX,VLO,251,0.400470110263553,False,OK
1010,Energy,CVX,WMB,251,0.5152097148944574,False,OK
1010,Energy,CVX,XOM,251,0.8713763648190253,True,OK
1010,Energy,DVN,EOG,251,0.7880080653806275,False,OK
1010,Energy,DVN,EQT,251,0.6612596972075997,False,OK
1010,Energy,DVN,EXE,0,,False,Incomplete or constant formation history
1010,Energy,DVN,FANG,0,,False,Incomplete or constant formation history
1010,Energy,DVN,FTI,251,0.6396503347804472,False,OK
1010,Energy,DVN,HAL,251,0.7111589653936782,False,OK
1010,Energy,DVN,HP,251,0.7136271949679673,False,OK
1010,Energy,DVN,KMI,251,0.6295572608874842,False,OK
1010,Energy,DVN,MPC,251,0.44005610020611263,False,OK
1010,Energy,DVN,MUR,251,0.8082717890860417,True,OK
1010,Energy,DVN,NBR,0,,False,Incomplete or constant formation history
1010,Energy,DVN,NFX,0,,False,Incomplete or constant formation history
1010,Energy,DVN,NOV,251,0.6184496285682147,False,OK
1010,Energy,DVN,OKE,251,0.6232921221304968,False,OK
1010,Energy,DVN,OXY,251,0.7792147111032794,False,OK
1010,Energy,DVN,PSX,251,0.6272412390483496,False,OK
1010,Energy,DVN,RRC,251,0.6641667453547101,False,OK
1010,Energy,DVN,SLB,251,0.7004110252797778,False,OK
1010,Energy,DVN,TPL,0,,False,Incomplete or constant formation history
1010,Energy,DVN,TRGP,0,,False,Incomplete or constant formation history
1010,Energy,DVN,VLO,251,0.34039605503407766,False,OK
1010,Energy,DVN,WMB,251,0.5968436433215017,False,OK
1010,Energy,DVN,XOM,251,0.6991738151758399,False,OK
1010,Energy,EOG,EQT,251,0.5946733086232618,False,OK
1010,Energy,EOG,EXE,0,,False,Incomplete or constant formation history
1010,Energy,EOG,FANG,0,,False,Incomplete or constant formation history
1010,Energy,EOG,FTI,251,0.6398257303847016,False,OK
1010,Energy,EOG,HAL,251,0.7543630775538445,False,OK
1010,Energy,EOG,HP,251,0.7318412266957118,False,OK
1010,Energy,EOG,KMI,251,0.5605591704892199,False,OK
1010,Energy,EOG,MPC,251,0.4071290834116635,False,OK
1010,Energy,EOG,MUR,251,0.7548206518106523,False,OK
1010,Energy,EOG,NBR,0,,False,Incomplete or constant formation history
1010,Energy,EOG,NFX,0,,False,Incomplete or constant formation history
1010,Energy,EOG,NOV,251,0.594659630342794,False,OK
1010,Energy,EOG,OKE,251,0.6037559761932331,False,OK
1010,Energy,EOG,OXY,251,0.8125484985298373,True,OK
1010,Energy,EOG,PSX,251,0.6375193896019375,False,OK
1010,Energy,EOG,RRC,251,0.6179694064912339,False,OK
1010,Energy,EOG,SLB,251,0.7400535200876381,False,OK
1010,Energy,EOG,TPL,0,,False,Incomplete or constant formation history
1010,Energy,EOG,TRGP,0,,False,Incomplete or constant formation history
1010,Energy,EOG,VLO,251,0.3759580272248552,False,OK
1010,Energy,EOG,WMB,251,0.5231729230018618,False,OK
1010,Energy,EOG,XOM,251,0.7239312509518788,False,OK
1010,Energy,EQT,EXE,0,,False,Incomplete or constant formation history
1010,Energy,EQT,FANG,0,,False,Incomplete or constant formation history
1010,Energy,EQT,FTI,251,0.5172132877587825,False,OK
1010,Energy,EQT,HAL,251,0.5498977327196114,False,OK
1010,Energy,EQT,HP,251,0.5189866131778252,False,OK
1010,Energy,EQT,KMI,251,0.5050231641217112,False,OK
1010,Energy,EQT,MPC,251,0.29723213871404414,False,OK
1010,Energy,EQT,MUR,251,0.6322898770948683,False,OK
1010,Energy,EQT,NBR,0,,False,Incomplete or constant formation history
1010,Energy,EQT,NFX,0,,False,Incomplete or constant formation history
1010,Energy,EQT,NOV,251,0.5079491406836977,False,OK
1010,Energy,EQT,OKE,251,0.5425302768516854,False,OK
1010,Energy,EQT,OXY,251,0.5625693732591811,False,OK
1010,Energy,EQT,PSX,251,0.45588475967828934,False,OK
1010,Energy,EQT,RRC,251,0.7021638137250067,False,OK
1010,Energy,EQT,SLB,251,0.5317374040729131,False,OK
1010,Energy,EQT,TPL,0,,False,Incomplete or constant formation history
1010,Energy,EQT,TRGP,0,,False,Incomplete or constant formation history
1010,Energy,EQT,VLO,251,0.2681463580771484,False,OK
1010,Energy,EQT,WMB,251,0.399022447354017,False,OK
1010,Energy,EQT,XOM,251,0.4990006689589308,False,OK
1010,Energy,EXE,FANG,0,,False,Incomplete or constant formation history
1010,Energy,EXE,FTI,0,,False,Incomplete or constant formation history
1010,Energy,EXE,HAL,0,,False,Incomplete or constant formation history
1010,Energy,EXE,HP,0,,False,Incomplete or constant formation history
1010,Energy,EXE,KMI,0,,False,Incomplete or constant formation history
1010,Energy,EXE,MPC,0,,False,Incomplete or constant formation history
1010,Energy,EXE,MUR,0,,False,Incomplete or constant formation history
1010,Energy,EXE,NBR,0,,False,Incomplete or constant formation history
1010,Energy,EXE,NFX,0,,False,Incomplete or constant formation history
1010,Energy,EXE,NOV,0,,False,Incomplete or constant formation history
1010,Energy,EXE,OKE,0,,False,Incomplete or constant formation history
1010,Energy,EXE,OXY,0,,False,Incomplete or constant formation history
1010,Energy,EXE,PSX,0,,False,Incomplete or constant formation history
1010,Energy,EXE,RRC,0,,False,Incomplete or constant formation history
1010,Energy,EXE,SLB,0,,False,Incomplete or constant formation history
1010,Energy,EXE,TPL,0,,False,Incomplete or constant formation history
1010,Energy,EXE,TRGP,0,,False,Incomplete or constant formation history
1010,Energy,EXE,VLO,0,,False,Incomplete or constant formation history
1010,Energy,EXE,WMB,0,,False,Incomplete or constant formation history
1010,Energy,EXE,XOM,0,,False,Incomplete or constant formation history
1010,Energy,FANG,FTI,0,,False,Incomplete or constant formation history
1010,Energy,FANG,HAL,0,,False,Incomplete or constant formation history
1010,Energy,FANG,HP,0,,False,Incomplete or constant formation history
1010,Energy,FANG,KMI,0,,False,Incomplete or constant formation history
1010,Energy,FANG,MPC,0,,False,Incomplete or constant formation history
1010,Energy,FANG,MUR,0,,False,Incomplete or constant formation history
1010,Energy,FANG,NBR,0,,False,Incomplete or constant formation history
1010,Energy,FANG,NFX,0,,False,Incomplete or constant formation history
1010,Energy,FANG,NOV,0,,False,Incomplete or constant formation history
1010,Energy,FANG,OKE,0,,False,Incomplete or constant formation history
1010,Energy,FANG,OXY,0,,False,Incomplete or constant formation history
1010,Energy,FANG,PSX,0,,False,Incomplete or constant formation history
1010,Energy,FANG,RRC,0,,False,Incomplete or constant formation history
1010,Energy,FANG,SLB,0,,False,Incomplete or constant formation history
1010,Energy,FANG,TPL,0,,False,Incomplete or constant formation history
1010,Energy,FANG,TRGP,0,,False,Incomplete or constant formation history
1010,Energy,FANG,VLO,0,,False,Incomplete or constant formation history
1010,Energy,FANG,WMB,0,,False,Incomplete or constant formation history
1010,Energy,FANG,XOM,0,,False,Incomplete or constant formation history
1010,Energy,FTI,HAL,251,0.6603597991412189,False,OK
1010,Energy,FTI,HP,251,0.6906485341612777,False,OK
1010,Energy,FTI,KMI,251,0.4292897268491266,False,OK
1010,Energy,FTI,MPC,251,0.32453266787612806,False,OK
1010,Energy,FTI,MUR,251,0.6156812472074117,False,OK
1010,Energy,FTI,NBR,0,,False,Incomplete or constant formation history
1010,Energy,FTI,NFX,0,,False,Incomplete or constant formation history
1010,Energy,FTI,NOV,251,0.7246848148980629,False,OK
1010,Energy,FTI,OKE,251,0.5539881238267041,False,OK
1010,Energy,FTI,OXY,251,0.6555566302180598,False,OK
1010,Energy,FTI,PSX,251,0.46896661251785426,False,OK
1010,Energy,FTI,RRC,251,0.5211415245661072,False,OK
1010,Energy,FTI,SLB,251,0.6574756599517143,False,OK
1010,Energy,FTI,TPL,0,,False,Incomplete or constant formation history
1010,Energy,FTI,TRGP,0,,False,Incomplete or constant formation history
1010,Energy,FTI,VLO,251,0.28542729696479613,False,OK
1010,Energy,FTI,WMB,251,0.4292157334249582,False,OK
1010,Energy,FTI,XOM,251,0.5995827360914755,False,OK
1010,Energy,HAL,HP,251,0.7379507380689769,False,OK
1010,Energy,HAL,KMI,251,0.5254316685090485,False,OK
1010,Energy,HAL,MPC,251,0.4199144153476645,False,OK
1010,Energy,HAL,MUR,251,0.6578503347354169,False,OK
1010,Energy,HAL,NBR,0,,False,Incomplete or constant formation history
1010,Energy,HAL,NFX,0,,False,Incomplete or constant formation history
1010,Energy,HAL,NOV,251,0.6975009492045374,False,OK
1010,Energy,HAL,OKE,251,0.609309830979313,False,OK
1010,Energy,HAL,OXY,251,0.7584483851421188,False,OK
1010,Energy,HAL,PSX,251,0.5856724981731405,False,OK
1010,Energy,HAL,RRC,251,0.5484359804613974,False,OK
1010,Energy,HAL,SLB,251,0.8180044484655044,True,OK
1010,Energy,HAL,TPL,0,,False,Incomplete or constant formation history
1010,Energy,HAL,TRGP,0,,False,Incomplete or constant formation history
1010,Energy,HAL,VLO,251,0.33068961329104296,False,OK
1010,Energy,HAL,WMB,251,0.48644971139666093,False,OK
1010,Energy,HAL,XOM,251,0.6902013886464133,False,OK
1010,Energy,HP,KMI,251,0.4851735584384438,False,OK
1010,Energy,HP,MPC,251,0.303163979824133,False,OK
1010,Energy,HP,MUR,251,0.731021529661924,False,OK
1010,Energy,HP,NBR,0,,False,Incomplete or constant formation history
1010,Energy,HP,NFX,0,,False,Incomplete or constant formation history
1010,Energy,HP,NOV,251,0.6696229784900345,False,OK
1010,Energy,HP,OKE,251,0.586190178574371,False,OK
1010,Energy,HP,OXY,251,0.7037955159198253,False,OK
1010,Energy,HP,PSX,251,0.4845062892675692,False,OK
1010,Energy,HP,RRC,251,0.5718088579486688,False,OK
1010,Energy,HP,SLB,251,0.7655286127053123,False,OK
1010,Energy,HP,TPL,0,,False,Incomplete or constant formation history
1010,Energy,HP,TRGP,0,,False,Incomplete or constant formation history
1010,Energy,HP,VLO,251,0.27445782759481596,False,OK
1010,Energy,HP,WMB,251,0.41632816757622154,False,OK
1010,Energy,HP,XOM,251,0.653083025234344,False,OK
1010,Energy,KMI,MPC,251,0.34550791449092944,False,OK
1010,Energy,KMI,MUR,251,0.5237562715777685,False,OK
1010,Energy,KMI,NBR,0,,False,Incomplete or constant formation history
1010,Energy,KMI,NFX,0,,False,Incomplete or constant formation history
1010,Energy,KMI,NOV,251,0.43835534772472395,False,OK
1010,Energy,KMI,OKE,251,0.6348323382252388,False,OK
1010,Energy,KMI,OXY,251,0.5673202536080677,False,OK
1010,Energy,KMI,PSX,251,0.4467486030951196,False,OK
1010,Energy,KMI,RRC,251,0.4600200156442594,False,OK
1010,Energy,KMI,SLB,251,0.4717815314287128,False,OK
1010,Energy,KMI,TPL,0,,False,Incomplete or constant formation history
1010,Energy,KMI,TRGP,0,,False,Incomplete or constant formation history
1010,Energy,KMI,VLO,251,0.2723289321563241,False,OK
1010,Energy,KMI,WMB,251,0.6135848192863117,False,OK
1010,Energy,KMI,XOM,251,0.493241421514421,False,OK
1010,Energy,MPC,MUR,251,0.39793490129137904,False,OK
1010,Energy,MPC,NBR,0,,False,Incomplete or constant formation history
1010,Energy,MPC,NFX,0,,False,Incomplete or constant formation history
1010,Energy,MPC,NOV,251,0.2793444663653102,False,OK
1010,Energy,MPC,OKE,251,0.3931617513134896,False,OK
1010,Energy,MPC,OXY,251,0.4581717870784169,False,OK
1010,Energy,MPC,PSX,251,0.7890535764020088,False,OK
1010,Energy,MPC,RRC,251,0.2605444924611744,False,OK
1010,Energy,MPC,SLB,251,0.3686050798724356,False,OK
1010,Energy,MPC,TPL,0,,False,Incomplete or constant formation history
1010,Energy,MPC,TRGP,0,,False,Incomplete or constant formation history
1010,Energy,MPC,VLO,251,0.8345963709060206,True,OK
1010,Energy,MPC,WMB,251,0.3812752391608301,False,OK
1010,Energy,MPC,XOM,251,0.4846541040299413,False,OK
1010,Energy,MUR,NBR,0,,False,Incomplete or constant formation history
1010,Energy,MUR,NFX,0,,False,Incomplete or constant formation history
1010,Energy,MUR,NOV,251,0.6109140359082506,False,OK
1010,Energy,MUR,OKE,251,0.5840653460819455,False,OK
1010,Energy,MUR,OXY,251,0.7608747825440055,False,OK
1010,Energy,MUR,PSX,251,0.5890449727862052,False,OK
1010,Energy,MUR,RRC,251,0.5845512350751786,False,OK
1010,Energy,MUR,SLB,251,0.6878821889685885,False,OK
1010,Energy,MUR,TPL,0,,False,Incomplete or constant formation history
1010,Energy,MUR,TRGP,0,,False,Incomplete or constant formation history
1010,Energy,MUR,VLO,251,0.33603099763454947,False,OK
1010,Energy,MUR,WMB,251,0.4858380772863337,False,OK
1010,Energy,MUR,XOM,251,0.6991127644999562,False,OK
1010,Energy,NBR,NFX,0,,False,Incomplete or constant formation history
1010,Energy,NBR,NOV,0,,False,Incomplete or constant formation history
1010,Energy,NBR,OKE,0,,False,Incomplete or constant formation history
1010,Energy,NBR,OXY,0,,False,Incomplete or constant formation history
1010,Energy,NBR,PSX,0,,False,Incomplete or constant formation history
1010,Energy,NBR,RRC,0,,False,Incomplete or constant formation history
1010,Energy,NBR,SLB,0,,False,Incomplete or constant formation history
1010,Energy,NBR,TPL,0,,False,Incomplete or constant formation history
1010,Energy,NBR,TRGP,0,,False,Incomplete or constant formation history
1010,Energy,NBR,VLO,0,,False,Incomplete or constant formation history
1010,Energy,NBR,WMB,0,,False,Incomplete or constant formation history
1010,Energy,NBR,XOM,0,,False,Incomplete or constant formation history
1010,Energy,NFX,NOV,0,,False,Incomplete or constant formation history
1010,Energy,NFX,OKE,0,,False,Incomplete or constant formation history
1010,Energy,NFX,OXY,0,,False,Incomplete or constant formation history
1010,Energy,NFX,PSX,0,,False,Incomplete or constant formation history
1010,Energy,NFX,RRC,0,,False,Incomplete or constant formation history
1010,Energy,NFX,SLB,0,,False,Incomplete or constant formation history
1010,Energy,NFX,TPL,0,,False,Incomplete or constant formation history
1010,Energy,NFX,TRGP,0,,False,Incomplete or constant formation history
1010,Energy,NFX,VLO,0,,False,Incomplete or constant formation history
1010,Energy,NFX,WMB,0,,False,Incomplete or constant formation history
1010,Energy,NFX,XOM,0,,False,Incomplete or constant formation history
1010,Energy,NOV,OKE,251,0.5671701992972796,False,OK
1010,Energy,NOV,OXY,251,0.6536143932558098,False,OK
1010,Energy,NOV,PSX,251,0.4268105664619169,False,OK
1010,Energy,NOV,RRC,251,0.491942617006475,False,OK
1010,Energy,NOV,SLB,251,0.6479162419957412,False,OK
1010,Energy,NOV,TPL,0,,False,Incomplete or constant formation history
1010,Energy,NOV,TRGP,0,,False,Incomplete or constant formation history
1010,Energy,NOV,VLO,251,0.2100633168594351,False,OK
1010,Energy,NOV,WMB,251,0.34838961509341126,False,OK
1010,Energy,NOV,XOM,251,0.594891134227766,False,OK
1010,Energy,OKE,OXY,251,0.6333910995692132,False,OK
1010,Energy,OKE,PSX,251,0.5192649752897517,False,OK
1010,Energy,OKE,RRC,251,0.5499454013799133,False,OK
1010,Energy,OKE,SLB,251,0.5921322852746844,False,OK
1010,Energy,OKE,TPL,0,,False,Incomplete or constant formation history
1010,Energy,OKE,TRGP,0,,False,Incomplete or constant formation history
1010,Energy,OKE,VLO,251,0.3413190611933269,False,OK
1010,Energy,OKE,WMB,251,0.6778064800677766,False,OK
1010,Energy,OKE,XOM,251,0.5637601146266991,False,OK
1010,Energy,OXY,PSX,251,0.6449907697173511,False,OK
1010,Energy,OXY,RRC,251,0.5636059738253288,False,OK
1010,Energy,OXY,SLB,251,0.7760032105938549,False,OK
1010,Energy,OXY,TPL,0,,False,Incomplete or constant formation history
1010,Energy,OXY,TRGP,0,,False,Incomplete or constant formation history
1010,Energy,OXY,VLO,251,0.3969358090403089,False,OK
1010,Energy,OXY,WMB,251,0.5649767888982004,False,OK
1010,Energy,OXY,XOM,251,0.7719785229184594,False,OK
1010,Energy,PSX,RRC,251,0.44601858230190294,False,OK
1010,Energy,PSX,SLB,251,0.5789480025961085,False,OK
1010,Energy,PSX,TPL,0,,False,Incomplete or constant formation history
1010,Energy,PSX,TRGP,0,,False,Incomplete or constant formation history
1010,Energy,PSX,VLO,251,0.7683840566929783,False,OK
1010,Energy,PSX,WMB,251,0.5014401117984062,False,OK
1010,Energy,PSX,XOM,251,0.6196709230739537,False,OK
1010,Energy,RRC,SLB,251,0.5502728728504896,False,OK
1010,Energy,RRC,TPL,0,,False,Incomplete or constant formation history
1010,Energy,RRC,TRGP,0,,False,Incomplete or constant formation history
1010,Energy,RRC,VLO,251,0.22842021037991586,False,OK
1010,Energy,RRC,WMB,251,0.45145763400773864,False,OK
1010,Energy,RRC,XOM,251,0.4858912398395467,False,OK
1010,Energy,SLB,TPL,0,,False,Incomplete or constant formation history
1010,Energy,SLB,TRGP,0,,False,Incomplete or constant formation history
1010,Energy,SLB,VLO,251,0.3412918114581058,False,OK
1010,Energy,SLB,WMB,251,0.4751958770401922,False,OK
1010,Energy,SLB,XOM,251,0.6618275983500307,False,OK
1010,Energy,TPL,TRGP,0,,False,Incomplete or constant formation history
1010,Energy,TPL,VLO,0,,False,Incomplete or constant formation history
1010,Energy,TPL,WMB,0,,False,Incomplete or constant formation history
1010,Energy,TPL,XOM,0,,False,Incomplete or constant formation history
1010,Energy,TRGP,VLO,0,,False,Incomplete or constant formation history
1010,Energy,TRGP,WMB,0,,False,Incomplete or constant formation history
1010,Energy,TRGP,XOM,0,,False,Incomplete or constant formation history
1010,Energy,VLO,WMB,251,0.3179069905933986,False,OK
1010,Energy,VLO,XOM,251,0.4264631640856798,False,OK
1010,Energy,WMB,XOM,251,0.46797653297359043,False,OK
1510,Materials,ALB,AMCR,0,,False,Incomplete or constant formation history
1510,Materials,ALB,APD,0,,False,Incomplete or constant formation history
1510,Materials,ALB,AVY,0,,False,Incomplete or constant formation history
1510,Materials,ALB,BALL,0,,False,Incomplete or constant formation history
1510,Materials,ALB,CE,0,,False,Incomplete or constant formation history
1510,Materials,ALB,CF,0,,False,Incomplete or constant formation history
1510,Materials,ALB,CRH,0,,False,Incomplete or constant formation history
1510,Materials,ALB,CTVA,0,,False,Incomplete or constant formation history
1510,Materials,ALB,DOW,0,,False,Incomplete or constant formation history
1510,Materials,ALB,ECL,0,,False,Incomplete or constant formation history
1510,Materials,ALB,EMN,0,,False,Incomplete or constant formation history
1510,Materials,ALB,FCX,0,,False,Incomplete or constant formation history
1510,Materials,ALB,FMC,0,,False,Incomplete or constant formation history
1510,Materials,ALB,IFF,0,,False,Incomplete or constant formation history
1510,Materials,ALB,IP,0,,False,Incomplete or constant formation history
1510,Materials,ALB,LIN,0,,False,Incomplete or constant formation history
1510,Materials,ALB,LYB,0,,False,Incomplete or constant formation history
1510,Materials,ALB,MLM,0,,False,Incomplete or constant formation history
1510,Materials,ALB,MOS,0,,False,Incomplete or constant formation history
1510,Materials,ALB,NEM,0,,False,Incomplete or constant formation history
1510,Materials,ALB,NUE,0,,False,Incomplete or constant formation history
1510,Materials,ALB,OI,0,,False,Incomplete or constant formation history
1510,Materials,ALB,PKG,0,,False,Incomplete or constant formation history
1510,Materials,ALB,PPG,0,,False,Incomplete or constant formation history
1510,Materials,ALB,SHW,0,,False,Incomplete or constant formation history
1510,Materials,ALB,SOLS,0,,False,Incomplete or constant formation history
1510,Materials,ALB,STLD,0,,False,Incomplete or constant formation history
1510,Materials,ALB,SW,0,,False,Incomplete or constant formation history
1510,Materials,ALB,VMC,0,,False,Incomplete or constant formation history
1510,Materials,AMCR,APD,0,,False,Incomplete or constant formation history
1510,Materials,AMCR,AVY,0,,False,Incomplete or constant formation history
1510,Materials,AMCR,BALL,0,,False,Incomplete or constant formation history
1510,Materials,AMCR,CE,0,,False,Incomplete or constant formation history
1510,Materials,AMCR,CF,0,,False,Incomplete or constant formation history
1510,Materials,AMCR,CRH,0,,False,Incomplete or constant formation history
1510,Materials,AMCR,CTVA,0,,False,Incomplete or constant formation history
1510,Materials,AMCR,DOW,0,,False,Incomplete or constant formation history
1510,Materials,AMCR,ECL,0,,False,Incomplete or constant formation history
1510,Materials,AMCR,EMN,0,,False,Incomplete or constant formation history
1510,Materials,AMCR,FCX,0,,False,Incomplete or constant formation history
1510,Materials,AMCR,FMC,0,,False,Incomplete or constant formation history
1510,Materials,AMCR,IFF,0,,False,Incomplete or constant formation history
1510,Materials,AMCR,IP,0,,False,Incomplete or constant formation history
1510,Materials,AMCR,LIN,0,,False,Incomplete or constant formation history
1510,Materials,AMCR,LYB,0,,False,Incomplete or constant formation history
1510,Materials,AMCR,MLM,0,,False,Incomplete or constant formation history
1510,Materials,AMCR,MOS,0,,False,Incomplete or constant formation history
1510,Materials,AMCR,NEM,0,,False,Incomplete or constant formation history
1510,Materials,AMCR,NUE,0,,False,Incomplete or constant formation history
1510,Materials,AMCR,OI,0,,False,Incomplete or constant formation history
1510,Materials,AMCR,PKG,0,,False,Incomplete or constant formation history
1510,Materials,AMCR,PPG,0,,False,Incomplete or constant formation history
1510,Materials,AMCR,SHW,0,,False,Incomplete or constant formation history
1510,Materials,AMCR,SOLS,0,,False,Incomplete or constant formation history
1510,Materials,AMCR,STLD,0,,False,Incomplete or constant formation history
1510,Materials,AMCR,SW,0,,False,Incomplete or constant formation history
1510,Materials,AMCR,VMC,0,,False,Incomplete or constant formation history
1510,Materials,APD,AVY,251,0.5218680995023761,False,OK
1510,Materials,APD,BALL,0,,False,Incomplete or constant formation history
1510,Materials,APD,CE,0,,False,Incomplete or constant formation history
1510,Materials,APD,CF,251,0.38248021914208497,False,OK
1510,Materials,APD,CRH,0,,False,Incomplete or constant formation history
1510,Materials,APD,CTVA,0,,False,Incomplete or constant formation history
1510,Materials,APD,DOW,0,,False,Incomplete or constant formation history
1510,Materials,APD,ECL,251,0.673655770921295,False,OK
1510,Materials,APD,EMN,251,0.5549147201939298,False,OK
1510,Materials,APD,FCX,251,0.39431082335068707,False,OK
1510,Materials,APD,FMC,251,0.4733939258623891,False,OK
1510,Materials,APD,IFF,251,0.5893387260127879,False,OK
1510,Materials,APD,IP,251,0.5328375631732666,False,OK
1510,Materials,APD,LIN,0,,False,Incomplete or constant formation history
1510,Materials,APD,LYB,251,0.5271466346032779,False,OK
1510,Materials,APD,MLM,251,0.4348864447874054,False,OK
1510,Materials,APD,MOS,251,0.46147620676544976,False,OK
1510,Materials,APD,NEM,251,0.14816345001759648,False,OK
1510,Materials,APD,NUE,251,0.5186015280833932,False,OK
1510,Materials,APD,OI,251,0.4974285721611112,False,OK
1510,Materials,APD,PKG,0,,False,Incomplete or constant formation history
1510,Materials,APD,PPG,251,0.6616988035164046,False,OK
1510,Materials,APD,SHW,251,0.47994774097421933,False,OK
1510,Materials,APD,SOLS,0,,False,Incomplete or constant formation history
1510,Materials,APD,STLD,0,,False,Incomplete or constant formation history
1510,Materials,APD,SW,0,,False,Incomplete or constant formation history
1510,Materials,APD,VMC,251,0.4989675678447425,False,OK
1510,Materials,AVY,BALL,0,,False,Incomplete or constant formation history
1510,Materials,AVY,CE,0,,False,Incomplete or constant formation history
1510,Materials,AVY,CF,251,0.2715978900385525,False,OK
1510,Materials,AVY,CRH,0,,False,Incomplete or constant formation history
1510,Materials,AVY,CTVA,0,,False,Incomplete or constant formation history
1510,Materials,AVY,DOW,0,,False,Incomplete or constant formation history
1510,Materials,AVY,ECL,251,0.6006656829176968,False,OK
1510,Materials,AVY,EMN,251,0.528562401626798,False,OK
1510,Materials,AVY,FCX,251,0.3606569092114919,False,OK
1510,Materials,AVY,FMC,251,0.5110342140788575,False,OK
1510,Materials,AVY,IFF,251,0.5689525990260874,False,OK
1510,Materials,AVY,IP,251,0.6486469322717511,False,OK
1510,Materials,AVY,LIN,0,,False,Incomplete or constant formation history
1510,Materials,AVY,LYB,251,0.4127402803930521,False,OK
1510,Materials,AVY,MLM,251,0.5016819967852815,False,OK
1510,Materials,AVY,MOS,251,0.42262124972004483,False,OK
1510,Materials,AVY,NEM,251,0.22120648405453258,False,OK
1510,Materials,AVY,NUE,251,0.4453858631854536,False,OK
1510,Materials,AVY,OI,251,0.46578733186167276,False,OK
1510,Materials,AVY,PKG,0,,False,Incomplete or constant formation history
1510,Materials,AVY,PPG,251,0.6991656532283762,False,OK
1510,Materials,AVY,SHW,251,0.5949160546449989,False,OK
1510,Materials,AVY,SOLS,0,,False,Incomplete or constant formation history
1510,Materials,AVY,STLD,0,,False,Incomplete or constant formation history
1510,Materials,AVY,SW,0,,False,Incomplete or constant formation history
1510,Materials,AVY,VMC,251,0.5725478050483312,False,OK
1510,Materials,BALL,CE,0,,False,Incomplete or constant formation history
1510,Materials,BALL,CF,0,,False,Incomplete or constant formation history
1510,Materials,BALL,CRH,0,,False,Incomplete or constant formation history
1510,Materials,BALL,CTVA,0,,False,Incomplete or constant formation history
1510,Materials,BALL,DOW,0,,False,Incomplete or constant formation history
1510,Materials,BALL,ECL,0,,False,Incomplete or constant formation history
1510,Materials,BALL,EMN,0,,False,Incomplete or constant formation history
1510,Materials,BALL,FCX,0,,False,Incomplete or constant formation history
1510,Materials,BALL,FMC,0,,False,Incomplete or constant formation history
1510,Materials,BALL,IFF,0,,False,Incomplete or constant formation history
1510,Materials,BALL,IP,0,,False,Incomplete or constant formation history
1510,Materials,BALL,LIN,0,,False,Incomplete or constant formation history
1510,Materials,BALL,LYB,0,,False,Incomplete or constant formation history
1510,Materials,BALL,MLM,0,,False,Incomplete or constant formation history
1510,Materials,BALL,MOS,0,,False,Incomplete or constant formation history
1510,Materials,BALL,NEM,0,,False,Incomplete or constant formation history
1510,Materials,BALL,NUE,0,,False,Incomplete or constant formation history
1510,Materials,BALL,OI,0,,False,Incomplete or constant formation history
1510,Materials,BALL,PKG,0,,False,Incomplete or constant formation history
1510,Materials,BALL,PPG,0,,False,Incomplete or constant formation history
1510,Materials,BALL,SHW,0,,False,Incomplete or constant formation history
1510,Materials,BALL,SOLS,0,,False,Incomplete or constant formation history
1510,Materials,BALL,STLD,0,,False,Incomplete or constant formation history
1510,Materials,BALL,SW,0,,False,Incomplete or constant formation history
1510,Materials,BALL,VMC,0,,False,Incomplete or constant formation history
1510,Materials,CE,CF,0,,False,Incomplete or constant formation history
1510,Materials,CE,CRH,0,,False,Incomplete or constant formation history
1510,Materials,CE,CTVA,0,,False,Incomplete or constant formation history
1510,Materials,CE,DOW,0,,False,Incomplete or constant formation history
1510,Materials,CE,ECL,0,,False,Incomplete or constant formation history
1510,Materials,CE,EMN,0,,False,Incomplete or constant formation history
1510,Materials,CE,FCX,0,,False,Incomplete or constant formation history
1510,Materials,CE,FMC,0,,False,Incomplete or constant formation history
1510,Materials,CE,IFF,0,,False,Incomplete or constant formation history
1510,Materials,CE,IP,0,,False,Incomplete or constant formation history
1510,Materials,CE,LIN,0,,False,Incomplete or constant formation history
1510,Materials,CE,LYB,0,,False,Incomplete or constant formation history
1510,Materials,CE,MLM,0,,False,Incomplete or constant formation history
1510,Materials,CE,MOS,0,,False,Incomplete or constant formation history
1510,Materials,CE,NEM,0,,False,Incomplete or constant formation history
1510,Materials,CE,NUE,0,,False,Incomplete or constant formation history
1510,Materials,CE,OI,0,,False,Incomplete or constant formation history
1510,Materials,CE,PKG,0,,False,Incomplete or constant formation history
1510,Materials,CE,PPG,0,,False,Incomplete or constant formation history
1510,Materials,CE,SHW,0,,False,Incomplete or constant formation history
1510,Materials,CE,SOLS,0,,False,Incomplete or constant formation history
1510,Materials,CE,STLD,0,,False,Incomplete or constant formation history
1510,Materials,CE,SW,0,,False,Incomplete or constant formation history
1510,Materials,CE,VMC,0,,False,Incomplete or constant formation history
1510,Materials,CF,CRH,0,,False,Incomplete or constant formation history
1510,Materials,CF,CTVA,0,,False,Incomplete or constant formation history
1510,Materials,CF,DOW,0,,False,Incomplete or constant formation history
1510,Materials,CF,ECL,251,0.37386439894625295,False,OK
1510,Materials,CF,EMN,251,0.43428030495522535,False,OK
1510,Materials,CF,FCX,251,0.45694471978038714,False,OK
1510,Materials,CF,FMC,251,0.5028319678248774,False,OK
1510,Materials,CF,IFF,251,0.4029892798659823,False,OK
1510,Materials,CF,IP,251,0.31548108227358973,False,OK
1510,Materials,CF,LIN,0,,False,Incomplete or constant formation history
1510,Materials,CF,LYB,251,0.43400487557291606,False,OK
1510,Materials,CF,MLM,251,0.24950285961553173,False,OK
1510,Materials,CF,MOS,251,0.5291582628047533,False,OK
1510,Materials,CF,NEM,251,0.34041428013007474,False,OK
1510,Materials,CF,NUE,251,0.3632433549794993,False,OK
1510,Materials,CF,OI,251,0.38072582216339046,False,OK
1510,Materials,CF,PKG,0,,False,Incomplete or constant formation history
1510,Materials,CF,PPG,251,0.4410258932752719,False,OK
1510,Materials,CF,SHW,251,0.310031566697599,False,OK
1510,Materials,CF,SOLS,0,,False,Incomplete or constant formation history
1510,Materials,CF,STLD,0,,False,Incomplete or constant formation history
1510,Materials,CF,SW,0,,False,Incomplete or constant formation history
1510,Materials,CF,VMC,251,0.2814571079936085,False,OK
1510,Materials,CRH,CTVA,0,,False,Incomplete or constant formation history
1510,Materials,CRH,DOW,0,,False,Incomplete or constant formation history
1510,Materials,CRH,ECL,0,,False,Incomplete or constant formation history
1510,Materials,CRH,EMN,0,,False,Incomplete or constant formation history
1510,Materials,CRH,FCX,0,,False,Incomplete or constant formation history
1510,Materials,CRH,FMC,0,,False,Incomplete or constant formation history
1510,Materials,CRH,IFF,0,,False,Incomplete or constant formation history
1510,Materials,CRH,IP,0,,False,Incomplete or constant formation history
1510,Materials,CRH,LIN,0,,False,Incomplete or constant formation history
1510,Materials,CRH,LYB,0,,False,Incomplete or constant formation history
1510,Materials,CRH,MLM,0,,False,Incomplete or constant formation history
1510,Materials,CRH,MOS,0,,False,Incomplete or constant formation history
1510,Materials,CRH,NEM,0,,False,Incomplete or constant formation history
1510,Materials,CRH,NUE,0,,False,Incomplete or constant formation history
1510,Materials,CRH,OI,0,,False,Incomplete or constant formation history
1510,Materials,CRH,PKG,0,,False,Incomplete or constant formation history
1510,Materials,CRH,PPG,0,,False,Incomplete or constant formation history
1510,Materials,CRH,SHW,0,,False,Incomplete or constant formation history
1510,Materials,CRH,SOLS,0,,False,Incomplete or constant formation history
1510,Materials,CRH,STLD,0,,False,Incomplete or constant formation history
1510,Materials,CRH,SW,0,,False,Incomplete or constant formation history
1510,Materials,CRH,VMC,0,,False,Incomplete or constant formation history
1510,Materials,CTVA,DOW,0,,False,Incomplete or constant formation history
1510,Materials,CTVA,ECL,0,,False,Incomplete or constant formation history
1510,Materials,CTVA,EMN,0,,False,Incomplete or constant formation history
1510,Materials,CTVA,FCX,0,,False,Incomplete or constant formation history
1510,Materials,CTVA,FMC,0,,False,Incomplete or constant formation history
1510,Materials,CTVA,IFF,0,,False,Incomplete or constant formation history
1510,Materials,CTVA,IP,0,,False,Incomplete or constant formation history
1510,Materials,CTVA,LIN,0,,False,Incomplete or constant formation history
1510,Materials,CTVA,LYB,0,,False,Incomplete or constant formation history
1510,Materials,CTVA,MLM,0,,False,Incomplete or constant formation history
1510,Materials,CTVA,MOS,0,,False,Incomplete or constant formation history
1510,Materials,CTVA,NEM,0,,False,Incomplete or constant formation history
1510,Materials,CTVA,NUE,0,,False,Incomplete or constant formation history
1510,Materials,CTVA,OI,0,,False,Incomplete or constant formation history
1510,Materials,CTVA,PKG,0,,False,Incomplete or constant formation history
1510,Materials,CTVA,PPG,0,,False,Incomplete or constant formation history
1510,Materials,CTVA,SHW,0,,False,Incomplete or constant formation history
1510,Materials,CTVA,SOLS,0,,False,Incomplete or constant formation history
1510,Materials,CTVA,STLD,0,,False,Incomplete or constant formation history
1510,Materials,CTVA,SW,0,,False,Incomplete or constant formation history
1510,Materials,CTVA,VMC,0,,False,Incomplete or constant formation history
1510,Materials,DOW,ECL,0,,False,Incomplete or constant formation history
1510,Materials,DOW,EMN,0,,False,Incomplete or constant formation history
1510,Materials,DOW,FCX,0,,False,Incomplete or constant formation history
1510,Materials,DOW,FMC,0,,False,Incomplete or constant formation history
1510,Materials,DOW,IFF,0,,False,Incomplete or constant formation history
1510,Materials,DOW,IP,0,,False,Incomplete or constant formation history
1510,Materials,DOW,LIN,0,,False,Incomplete or constant formation history
1510,Materials,DOW,LYB,0,,False,Incomplete or constant formation history
1510,Materials,DOW,MLM,0,,False,Incomplete or constant formation history
1510,Materials,DOW,MOS,0,,False,Incomplete or constant formation history
1510,Materials,DOW,NEM,0,,False,Incomplete or constant formation history
1510,Materials,DOW,NUE,0,,False,Incomplete or constant formation history
1510,Materials,DOW,OI,0,,False,Incomplete or constant formation history
1510,Materials,DOW,PKG,0,,False,Incomplete or constant formation history
1510,Materials,DOW,PPG,0,,False,Incomplete or constant formation history
1510,Materials,DOW,SHW,0,,False,Incomplete or constant formation history
1510,Materials,DOW,SOLS,0,,False,Incomplete or constant formation history
1510,Materials,DOW,STLD,0,,False,Incomplete or constant formation history
1510,Materials,DOW,SW,0,,False,Incomplete or constant formation history
1510,Materials,DOW,VMC,0,,False,Incomplete or constant formation history
1510,Materials,ECL,EMN,251,0.6828706275296493,False,OK
1510,Materials,ECL,FCX,251,0.5337442916751988,False,OK
1510,Materials,ECL,FMC,251,0.5825266928592935,False,OK
1510,Materials,ECL,IFF,251,0.6392915913742874,False,OK
1510,Materials,ECL,IP,251,0.559987081882534,False,OK
1510,Materials,ECL,LIN,0,,False,Incomplete or constant formation history
1510,Materials,ECL,LYB,251,0.6588938107540583,False,OK
1510,Materials,ECL,MLM,251,0.4596475647904664,False,OK
1510,Materials,ECL,MOS,251,0.5298819884006137,False,OK
1510,Materials,ECL,NEM,251,0.23167875529204823,False,OK
1510,Materials,ECL,NUE,251,0.5311416230874204,False,OK
1510,Materials,ECL,OI,251,0.5576941738782031,False,OK
1510,Materials,ECL,PKG,0,,False,Incomplete or constant formation history
1510,Materials,ECL,PPG,251,0.739334122629569,False,OK
1510,Materials,ECL,SHW,251,0.5375841335015819,False,OK
1510,Materials,ECL,SOLS,0,,False,Incomplete or constant formation history
1510,Materials,ECL,STLD,0,,False,Incomplete or constant formation history
1510,Materials,ECL,SW,0,,False,Incomplete or constant formation history
1510,Materials,ECL,VMC,251,0.5515709687890427,False,OK
1510,Materials,EMN,FCX,251,0.6364254748203991,False,OK
1510,Materials,EMN,FMC,251,0.6374673269134253,False,OK
1510,Materials,EMN,IFF,251,0.5055689678316101,False,OK
1510,Materials,EMN,IP,251,0.49951716645934474,False,OK
1510,Materials,EMN,LIN,0,,False,Incomplete or constant formation history
1510,Materials,EMN,LYB,251,0.7142327413142032,False,OK
1510,Materials,EMN,MLM,251,0.38586426071624336,False,OK
1510,Materials,EMN,MOS,251,0.5426809617270163,False,OK
1510,Materials,EMN,NEM,251,0.34255312147540273,False,OK
1510,Materials,EMN,NUE,251,0.5874179401135982,False,OK
1510,Materials,EMN,OI,251,0.5757112467829664,False,OK
1510,Materials,EMN,PKG,0,,False,Incomplete or constant formation history
1510,Materials,EMN,PPG,251,0.6446706788606343,False,OK
1510,Materials,EMN,SHW,251,0.4043407091661627,False,OK
1510,Materials,EMN,SOLS,0,,False,Incomplete or constant formation history
1510,Materials,EMN,STLD,0,,False,Incomplete or constant formation history
1510,Materials,EMN,SW,0,,False,Incomplete or constant formation history
1510,Materials,EMN,VMC,251,0.4361023789624864,False,OK
1510,Materials,FCX,FMC,251,0.5781035656150231,False,OK
1510,Materials,FCX,IFF,251,0.41033912792888366,False,OK
1510,Materials,FCX,IP,251,0.3957346488223393,False,OK
1510,Materials,FCX,LIN,0,,False,Incomplete or constant formation history
1510,Materials,FCX,LYB,251,0.6440238548032741,False,OK
1510,Materials,FCX,MLM,251,0.3231543192687614,False,OK
1510,Materials,FCX,MOS,251,0.5263899390465803,False,OK
1510,Materials,FCX,NEM,251,0.4663867256726305,False,OK
1510,Materials,FCX,NUE,251,0.5315186922555922,False,OK
1510,Materials,FCX,OI,251,0.5347164370807305,False,OK
1510,Materials,FCX,PKG,0,,False,Incomplete or constant formation history
1510,Materials,FCX,PPG,251,0.49325736042866647,False,OK
1510,Materials,FCX,SHW,251,0.2930922829278128,False,OK
1510,Materials,FCX,SOLS,0,,False,Incomplete or constant formation history
1510,Materials,FCX,STLD,0,,False,Incomplete or constant formation history
1510,Materials,FCX,SW,0,,False,Incomplete or constant formation history
1510,Materials,FCX,VMC,251,0.387569013614482,False,OK
1510,Materials,FMC,IFF,251,0.5241220601740184,False,OK
1510,Materials,FMC,IP,251,0.5178237315711807,False,OK
1510,Materials,FMC,LIN,0,,False,Incomplete or constant formation history
1510,Materials,FMC,LYB,251,0.5759885120015658,False,OK
1510,Materials,FMC,MLM,251,0.39094980103969784,False,OK
1510,Materials,FMC,MOS,251,0.5688731309554141,False,OK
1510,Materials,FMC,NEM,251,0.3501260268814589,False,OK
1510,Materials,FMC,NUE,251,0.5013550146888054,False,OK
1510,Materials,FMC,OI,251,0.5207491975647706,False,OK
1510,Materials,FMC,PKG,0,,False,Incomplete or constant formation history
1510,Materials,FMC,PPG,251,0.5881313017817479,False,OK
1510,Materials,FMC,SHW,251,0.4824939937666938,False,OK
1510,Materials,FMC,SOLS,0,,False,Incomplete or constant formation history
1510,Materials,FMC,STLD,0,,False,Incomplete or constant formation history
1510,Materials,FMC,SW,0,,False,Incomplete or constant formation history
1510,Materials,FMC,VMC,251,0.47362253919954816,False,OK
1510,Materials,IFF,IP,251,0.556661512084117,False,OK
1510,Materials,IFF,LIN,0,,False,Incomplete or constant formation history
1510,Materials,IFF,LYB,251,0.49928122518505874,False,OK
1510,Materials,IFF,MLM,251,0.4167298659991998,False,OK
1510,Materials,IFF,MOS,251,0.43688936492340524,False,OK
1510,Materials,IFF,NEM,251,0.24253552708264986,False,OK
1510,Materials,IFF,NUE,251,0.4675678576108614,False,OK
1510,Materials,IFF,OI,251,0.436721054416268,False,OK
1510,Materials,IFF,PKG,0,,False,Incomplete or constant formation history
1510,Materials,IFF,PPG,251,0.7003696289127767,False,OK
1510,Materials,IFF,SHW,251,0.565473623780596,False,OK
1510,Materials,IFF,SOLS,0,,False,Incomplete or constant formation history
1510,Materials,IFF,STLD,0,,False,Incomplete or constant formation history
1510,Materials,IFF,SW,0,,False,Incomplete or constant formation history
1510,Materials,IFF,VMC,251,0.5278726394313181,False,OK
1510,Materials,IP,LIN,0,,False,Incomplete or constant formation history
1510,Materials,IP,LYB,251,0.43815413211508275,False,OK
1510,Materials,IP,MLM,251,0.5200836349702864,False,OK
1510,Materials,IP,MOS,251,0.44938925493104115,False,OK
1510,Materials,IP,NEM,251,0.25925223005076947,False,OK
1510,Materials,IP,NUE,251,0.5102608284177057,False,OK
1510,Materials,IP,OI,251,0.4856384874328191,False,OK
1510,Materials,IP,PKG,0,,False,Incomplete or constant formation history
1510,Materials,IP,PPG,251,0.6247424530325925,False,OK
1510,Materials,IP,SHW,251,0.4885709184606549,False,OK
1510,Materials,IP,SOLS,0,,False,Incomplete or constant formation history
1510,Materials,IP,STLD,0,,False,Incomplete or constant formation history
1510,Materials,IP,SW,0,,False,Incomplete or constant formation history
1510,Materials,IP,VMC,251,0.5458311098835403,False,OK
1510,Materials,LIN,LYB,0,,False,Incomplete or constant formation history
1510,Materials,LIN,MLM,0,,False,Incomplete or constant formation history
1510,Materials,LIN,MOS,0,,False,Incomplete or constant formation history
1510,Materials,LIN,NEM,0,,False,Incomplete or constant formation history
1510,Materials,LIN,NUE,0,,False,Incomplete or constant formation history
1510,Materials,LIN,OI,0,,False,Incomplete or constant formation history
1510,Materials,LIN,PKG,0,,False,Incomplete or constant formation history
1510,Materials,LIN,PPG,0,,False,Incomplete or constant formation history
1510,Materials,LIN,SHW,0,,False,Incomplete or constant formation history
1510,Materials,LIN,SOLS,0,,False,Incomplete or constant formation history
1510,Materials,LIN,STLD,0,,False,Incomplete or constant formation history
1510,Materials,LIN,SW,0,,False,Incomplete or constant formation history
1510,Materials,LIN,VMC,0,,False,Incomplete or constant formation history
1510,Materials,LYB,MLM,251,0.4253868595843423,False,OK
1510,Materials,LYB,MOS,251,0.4699790854247383,False,OK
1510,Materials,LYB,NEM,251,0.34451539487707616,False,OK
1510,Materials,LYB,NUE,251,0.5615957074211474,False,OK
1510,Materials,LYB,OI,251,0.589468732615017,False,OK
1510,Materials,LYB,PKG,0,,False,Incomplete or constant formation history
1510,Materials,LYB,PPG,251,0.5719596885066147,False,OK
1510,Materials,LYB,SHW,251,0.38510954525215574,False,OK
1510,Materials,LYB,SOLS,0,,False,Incomplete or constant formation history
1510,Materials,LYB,STLD,0,,False,Incomplete or constant formation history
1510,Materials,LYB,SW,0,,False,Incomplete or constant formation history
1510,Materials,LYB,VMC,251,0.4532160465789094,False,OK
1510,Materials,MLM,MOS,251,0.2548987863401621,False,OK
1510,Materials,MLM,NEM,251,0.12116073242963571,False,OK
1510,Materials,MLM,NUE,251,0.3753401969399049,False,OK
1510,Materials,MLM,OI,251,0.4086445515785918,False,OK
1510,Materials,MLM,PKG,0,,False,Incomplete or constant formation history
1510,Materials,MLM,PPG,251,0.4863911427299336,False,OK
1510,Materials,MLM,SHW,251,0.45252977312649134,False,OK
1510,Materials,MLM,SOLS,0,,False,Incomplete or constant formation history
1510,Materials,MLM,STLD,0,,False,Incomplete or constant formation history
1510,Materials,MLM,SW,0,,False,Incomplete or constant formation history
1510,Materials,MLM,VMC,251,0.7694596026052852,False,OK
1510,Materials,MOS,NEM,251,0.4005875370386041,False,OK
1510,Materials,MOS,NUE,251,0.45106652913683576,False,OK
1510,Materials,MOS,OI,251,0.48686502674457066,False,OK
1510,Materials,MOS,PKG,0,,False,Incomplete or constant formation history
1510,Materials,MOS,PPG,251,0.46890758125875626,False,OK
1510,Materials,MOS,SHW,251,0.32411716464698365,False,OK
1510,Materials,MOS,SOLS,0,,False,Incomplete or constant formation history
1510,Materials,MOS,STLD,0,,False,Incomplete or constant formation history
1510,Materials,MOS,SW,0,,False,Incomplete or constant formation history
1510,Materials,MOS,VMC,251,0.311134495861306,False,OK
1510,Materials,NEM,NUE,251,0.23402909206199546,False,OK
1510,Materials,NEM,OI,251,0.2675304138590118,False,OK
1510,Materials,NEM,PKG,0,,False,Incomplete or constant formation history
1510,Materials,NEM,PPG,251,0.23493767492778067,False,OK
1510,Materials,NEM,SHW,251,0.16409713845848342,False,OK
1510,Materials,NEM,SOLS,0,,False,Incomplete or constant formation history
1510,Materials,NEM,STLD,0,,False,Incomplete or constant formation history
1510,Materials,NEM,SW,0,,False,Incomplete or constant formation history
1510,Materials,NEM,VMC,251,0.1245018375934807,False,OK
1510,Materials,NUE,OI,251,0.5587038050954897,False,OK
1510,Materials,NUE,PKG,0,,False,Incomplete or constant formation history
1510,Materials,NUE,PPG,251,0.5570871768907909,False,OK
1510,Materials,NUE,SHW,251,0.39519065676133497,False,OK
1510,Materials,NUE,SOLS,0,,False,Incomplete or constant formation history
1510,Materials,NUE,STLD,0,,False,Incomplete or constant formation history
1510,Materials,NUE,SW,0,,False,Incomplete or constant formation history
1510,Materials,NUE,VMC,251,0.44162372530343236,False,OK
1510,Materials,OI,PKG,0,,False,Incomplete or constant formation history
1510,Materials,OI,PPG,251,0.5511831529538195,False,OK
1510,Materials,OI,SHW,251,0.3578938865374833,False,OK
1510,Materials,OI,SOLS,0,,False,Incomplete or constant formation history
1510,Materials,OI,STLD,0,,False,Incomplete or constant formation history
1510,Materials,OI,SW,0,,False,Incomplete or constant formation history
1510,Materials,OI,VMC,251,0.4483271768155273,False,OK
1510,Materials,PKG,PPG,0,,False,Incomplete or constant formation history
1510,Materials,PKG,SHW,0,,False,Incomplete or constant formation history
1510,Materials,PKG,SOLS,0,,False,Incomplete or constant formation history
1510,Materials,PKG,STLD,0,,False,Incomplete or constant formation history
1510,Materials,PKG,SW,0,,False,Incomplete or constant formation history
1510,Materials,PKG,VMC,0,,False,Incomplete or constant formation history
1510,Materials,PPG,SHW,251,0.7352963850549238,False,OK
1510,Materials,PPG,SOLS,0,,False,Incomplete or constant formation history
1510,Materials,PPG,STLD,0,,False,Incomplete or constant formation history
1510,Materials,PPG,SW,0,,False,Incomplete or constant formation history
1510,Materials,PPG,VMC,251,0.5780050948025085,False,OK
1510,Materials,SHW,SOLS,0,,False,Incomplete or constant formation history
1510,Materials,SHW,STLD,0,,False,Incomplete or constant formation history
1510,Materials,SHW,SW,0,,False,Incomplete or constant formation history
1510,Materials,SHW,VMC,251,0.5444100826106347,False,OK
1510,Materials,SOLS,STLD,0,,False,Incomplete or constant formation history
1510,Materials,SOLS,SW,0,,False,Incomplete or constant formation history
1510,Materials,SOLS,VMC,0,,False,Incomplete or constant formation history
1510,Materials,STLD,SW,0,,False,Incomplete or constant formation history
1510,Materials,STLD,VMC,0,,False,Incomplete or constant formation history
1510,Materials,SW,VMC,0,,False,Incomplete or constant formation history
2010,Capital Goods,ALLE,AME,251,0.5550938386009657,False,OK
2010,Capital Goods,ALLE,AOS,0,,False,Incomplete or constant formation history
2010,Capital Goods,ALLE,ATI,0,,False,Incomplete or constant formation history
2010,Capital Goods,ALLE,AXON,0,,False,Incomplete or constant formation history
2010,Capital Goods,ALLE,AYI,0,,False,Incomplete or constant formation history
2010,Capital Goods,ALLE,BA,251,0.5760929007405255,False,OK
2010,Capital Goods,ALLE,BLDR,0,,False,Incomplete or constant formation history
2010,Capital Goods,ALLE,CARR,0,,False,Incomplete or constant formation history
2010,Capital Goods,ALLE,CAT,251,0.42550401971521,False,OK
2010,Capital Goods,ALLE,CMI,251,0.3661599472460102,False,OK
2010,Capital Goods,ALLE,COL,0,,False,Incomplete or constant formation history
2010,Capital Goods,ALLE,DD,251,0.48223076102057616,False,OK
2010,Capital Goods,ALLE,DE,251,0.4381337512297465,False,OK
2010,Capital Goods,ALLE,DOV,251,0.4748659801164776,False,OK
2010,Capital Goods,ALLE,EME,0,,False,Incomplete or constant formation history
2010,Capital Goods,ALLE,EMR,251,0.39959779503633647,False,OK
2010,Capital Goods,ALLE,ETN,251,0.5235114521882548,False,OK
2010,Capital Goods,ALLE,FAST,251,0.3714429273904802,False,OK
2010,Capital Goods,ALLE,FERG,0,,False,Incomplete or constant formation history
2010,Capital Goods,ALLE,FIX,0,,False,Incomplete or constant formation history
2010,Capital Goods,ALLE,FLR,251,0.4061541184994868,False,OK
2010,Capital Goods,ALLE,FLS,251,0.3503795830439622,False,OK
2010,Capital Goods,ALLE,FTV,0,,False,Incomplete or constant formation history
2010,Capital Goods,ALLE,GD,251,0.6107229848155804,False,OK
2010,Capital Goods,ALLE,GE,251,0.4418893971549955,False,OK
2010,Capital Goods,ALLE,GEV,0,,False,Incomplete or constant formation history
2010,Capital Goods,ALLE,GNRC,0,,False,Incomplete or constant formation history
2010,Capital Goods,ALLE,GWW,251,0.42360707208858894,False,OK
2010,Capital Goods,ALLE,HII,0,,False,Incomplete or constant formation history
2010,Capital Goods,ALLE,HON,251,0.6537216082025319,False,OK
2010,Capital Goods,ALLE,HONA,0,,False,Incomplete or constant formation history
2010,Capital Goods,ALLE,HUBB,0,,False,Incomplete or constant formation history
2010,Capital Goods,ALLE,HWM,0,,False,Incomplete or constant formation history
2010,Capital Goods,ALLE,IEX,0,,False,Incomplete or constant formation history
2010,Capital Goods,ALLE,IR,0,,False,Incomplete or constant formation history
2010,Capital Goods,ALLE,ITW,251,0.5946155097898648,False,OK
2010,Capital Goods,ALLE,J,0,,False,Incomplete or constant formation history
2010,Capital Goods,ALLE,JCI,251,0.5629631104777805,False,OK
2010,Capital Goods,ALLE,LHX,0,,False,Incomplete or constant formation history
2010,Capital Goods,ALLE,LII,0,,False,Incomplete or constant formation history
2010,Capital Goods,ALLE,LMT,251,0.5319283159246615,False,OK
2010,Capital Goods,ALLE,MAS,251,0.5951058387766891,False,OK
2010,Capital Goods,ALLE,MMM,251,0.5496228152909763,False,OK
2010,Capital Goods,ALLE,NDSN,0,,False,Incomplete or constant formation history
2010,Capital Goods,ALLE,NOC,251,0.5927079424803307,False,OK
2010,Capital Goods,ALLE,OTIS,0,,False,Incomplete or constant formation history
2010,Capital Goods,ALLE,PCAR,251,0.5283024856948864,False,OK
2010,Capital Goods,ALLE,PH,251,0.4874736237078239,False,OK
2010,Capital Goods,ALLE,PNR,251,0.3935271714333534,False,OK
2010,Capital Goods,ALLE,PWR,251,0.2453002865881245,False,OK
2010,Capital Goods,ALLE,ROK,251,0.5151181445299633,False,OK
2010,Capital Goods,ALLE,RTX,0,,False,Incomplete or constant formation history
2010,Capital Goods,ALLE,SNA,251,0.6199979867817428,False,OK
2010,Capital Goods,ALLE,SWK,251,0.6400533787528964,False,OK
2010,Capital Goods,ALLE,TDG,0,,False,Incomplete or constant formation history
2010,Capital Goods,ALLE,TT,0,,False,Incomplete or constant formation history
2010,Capital Goods,ALLE,TXT,251,0.6113881074987715,False,OK
2010,Capital Goods,ALLE,URI,251,0.31893255131961623,False,OK
2010,Capital Goods,ALLE,VRT,0,,False,Incomplete or constant formation history
2010,Capital Goods,ALLE,WAB,0,,False,Incomplete or constant formation history
2010,Capital Goods,ALLE,XYL,251,0.5568067602708003,False,OK
2010,Capital Goods,AME,AOS,0,,False,Incomplete or constant formation history
2010,Capital Goods,AME,ATI,0,,False,Incomplete or constant formation history
2010,Capital Goods,AME,AXON,0,,False,Incomplete or constant formation history
2010,Capital Goods,AME,AYI,0,,False,Incomplete or constant formation history
2010,Capital Goods,AME,BA,251,0.6109999938329731,False,OK
2010,Capital Goods,AME,BLDR,0,,False,Incomplete or constant formation history
2010,Capital Goods,AME,CARR,0,,False,Incomplete or constant formation history
2010,Capital Goods,AME,CAT,251,0.5910416915510855,False,OK
2010,Capital Goods,AME,CMI,251,0.6361944041195609,False,OK
2010,Capital Goods,AME,COL,0,,False,Incomplete or constant formation history
2010,Capital Goods,AME,DD,251,0.5660842300591993,False,OK
2010,Capital Goods,AME,DE,251,0.545983682471586,False,OK
2010,Capital Goods,AME,DOV,251,0.6367560174416359,False,OK
2010,Capital Goods,AME,EME,0,,False,Incomplete or constant formation history
2010,Capital Goods,AME,EMR,251,0.7084501083307992,False,OK
2010,Capital Goods,AME,ETN,251,0.756005027166027,False,OK
2010,Capital Goods,AME,FAST,251,0.6027924029711209,False,OK
2010,Capital Goods,AME,FERG,0,,False,Incomplete or constant formation history
2010,Capital Goods,AME,FIX,0,,False,Incomplete or constant formation history
2010,Capital Goods,AME,FLR,251,0.6614345502365676,False,OK
2010,Capital Goods,AME,FLS,251,0.6631713336915394,False,OK
2010,Capital Goods,AME,FTV,0,,False,Incomplete or constant formation history
2010,Capital Goods,AME,GD,251,0.6651247148042877,False,OK
2010,Capital Goods,AME,GE,251,0.6045752362642195,False,OK
2010,Capital Goods,AME,GEV,0,,False,Incomplete or constant formation history
2010,Capital Goods,AME,GNRC,0,,False,Incomplete or constant formation history
2010,Capital Goods,AME,GWW,251,0.5806963282631723,False,OK
2010,Capital Goods,AME,HII,0,,False,Incomplete or constant formation history
2010,Capital Goods,AME,HON,251,0.7566605450295019,False,OK
2010,Capital Goods,AME,HONA,0,,False,Incomplete or constant formation history
2010,Capital Goods,AME,HUBB,0,,False,Incomplete or constant formation history
2010,Capital Goods,AME,HWM,0,,False,Incomplete or constant formation history
2010,Capital Goods,AME,IEX,0,,False,Incomplete or constant formation history
2010,Capital Goods,AME,IR,0,,False,Incomplete or constant formation history
2010,Capital Goods,AME,ITW,251,0.7503519202035271,False,OK
2010,Capital Goods,AME,J,0,,False,Incomplete or constant formation history
2010,Capital Goods,AME,JCI,251,0.6656116446648196,False,OK
2010,Capital Goods,AME,LHX,0,,False,Incomplete or constant formation history
2010,Capital Goods,AME,LII,0,,False,Incomplete or constant formation history
2010,Capital Goods,AME,LMT,251,0.6147733603338292,False,OK
2010,Capital Goods,AME,MAS,251,0.5331475054673206,False,OK
2010,Capital Goods,AME,MMM,251,0.6796286986976141,False,OK
2010,Capital Goods,AME,NDSN,0,,False,Incomplete or constant formation history
2010,Capital Goods,AME,NOC,251,0.6157436878188011,False,OK
2010,Capital Goods,AME,OTIS,0,,False,Incomplete or constant formation history
2010,Capital Goods,AME,PCAR,251,0.7180638518418533,False,OK
2010,Capital Goods,AME,PH,251,0.702146615777298,False,OK
2010,Capital Goods,AME,PNR,251,0.7095941557440526,False,OK
2010,Capital Goods,AME,PWR,251,0.37577202964241696,False,OK
2010,Capital Goods,AME,ROK,251,0.7197096086987532,False,OK
2010,Capital Goods,AME,RTX,0,,False,Incomplete or constant formation history
2010,Capital Goods,AME,SNA,251,0.7105507605117994,False,OK
2010,Capital Goods,AME,SWK,251,0.6707187125829479,False,OK
2010,Capital Goods,AME,TDG,0,,False,Incomplete or constant formation history
2010,Capital Goods,AME,TT,0,,False,Incomplete or constant formation history
2010,Capital Goods,AME,TXT,251,0.6438626299145973,False,OK
2010,Capital Goods,AME,URI,251,0.5288376922922288,False,OK
2010,Capital Goods,AME,VRT,0,,False,Incomplete or constant formation history
2010,Capital Goods,AME,WAB,0,,False,Incomplete or constant formation history
2010,Capital Goods,AME,XYL,251,0.6966640369550616,False,OK
2010,Capital Goods,AOS,ATI,0,,False,Incomplete or constant formation history
2010,Capital Goods,AOS,AXON,0,,False,Incomplete or constant formation history
2010,Capital Goods,AOS,AYI,0,,False,Incomplete or constant formation history
2010,Capital Goods,AOS,BA,0,,False,Incomplete or constant formation history
2010,Capital Goods,AOS,BLDR,0,,False,Incomplete or constant formation history
2010,Capital Goods,AOS,CARR,0,,False,Incomplete or constant formation history
2010,Capital Goods,AOS,CAT,0,,False,Incomplete or constant formation history
2010,Capital Goods,AOS,CMI,0,,False,Incomplete or constant formation history
2010,Capital Goods,AOS,COL,0,,False,Incomplete or constant formation history
2010,Capital Goods,AOS,DD,0,,False,Incomplete or constant formation history
2010,Capital Goods,AOS,DE,0,,False,Incomplete or constant formation history
2010,Capital Goods,AOS,DOV,0,,False,Incomplete or constant formation history
2010,Capital Goods,AOS,EME,0,,False,Incomplete or constant formation history
2010,Capital Goods,AOS,EMR,0,,False,Incomplete or constant formation history
2010,Capital Goods,AOS,ETN,0,,False,Incomplete or constant formation history
2010,Capital Goods,AOS,FAST,0,,False,Incomplete or constant formation history
2010,Capital Goods,AOS,FERG,0,,False,Incomplete or constant formation history
2010,Capital Goods,AOS,FIX,0,,False,Incomplete or constant formation history
2010,Capital Goods,AOS,FLR,0,,False,Incomplete or constant formation history
2010,Capital Goods,AOS,FLS,0,,False,Incomplete or constant formation history
2010,Capital Goods,AOS,FTV,0,,False,Incomplete or constant formation history
2010,Capital Goods,AOS,GD,0,,False,Incomplete or constant formation history
2010,Capital Goods,AOS,GE,0,,False,Incomplete or constant formation history
2010,Capital Goods,AOS,GEV,0,,False,Incomplete or constant formation history
2010,Capital Goods,AOS,GNRC,0,,False,Incomplete or constant formation history
2010,Capital Goods,AOS,GWW,0,,False,Incomplete or constant formation history
2010,Capital Goods,AOS,HII,0,,False,Incomplete or constant formation history
2010,Capital Goods,AOS,HON,0,,False,Incomplete or constant formation history
2010,Capital Goods,AOS,HONA,0,,False,Incomplete or constant formation history
2010,Capital Goods,AOS,HUBB,0,,False,Incomplete or constant formation history
2010,Capital Goods,AOS,HWM,0,,False,Incomplete or constant formation history
2010,Capital Goods,AOS,IEX,0,,False,Incomplete or constant formation history
2010,Capital Goods,AOS,IR,0,,False,Incomplete or constant formation history
2010,Capital Goods,AOS,ITW,0,,False,Incomplete or constant formation history
2010,Capital Goods,AOS,J,0,,False,Incomplete or constant formation history
2010,Capital Goods,AOS,JCI,0,,False,Incomplete or constant formation history
2010,Capital Goods,AOS,LHX,0,,False,Incomplete or constant formation history
2010,Capital Goods,AOS,LII,0,,False,Incomplete or constant formation history
2010,Capital Goods,AOS,LMT,0,,False,Incomplete or constant formation history
2010,Capital Goods,AOS,MAS,0,,False,Incomplete or constant formation history
2010,Capital Goods,AOS,MMM,0,,False,Incomplete or constant formation history
2010,Capital Goods,AOS,NDSN,0,,False,Incomplete or constant formation history
2010,Capital Goods,AOS,NOC,0,,False,Incomplete or constant formation history
2010,Capital Goods,AOS,OTIS,0,,False,Incomplete or constant formation history
2010,Capital Goods,AOS,PCAR,0,,False,Incomplete or constant formation history
2010,Capital Goods,AOS,PH,0,,False,Incomplete or constant formation history
2010,Capital Goods,AOS,PNR,0,,False,Incomplete or constant formation history
2010,Capital Goods,AOS,PWR,0,,False,Incomplete or constant formation history
2010,Capital Goods,AOS,ROK,0,,False,Incomplete or constant formation history
2010,Capital Goods,AOS,RTX,0,,False,Incomplete or constant formation history
2010,Capital Goods,AOS,SNA,0,,False,Incomplete or constant formation history
2010,Capital Goods,AOS,SWK,0,,False,Incomplete or constant formation history
2010,Capital Goods,AOS,TDG,0,,False,Incomplete or constant formation history
2010,Capital Goods,AOS,TT,0,,False,Incomplete or constant formation history
2010,Capital Goods,AOS,TXT,0,,False,Incomplete or constant formation history
2010,Capital Goods,AOS,URI,0,,False,Incomplete or constant formation history
2010,Capital Goods,AOS,VRT,0,,False,Incomplete or constant formation history
2010,Capital Goods,AOS,WAB,0,,False,Incomplete or constant formation history
2010,Capital Goods,AOS,XYL,0,,False,Incomplete or constant formation history
2010,Capital Goods,ATI,AXON,0,,False,Incomplete or constant formation history
2010,Capital Goods,ATI,AYI,0,,False,Incomplete or constant formation history
2010,Capital Goods,ATI,BA,0,,False,Incomplete or constant formation history
2010,Capital Goods,ATI,BLDR,0,,False,Incomplete or constant formation history
2010,Capital Goods,ATI,CARR,0,,False,Incomplete or constant formation history
2010,Capital Goods,ATI,CAT,0,,False,Incomplete or constant formation history
2010,Capital Goods,ATI,CMI,0,,False,Incomplete or constant formation history
2010,Capital Goods,ATI,COL,0,,False,Incomplete or constant formation history
2010,Capital Goods,ATI,DD,0,,False,Incomplete or constant formation history
2010,Capital Goods,ATI,DE,0,,False,Incomplete or constant formation history
2010,Capital Goods,ATI,DOV,0,,False,Incomplete or constant formation history
2010,Capital Goods,ATI,EME,0,,False,Incomplete or constant formation history
2010,Capital Goods,ATI,EMR,0,,False,Incomplete or constant formation history
2010,Capital Goods,ATI,ETN,0,,False,Incomplete or constant formation history
2010,Capital Goods,ATI,FAST,0,,False,Incomplete or constant formation history
2010,Capital Goods,ATI,FERG,0,,False,Incomplete or constant formation history
2010,Capital Goods,ATI,FIX,0,,False,Incomplete or constant formation history
2010,Capital Goods,ATI,FLR,0,,False,Incomplete or constant formation history
2010,Capital Goods,ATI,FLS,0,,False,Incomplete or constant formation history
2010,Capital Goods,ATI,FTV,0,,False,Incomplete or constant formation history
2010,Capital Goods,ATI,GD,0,,False,Incomplete or constant formation history
2010,Capital Goods,ATI,GE,0,,False,Incomplete or constant formation history
2010,Capital Goods,ATI,GEV,0,,False,Incomplete or constant formation history
2010,Capital Goods,ATI,GNRC,0,,False,Incomplete or constant formation history
2010,Capital Goods,ATI,GWW,0,,False,Incomplete or constant formation history
2010,Capital Goods,ATI,HII,0,,False,Incomplete or constant formation history
2010,Capital Goods,ATI,HON,0,,False,Incomplete or constant formation history
2010,Capital Goods,ATI,HONA,0,,False,Incomplete or constant formation history
2010,Capital Goods,ATI,HUBB,0,,False,Incomplete or constant formation history
2010,Capital Goods,ATI,HWM,0,,False,Incomplete or constant formation history
2010,Capital Goods,ATI,IEX,0,,False,Incomplete or constant formation history
2010,Capital Goods,ATI,IR,0,,False,Incomplete or constant formation history
2010,Capital Goods,ATI,ITW,0,,False,Incomplete or constant formation history
2010,Capital Goods,ATI,J,0,,False,Incomplete or constant formation history
2010,Capital Goods,ATI,JCI,0,,False,Incomplete or constant formation history
2010,Capital Goods,ATI,LHX,0,,False,Incomplete or constant formation history
2010,Capital Goods,ATI,LII,0,,False,Incomplete or constant formation history
2010,Capital Goods,ATI,LMT,0,,False,Incomplete or constant formation history
2010,Capital Goods,ATI,MAS,0,,False,Incomplete or constant formation history
2010,Capital Goods,ATI,MMM,0,,False,Incomplete or constant formation history
2010,Capital Goods,ATI,NDSN,0,,False,Incomplete or constant formation history
2010,Capital Goods,ATI,NOC,0,,False,Incomplete or constant formation history
2010,Capital Goods,ATI,OTIS,0,,False,Incomplete or constant formation history
2010,Capital Goods,ATI,PCAR,0,,False,Incomplete or constant formation history
2010,Capital Goods,ATI,PH,0,,False,Incomplete or constant formation history
2010,Capital Goods,ATI,PNR,0,,False,Incomplete or constant formation history
2010,Capital Goods,ATI,PWR,0,,False,Incomplete or constant formation history
2010,Capital Goods,ATI,ROK,0,,False,Incomplete or constant formation history
2010,Capital Goods,ATI,RTX,0,,False,Incomplete or constant formation history
2010,Capital Goods,ATI,SNA,0,,False,Incomplete or constant formation history
2010,Capital Goods,ATI,SWK,0,,False,Incomplete or constant formation history
2010,Capital Goods,ATI,TDG,0,,False,Incomplete or constant formation history
2010,Capital Goods,ATI,TT,0,,False,Incomplete or constant formation history
2010,Capital Goods,ATI,TXT,0,,False,Incomplete or constant formation history
2010,Capital Goods,ATI,URI,0,,False,Incomplete or constant formation history
2010,Capital Goods,ATI,VRT,0,,False,Incomplete or constant formation history
2010,Capital Goods,ATI,WAB,0,,False,Incomplete or constant formation history
2010,Capital Goods,ATI,XYL,0,,False,Incomplete or constant formation history
2010,Capital Goods,AXON,AYI,0,,False,Incomplete or constant formation history
2010,Capital Goods,AXON,BA,0,,False,Incomplete or constant formation history
2010,Capital Goods,AXON,BLDR,0,,False,Incomplete or constant formation history
2010,Capital Goods,AXON,CARR,0,,False,Incomplete or constant formation history
2010,Capital Goods,AXON,CAT,0,,False,Incomplete or constant formation history
2010,Capital Goods,AXON,CMI,0,,False,Incomplete or constant formation history
2010,Capital Goods,AXON,COL,0,,False,Incomplete or constant formation history
2010,Capital Goods,AXON,DD,0,,False,Incomplete or constant formation history
2010,Capital Goods,AXON,DE,0,,False,Incomplete or constant formation history
2010,Capital Goods,AXON,DOV,0,,False,Incomplete or constant formation history
2010,Capital Goods,AXON,EME,0,,False,Incomplete or constant formation history
2010,Capital Goods,AXON,EMR,0,,False,Incomplete or constant formation history
2010,Capital Goods,AXON,ETN,0,,False,Incomplete or constant formation history
2010,Capital Goods,AXON,FAST,0,,False,Incomplete or constant formation history
2010,Capital Goods,AXON,FERG,0,,False,Incomplete or constant formation history
2010,Capital Goods,AXON,FIX,0,,False,Incomplete or constant formation history
2010,Capital Goods,AXON,FLR,0,,False,Incomplete or constant formation history
2010,Capital Goods,AXON,FLS,0,,False,Incomplete or constant formation history
2010,Capital Goods,AXON,FTV,0,,False,Incomplete or constant formation history
2010,Capital Goods,AXON,GD,0,,False,Incomplete or constant formation history
2010,Capital Goods,AXON,GE,0,,False,Incomplete or constant formation history
2010,Capital Goods,AXON,GEV,0,,False,Incomplete or constant formation history
2010,Capital Goods,AXON,GNRC,0,,False,Incomplete or constant formation history
2010,Capital Goods,AXON,GWW,0,,False,Incomplete or constant formation history
2010,Capital Goods,AXON,HII,0,,False,Incomplete or constant formation history
2010,Capital Goods,AXON,HON,0,,False,Incomplete or constant formation history
2010,Capital Goods,AXON,HONA,0,,False,Incomplete or constant formation history
2010,Capital Goods,AXON,HUBB,0,,False,Incomplete or constant formation history
2010,Capital Goods,AXON,HWM,0,,False,Incomplete or constant formation history
2010,Capital Goods,AXON,IEX,0,,False,Incomplete or constant formation history
2010,Capital Goods,AXON,IR,0,,False,Incomplete or constant formation history
2010,Capital Goods,AXON,ITW,0,,False,Incomplete or constant formation history
2010,Capital Goods,AXON,J,0,,False,Incomplete or constant formation history
2010,Capital Goods,AXON,JCI,0,,False,Incomplete or constant formation history
2010,Capital Goods,AXON,LHX,0,,False,Incomplete or constant formation history
2010,Capital Goods,AXON,LII,0,,False,Incomplete or constant formation history
2010,Capital Goods,AXON,LMT,0,,False,Incomplete or constant formation history
2010,Capital Goods,AXON,MAS,0,,False,Incomplete or constant formation history
2010,Capital Goods,AXON,MMM,0,,False,Incomplete or constant formation history
2010,Capital Goods,AXON,NDSN,0,,False,Incomplete or constant formation history
2010,Capital Goods,AXON,NOC,0,,False,Incomplete or constant formation history
2010,Capital Goods,AXON,OTIS,0,,False,Incomplete or constant formation history
2010,Capital Goods,AXON,PCAR,0,,False,Incomplete or constant formation history
2010,Capital Goods,AXON,PH,0,,False,Incomplete or constant formation history
2010,Capital Goods,AXON,PNR,0,,False,Incomplete or constant formation history
2010,Capital Goods,AXON,PWR,0,,False,Incomplete or constant formation history
2010,Capital Goods,AXON,ROK,0,,False,Incomplete or constant formation history
2010,Capital Goods,AXON,RTX,0,,False,Incomplete or constant formation history
2010,Capital Goods,AXON,SNA,0,,False,Incomplete or constant formation history
2010,Capital Goods,AXON,SWK,0,,False,Incomplete or constant formation history
2010,Capital Goods,AXON,TDG,0,,False,Incomplete or constant formation history
2010,Capital Goods,AXON,TT,0,,False,Incomplete or constant formation history
2010,Capital Goods,AXON,TXT,0,,False,Incomplete or constant formation history
2010,Capital Goods,AXON,URI,0,,False,Incomplete or constant formation history
2010,Capital Goods,AXON,VRT,0,,False,Incomplete or constant formation history
2010,Capital Goods,AXON,WAB,0,,False,Incomplete or constant formation history
2010,Capital Goods,AXON,XYL,0,,False,Incomplete or constant formation history
2010,Capital Goods,AYI,BA,0,,False,Incomplete or constant formation history
2010,Capital Goods,AYI,BLDR,0,,False,Incomplete or constant formation history
2010,Capital Goods,AYI,CARR,0,,False,Incomplete or constant formation history
2010,Capital Goods,AYI,CAT,0,,False,Incomplete or constant formation history
2010,Capital Goods,AYI,CMI,0,,False,Incomplete or constant formation history
2010,Capital Goods,AYI,COL,0,,False,Incomplete or constant formation history
2010,Capital Goods,AYI,DD,0,,False,Incomplete or constant formation history
2010,Capital Goods,AYI,DE,0,,False,Incomplete or constant formation history
2010,Capital Goods,AYI,DOV,0,,False,Incomplete or constant formation history
2010,Capital Goods,AYI,EME,0,,False,Incomplete or constant formation history
2010,Capital Goods,AYI,EMR,0,,False,Incomplete or constant formation history
2010,Capital Goods,AYI,ETN,0,,False,Incomplete or constant formation history
2010,Capital Goods,AYI,FAST,0,,False,Incomplete or constant formation history
2010,Capital Goods,AYI,FERG,0,,False,Incomplete or constant formation history
2010,Capital Goods,AYI,FIX,0,,False,Incomplete or constant formation history
2010,Capital Goods,AYI,FLR,0,,False,Incomplete or constant formation history
2010,Capital Goods,AYI,FLS,0,,False,Incomplete or constant formation history
2010,Capital Goods,AYI,FTV,0,,False,Incomplete or constant formation history
2010,Capital Goods,AYI,GD,0,,False,Incomplete or constant formation history
2010,Capital Goods,AYI,GE,0,,False,Incomplete or constant formation history
2010,Capital Goods,AYI,GEV,0,,False,Incomplete or constant formation history
2010,Capital Goods,AYI,GNRC,0,,False,Incomplete or constant formation history
2010,Capital Goods,AYI,GWW,0,,False,Incomplete or constant formation history
2010,Capital Goods,AYI,HII,0,,False,Incomplete or constant formation history
2010,Capital Goods,AYI,HON,0,,False,Incomplete or constant formation history
2010,Capital Goods,AYI,HONA,0,,False,Incomplete or constant formation history
2010,Capital Goods,AYI,HUBB,0,,False,Incomplete or constant formation history
2010,Capital Goods,AYI,HWM,0,,False,Incomplete or constant formation history
2010,Capital Goods,AYI,IEX,0,,False,Incomplete or constant formation history
2010,Capital Goods,AYI,IR,0,,False,Incomplete or constant formation history
2010,Capital Goods,AYI,ITW,0,,False,Incomplete or constant formation history
2010,Capital Goods,AYI,J,0,,False,Incomplete or constant formation history
2010,Capital Goods,AYI,JCI,0,,False,Incomplete or constant formation history
2010,Capital Goods,AYI,LHX,0,,False,Incomplete or constant formation history
2010,Capital Goods,AYI,LII,0,,False,Incomplete or constant formation history
2010,Capital Goods,AYI,LMT,0,,False,Incomplete or constant formation history
2010,Capital Goods,AYI,MAS,0,,False,Incomplete or constant formation history
2010,Capital Goods,AYI,MMM,0,,False,Incomplete or constant formation history
2010,Capital Goods,AYI,NDSN,0,,False,Incomplete or constant formation history
2010,Capital Goods,AYI,NOC,0,,False,Incomplete or constant formation history
2010,Capital Goods,AYI,OTIS,0,,False,Incomplete or constant formation history
2010,Capital Goods,AYI,PCAR,0,,False,Incomplete or constant formation history
2010,Capital Goods,AYI,PH,0,,False,Incomplete or constant formation history
2010,Capital Goods,AYI,PNR,0,,False,Incomplete or constant formation history
2010,Capital Goods,AYI,PWR,0,,False,Incomplete or constant formation history
2010,Capital Goods,AYI,ROK,0,,False,Incomplete or constant formation history
2010,Capital Goods,AYI,RTX,0,,False,Incomplete or constant formation history
2010,Capital Goods,AYI,SNA,0,,False,Incomplete or constant formation history
2010,Capital Goods,AYI,SWK,0,,False,Incomplete or constant formation history
2010,Capital Goods,AYI,TDG,0,,False,Incomplete or constant formation history
2010,Capital Goods,AYI,TT,0,,False,Incomplete or constant formation history
2010,Capital Goods,AYI,TXT,0,,False,Incomplete or constant formation history
2010,Capital Goods,AYI,URI,0,,False,Incomplete or constant formation history
2010,Capital Goods,AYI,VRT,0,,False,Incomplete or constant formation history
2010,Capital Goods,AYI,WAB,0,,False,Incomplete or constant formation history
2010,Capital Goods,AYI,XYL,0,,False,Incomplete or constant formation history
2010,Capital Goods,BA,BLDR,0,,False,Incomplete or constant formation history
2010,Capital Goods,BA,CARR,0,,False,Incomplete or constant formation history
2010,Capital Goods,BA,CAT,251,0.4366392049054823,False,OK
2010,Capital Goods,BA,CMI,251,0.42057283441763577,False,OK
2010,Capital Goods,BA,COL,0,,False,Incomplete or constant formation history
2010,Capital Goods,BA,DD,251,0.48889907899049073,False,OK
2010,Capital Goods,BA,DE,251,0.451629020752571,False,OK
2010,Capital Goods,BA,DOV,251,0.4639953822241058,False,OK
2010,Capital Goods,BA,EME,0,,False,Incomplete or constant formation history
2010,Capital Goods,BA,EMR,251,0.4920114205536918,False,OK
2010,Capital Goods,BA,ETN,251,0.5491022668785307,False,OK
2010,Capital Goods,BA,FAST,251,0.46848056941156296,False,OK
2010,Capital Goods,BA,FERG,0,,False,Incomplete or constant formation history
2010,Capital Goods,BA,FIX,0,,False,Incomplete or constant formation history
2010,Capital Goods,BA,FLR,251,0.4025436239978302,False,OK
2010,Capital Goods,BA,FLS,251,0.4251795269485214,False,OK
2010,Capital Goods,BA,FTV,0,,False,Incomplete or constant formation history
2010,Capital Goods,BA,GD,251,0.591670130711312,False,OK
2010,Capital Goods,BA,GE,251,0.49438955452156436,False,OK
2010,Capital Goods,BA,GEV,0,,False,Incomplete or constant formation history
2010,Capital Goods,BA,GNRC,0,,False,Incomplete or constant formation history
2010,Capital Goods,BA,GWW,251,0.4574042601988868,False,OK
2010,Capital Goods,BA,HII,0,,False,Incomplete or constant formation history
2010,Capital Goods,BA,HON,251,0.6448345961523094,False,OK
2010,Capital Goods,BA,HONA,0,,False,Incomplete or constant formation history
2010,Capital Goods,BA,HUBB,0,,False,Incomplete or constant formation history
2010,Capital Goods,BA,HWM,0,,False,Incomplete or constant formation history
2010,Capital Goods,BA,IEX,0,,False,Incomplete or constant formation history
2010,Capital Goods,BA,IR,0,,False,Incomplete or constant formation history
2010,Capital Goods,BA,ITW,251,0.6639958334519622,False,OK
2010,Capital Goods,BA,J,0,,False,Incomplete or constant formation history
2010,Capital Goods,BA,JCI,251,0.5600210986722202,False,OK
2010,Capital Goods,BA,LHX,0,,False,Incomplete or constant formation history
2010,Capital Goods,BA,LII,0,,False,Incomplete or constant formation history
2010,Capital Goods,BA,LMT,251,0.6740734097480306,False,OK
2010,Capital Goods,BA,MAS,251,0.49815693112215054,False,OK
2010,Capital Goods,BA,MMM,251,0.5844753899313261,False,OK
2010,Capital Goods,BA,NDSN,0,,False,Incomplete or constant formation history
2010,Capital Goods,BA,NOC,251,0.6931556699438673,False,OK
2010,Capital Goods,BA,OTIS,0,,False,Incomplete or constant formation history
2010,Capital Goods,BA,PCAR,251,0.5107592227550137,False,OK
2010,Capital Goods,BA,PH,251,0.5111538891173829,False,OK
2010,Capital Goods,BA,PNR,251,0.5068188463906499,False,OK
2010,Capital Goods,BA,PWR,251,0.2251202842514508,False,OK
2010,Capital Goods,BA,ROK,251,0.5152127438599187,False,OK
2010,Capital Goods,BA,RTX,0,,False,Incomplete or constant formation history
2010,Capital Goods,BA,SNA,251,0.642179264348687,False,OK
2010,Capital Goods,BA,SWK,251,0.6545364744825838,False,OK
2010,Capital Goods,BA,TDG,0,,False,Incomplete or constant formation history
2010,Capital Goods,BA,TT,0,,False,Incomplete or constant formation history
2010,Capital Goods,BA,TXT,251,0.6367906518059849,False,OK
2010,Capital Goods,BA,URI,251,0.37435543509863717,False,OK
2010,Capital Goods,BA,VRT,0,,False,Incomplete or constant formation history
2010,Capital Goods,BA,WAB,0,,False,Incomplete or constant formation history
2010,Capital Goods,BA,XYL,251,0.5326665536298594,False,OK
2010,Capital Goods,BLDR,CARR,0,,False,Incomplete or constant formation history
2010,Capital Goods,BLDR,CAT,0,,False,Incomplete or constant formation history
2010,Capital Goods,BLDR,CMI,0,,False,Incomplete or constant formation history
2010,Capital Goods,BLDR,COL,0,,False,Incomplete or constant formation history
2010,Capital Goods,BLDR,DD,0,,False,Incomplete or constant formation history
2010,Capital Goods,BLDR,DE,0,,False,Incomplete or constant formation history
2010,Capital Goods,BLDR,DOV,0,,False,Incomplete or constant formation history
2010,Capital Goods,BLDR,EME,0,,False,Incomplete or constant formation history
2010,Capital Goods,BLDR,EMR,0,,False,Incomplete or constant formation history
2010,Capital Goods,BLDR,ETN,0,,False,Incomplete or constant formation history
2010,Capital Goods,BLDR,FAST,0,,False,Incomplete or constant formation history
2010,Capital Goods,BLDR,FERG,0,,False,Incomplete or constant formation history
2010,Capital Goods,BLDR,FIX,0,,False,Incomplete or constant formation history
2010,Capital Goods,BLDR,FLR,0,,False,Incomplete or constant formation history
2010,Capital Goods,BLDR,FLS,0,,False,Incomplete or constant formation history
2010,Capital Goods,BLDR,FTV,0,,False,Incomplete or constant formation history
2010,Capital Goods,BLDR,GD,0,,False,Incomplete or constant formation history
2010,Capital Goods,BLDR,GE,0,,False,Incomplete or constant formation history
2010,Capital Goods,BLDR,GEV,0,,False,Incomplete or constant formation history
2010,Capital Goods,BLDR,GNRC,0,,False,Incomplete or constant formation history
2010,Capital Goods,BLDR,GWW,0,,False,Incomplete or constant formation history
2010,Capital Goods,BLDR,HII,0,,False,Incomplete or constant formation history
2010,Capital Goods,BLDR,HON,0,,False,Incomplete or constant formation history
2010,Capital Goods,BLDR,HONA,0,,False,Incomplete or constant formation history
2010,Capital Goods,BLDR,HUBB,0,,False,Incomplete or constant formation history
2010,Capital Goods,BLDR,HWM,0,,False,Incomplete or constant formation history
2010,Capital Goods,BLDR,IEX,0,,False,Incomplete or constant formation history
2010,Capital Goods,BLDR,IR,0,,False,Incomplete or constant formation history
2010,Capital Goods,BLDR,ITW,0,,False,Incomplete or constant formation history
2010,Capital Goods,BLDR,J,0,,False,Incomplete or constant formation history
2010,Capital Goods,BLDR,JCI,0,,False,Incomplete or constant formation history
2010,Capital Goods,BLDR,LHX,0,,False,Incomplete or constant formation history
2010,Capital Goods,BLDR,LII,0,,False,Incomplete or constant formation history
2010,Capital Goods,BLDR,LMT,0,,False,Incomplete or constant formation history
2010,Capital Goods,BLDR,MAS,0,,False,Incomplete or constant formation history
2010,Capital Goods,BLDR,MMM,0,,False,Incomplete or constant formation history
2010,Capital Goods,BLDR,NDSN,0,,False,Incomplete or constant formation history
2010,Capital Goods,BLDR,NOC,0,,False,Incomplete or constant formation history
2010,Capital Goods,BLDR,OTIS,0,,False,Incomplete or constant formation history
2010,Capital Goods,BLDR,PCAR,0,,False,Incomplete or constant formation history
2010,Capital Goods,BLDR,PH,0,,False,Incomplete or constant formation history
2010,Capital Goods,BLDR,PNR,0,,False,Incomplete or constant formation history
2010,Capital Goods,BLDR,PWR,0,,False,Incomplete or constant formation history
2010,Capital Goods,BLDR,ROK,0,,False,Incomplete or constant formation history
2010,Capital Goods,BLDR,RTX,0,,False,Incomplete or constant formation history
2010,Capital Goods,BLDR,SNA,0,,False,Incomplete or constant formation history
2010,Capital Goods,BLDR,SWK,0,,False,Incomplete or constant formation history
2010,Capital Goods,BLDR,TDG,0,,False,Incomplete or constant formation history
2010,Capital Goods,BLDR,TT,0,,False,Incomplete or constant formation history
2010,Capital Goods,BLDR,TXT,0,,False,Incomplete or constant formation history
2010,Capital Goods,BLDR,URI,0,,False,Incomplete or constant formation history
2010,Capital Goods,BLDR,VRT,0,,False,Incomplete or constant formation history
2010,Capital Goods,BLDR,WAB,0,,False,Incomplete or constant formation history
2010,Capital Goods,BLDR,XYL,0,,False,Incomplete or constant formation history
2010,Capital Goods,CARR,CAT,0,,False,Incomplete or constant formation history
2010,Capital Goods,CARR,CMI,0,,False,Incomplete or constant formation history
2010,Capital Goods,CARR,COL,0,,False,Incomplete or constant formation history
2010,Capital Goods,CARR,DD,0,,False,Incomplete or constant formation history
2010,Capital Goods,CARR,DE,0,,False,Incomplete or constant formation history
2010,Capital Goods,CARR,DOV,0,,False,Incomplete or constant formation history
2010,Capital Goods,CARR,EME,0,,False,Incomplete or constant formation history
2010,Capital Goods,CARR,EMR,0,,False,Incomplete or constant formation history
2010,Capital Goods,CARR,ETN,0,,False,Incomplete or constant formation history
2010,Capital Goods,CARR,FAST,0,,False,Incomplete or constant formation history
2010,Capital Goods,CARR,FERG,0,,False,Incomplete or constant formation history
2010,Capital Goods,CARR,FIX,0,,False,Incomplete or constant formation history
2010,Capital Goods,CARR,FLR,0,,False,Incomplete or constant formation history
2010,Capital Goods,CARR,FLS,0,,False,Incomplete or constant formation history
2010,Capital Goods,CARR,FTV,0,,False,Incomplete or constant formation history
2010,Capital Goods,CARR,GD,0,,False,Incomplete or constant formation history
2010,Capital Goods,CARR,GE,0,,False,Incomplete or constant formation history
2010,Capital Goods,CARR,GEV,0,,False,Incomplete or constant formation history
2010,Capital Goods,CARR,GNRC,0,,False,Incomplete or constant formation history
2010,Capital Goods,CARR,GWW,0,,False,Incomplete or constant formation history
2010,Capital Goods,CARR,HII,0,,False,Incomplete or constant formation history
2010,Capital Goods,CARR,HON,0,,False,Incomplete or constant formation history
2010,Capital Goods,CARR,HONA,0,,False,Incomplete or constant formation history
2010,Capital Goods,CARR,HUBB,0,,False,Incomplete or constant formation history
2010,Capital Goods,CARR,HWM,0,,False,Incomplete or constant formation history
2010,Capital Goods,CARR,IEX,0,,False,Incomplete or constant formation history
2010,Capital Goods,CARR,IR,0,,False,Incomplete or constant formation history
2010,Capital Goods,CARR,ITW,0,,False,Incomplete or constant formation history
2010,Capital Goods,CARR,J,0,,False,Incomplete or constant formation history
2010,Capital Goods,CARR,JCI,0,,False,Incomplete or constant formation history
2010,Capital Goods,CARR,LHX,0,,False,Incomplete or constant formation history
2010,Capital Goods,CARR,LII,0,,False,Incomplete or constant formation history
2010,Capital Goods,CARR,LMT,0,,False,Incomplete or constant formation history
2010,Capital Goods,CARR,MAS,0,,False,Incomplete or constant formation history
2010,Capital Goods,CARR,MMM,0,,False,Incomplete or constant formation history
2010,Capital Goods,CARR,NDSN,0,,False,Incomplete or constant formation history
2010,Capital Goods,CARR,NOC,0,,False,Incomplete or constant formation history
2010,Capital Goods,CARR,OTIS,0,,False,Incomplete or constant formation history
2010,Capital Goods,CARR,PCAR,0,,False,Incomplete or constant formation history
2010,Capital Goods,CARR,PH,0,,False,Incomplete or constant formation history
2010,Capital Goods,CARR,PNR,0,,False,Incomplete or constant formation history
2010,Capital Goods,CARR,PWR,0,,False,Incomplete or constant formation history
2010,Capital Goods,CARR,ROK,0,,False,Incomplete or constant formation history
2010,Capital Goods,CARR,RTX,0,,False,Incomplete or constant formation history
2010,Capital Goods,CARR,SNA,0,,False,Incomplete or constant formation history
2010,Capital Goods,CARR,SWK,0,,False,Incomplete or constant formation history
2010,Capital Goods,CARR,TDG,0,,False,Incomplete or constant formation history
2010,Capital Goods,CARR,TT,0,,False,Incomplete or constant formation history
2010,Capital Goods,CARR,TXT,0,,False,Incomplete or constant formation history
2010,Capital Goods,CARR,URI,0,,False,Incomplete or constant formation history
2010,Capital Goods,CARR,VRT,0,,False,Incomplete or constant formation history
2010,Capital Goods,CARR,WAB,0,,False,Incomplete or constant formation history
2010,Capital Goods,CARR,XYL,0,,False,Incomplete or constant formation history
2010,Capital Goods,CAT,CMI,251,0.6371782746500346,False,OK
2010,Capital Goods,CAT,COL,0,,False,Incomplete or constant formation history
2010,Capital Goods,CAT,DD,251,0.5155403183673256,False,OK
2010,Capital Goods,CAT,DE,251,0.6140387068727634,False,OK
2010,Capital Goods,CAT,DOV,251,0.5901236672365707,False,OK
2010,Capital Goods,CAT,EME,0,,False,Incomplete or constant formation history
2010,Capital Goods,CAT,EMR,251,0.6652459410896674,False,OK
2010,Capital Goods,CAT,ETN,251,0.7134762797285377,False,OK
2010,Capital Goods,CAT,FAST,251,0.532661328284642,False,OK
2010,Capital Goods,CAT,FERG,0,,False,Incomplete or constant formation history
2010,Capital Goods,CAT,FIX,0,,False,Incomplete or constant formation history
2010,Capital Goods,CAT,FLR,251,0.6256085137453333,False,OK
2010,Capital Goods,CAT,FLS,251,0.6551904719554851,False,OK
2010,Capital Goods,CAT,FTV,0,,False,Incomplete or constant formation history
2010,Capital Goods,CAT,GD,251,0.4921537685943936,False,OK
2010,Capital Goods,CAT,GE,251,0.5417732013769754,False,OK
2010,Capital Goods,CAT,GEV,0,,False,Incomplete or constant formation history
2010,Capital Goods,CAT,GNRC,0,,False,Incomplete or constant formation history
2010,Capital Goods,CAT,GWW,251,0.581806937051421,False,OK
2010,Capital Goods,CAT,HII,0,,False,Incomplete or constant formation history
2010,Capital Goods,CAT,HON,251,0.5930959175151818,False,OK
2010,Capital Goods,CAT,HONA,0,,False,Incomplete or constant formation history
2010,Capital Goods,CAT,HUBB,0,,False,Incomplete or constant formation history
2010,Capital Goods,CAT,HWM,0,,False,Incomplete or constant formation history
2010,Capital Goods,CAT,IEX,0,,False,Incomplete or constant formation history
2010,Capital Goods,CAT,IR,0,,False,Incomplete or constant formation history
2010,Capital Goods,CAT,ITW,251,0.6417285888393264,False,OK
2010,Capital Goods,CAT,J,0,,False,Incomplete or constant formation history
2010,Capital Goods,CAT,JCI,251,0.5796768112195356,False,OK
2010,Capital Goods,CAT,LHX,0,,False,Incomplete or constant formation history
2010,Capital Goods,CAT,LII,0,,False,Incomplete or constant formation history
2010,Capital Goods,CAT,LMT,251,0.40590428924019184,False,OK
2010,Capital Goods,CAT,MAS,251,0.4066659286261823,False,OK
2010,Capital Goods,CAT,MMM,251,0.5291070199090565,False,OK
2010,Capital Goods,CAT,NDSN,0,,False,Incomplete or constant formation history
2010,Capital Goods,CAT,NOC,251,0.4373938871914876,False,OK
2010,Capital Goods,CAT,OTIS,0,,False,Incomplete or constant formation history
2010,Capital Goods,CAT,PCAR,251,0.6135333271528773,False,OK
2010,Capital Goods,CAT,PH,251,0.7025549891569105,False,OK
2010,Capital Goods,CAT,PNR,251,0.5987954848151302,False,OK
2010,Capital Goods,CAT,PWR,251,0.3618362903214719,False,OK
2010,Capital Goods,CAT,ROK,251,0.6288591911278141,False,OK
2010,Capital Goods,CAT,RTX,0,,False,Incomplete or constant formation history
2010,Capital Goods,CAT,SNA,251,0.5594026592999188,False,OK
2010,Capital Goods,CAT,SWK,251,0.5633660861477234,False,OK
2010,Capital Goods,CAT,TDG,0,,False,Incomplete or constant formation history
2010,Capital Goods,CAT,TT,0,,False,Incomplete or constant formation history
2010,Capital Goods,CAT,TXT,251,0.5592807905648859,False,OK
2010,Capital Goods,CAT,URI,251,0.6614171244871482,False,OK
2010,Capital Goods,CAT,VRT,0,,False,Incomplete or constant formation history
2010,Capital Goods,CAT,WAB,0,,False,Incomplete or constant formation history
2010,Capital Goods,CAT,XYL,251,0.5958652393286498,False,OK
2010,Capital Goods,CMI,COL,0,,False,Incomplete or constant formation history
2010,Capital Goods,CMI,DD,251,0.3970993550500255,False,OK
2010,Capital Goods,CMI,DE,251,0.5679531871616028,False,OK
2010,Capital Goods,CMI,DOV,251,0.5211294456543141,False,OK
2010,Capital Goods,CMI,EME,0,,False,Incomplete or constant formation history
2010,Capital Goods,CMI,EMR,251,0.6579536996038442,False,OK
2010,Capital Goods,CMI,ETN,251,0.6384052623460723,False,OK
2010,Capital Goods,CMI,FAST,251,0.4925887392237022,False,OK
2010,Capital Goods,CMI,FERG,0,,False,Incomplete or constant formation history
2010,Capital Goods,CMI,FIX,0,,False,Incomplete or constant formation history
2010,Capital Goods,CMI,FLR,251,0.5179417896470768,False,OK
2010,Capital Goods,CMI,FLS,251,0.520345760427358,False,OK
2010,Capital Goods,CMI,FTV,0,,False,Incomplete or constant formation history
2010,Capital Goods,CMI,GD,251,0.48946387597923735,False,OK
2010,Capital Goods,CMI,GE,251,0.45357080641836817,False,OK
2010,Capital Goods,CMI,GEV,0,,False,Incomplete or constant formation history
2010,Capital Goods,CMI,GNRC,0,,False,Incomplete or constant formation history
2010,Capital Goods,CMI,GWW,251,0.48134677681731575,False,OK
2010,Capital Goods,CMI,HII,0,,False,Incomplete or constant formation history
2010,Capital Goods,CMI,HON,251,0.5533584508720442,False,OK
2010,Capital Goods,CMI,HONA,0,,False,Incomplete or constant formation history
2010,Capital Goods,CMI,HUBB,0,,False,Incomplete or constant formation history
2010,Capital Goods,CMI,HWM,0,,False,Incomplete or constant formation history
2010,Capital Goods,CMI,IEX,0,,False,Incomplete or constant formation history
2010,Capital Goods,CMI,IR,0,,False,Incomplete or constant formation history
2010,Capital Goods,CMI,ITW,251,0.5902867036849512,False,OK
2010,Capital Goods,CMI,J,0,,False,Incomplete or constant formation history
2010,Capital Goods,CMI,JCI,251,0.5094722560435707,False,OK
2010,Capital Goods,CMI,LHX,0,,False,Incomplete or constant formation history
2010,Capital Goods,CMI,LII,0,,False,Incomplete or constant formation history
2010,Capital Goods,CMI,LMT,251,0.41387863271230685,False,OK
2010,Capital Goods,CMI,MAS,251,0.3722283425700342,False,OK
2010,Capital Goods,CMI,MMM,251,0.4825719158079376,False,OK
2010,Capital Goods,CMI,NDSN,0,,False,Incomplete or constant formation history
2010,Capital Goods,CMI,NOC,251,0.4382997907746275,False,OK
2010,Capital Goods,CMI,OTIS,0,,False,Incomplete or constant formation history
2010,Capital Goods,CMI,PCAR,251,0.704459330392797,False,OK
2010,Capital Goods,CMI,PH,251,0.647712486941683,False,OK
2010,Capital Goods,CMI,PNR,251,0.5284997998573623,False,OK
2010,Capital Goods,CMI,PWR,251,0.2333036478540296,False,OK
2010,Capital Goods,CMI,ROK,251,0.5772375809498549,False,OK
2010,Capital Goods,CMI,RTX,0,,False,Incomplete or constant formation history
2010,Capital Goods,CMI,SNA,251,0.4812716824232,False,OK
2010,Capital Goods,CMI,SWK,251,0.5321956901474596,False,OK
2010,Capital Goods,CMI,TDG,0,,False,Incomplete or constant formation history
2010,Capital Goods,CMI,TT,0,,False,Incomplete or constant formation history
2010,Capital Goods,CMI,TXT,251,0.4499048504123758,False,OK
2010,Capital Goods,CMI,URI,251,0.5145529908641264,False,OK
2010,Capital Goods,CMI,VRT,0,,False,Incomplete or constant formation history
2010,Capital Goods,CMI,WAB,0,,False,Incomplete or constant formation history
2010,Capital Goods,CMI,XYL,251,0.5154359052653944,False,OK
2010,Capital Goods,COL,DD,0,,False,Incomplete or constant formation history
2010,Capital Goods,COL,DE,0,,False,Incomplete or constant formation history
2010,Capital Goods,COL,DOV,0,,False,Incomplete or constant formation history
2010,Capital Goods,COL,EME,0,,False,Incomplete or constant formation history
2010,Capital Goods,COL,EMR,0,,False,Incomplete or constant formation history
2010,Capital Goods,COL,ETN,0,,False,Incomplete or constant formation history
2010,Capital Goods,COL,FAST,0,,False,Incomplete or constant formation history
2010,Capital Goods,COL,FERG,0,,False,Incomplete or constant formation history
2010,Capital Goods,COL,FIX,0,,False,Incomplete or constant formation history
2010,Capital Goods,COL,FLR,0,,False,Incomplete or constant formation history
2010,Capital Goods,COL,FLS,0,,False,Incomplete or constant formation history
2010,Capital Goods,COL,FTV,0,,False,Incomplete or constant formation history
2010,Capital Goods,COL,GD,0,,False,Incomplete or constant formation history
2010,Capital Goods,COL,GE,0,,False,Incomplete or constant formation history
2010,Capital Goods,COL,GEV,0,,False,Incomplete or constant formation history
2010,Capital Goods,COL,GNRC,0,,False,Incomplete or constant formation history
2010,Capital Goods,COL,GWW,0,,False,Incomplete or constant formation history
2010,Capital Goods,COL,HII,0,,False,Incomplete or constant formation history
2010,Capital Goods,COL,HON,0,,False,Incomplete or constant formation history
2010,Capital Goods,COL,HONA,0,,False,Incomplete or constant formation history
2010,Capital Goods,COL,HUBB,0,,False,Incomplete or constant formation history
2010,Capital Goods,COL,HWM,0,,False,Incomplete or constant formation history
2010,Capital Goods,COL,IEX,0,,False,Incomplete or constant formation history
2010,Capital Goods,COL,IR,0,,False,Incomplete or constant formation history
2010,Capital Goods,COL,ITW,0,,False,Incomplete or constant formation history
2010,Capital Goods,COL,J,0,,False,Incomplete or constant formation history
2010,Capital Goods,COL,JCI,0,,False,Incomplete or constant formation history
2010,Capital Goods,COL,LHX,0,,False,Incomplete or constant formation history
2010,Capital Goods,COL,LII,0,,False,Incomplete or constant formation history
2010,Capital Goods,COL,LMT,0,,False,Incomplete or constant formation history
2010,Capital Goods,COL,MAS,0,,False,Incomplete or constant formation history
2010,Capital Goods,COL,MMM,0,,False,Incomplete or constant formation history
2010,Capital Goods,COL,NDSN,0,,False,Incomplete or constant formation history
2010,Capital Goods,COL,NOC,0,,False,Incomplete or constant formation history
2010,Capital Goods,COL,OTIS,0,,False,Incomplete or constant formation history
2010,Capital Goods,COL,PCAR,0,,False,Incomplete or constant formation history
2010,Capital Goods,COL,PH,0,,False,Incomplete or constant formation history
2010,Capital Goods,COL,PNR,0,,False,Incomplete or constant formation history
2010,Capital Goods,COL,PWR,0,,False,Incomplete or constant formation history
2010,Capital Goods,COL,ROK,0,,False,Incomplete or constant formation history
2010,Capital Goods,COL,RTX,0,,False,Incomplete or constant formation history
2010,Capital Goods,COL,SNA,0,,False,Incomplete or constant formation history
2010,Capital Goods,COL,SWK,0,,False,Incomplete or constant formation history
2010,Capital Goods,COL,TDG,0,,False,Incomplete or constant formation history
2010,Capital Goods,COL,TT,0,,False,Incomplete or constant formation history
2010,Capital Goods,COL,TXT,0,,False,Incomplete or constant formation history
2010,Capital Goods,COL,URI,0,,False,Incomplete or constant formation history
2010,Capital Goods,COL,VRT,0,,False,Incomplete or constant formation history
2010,Capital Goods,COL,WAB,0,,False,Incomplete or constant formation history
2010,Capital Goods,COL,XYL,0,,False,Incomplete or constant formation history
2010,Capital Goods,DD,DE,251,0.44390451176367857,False,OK
2010,Capital Goods,DD,DOV,251,0.5789855274177194,False,OK
2010,Capital Goods,DD,EME,0,,False,Incomplete or constant formation history
2010,Capital Goods,DD,EMR,251,0.5701627177656364,False,OK
2010,Capital Goods,DD,ETN,251,0.6540359643966472,False,OK
2010,Capital Goods,DD,FAST,251,0.45543638175201,False,OK
2010,Capital Goods,DD,FERG,0,,False,Incomplete or constant formation history
2010,Capital Goods,DD,FIX,0,,False,Incomplete or constant formation history
2010,Capital Goods,DD,FLR,251,0.5505400157235629,False,OK
2010,Capital Goods,DD,FLS,251,0.5642397325913318,False,OK
2010,Capital Goods,DD,FTV,0,,False,Incomplete or constant formation history
2010,Capital Goods,DD,GD,251,0.49480075417571134,False,OK
2010,Capital Goods,DD,GE,251,0.5536008855882405,False,OK
2010,Capital Goods,DD,GEV,0,,False,Incomplete or constant formation history
2010,Capital Goods,DD,GNRC,0,,False,Incomplete or constant formation history
2010,Capital Goods,DD,GWW,251,0.44686013712463557,False,OK
2010,Capital Goods,DD,HII,0,,False,Incomplete or constant formation history
2010,Capital Goods,DD,HON,251,0.5664804056145839,False,OK
2010,Capital Goods,DD,HONA,0,,False,Incomplete or constant formation history
2010,Capital Goods,DD,HUBB,0,,False,Incomplete or constant formation history
2010,Capital Goods,DD,HWM,0,,False,Incomplete or constant formation history
2010,Capital Goods,DD,IEX,0,,False,Incomplete or constant formation history
2010,Capital Goods,DD,IR,0,,False,Incomplete or constant formation history
2010,Capital Goods,DD,ITW,251,0.6199599801717313,False,OK
2010,Capital Goods,DD,J,0,,False,Incomplete or constant formation history
2010,Capital Goods,DD,JCI,251,0.5632144315103291,False,OK
2010,Capital Goods,DD,LHX,0,,False,Incomplete or constant formation history
2010,Capital Goods,DD,LII,0,,False,Incomplete or constant formation history
2010,Capital Goods,DD,LMT,251,0.4969820218337508,False,OK
2010,Capital Goods,DD,MAS,251,0.41213624116728376,False,OK
2010,Capital Goods,DD,MMM,251,0.5405817143729909,False,OK
2010,Capital Goods,DD,NDSN,0,,False,Incomplete or constant formation history
2010,Capital Goods,DD,NOC,251,0.5028927556253435,False,OK
2010,Capital Goods,DD,OTIS,0,,False,Incomplete or constant formation history
2010,Capital Goods,DD,PCAR,251,0.48279175357802606,False,OK
2010,Capital Goods,DD,PH,251,0.5417107200340283,False,OK
2010,Capital Goods,DD,PNR,251,0.5065802372714363,False,OK
2010,Capital Goods,DD,PWR,251,0.3147862019103076,False,OK
2010,Capital Goods,DD,ROK,251,0.5390638504979696,False,OK
2010,Capital Goods,DD,RTX,0,,False,Incomplete or constant formation history
2010,Capital Goods,DD,SNA,251,0.5909382701717685,False,OK
2010,Capital Goods,DD,SWK,251,0.5656676359787037,False,OK
2010,Capital Goods,DD,TDG,0,,False,Incomplete or constant formation history
2010,Capital Goods,DD,TT,0,,False,Incomplete or constant formation history
2010,Capital Goods,DD,TXT,251,0.5658779908618944,False,OK
2010,Capital Goods,DD,URI,251,0.5788045316980219,False,OK
2010,Capital Goods,DD,VRT,0,,False,Incomplete or constant formation history
2010,Capital Goods,DD,WAB,0,,False,Incomplete or constant formation history
2010,Capital Goods,DD,XYL,251,0.5938027312160835,False,OK
2010,Capital Goods,DE,DOV,251,0.5286385918962182,False,OK
2010,Capital Goods,DE,EME,0,,False,Incomplete or constant formation history
2010,Capital Goods,DE,EMR,251,0.5450233216187211,False,OK
2010,Capital Goods,DE,ETN,251,0.5965258437155804,False,OK
2010,Capital Goods,DE,FAST,251,0.46109935769697197,False,OK
2010,Capital Goods,DE,FERG,0,,False,Incomplete or constant formation history
2010,Capital Goods,DE,FIX,0,,False,Incomplete or constant formation history
2010,Capital Goods,DE,FLR,251,0.45823552169867066,False,OK
2010,Capital Goods,DE,FLS,251,0.5599488904097691,False,OK
2010,Capital Goods,DE,FTV,0,,False,Incomplete or constant formation history
2010,Capital Goods,DE,GD,251,0.547092990876627,False,OK
2010,Capital Goods,DE,GE,251,0.46739185930022675,False,OK
2010,Capital Goods,DE,GEV,0,,False,Incomplete or constant formation history
2010,Capital Goods,DE,GNRC,0,,False,Incomplete or constant formation history
2010,Capital Goods,DE,GWW,251,0.4727241708165631,False,OK
2010,Capital Goods,DE,HII,0,,False,Incomplete or constant formation history
2010,Capital Goods,DE,HON,251,0.5786349653598276,False,OK
2010,Capital Goods,DE,HONA,0,,False,Incomplete or constant formation history
2010,Capital Goods,DE,HUBB,0,,False,Incomplete or constant formation history
2010,Capital Goods,DE,HWM,0,,False,Incomplete or constant formation history
2010,Capital Goods,DE,IEX,0,,False,Incomplete or constant formation history
2010,Capital Goods,DE,IR,0,,False,Incomplete or constant formation history
2010,Capital Goods,DE,ITW,251,0.6374140510051617,False,OK
2010,Capital Goods,DE,J,0,,False,Incomplete or constant formation history
2010,Capital Goods,DE,JCI,251,0.48975096144074054,False,OK
2010,Capital Goods,DE,LHX,0,,False,Incomplete or constant formation history
2010,Capital Goods,DE,LII,0,,False,Incomplete or constant formation history
2010,Capital Goods,DE,LMT,251,0.41324548048740634,False,OK
2010,Capital Goods,DE,MAS,251,0.39728921765171954,False,OK
2010,Capital Goods,DE,MMM,251,0.5158871171619368,False,OK
2010,Capital Goods,DE,NDSN,0,,False,Incomplete or constant formation history
2010,Capital Goods,DE,NOC,251,0.5015621499195034,False,OK
2010,Capital Goods,DE,OTIS,0,,False,Incomplete or constant formation history
2010,Capital Goods,DE,PCAR,251,0.5874172528430327,False,OK
2010,Capital Goods,DE,PH,251,0.5747084175222131,False,OK
2010,Capital Goods,DE,PNR,251,0.5807197796586094,False,OK
2010,Capital Goods,DE,PWR,251,0.2148220063215495,False,OK
2010,Capital Goods,DE,ROK,251,0.5566071569109381,False,OK
2010,Capital Goods,DE,RTX,0,,False,Incomplete or constant formation history
2010,Capital Goods,DE,SNA,251,0.5966976208784756,False,OK
2010,Capital Goods,DE,SWK,251,0.6031614405016041,False,OK
2010,Capital Goods,DE,TDG,0,,False,Incomplete or constant formation history
2010,Capital Goods,DE,TT,0,,False,Incomplete or constant formation history
2010,Capital Goods,DE,TXT,251,0.5492240477826343,False,OK
2010,Capital Goods,DE,URI,251,0.49590389031838716,False,OK
2010,Capital Goods,DE,VRT,0,,False,Incomplete or constant formation history
2010,Capital Goods,DE,WAB,0,,False,Incomplete or constant formation history
2010,Capital Goods,DE,XYL,251,0.5268930473283755,False,OK
2010,Capital Goods,DOV,EME,0,,False,Incomplete or constant formation history
2010,Capital Goods,DOV,EMR,251,0.7148446099763938,False,OK
2010,Capital Goods,DOV,ETN,251,0.6933065454275916,False,OK
2010,Capital Goods,DOV,FAST,251,0.5259081544120432,False,OK
2010,Capital Goods,DOV,FERG,0,,False,Incomplete or constant formation history
2010,Capital Goods,DOV,FIX,0,,False,Incomplete or constant formation history
2010,Capital Goods,DOV,FLR,251,0.6687249183600598,False,OK
2010,Capital Goods,DOV,FLS,251,0.7499592154369614,False,OK
2010,Capital Goods,DOV,FTV,0,,False,Incomplete or constant formation history
2010,Capital Goods,DOV,GD,251,0.4920456421662753,False,OK
2010,Capital Goods,DOV,GE,251,0.42656440659123185,False,OK
2010,Capital Goods,DOV,GEV,0,,False,Incomplete or constant formation history
2010,Capital Goods,DOV,GNRC,0,,False,Incomplete or constant formation history
2010,Capital Goods,DOV,GWW,251,0.5719636595819171,False,OK
2010,Capital Goods,DOV,HII,0,,False,Incomplete or constant formation history
2010,Capital Goods,DOV,HON,251,0.600312127011091,False,OK
2010,Capital Goods,DOV,HONA,0,,False,Incomplete or constant formation history
2010,Capital Goods,DOV,HUBB,0,,False,Incomplete or constant formation history
2010,Capital Goods,DOV,HWM,0,,False,Incomplete or constant formation history
2010,Capital Goods,DOV,IEX,0,,False,Incomplete or constant formation history
2010,Capital Goods,DOV,IR,0,,False,Incomplete or constant formation history
2010,Capital Goods,DOV,ITW,251,0.7084271807099424,False,OK
2010,Capital Goods,DOV,J,0,,False,Incomplete or constant formation history
2010,Capital Goods,DOV,JCI,251,0.5901057824228859,False,OK
2010,Capital Goods,DOV,LHX,0,,False,Incomplete or constant formation history
2010,Capital Goods,DOV,LII,0,,False,Incomplete or constant formation history
2010,Capital Goods,DOV,LMT,251,0.4055450422520404,False,OK
2010,Capital Goods,DOV,MAS,251,0.3906107433196295,False,OK
2010,Capital Goods,DOV,MMM,251,0.5189752401533186,False,OK
2010,Capital Goods,DOV,NDSN,0,,False,Incomplete or constant formation history
2010,Capital Goods,DOV,NOC,251,0.49095050481378794,False,OK
2010,Capital Goods,DOV,OTIS,0,,False,Incomplete or constant formation history
2010,Capital Goods,DOV,PCAR,251,0.5616317084395009,False,OK
2010,Capital Goods,DOV,PH,251,0.6846560867858417,False,OK
2010,Capital Goods,DOV,PNR,251,0.6681369714222666,False,OK
2010,Capital Goods,DOV,PWR,251,0.41325677103392056,False,OK
2010,Capital Goods,DOV,ROK,251,0.643776762554189,False,OK
2010,Capital Goods,DOV,RTX,0,,False,Incomplete or constant formation history
2010,Capital Goods,DOV,SNA,251,0.5872960081408516,False,OK
2010,Capital Goods,DOV,SWK,251,0.6435752327191484,False,OK
2010,Capital Goods,DOV,TDG,0,,False,Incomplete or constant formation history
2010,Capital Goods,DOV,TT,0,,False,Incomplete or constant formation history
2010,Capital Goods,DOV,TXT,251,0.5791301974808015,False,OK
2010,Capital Goods,DOV,URI,251,0.5612509696063932,False,OK
2010,Capital Goods,DOV,VRT,0,,False,Incomplete or constant formation history
2010,Capital Goods,DOV,WAB,0,,False,Incomplete or constant formation history
2010,Capital Goods,DOV,XYL,251,0.6703416170214146,False,OK
2010,Capital Goods,EME,EMR,0,,False,Incomplete or constant formation history
2010,Capital Goods,EME,ETN,0,,False,Incomplete or constant formation history
2010,Capital Goods,EME,FAST,0,,False,Incomplete or constant formation history
2010,Capital Goods,EME,FERG,0,,False,Incomplete or constant formation history
2010,Capital Goods,EME,FIX,0,,False,Incomplete or constant formation history
2010,Capital Goods,EME,FLR,0,,False,Incomplete or constant formation history
2010,Capital Goods,EME,FLS,0,,False,Incomplete or constant formation history
2010,Capital Goods,EME,FTV,0,,False,Incomplete or constant formation history
2010,Capital Goods,EME,GD,0,,False,Incomplete or constant formation history
2010,Capital Goods,EME,GE,0,,False,Incomplete or constant formation history
2010,Capital Goods,EME,GEV,0,,False,Incomplete or constant formation history
2010,Capital Goods,EME,GNRC,0,,False,Incomplete or constant formation history
2010,Capital Goods,EME,GWW,0,,False,Incomplete or constant formation history
2010,Capital Goods,EME,HII,0,,False,Incomplete or constant formation history
2010,Capital Goods,EME,HON,0,,False,Incomplete or constant formation history
2010,Capital Goods,EME,HONA,0,,False,Incomplete or constant formation history
2010,Capital Goods,EME,HUBB,0,,False,Incomplete or constant formation history
2010,Capital Goods,EME,HWM,0,,False,Incomplete or constant formation history
2010,Capital Goods,EME,IEX,0,,False,Incomplete or constant formation history
2010,Capital Goods,EME,IR,0,,False,Incomplete or constant formation history
2010,Capital Goods,EME,ITW,0,,False,Incomplete or constant formation history
2010,Capital Goods,EME,J,0,,False,Incomplete or constant formation history
2010,Capital Goods,EME,JCI,0,,False,Incomplete or constant formation history
2010,Capital Goods,EME,LHX,0,,False,Incomplete or constant formation history
2010,Capital Goods,EME,LII,0,,False,Incomplete or constant formation history
2010,Capital Goods,EME,LMT,0,,False,Incomplete or constant formation history
2010,Capital Goods,EME,MAS,0,,False,Incomplete or constant formation history
2010,Capital Goods,EME,MMM,0,,False,Incomplete or constant formation history
2010,Capital Goods,EME,NDSN,0,,False,Incomplete or constant formation history
2010,Capital Goods,EME,NOC,0,,False,Incomplete or constant formation history
2010,Capital Goods,EME,OTIS,0,,False,Incomplete or constant formation history
2010,Capital Goods,EME,PCAR,0,,False,Incomplete or constant formation history
2010,Capital Goods,EME,PH,0,,False,Incomplete or constant formation history
2010,Capital Goods,EME,PNR,0,,False,Incomplete or constant formation history
2010,Capital Goods,EME,PWR,0,,False,Incomplete or constant formation history
2010,Capital Goods,EME,ROK,0,,False,Incomplete or constant formation history
2010,Capital Goods,EME,RTX,0,,False,Incomplete or constant formation history
2010,Capital Goods,EME,SNA,0,,False,Incomplete or constant formation history
2010,Capital Goods,EME,SWK,0,,False,Incomplete or constant formation history
2010,Capital Goods,EME,TDG,0,,False,Incomplete or constant formation history
2010,Capital Goods,EME,TT,0,,False,Incomplete or constant formation history
2010,Capital Goods,EME,TXT,0,,False,Incomplete or constant formation history
2010,Capital Goods,EME,URI,0,,False,Incomplete or constant formation history
2010,Capital Goods,EME,VRT,0,,False,Incomplete or constant formation history
2010,Capital Goods,EME,WAB,0,,False,Incomplete or constant formation history
2010,Capital Goods,EME,XYL,0,,False,Incomplete or constant formation history
2010,Capital Goods,EMR,ETN,251,0.7440212845332531,False,OK
2010,Capital Goods,EMR,FAST,251,0.6213239051911531,False,OK
2010,Capital Goods,EMR,FERG,0,,False,Incomplete or constant formation history
2010,Capital Goods,EMR,FIX,0,,False,Incomplete or constant formation history
2010,Capital Goods,EMR,FLR,251,0.7024274382340306,False,OK
2010,Capital Goods,EMR,FLS,251,0.7133486144620599,False,OK
2010,Capital Goods,EMR,FTV,0,,False,Incomplete or constant formation history
2010,Capital Goods,EMR,GD,251,0.5652031114647451,False,OK
2010,Capital Goods,EMR,GE,251,0.5165753993440149,False,OK
2010,Capital Goods,EMR,GEV,0,,False,Incomplete or constant formation history
2010,Capital Goods,EMR,GNRC,0,,False,Incomplete or constant formation history
2010,Capital Goods,EMR,GWW,251,0.6078799801286618,False,OK
2010,Capital Goods,EMR,HII,0,,False,Incomplete or constant formation history
2010,Capital Goods,EMR,HON,251,0.6658992038264838,False,OK
2010,Capital Goods,EMR,HONA,0,,False,Incomplete or constant formation history
2010,Capital Goods,EMR,HUBB,0,,False,Incomplete or constant formation history
2010,Capital Goods,EMR,HWM,0,,False,Incomplete or constant formation history
2010,Capital Goods,EMR,IEX,0,,False,Incomplete or constant formation history
2010,Capital Goods,EMR,IR,0,,False,Incomplete or constant formation history
2010,Capital Goods,EMR,ITW,251,0.7283150278363593,False,OK
2010,Capital Goods,EMR,J,0,,False,Incomplete or constant formation history
2010,Capital Goods,EMR,JCI,251,0.5872177339348654,False,OK
2010,Capital Goods,EMR,LHX,0,,False,Incomplete or constant formation history
2010,Capital Goods,EMR,LII,0,,False,Incomplete or constant formation history
2010,Capital Goods,EMR,LMT,251,0.5216942556605165,False,OK
2010,Capital Goods,EMR,MAS,251,0.4656150091539823,False,OK
2010,Capital Goods,EMR,MMM,251,0.5860538638606011,False,OK
2010,Capital Goods,EMR,NDSN,0,,False,Incomplete or constant formation history
2010,Capital Goods,EMR,NOC,251,0.5082316928379739,False,OK
2010,Capital Goods,EMR,OTIS,0,,False,Incomplete or constant formation history
2010,Capital Goods,EMR,PCAR,251,0.6397217283972045,False,OK
2010,Capital Goods,EMR,PH,251,0.741330785907724,False,OK
2010,Capital Goods,EMR,PNR,251,0.69583263633083,False,OK
2010,Capital Goods,EMR,PWR,251,0.4368528908577153,False,OK
2010,Capital Goods,EMR,ROK,251,0.6804438408326127,False,OK
2010,Capital Goods,EMR,RTX,0,,False,Incomplete or constant formation history
2010,Capital Goods,EMR,SNA,251,0.6102240124616052,False,OK
2010,Capital Goods,EMR,SWK,251,0.6153742027965485,False,OK
2010,Capital Goods,EMR,TDG,0,,False,Incomplete or constant formation history
2010,Capital Goods,EMR,TT,0,,False,Incomplete or constant formation history
2010,Capital Goods,EMR,TXT,251,0.6223601363201975,False,OK
2010,Capital Goods,EMR,URI,251,0.5589355902824151,False,OK
2010,Capital Goods,EMR,VRT,0,,False,Incomplete or constant formation history
2010,Capital Goods,EMR,WAB,0,,False,Incomplete or constant formation history
2010,Capital Goods,EMR,XYL,251,0.6596320872456332,False,OK
2010,Capital Goods,ETN,FAST,251,0.6363371190842201,False,OK
2010,Capital Goods,ETN,FERG,0,,False,Incomplete or constant formation history
2010,Capital Goods,ETN,FIX,0,,False,Incomplete or constant formation history
2010,Capital Goods,ETN,FLR,251,0.6726912791816897,False,OK
2010,Capital Goods,ETN,FLS,251,0.7155985034519184,False,OK
2010,Capital Goods,ETN,FTV,0,,False,Incomplete or constant formation history
2010,Capital Goods,ETN,GD,251,0.6497952128558302,False,OK
2010,Capital Goods,ETN,GE,251,0.5615615351602686,False,OK
2010,Capital Goods,ETN,GEV,0,,False,Incomplete or constant formation history
2010,Capital Goods,ETN,GNRC,0,,False,Incomplete or constant formation history
2010,Capital Goods,ETN,GWW,251,0.6418174997343343,False,OK
2010,Capital Goods,ETN,HII,0,,False,Incomplete or constant formation history
2010,Capital Goods,ETN,HON,251,0.7348960889808562,False,OK
2010,Capital Goods,ETN,HONA,0,,False,Incomplete or constant formation history
2010,Capital Goods,ETN,HUBB,0,,False,Incomplete or constant formation history
2010,Capital Goods,ETN,HWM,0,,False,Incomplete or constant formation history
2010,Capital Goods,ETN,IEX,0,,False,Incomplete or constant formation history
2010,Capital Goods,ETN,IR,0,,False,Incomplete or constant formation history
2010,Capital Goods,ETN,ITW,251,0.7570825585486546,False,OK
2010,Capital Goods,ETN,J,0,,False,Incomplete or constant formation history
2010,Capital Goods,ETN,JCI,251,0.6557989698254678,False,OK
2010,Capital Goods,ETN,LHX,0,,False,Incomplete or constant formation history
2010,Capital Goods,ETN,LII,0,,False,Incomplete or constant formation history
2010,Capital Goods,ETN,LMT,251,0.5907566767963677,False,OK
2010,Capital Goods,ETN,MAS,251,0.5299453633940621,False,OK
2010,Capital Goods,ETN,MMM,251,0.6305937685700732,False,OK
2010,Capital Goods,ETN,NDSN,0,,False,Incomplete or constant formation history
2010,Capital Goods,ETN,NOC,251,0.5720444629333883,False,OK
2010,Capital Goods,ETN,OTIS,0,,False,Incomplete or constant formation history
2010,Capital Goods,ETN,PCAR,251,0.6902806753912194,False,OK
2010,Capital Goods,ETN,PH,251,0.7803456784882585,False,OK
2010,Capital Goods,ETN,PNR,251,0.6993317724104817,False,OK
2010,Capital Goods,ETN,PWR,251,0.43498293443521524,False,OK
2010,Capital Goods,ETN,ROK,251,0.7169050314063565,False,OK
2010,Capital Goods,ETN,RTX,0,,False,Incomplete or constant formation history
2010,Capital Goods,ETN,SNA,251,0.6791337489755436,False,OK
2010,Capital Goods,ETN,SWK,251,0.6556740438884054,False,OK
2010,Capital Goods,ETN,TDG,0,,False,Incomplete or constant formation history
2010,Capital Goods,ETN,TT,0,,False,Incomplete or constant formation history
2010,Capital Goods,ETN,TXT,251,0.6763355425985518,False,OK
2010,Capital Goods,ETN,URI,251,0.66675436583555,False,OK
2010,Capital Goods,ETN,VRT,0,,False,Incomplete or constant formation history
2010,Capital Goods,ETN,WAB,0,,False,Incomplete or constant formation history
2010,Capital Goods,ETN,XYL,251,0.7215036980902118,False,OK
2010,Capital Goods,FAST,FERG,0,,False,Incomplete or constant formation history
2010,Capital Goods,FAST,FIX,0,,False,Incomplete or constant formation history
2010,Capital Goods,FAST,FLR,251,0.5332731711252763,False,OK
2010,Capital Goods,FAST,FLS,251,0.5355950872523145,False,OK
2010,Capital Goods,FAST,FTV,0,,False,Incomplete or constant formation history
2010,Capital Goods,FAST,GD,251,0.529902153229294,False,OK
2010,Capital Goods,FAST,GE,251,0.4793344026123915,False,OK
2010,Capital Goods,FAST,GEV,0,,False,Incomplete or constant formation history
2010,Capital Goods,FAST,GNRC,0,,False,Incomplete or constant formation history
2010,Capital Goods,FAST,GWW,251,0.7120401007718619,False,OK
2010,Capital Goods,FAST,HII,0,,False,Incomplete or constant formation history
2010,Capital Goods,FAST,HON,251,0.5905875534984826,False,OK
2010,Capital Goods,FAST,HONA,0,,False,Incomplete or constant formation history
2010,Capital Goods,FAST,HUBB,0,,False,Incomplete or constant formation history
2010,Capital Goods,FAST,HWM,0,,False,Incomplete or constant formation history
2010,Capital Goods,FAST,IEX,0,,False,Incomplete or constant formation history
2010,Capital Goods,FAST,IR,0,,False,Incomplete or constant formation history
2010,Capital Goods,FAST,ITW,251,0.65390696704234,False,OK
2010,Capital Goods,FAST,J,0,,False,Incomplete or constant formation history
2010,Capital Goods,FAST,JCI,251,0.5653291358706595,False,OK
2010,Capital Goods,FAST,LHX,0,,False,Incomplete or constant formation history
2010,Capital Goods,FAST,LII,0,,False,Incomplete or constant formation history
2010,Capital Goods,FAST,LMT,251,0.5094481013503634,False,OK
2010,Capital Goods,FAST,MAS,251,0.43188254094542106,False,OK
2010,Capital Goods,FAST,MMM,251,0.5742664424955585,False,OK
2010,Capital Goods,FAST,NDSN,0,,False,Incomplete or constant formation history
2010,Capital Goods,FAST,NOC,251,0.4613908707004706,False,OK
2010,Capital Goods,FAST,OTIS,0,,False,Incomplete or constant formation history
2010,Capital Goods,FAST,PCAR,251,0.5988049802331692,False,OK
2010,Capital Goods,FAST,PH,251,0.5759538549045775,False,OK
2010,Capital Goods,FAST,PNR,251,0.5779395209884243,False,OK
2010,Capital Goods,FAST,PWR,251,0.3528293388956977,False,OK
2010,Capital Goods,FAST,ROK,251,0.552376594066025,False,OK
2010,Capital Goods,FAST,RTX,0,,False,Incomplete or constant formation history
2010,Capital Goods,FAST,SNA,251,0.5680062247197016,False,OK
2010,Capital Goods,FAST,SWK,251,0.5857043937175488,False,OK
2010,Capital Goods,FAST,TDG,0,,False,Incomplete or constant formation history
2010,Capital Goods,FAST,TT,0,,False,Incomplete or constant formation history
2010,Capital Goods,FAST,TXT,251,0.5420237270327729,False,OK
2010,Capital Goods,FAST,URI,251,0.4766837182333853,False,OK
2010,Capital Goods,FAST,VRT,0,,False,Incomplete or constant formation history
2010,Capital Goods,FAST,WAB,0,,False,Incomplete or constant formation history
2010,Capital Goods,FAST,XYL,251,0.5427953681831716,False,OK
2010,Capital Goods,FERG,FIX,0,,False,Incomplete or constant formation history
2010,Capital Goods,FERG,FLR,0,,False,Incomplete or constant formation history
2010,Capital Goods,FERG,FLS,0,,False,Incomplete or constant formation history
2010,Capital Goods,FERG,FTV,0,,False,Incomplete or constant formation history
2010,Capital Goods,FERG,GD,0,,False,Incomplete or constant formation history
2010,Capital Goods,FERG,GE,0,,False,Incomplete or constant formation history
2010,Capital Goods,FERG,GEV,0,,False,Incomplete or constant formation history
2010,Capital Goods,FERG,GNRC,0,,False,Incomplete or constant formation history
2010,Capital Goods,FERG,GWW,0,,False,Incomplete or constant formation history
2010,Capital Goods,FERG,HII,0,,False,Incomplete or constant formation history
2010,Capital Goods,FERG,HON,0,,False,Incomplete or constant formation history
2010,Capital Goods,FERG,HONA,0,,False,Incomplete or constant formation history
2010,Capital Goods,FERG,HUBB,0,,False,Incomplete or constant formation history
2010,Capital Goods,FERG,HWM,0,,False,Incomplete or constant formation history
2010,Capital Goods,FERG,IEX,0,,False,Incomplete or constant formation history
2010,Capital Goods,FERG,IR,0,,False,Incomplete or constant formation history
2010,Capital Goods,FERG,ITW,0,,False,Incomplete or constant formation history
2010,Capital Goods,FERG,J,0,,False,Incomplete or constant formation history
2010,Capital Goods,FERG,JCI,0,,False,Incomplete or constant formation history
2010,Capital Goods,FERG,LHX,0,,False,Incomplete or constant formation history
2010,Capital Goods,FERG,LII,0,,False,Incomplete or constant formation history
2010,Capital Goods,FERG,LMT,0,,False,Incomplete or constant formation history
2010,Capital Goods,FERG,MAS,0,,False,Incomplete or constant formation history
2010,Capital Goods,FERG,MMM,0,,False,Incomplete or constant formation history
2010,Capital Goods,FERG,NDSN,0,,False,Incomplete or constant formation history
2010,Capital Goods,FERG,NOC,0,,False,Incomplete or constant formation history
2010,Capital Goods,FERG,OTIS,0,,False,Incomplete or constant formation history
2010,Capital Goods,FERG,PCAR,0,,False,Incomplete or constant formation history
2010,Capital Goods,FERG,PH,0,,False,Incomplete or constant formation history
2010,Capital Goods,FERG,PNR,0,,False,Incomplete or constant formation history
2010,Capital Goods,FERG,PWR,0,,False,Incomplete or constant formation history
2010,Capital Goods,FERG,ROK,0,,False,Incomplete or constant formation history
2010,Capital Goods,FERG,RTX,0,,False,Incomplete or constant formation history
2010,Capital Goods,FERG,SNA,0,,False,Incomplete or constant formation history
2010,Capital Goods,FERG,SWK,0,,False,Incomplete or constant formation history
2010,Capital Goods,FERG,TDG,0,,False,Incomplete or constant formation history
2010,Capital Goods,FERG,TT,0,,False,Incomplete or constant formation history
2010,Capital Goods,FERG,TXT,0,,False,Incomplete or constant formation history
2010,Capital Goods,FERG,URI,0,,False,Incomplete or constant formation history
2010,Capital Goods,FERG,VRT,0,,False,Incomplete or constant formation history
2010,Capital Goods,FERG,WAB,0,,False,Incomplete or constant formation history
2010,Capital Goods,FERG,XYL,0,,False,Incomplete or constant formation history
2010,Capital Goods,FIX,FLR,0,,False,Incomplete or constant formation history
2010,Capital Goods,FIX,FLS,0,,False,Incomplete or constant formation history
2010,Capital Goods,FIX,FTV,0,,False,Incomplete or constant formation history
2010,Capital Goods,FIX,GD,0,,False,Incomplete or constant formation history
2010,Capital Goods,FIX,GE,0,,False,Incomplete or constant formation history
2010,Capital Goods,FIX,GEV,0,,False,Incomplete or constant formation history
2010,Capital Goods,FIX,GNRC,0,,False,Incomplete or constant formation history
2010,Capital Goods,FIX,GWW,0,,False,Incomplete or constant formation history
2010,Capital Goods,FIX,HII,0,,False,Incomplete or constant formation history
2010,Capital Goods,FIX,HON,0,,False,Incomplete or constant formation history
2010,Capital Goods,FIX,HONA,0,,False,Incomplete or constant formation history
2010,Capital Goods,FIX,HUBB,0,,False,Incomplete or constant formation history
2010,Capital Goods,FIX,HWM,0,,False,Incomplete or constant formation history
2010,Capital Goods,FIX,IEX,0,,False,Incomplete or constant formation history
2010,Capital Goods,FIX,IR,0,,False,Incomplete or constant formation history
2010,Capital Goods,FIX,ITW,0,,False,Incomplete or constant formation history
2010,Capital Goods,FIX,J,0,,False,Incomplete or constant formation history
2010,Capital Goods,FIX,JCI,0,,False,Incomplete or constant formation history
2010,Capital Goods,FIX,LHX,0,,False,Incomplete or constant formation history
2010,Capital Goods,FIX,LII,0,,False,Incomplete or constant formation history
2010,Capital Goods,FIX,LMT,0,,False,Incomplete or constant formation history
2010,Capital Goods,FIX,MAS,0,,False,Incomplete or constant formation history
2010,Capital Goods,FIX,MMM,0,,False,Incomplete or constant formation history
2010,Capital Goods,FIX,NDSN,0,,False,Incomplete or constant formation history
2010,Capital Goods,FIX,NOC,0,,False,Incomplete or constant formation history
2010,Capital Goods,FIX,OTIS,0,,False,Incomplete or constant formation history
2010,Capital Goods,FIX,PCAR,0,,False,Incomplete or constant formation history
2010,Capital Goods,FIX,PH,0,,False,Incomplete or constant formation history
2010,Capital Goods,FIX,PNR,0,,False,Incomplete or constant formation history
2010,Capital Goods,FIX,PWR,0,,False,Incomplete or constant formation history
2010,Capital Goods,FIX,ROK,0,,False,Incomplete or constant formation history
2010,Capital Goods,FIX,RTX,0,,False,Incomplete or constant formation history
2010,Capital Goods,FIX,SNA,0,,False,Incomplete or constant formation history
2010,Capital Goods,FIX,SWK,0,,False,Incomplete or constant formation history
2010,Capital Goods,FIX,TDG,0,,False,Incomplete or constant formation history
2010,Capital Goods,FIX,TT,0,,False,Incomplete or constant formation history
2010,Capital Goods,FIX,TXT,0,,False,Incomplete or constant formation history
2010,Capital Goods,FIX,URI,0,,False,Incomplete or constant formation history
2010,Capital Goods,FIX,VRT,0,,False,Incomplete or constant formation history
2010,Capital Goods,FIX,WAB,0,,False,Incomplete or constant formation history
2010,Capital Goods,FIX,XYL,0,,False,Incomplete or constant formation history
2010,Capital Goods,FLR,FLS,251,0.7315760347063323,False,OK
2010,Capital Goods,FLR,FTV,0,,False,Incomplete or constant formation history
2010,Capital Goods,FLR,GD,251,0.4747211803296168,False,OK
2010,Capital Goods,FLR,GE,251,0.45651170505880495,False,OK
2010,Capital Goods,FLR,GEV,0,,False,Incomplete or constant formation history
2010,Capital Goods,FLR,GNRC,0,,False,Incomplete or constant formation history
2010,Capital Goods,FLR,GWW,251,0.5811423128417506,False,OK
2010,Capital Goods,FLR,HII,0,,False,Incomplete or constant formation history
2010,Capital Goods,FLR,HON,251,0.58839813175012,False,OK
2010,Capital Goods,FLR,HONA,0,,False,Incomplete or constant formation history
2010,Capital Goods,FLR,HUBB,0,,False,Incomplete or constant formation history
2010,Capital Goods,FLR,HWM,0,,False,Incomplete or constant formation history
2010,Capital Goods,FLR,IEX,0,,False,Incomplete or constant formation history
2010,Capital Goods,FLR,IR,0,,False,Incomplete or constant formation history
2010,Capital Goods,FLR,ITW,251,0.596671385385733,False,OK
2010,Capital Goods,FLR,J,0,,False,Incomplete or constant formation history
2010,Capital Goods,FLR,JCI,251,0.51607751964865,False,OK
2010,Capital Goods,FLR,LHX,0,,False,Incomplete or constant formation history
2010,Capital Goods,FLR,LII,0,,False,Incomplete or constant formation history
2010,Capital Goods,FLR,LMT,251,0.3982757094996233,False,OK
2010,Capital Goods,FLR,MAS,251,0.42000251432437735,False,OK
2010,Capital Goods,FLR,MMM,251,0.4612281864381562,False,OK
2010,Capital Goods,FLR,NDSN,0,,False,Incomplete or constant formation history
2010,Capital Goods,FLR,NOC,251,0.4978583958771846,False,OK
2010,Capital Goods,FLR,OTIS,0,,False,Incomplete or constant formation history
2010,Capital Goods,FLR,PCAR,251,0.5895931700956525,False,OK
2010,Capital Goods,FLR,PH,251,0.6724532381075863,False,OK
2010,Capital Goods,FLR,PNR,251,0.6123911092534994,False,OK
2010,Capital Goods,FLR,PWR,251,0.5569199608966208,False,OK
2010,Capital Goods,FLR,ROK,251,0.5972599160832562,False,OK
2010,Capital Goods,FLR,RTX,0,,False,Incomplete or constant formation history
2010,Capital Goods,FLR,SNA,251,0.5730127282120447,False,OK
2010,Capital Goods,FLR,SWK,251,0.5033681092971817,False,OK
2010,Capital Goods,FLR,TDG,0,,False,Incomplete or constant formation history
2010,Capital Goods,FLR,TT,0,,False,Incomplete or constant formation history
2010,Capital Goods,FLR,TXT,251,0.5717539683303599,False,OK
2010,Capital Goods,FLR,URI,251,0.5498065157474821,False,OK
2010,Capital Goods,FLR,VRT,0,,False,Incomplete or constant formation history
2010,Capital Goods,FLR,WAB,0,,False,Incomplete or constant formation history
2010,Capital Goods,FLR,XYL,251,0.6399947080338255,False,OK
2010,Capital Goods,FLS,FTV,0,,False,Incomplete or constant formation history
2010,Capital Goods,FLS,GD,251,0.46326349576111436,False,OK
2010,Capital Goods,FLS,GE,251,0.4724271978889905,False,OK
2010,Capital Goods,FLS,GEV,0,,False,Incomplete or constant formation history
2010,Capital Goods,FLS,GNRC,0,,False,Incomplete or constant formation history
2010,Capital Goods,FLS,GWW,251,0.6116778779478449,False,OK
2010,Capital Goods,FLS,HII,0,,False,Incomplete or constant formation history
2010,Capital Goods,FLS,HON,251,0.5855865555125838,False,OK
2010,Capital Goods,FLS,HONA,0,,False,Incomplete or constant formation history
2010,Capital Goods,FLS,HUBB,0,,False,Incomplete or constant formation history
2010,Capital Goods,FLS,HWM,0,,False,Incomplete or constant formation history
2010,Capital Goods,FLS,IEX,0,,False,Incomplete or constant formation history
2010,Capital Goods,FLS,IR,0,,False,Incomplete or constant formation history
2010,Capital Goods,FLS,ITW,251,0.6534413708158072,False,OK
2010,Capital Goods,FLS,J,0,,False,Incomplete or constant formation history
2010,Capital Goods,FLS,JCI,251,0.5550527304615148,False,OK
2010,Capital Goods,FLS,LHX,0,,False,Incomplete or constant formation history
2010,Capital Goods,FLS,LII,0,,False,Incomplete or constant formation history
2010,Capital Goods,FLS,LMT,251,0.4120521854804935,False,OK
2010,Capital Goods,FLS,MAS,251,0.31656699752774026,False,OK
2010,Capital Goods,FLS,MMM,251,0.5112679433089113,False,OK
2010,Capital Goods,FLS,NDSN,0,,False,Incomplete or constant formation history
2010,Capital Goods,FLS,NOC,251,0.45640926905936546,False,OK
2010,Capital Goods,FLS,OTIS,0,,False,Incomplete or constant formation history
2010,Capital Goods,FLS,PCAR,251,0.5480561198714282,False,OK
2010,Capital Goods,FLS,PH,251,0.6900031067568955,False,OK
2010,Capital Goods,FLS,PNR,251,0.7550995462838529,False,OK
2010,Capital Goods,FLS,PWR,251,0.44801966195071835,False,OK
2010,Capital Goods,FLS,ROK,251,0.6196800986614821,False,OK
2010,Capital Goods,FLS,RTX,0,,False,Incomplete or constant formation history
2010,Capital Goods,FLS,SNA,251,0.5772106368239088,False,OK
2010,Capital Goods,FLS,SWK,251,0.5619822172794373,False,OK
2010,Capital Goods,FLS,TDG,0,,False,Incomplete or constant formation history
2010,Capital Goods,FLS,TT,0,,False,Incomplete or constant formation history
2010,Capital Goods,FLS,TXT,251,0.5723639291671792,False,OK
2010,Capital Goods,FLS,URI,251,0.5917758125492272,False,OK
2010,Capital Goods,FLS,VRT,0,,False,Incomplete or constant formation history
2010,Capital Goods,FLS,WAB,0,,False,Incomplete or constant formation history
2010,Capital Goods,FLS,XYL,251,0.6812424197528975,False,OK
2010,Capital Goods,FTV,GD,0,,False,Incomplete or constant formation history
2010,Capital Goods,FTV,GE,0,,False,Incomplete or constant formation history
2010,Capital Goods,FTV,GEV,0,,False,Incomplete or constant formation history
2010,Capital Goods,FTV,GNRC,0,,False,Incomplete or constant formation history
2010,Capital Goods,FTV,GWW,0,,False,Incomplete or constant formation history
2010,Capital Goods,FTV,HII,0,,False,Incomplete or constant formation history
2010,Capital Goods,FTV,HON,0,,False,Incomplete or constant formation history
2010,Capital Goods,FTV,HONA,0,,False,Incomplete or constant formation history
2010,Capital Goods,FTV,HUBB,0,,False,Incomplete or constant formation history
2010,Capital Goods,FTV,HWM,0,,False,Incomplete or constant formation history
2010,Capital Goods,FTV,IEX,0,,False,Incomplete or constant formation history
2010,Capital Goods,FTV,IR,0,,False,Incomplete or constant formation history
2010,Capital Goods,FTV,ITW,0,,False,Incomplete or constant formation history
2010,Capital Goods,FTV,J,0,,False,Incomplete or constant formation history
2010,Capital Goods,FTV,JCI,0,,False,Incomplete or constant formation history
2010,Capital Goods,FTV,LHX,0,,False,Incomplete or constant formation history
2010,Capital Goods,FTV,LII,0,,False,Incomplete or constant formation history
2010,Capital Goods,FTV,LMT,0,,False,Incomplete or constant formation history
2010,Capital Goods,FTV,MAS,0,,False,Incomplete or constant formation history
2010,Capital Goods,FTV,MMM,0,,False,Incomplete or constant formation history
2010,Capital Goods,FTV,NDSN,0,,False,Incomplete or constant formation history
2010,Capital Goods,FTV,NOC,0,,False,Incomplete or constant formation history
2010,Capital Goods,FTV,OTIS,0,,False,Incomplete or constant formation history
2010,Capital Goods,FTV,PCAR,0,,False,Incomplete or constant formation history
2010,Capital Goods,FTV,PH,0,,False,Incomplete or constant formation history
2010,Capital Goods,FTV,PNR,0,,False,Incomplete or constant formation history
2010,Capital Goods,FTV,PWR,0,,False,Incomplete or constant formation history
2010,Capital Goods,FTV,ROK,0,,False,Incomplete or constant formation history
2010,Capital Goods,FTV,RTX,0,,False,Incomplete or constant formation history
2010,Capital Goods,FTV,SNA,0,,False,Incomplete or constant formation history
2010,Capital Goods,FTV,SWK,0,,False,Incomplete or constant formation history
2010,Capital Goods,FTV,TDG,0,,False,Incomplete or constant formation history
2010,Capital Goods,FTV,TT,0,,False,Incomplete or constant formation history
2010,Capital Goods,FTV,TXT,0,,False,Incomplete or constant formation history
2010,Capital Goods,FTV,URI,0,,False,Incomplete or constant formation history
2010,Capital Goods,FTV,VRT,0,,False,Incomplete or constant formation history
2010,Capital Goods,FTV,WAB,0,,False,Incomplete or constant formation history
2010,Capital Goods,FTV,XYL,0,,False,Incomplete or constant formation history
2010,Capital Goods,GD,GE,251,0.5253256236895127,False,OK
2010,Capital Goods,GD,GEV,0,,False,Incomplete or constant formation history
2010,Capital Goods,GD,GNRC,0,,False,Incomplete or constant formation history
2010,Capital Goods,GD,GWW,251,0.5093118033098039,False,OK
2010,Capital Goods,GD,HII,0,,False,Incomplete or constant formation history
2010,Capital Goods,GD,HON,251,0.7058093625011022,False,OK
2010,Capital Goods,GD,HONA,0,,False,Incomplete or constant formation history
2010,Capital Goods,GD,HUBB,0,,False,Incomplete or constant formation history
2010,Capital Goods,GD,HWM,0,,False,Incomplete or constant formation history
2010,Capital Goods,GD,IEX,0,,False,Incomplete or constant formation history
2010,Capital Goods,GD,IR,0,,False,Incomplete or constant formation history
2010,Capital Goods,GD,ITW,251,0.7149149441644697,False,OK
2010,Capital Goods,GD,J,0,,False,Incomplete or constant formation history
2010,Capital Goods,GD,JCI,251,0.5472924093545066,False,OK
2010,Capital Goods,GD,LHX,0,,False,Incomplete or constant formation history
2010,Capital Goods,GD,LII,0,,False,Incomplete or constant formation history
2010,Capital Goods,GD,LMT,251,0.706029099166546,False,OK
2010,Capital Goods,GD,MAS,251,0.5683347607856797,False,OK
2010,Capital Goods,GD,MMM,251,0.6800320407888134,False,OK
2010,Capital Goods,GD,NDSN,0,,False,Incomplete or constant formation history
2010,Capital Goods,GD,NOC,251,0.7449241248892277,False,OK
2010,Capital Goods,GD,OTIS,0,,False,Incomplete or constant formation history
2010,Capital Goods,GD,PCAR,251,0.5798555519290937,False,OK
2010,Capital Goods,GD,PH,251,0.5696981835879018,False,OK
2010,Capital Goods,GD,PNR,251,0.5448589245797736,False,OK
2010,Capital Goods,GD,PWR,251,0.265385682869327,False,OK
2010,Capital Goods,GD,ROK,251,0.5499446771176274,False,OK
2010,Capital Goods,GD,RTX,0,,False,Incomplete or constant formation history
2010,Capital Goods,GD,SNA,251,0.6506477174054182,False,OK
2010,Capital Goods,GD,SWK,251,0.6269350001098944,False,OK
2010,Capital Goods,GD,TDG,0,,False,Incomplete or constant formation history
2010,Capital Goods,GD,TT,0,,False,Incomplete or constant formation history
2010,Capital Goods,GD,TXT,251,0.6734223807134355,False,OK
2010,Capital Goods,GD,URI,251,0.42622645722320085,False,OK
2010,Capital Goods,GD,VRT,0,,False,Incomplete or constant formation history
2010,Capital Goods,GD,WAB,0,,False,Incomplete or constant formation history
2010,Capital Goods,GD,XYL,251,0.6199327909011476,False,OK
2010,Capital Goods,GE,GEV,0,,False,Incomplete or constant formation history
2010,Capital Goods,GE,GNRC,0,,False,Incomplete or constant formation history
2010,Capital Goods,GE,GWW,251,0.429050690415142,False,OK
2010,Capital Goods,GE,HII,0,,False,Incomplete or constant formation history
2010,Capital Goods,GE,HON,251,0.6258529701337953,False,OK
2010,Capital Goods,GE,HONA,0,,False,Incomplete or constant formation history
2010,Capital Goods,GE,HUBB,0,,False,Incomplete or constant formation history
2010,Capital Goods,GE,HWM,0,,False,Incomplete or constant formation history
2010,Capital Goods,GE,IEX,0,,False,Incomplete or constant formation history
2010,Capital Goods,GE,IR,0,,False,Incomplete or constant formation history
2010,Capital Goods,GE,ITW,251,0.6222603585802645,False,OK
2010,Capital Goods,GE,J,0,,False,Incomplete or constant formation history
2010,Capital Goods,GE,JCI,251,0.551895580560066,False,OK
2010,Capital Goods,GE,LHX,0,,False,Incomplete or constant formation history
2010,Capital Goods,GE,LII,0,,False,Incomplete or constant formation history
2010,Capital Goods,GE,LMT,251,0.5171218578041944,False,OK
2010,Capital Goods,GE,MAS,251,0.4113064184468179,False,OK
2010,Capital Goods,GE,MMM,251,0.5728193575300767,False,OK
2010,Capital Goods,GE,NDSN,0,,False,Incomplete or constant formation history
2010,Capital Goods,GE,NOC,251,0.5063072561043226,False,OK
2010,Capital Goods,GE,OTIS,0,,False,Incomplete or constant formation history
2010,Capital Goods,GE,PCAR,251,0.48906363771359823,False,OK
2010,Capital Goods,GE,PH,251,0.5607830893812328,False,OK
2010,Capital Goods,GE,PNR,251,0.5158269415444837,False,OK
2010,Capital Goods,GE,PWR,251,0.15565930337349546,False,OK
2010,Capital Goods,GE,ROK,251,0.4935258000492808,False,OK
2010,Capital Goods,GE,RTX,0,,False,Incomplete or constant formation history
2010,Capital Goods,GE,SNA,251,0.5710649902263336,False,OK
2010,Capital Goods,GE,SWK,251,0.5618021117920077,False,OK
2010,Capital Goods,GE,TDG,0,,False,Incomplete or constant formation history
2010,Capital Goods,GE,TT,0,,False,Incomplete or constant formation history
2010,Capital Goods,GE,TXT,251,0.5305629822692839,False,OK
2010,Capital Goods,GE,URI,251,0.4943932051346114,False,OK
2010,Capital Goods,GE,VRT,0,,False,Incomplete or constant formation history
2010,Capital Goods,GE,WAB,0,,False,Incomplete or constant formation history
2010,Capital Goods,GE,XYL,251,0.5654040729264024,False,OK
2010,Capital Goods,GEV,GNRC,0,,False,Incomplete or constant formation history
2010,Capital Goods,GEV,GWW,0,,False,Incomplete or constant formation history
2010,Capital Goods,GEV,HII,0,,False,Incomplete or constant formation history
2010,Capital Goods,GEV,HON,0,,False,Incomplete or constant formation history
2010,Capital Goods,GEV,HONA,0,,False,Incomplete or constant formation history
2010,Capital Goods,GEV,HUBB,0,,False,Incomplete or constant formation history
2010,Capital Goods,GEV,HWM,0,,False,Incomplete or constant formation history
2010,Capital Goods,GEV,IEX,0,,False,Incomplete or constant formation history
2010,Capital Goods,GEV,IR,0,,False,Incomplete or constant formation history
2010,Capital Goods,GEV,ITW,0,,False,Incomplete or constant formation history
2010,Capital Goods,GEV,J,0,,False,Incomplete or constant formation history
2010,Capital Goods,GEV,JCI,0,,False,Incomplete or constant formation history
2010,Capital Goods,GEV,LHX,0,,False,Incomplete or constant formation history
2010,Capital Goods,GEV,LII,0,,False,Incomplete or constant formation history
2010,Capital Goods,GEV,LMT,0,,False,Incomplete or constant formation history
2010,Capital Goods,GEV,MAS,0,,False,Incomplete or constant formation history
2010,Capital Goods,GEV,MMM,0,,False,Incomplete or constant formation history
2010,Capital Goods,GEV,NDSN,0,,False,Incomplete or constant formation history
2010,Capital Goods,GEV,NOC,0,,False,Incomplete or constant formation history
2010,Capital Goods,GEV,OTIS,0,,False,Incomplete or constant formation history
2010,Capital Goods,GEV,PCAR,0,,False,Incomplete or constant formation history
2010,Capital Goods,GEV,PH,0,,False,Incomplete or constant formation history
2010,Capital Goods,GEV,PNR,0,,False,Incomplete or constant formation history
2010,Capital Goods,GEV,PWR,0,,False,Incomplete or constant formation history
2010,Capital Goods,GEV,ROK,0,,False,Incomplete or constant formation history
2010,Capital Goods,GEV,RTX,0,,False,Incomplete or constant formation history
2010,Capital Goods,GEV,SNA,0,,False,Incomplete or constant formation history
2010,Capital Goods,GEV,SWK,0,,False,Incomplete or constant formation history
2010,Capital Goods,GEV,TDG,0,,False,Incomplete or constant formation history
2010,Capital Goods,GEV,TT,0,,False,Incomplete or constant formation history
2010,Capital Goods,GEV,TXT,0,,False,Incomplete or constant formation history
2010,Capital Goods,GEV,URI,0,,False,Incomplete or constant formation history
2010,Capital Goods,GEV,VRT,0,,False,Incomplete or constant formation history
2010,Capital Goods,GEV,WAB,0,,False,Incomplete or constant formation history
2010,Capital Goods,GEV,XYL,0,,False,Incomplete or constant formation history
2010,Capital Goods,GNRC,GWW,0,,False,Incomplete or constant formation history
2010,Capital Goods,GNRC,HII,0,,False,Incomplete or constant formation history
2010,Capital Goods,GNRC,HON,0,,False,Incomplete or constant formation history
2010,Capital Goods,GNRC,HONA,0,,False,Incomplete or constant formation history
2010,Capital Goods,GNRC,HUBB,0,,False,Incomplete or constant formation history
2010,Capital Goods,GNRC,HWM,0,,False,Incomplete or constant formation history
2010,Capital Goods,GNRC,IEX,0,,False,Incomplete or constant formation history
2010,Capital Goods,GNRC,IR,0,,False,Incomplete or constant formation history
2010,Capital Goods,GNRC,ITW,0,,False,Incomplete or constant formation history
2010,Capital Goods,GNRC,J,0,,False,Incomplete or constant formation history
2010,Capital Goods,GNRC,JCI,0,,False,Incomplete or constant formation history
2010,Capital Goods,GNRC,LHX,0,,False,Incomplete or constant formation history
2010,Capital Goods,GNRC,LII,0,,False,Incomplete or constant formation history
2010,Capital Goods,GNRC,LMT,0,,False,Incomplete or constant formation history
2010,Capital Goods,GNRC,MAS,0,,False,Incomplete or constant formation history
2010,Capital Goods,GNRC,MMM,0,,False,Incomplete or constant formation history
2010,Capital Goods,GNRC,NDSN,0,,False,Incomplete or constant formation history
2010,Capital Goods,GNRC,NOC,0,,False,Incomplete or constant formation history
2010,Capital Goods,GNRC,OTIS,0,,False,Incomplete or constant formation history
2010,Capital Goods,GNRC,PCAR,0,,False,Incomplete or constant formation history
2010,Capital Goods,GNRC,PH,0,,False,Incomplete or constant formation history
2010,Capital Goods,GNRC,PNR,0,,False,Incomplete or constant formation history
2010,Capital Goods,GNRC,PWR,0,,False,Incomplete or constant formation history
2010,Capital Goods,GNRC,ROK,0,,False,Incomplete or constant formation history
2010,Capital Goods,GNRC,RTX,0,,False,Incomplete or constant formation history
2010,Capital Goods,GNRC,SNA,0,,False,Incomplete or constant formation history
2010,Capital Goods,GNRC,SWK,0,,False,Incomplete or constant formation history
2010,Capital Goods,GNRC,TDG,0,,False,Incomplete or constant formation history
2010,Capital Goods,GNRC,TT,0,,False,Incomplete or constant formation history
2010,Capital Goods,GNRC,TXT,0,,False,Incomplete or constant formation history
2010,Capital Goods,GNRC,URI,0,,False,Incomplete or constant formation history
2010,Capital Goods,GNRC,VRT,0,,False,Incomplete or constant formation history
2010,Capital Goods,GNRC,WAB,0,,False,Incomplete or constant formation history
2010,Capital Goods,GNRC,XYL,0,,False,Incomplete or constant formation history
2010,Capital Goods,GWW,HII,0,,False,Incomplete or constant formation history
2010,Capital Goods,GWW,HON,251,0.5968510641102777,False,OK
2010,Capital Goods,GWW,HONA,0,,False,Incomplete or constant formation history
2010,Capital Goods,GWW,HUBB,0,,False,Incomplete or constant formation history
2010,Capital Goods,GWW,HWM,0,,False,Incomplete or constant formation history
2010,Capital Goods,GWW,IEX,0,,False,Incomplete or constant formation history
2010,Capital Goods,GWW,IR,0,,False,Incomplete or constant formation history
2010,Capital Goods,GWW,ITW,251,0.6542057474770819,False,OK
2010,Capital Goods,GWW,J,0,,False,Incomplete or constant formation history
2010,Capital Goods,GWW,JCI,251,0.532887309513205,False,OK
2010,Capital Goods,GWW,LHX,0,,False,Incomplete or constant formation history
2010,Capital Goods,GWW,LII,0,,False,Incomplete or constant formation history
2010,Capital Goods,GWW,LMT,251,0.4691653861394322,False,OK
2010,Capital Goods,GWW,MAS,251,0.33656845839454963,False,OK
2010,Capital Goods,GWW,MMM,251,0.5411060970184793,False,OK
2010,Capital Goods,GWW,NDSN,0,,False,Incomplete or constant formation history
2010,Capital Goods,GWW,NOC,251,0.46454366234369526,False,OK
2010,Capital Goods,GWW,OTIS,0,,False,Incomplete or constant formation history
2010,Capital Goods,GWW,PCAR,251,0.5845794450776497,False,OK
2010,Capital Goods,GWW,PH,251,0.591158031141429,False,OK
2010,Capital Goods,GWW,PNR,251,0.5818417446851627,False,OK
2010,Capital Goods,GWW,PWR,251,0.5119762320623104,False,OK
2010,Capital Goods,GWW,ROK,251,0.5601488385960034,False,OK
2010,Capital Goods,GWW,RTX,0,,False,Incomplete or constant formation history
2010,Capital Goods,GWW,SNA,251,0.5711745941323343,False,OK
2010,Capital Goods,GWW,SWK,251,0.6052910662311298,False,OK
2010,Capital Goods,GWW,TDG,0,,False,Incomplete or constant formation history
2010,Capital Goods,GWW,TT,0,,False,Incomplete or constant formation history
2010,Capital Goods,GWW,TXT,251,0.5062060029174932,False,OK
2010,Capital Goods,GWW,URI,251,0.5154508819839936,False,OK
2010,Capital Goods,GWW,VRT,0,,False,Incomplete or constant formation history
2010,Capital Goods,GWW,WAB,0,,False,Incomplete or constant formation history
2010,Capital Goods,GWW,XYL,251,0.567802129779214,False,OK
2010,Capital Goods,HII,HON,0,,False,Incomplete or constant formation history
2010,Capital Goods,HII,HONA,0,,False,Incomplete or constant formation history
2010,Capital Goods,HII,HUBB,0,,False,Incomplete or constant formation history
2010,Capital Goods,HII,HWM,0,,False,Incomplete or constant formation history
2010,Capital Goods,HII,IEX,0,,False,Incomplete or constant formation history
2010,Capital Goods,HII,IR,0,,False,Incomplete or constant formation history
2010,Capital Goods,HII,ITW,0,,False,Incomplete or constant formation history
2010,Capital Goods,HII,J,0,,False,Incomplete or constant formation history
2010,Capital Goods,HII,JCI,0,,False,Incomplete or constant formation history
2010,Capital Goods,HII,LHX,0,,False,Incomplete or constant formation history
2010,Capital Goods,HII,LII,0,,False,Incomplete or constant formation history
2010,Capital Goods,HII,LMT,0,,False,Incomplete or constant formation history
2010,Capital Goods,HII,MAS,0,,False,Incomplete or constant formation history
2010,Capital Goods,HII,MMM,0,,False,Incomplete or constant formation history
2010,Capital Goods,HII,NDSN,0,,False,Incomplete or constant formation history
2010,Capital Goods,HII,NOC,0,,False,Incomplete or constant formation history
2010,Capital Goods,HII,OTIS,0,,False,Incomplete or constant formation history
2010,Capital Goods,HII,PCAR,0,,False,Incomplete or constant formation history
2010,Capital Goods,HII,PH,0,,False,Incomplete or constant formation history
2010,Capital Goods,HII,PNR,0,,False,Incomplete or constant formation history
2010,Capital Goods,HII,PWR,0,,False,Incomplete or constant formation history
2010,Capital Goods,HII,ROK,0,,False,Incomplete or constant formation history
2010,Capital Goods,HII,RTX,0,,False,Incomplete or constant formation history
2010,Capital Goods,HII,SNA,0,,False,Incomplete or constant formation history
2010,Capital Goods,HII,SWK,0,,False,Incomplete or constant formation history
2010,Capital Goods,HII,TDG,0,,False,Incomplete or constant formation history
2010,Capital Goods,HII,TT,0,,False,Incomplete or constant formation history
2010,Capital Goods,HII,TXT,0,,False,Incomplete or constant formation history
2010,Capital Goods,HII,URI,0,,False,Incomplete or constant formation history
2010,Capital Goods,HII,VRT,0,,False,Incomplete or constant formation history
2010,Capital Goods,HII,WAB,0,,False,Incomplete or constant formation history
2010,Capital Goods,HII,XYL,0,,False,Incomplete or constant formation history
2010,Capital Goods,HON,HONA,0,,False,Incomplete or constant formation history
2010,Capital Goods,HON,HUBB,0,,False,Incomplete or constant formation history
2010,Capital Goods,HON,HWM,0,,False,Incomplete or constant formation history
2010,Capital Goods,HON,IEX,0,,False,Incomplete or constant formation history
2010,Capital Goods,HON,IR,0,,False,Incomplete or constant formation history
2010,Capital Goods,HON,ITW,251,0.8098302525022759,True,OK
2010,Capital Goods,HON,J,0,,False,Incomplete or constant formation history
2010,Capital Goods,HON,JCI,251,0.6905048394257158,False,OK
2010,Capital Goods,HON,LHX,0,,False,Incomplete or constant formation history
2010,Capital Goods,HON,LII,0,,False,Incomplete or constant formation history
2010,Capital Goods,HON,LMT,251,0.7049272379329709,False,OK
2010,Capital Goods,HON,MAS,251,0.6022849010268628,False,OK
2010,Capital Goods,HON,MMM,251,0.7250483356854268,False,OK
2010,Capital Goods,HON,NDSN,0,,False,Incomplete or constant formation history
2010,Capital Goods,HON,NOC,251,0.6900411012950582,False,OK
2010,Capital Goods,HON,OTIS,0,,False,Incomplete or constant formation history
2010,Capital Goods,HON,PCAR,251,0.6777239076404971,False,OK
2010,Capital Goods,HON,PH,251,0.7032427388548629,False,OK
2010,Capital Goods,HON,PNR,251,0.6062622580109731,False,OK
2010,Capital Goods,HON,PWR,251,0.3747390851242439,False,OK
2010,Capital Goods,HON,ROK,251,0.6957174220567282,False,OK
2010,Capital Goods,HON,RTX,0,,False,Incomplete or constant formation history
2010,Capital Goods,HON,SNA,251,0.7524675247192036,False,OK
2010,Capital Goods,HON,SWK,251,0.733492812276545,False,OK
2010,Capital Goods,HON,TDG,0,,False,Incomplete or constant formation history
2010,Capital Goods,HON,TT,0,,False,Incomplete or constant formation history
2010,Capital Goods,HON,TXT,251,0.7329940660373754,False,OK
2010,Capital Goods,HON,URI,251,0.5337659081624148,False,OK
2010,Capital Goods,HON,VRT,0,,False,Incomplete or constant formation history
2010,Capital Goods,HON,WAB,0,,False,Incomplete or constant formation history
2010,Capital Goods,HON,XYL,251,0.7039694655392091,False,OK
2010,Capital Goods,HONA,HUBB,0,,False,Incomplete or constant formation history
2010,Capital Goods,HONA,HWM,0,,False,Incomplete or constant formation history
2010,Capital Goods,HONA,IEX,0,,False,Incomplete or constant formation history
2010,Capital Goods,HONA,IR,0,,False,Incomplete or constant formation history
2010,Capital Goods,HONA,ITW,0,,False,Incomplete or constant formation history
2010,Capital Goods,HONA,J,0,,False,Incomplete or constant formation history
2010,Capital Goods,HONA,JCI,0,,False,Incomplete or constant formation history
2010,Capital Goods,HONA,LHX,0,,False,Incomplete or constant formation history
2010,Capital Goods,HONA,LII,0,,False,Incomplete or constant formation history
2010,Capital Goods,HONA,LMT,0,,False,Incomplete or constant formation history
2010,Capital Goods,HONA,MAS,0,,False,Incomplete or constant formation history
2010,Capital Goods,HONA,MMM,0,,False,Incomplete or constant formation history
2010,Capital Goods,HONA,NDSN,0,,False,Incomplete or constant formation history
2010,Capital Goods,HONA,NOC,0,,False,Incomplete or constant formation history
2010,Capital Goods,HONA,OTIS,0,,False,Incomplete or constant formation history
2010,Capital Goods,HONA,PCAR,0,,False,Incomplete or constant formation history
2010,Capital Goods,HONA,PH,0,,False,Incomplete or constant formation history
2010,Capital Goods,HONA,PNR,0,,False,Incomplete or constant formation history
2010,Capital Goods,HONA,PWR,0,,False,Incomplete or constant formation history
2010,Capital Goods,HONA,ROK,0,,False,Incomplete or constant formation history
2010,Capital Goods,HONA,RTX,0,,False,Incomplete or constant formation history
2010,Capital Goods,HONA,SNA,0,,False,Incomplete or constant formation history
2010,Capital Goods,HONA,SWK,0,,False,Incomplete or constant formation history
2010,Capital Goods,HONA,TDG,0,,False,Incomplete or constant formation history
2010,Capital Goods,HONA,TT,0,,False,Incomplete or constant formation history
2010,Capital Goods,HONA,TXT,0,,False,Incomplete or constant formation history
2010,Capital Goods,HONA,URI,0,,False,Incomplete or constant formation history
2010,Capital Goods,HONA,VRT,0,,False,Incomplete or constant formation history
2010,Capital Goods,HONA,WAB,0,,False,Incomplete or constant formation history
2010,Capital Goods,HONA,XYL,0,,False,Incomplete or constant formation history
2010,Capital Goods,HUBB,HWM,0,,False,Incomplete or constant formation history
2010,Capital Goods,HUBB,IEX,0,,False,Incomplete or constant formation history
2010,Capital Goods,HUBB,IR,0,,False,Incomplete or constant formation history
2010,Capital Goods,HUBB,ITW,0,,False,Incomplete or constant formation history
2010,Capital Goods,HUBB,J,0,,False,Incomplete or constant formation history
2010,Capital Goods,HUBB,JCI,0,,False,Incomplete or constant formation history
2010,Capital Goods,HUBB,LHX,0,,False,Incomplete or constant formation history
2010,Capital Goods,HUBB,LII,0,,False,Incomplete or constant formation history
2010,Capital Goods,HUBB,LMT,0,,False,Incomplete or constant formation history
2010,Capital Goods,HUBB,MAS,0,,False,Incomplete or constant formation history
2010,Capital Goods,HUBB,MMM,0,,False,Incomplete or constant formation history
2010,Capital Goods,HUBB,NDSN,0,,False,Incomplete or constant formation history
2010,Capital Goods,HUBB,NOC,0,,False,Incomplete or constant formation history
2010,Capital Goods,HUBB,OTIS,0,,False,Incomplete or constant formation history
2010,Capital Goods,HUBB,PCAR,0,,False,Incomplete or constant formation history
2010,Capital Goods,HUBB,PH,0,,False,Incomplete or constant formation history
2010,Capital Goods,HUBB,PNR,0,,False,Incomplete or constant formation history
2010,Capital Goods,HUBB,PWR,0,,False,Incomplete or constant formation history
2010,Capital Goods,HUBB,ROK,0,,False,Incomplete or constant formation history
2010,Capital Goods,HUBB,RTX,0,,False,Incomplete or constant formation history
2010,Capital Goods,HUBB,SNA,0,,False,Incomplete or constant formation history
2010,Capital Goods,HUBB,SWK,0,,False,Incomplete or constant formation history
2010,Capital Goods,HUBB,TDG,0,,False,Incomplete or constant formation history
2010,Capital Goods,HUBB,TT,0,,False,Incomplete or constant formation history
2010,Capital Goods,HUBB,TXT,0,,False,Incomplete or constant formation history
2010,Capital Goods,HUBB,URI,0,,False,Incomplete or constant formation history
2010,Capital Goods,HUBB,VRT,0,,False,Incomplete or constant formation history
2010,Capital Goods,HUBB,WAB,0,,False,Incomplete or constant formation history
2010,Capital Goods,HUBB,XYL,0,,False,Incomplete or constant formation history
2010,Capital Goods,HWM,IEX,0,,False,Incomplete or constant formation history
2010,Capital Goods,HWM,IR,0,,False,Incomplete or constant formation history
2010,Capital Goods,HWM,ITW,0,,False,Incomplete or constant formation history
2010,Capital Goods,HWM,J,0,,False,Incomplete or constant formation history
2010,Capital Goods,HWM,JCI,0,,False,Incomplete or constant formation history
2010,Capital Goods,HWM,LHX,0,,False,Incomplete or constant formation history
2010,Capital Goods,HWM,LII,0,,False,Incomplete or constant formation history
2010,Capital Goods,HWM,LMT,0,,False,Incomplete or constant formation history
2010,Capital Goods,HWM,MAS,0,,False,Incomplete or constant formation history
2010,Capital Goods,HWM,MMM,0,,False,Incomplete or constant formation history
2010,Capital Goods,HWM,NDSN,0,,False,Incomplete or constant formation history
2010,Capital Goods,HWM,NOC,0,,False,Incomplete or constant formation history
2010,Capital Goods,HWM,OTIS,0,,False,Incomplete or constant formation history
2010,Capital Goods,HWM,PCAR,0,,False,Incomplete or constant formation history
2010,Capital Goods,HWM,PH,0,,False,Incomplete or constant formation history
2010,Capital Goods,HWM,PNR,0,,False,Incomplete or constant formation history
2010,Capital Goods,HWM,PWR,0,,False,Incomplete or constant formation history
2010,Capital Goods,HWM,ROK,0,,False,Incomplete or constant formation history
2010,Capital Goods,HWM,RTX,0,,False,Incomplete or constant formation history
2010,Capital Goods,HWM,SNA,0,,False,Incomplete or constant formation history
2010,Capital Goods,HWM,SWK,0,,False,Incomplete or constant formation history
2010,Capital Goods,HWM,TDG,0,,False,Incomplete or constant formation history
2010,Capital Goods,HWM,TT,0,,False,Incomplete or constant formation history
2010,Capital Goods,HWM,TXT,0,,False,Incomplete or constant formation history
2010,Capital Goods,HWM,URI,0,,False,Incomplete or constant formation history
2010,Capital Goods,HWM,VRT,0,,False,Incomplete or constant formation history
2010,Capital Goods,HWM,WAB,0,,False,Incomplete or constant formation history
2010,Capital Goods,HWM,XYL,0,,False,Incomplete or constant formation history
2010,Capital Goods,IEX,IR,0,,False,Incomplete or constant formation history
2010,Capital Goods,IEX,ITW,0,,False,Incomplete or constant formation history
2010,Capital Goods,IEX,J,0,,False,Incomplete or constant formation history
2010,Capital Goods,IEX,JCI,0,,False,Incomplete or constant formation history
2010,Capital Goods,IEX,LHX,0,,False,Incomplete or constant formation history
2010,Capital Goods,IEX,LII,0,,False,Incomplete or constant formation history
2010,Capital Goods,IEX,LMT,0,,False,Incomplete or constant formation history
2010,Capital Goods,IEX,MAS,0,,False,Incomplete or constant formation history
2010,Capital Goods,IEX,MMM,0,,False,Incomplete or constant formation history
2010,Capital Goods,IEX,NDSN,0,,False,Incomplete or constant formation history
2010,Capital Goods,IEX,NOC,0,,False,Incomplete or constant formation history
2010,Capital Goods,IEX,OTIS,0,,False,Incomplete or constant formation history
2010,Capital Goods,IEX,PCAR,0,,False,Incomplete or constant formation history
2010,Capital Goods,IEX,PH,0,,False,Incomplete or constant formation history
2010,Capital Goods,IEX,PNR,0,,False,Incomplete or constant formation history
2010,Capital Goods,IEX,PWR,0,,False,Incomplete or constant formation history
2010,Capital Goods,IEX,ROK,0,,False,Incomplete or constant formation history
2010,Capital Goods,IEX,RTX,0,,False,Incomplete or constant formation history
2010,Capital Goods,IEX,SNA,0,,False,Incomplete or constant formation history
2010,Capital Goods,IEX,SWK,0,,False,Incomplete or constant formation history
2010,Capital Goods,IEX,TDG,0,,False,Incomplete or constant formation history
2010,Capital Goods,IEX,TT,0,,False,Incomplete or constant formation history
2010,Capital Goods,IEX,TXT,0,,False,Incomplete or constant formation history
2010,Capital Goods,IEX,URI,0,,False,Incomplete or constant formation history
2010,Capital Goods,IEX,VRT,0,,False,Incomplete or constant formation history
2010,Capital Goods,IEX,WAB,0,,False,Incomplete or constant formation history
2010,Capital Goods,IEX,XYL,0,,False,Incomplete or constant formation history
2010,Capital Goods,IR,ITW,0,,False,Incomplete or constant formation history
2010,Capital Goods,IR,J,0,,False,Incomplete or constant formation history
2010,Capital Goods,IR,JCI,0,,False,Incomplete or constant formation history
2010,Capital Goods,IR,LHX,0,,False,Incomplete or constant formation history
2010,Capital Goods,IR,LII,0,,False,Incomplete or constant formation history
2010,Capital Goods,IR,LMT,0,,False,Incomplete or constant formation history
2010,Capital Goods,IR,MAS,0,,False,Incomplete or constant formation history
2010,Capital Goods,IR,MMM,0,,False,Incomplete or constant formation history
2010,Capital Goods,IR,NDSN,0,,False,Incomplete or constant formation history
2010,Capital Goods,IR,NOC,0,,False,Incomplete or constant formation history
2010,Capital Goods,IR,OTIS,0,,False,Incomplete or constant formation history
2010,Capital Goods,IR,PCAR,0,,False,Incomplete or constant formation history
2010,Capital Goods,IR,PH,0,,False,Incomplete or constant formation history
2010,Capital Goods,IR,PNR,0,,False,Incomplete or constant formation history
2010,Capital Goods,IR,PWR,0,,False,Incomplete or constant formation history
2010,Capital Goods,IR,ROK,0,,False,Incomplete or constant formation history
2010,Capital Goods,IR,RTX,0,,False,Incomplete or constant formation history
2010,Capital Goods,IR,SNA,0,,False,Incomplete or constant formation history
2010,Capital Goods,IR,SWK,0,,False,Incomplete or constant formation history
2010,Capital Goods,IR,TDG,0,,False,Incomplete or constant formation history
2010,Capital Goods,IR,TT,0,,False,Incomplete or constant formation history
2010,Capital Goods,IR,TXT,0,,False,Incomplete or constant formation history
2010,Capital Goods,IR,URI,0,,False,Incomplete or constant formation history
2010,Capital Goods,IR,VRT,0,,False,Incomplete or constant formation history
2010,Capital Goods,IR,WAB,0,,False,Incomplete or constant formation history
2010,Capital Goods,IR,XYL,0,,False,Incomplete or constant formation history
2010,Capital Goods,ITW,J,0,,False,Incomplete or constant formation history
2010,Capital Goods,ITW,JCI,251,0.6591930363949877,False,OK
2010,Capital Goods,ITW,LHX,0,,False,Incomplete or constant formation history
2010,Capital Goods,ITW,LII,0,,False,Incomplete or constant formation history
2010,Capital Goods,ITW,LMT,251,0.6505633468690761,False,OK
2010,Capital Goods,ITW,MAS,251,0.5549064284748859,False,OK
2010,Capital Goods,ITW,MMM,251,0.7636955305813614,False,OK
2010,Capital Goods,ITW,NDSN,0,,False,Incomplete or constant formation history
2010,Capital Goods,ITW,NOC,251,0.6990625039303617,False,OK
2010,Capital Goods,ITW,OTIS,0,,False,Incomplete or constant formation history
2010,Capital Goods,ITW,PCAR,251,0.6629761579559328,False,OK
2010,Capital Goods,ITW,PH,251,0.7468054611113432,False,OK
2010,Capital Goods,ITW,PNR,251,0.7253590089269015,False,OK
2010,Capital Goods,ITW,PWR,251,0.36258373802413957,False,OK
2010,Capital Goods,ITW,ROK,251,0.7174065130715307,False,OK
2010,Capital Goods,ITW,RTX,0,,False,Incomplete or constant formation history
2010,Capital Goods,ITW,SNA,251,0.7575848387154451,False,OK
2010,Capital Goods,ITW,SWK,251,0.7781208280196843,False,OK
2010,Capital Goods,ITW,TDG,0,,False,Incomplete or constant formation history
2010,Capital Goods,ITW,TT,0,,False,Incomplete or constant formation history
2010,Capital Goods,ITW,TXT,251,0.7503552726455174,False,OK
2010,Capital Goods,ITW,URI,251,0.5569715738163087,False,OK
2010,Capital Goods,ITW,VRT,0,,False,Incomplete or constant formation history
2010,Capital Goods,ITW,WAB,0,,False,Incomplete or constant formation history
2010,Capital Goods,ITW,XYL,251,0.7220161955380315,False,OK
2010,Capital Goods,J,JCI,0,,False,Incomplete or constant formation history
2010,Capital Goods,J,LHX,0,,False,Incomplete or constant formation history
2010,Capital Goods,J,LII,0,,False,Incomplete or constant formation history
2010,Capital Goods,J,LMT,0,,False,Incomplete or constant formation history
2010,Capital Goods,J,MAS,0,,False,Incomplete or constant formation history
2010,Capital Goods,J,MMM,0,,False,Incomplete or constant formation history
2010,Capital Goods,J,NDSN,0,,False,Incomplete or constant formation history
2010,Capital Goods,J,NOC,0,,False,Incomplete or constant formation history
2010,Capital Goods,J,OTIS,0,,False,Incomplete or constant formation history
2010,Capital Goods,J,PCAR,0,,False,Incomplete or constant formation history
2010,Capital Goods,J,PH,0,,False,Incomplete or constant formation history
2010,Capital Goods,J,PNR,0,,False,Incomplete or constant formation history
2010,Capital Goods,J,PWR,0,,False,Incomplete or constant formation history
2010,Capital Goods,J,ROK,0,,False,Incomplete or constant formation history
2010,Capital Goods,J,RTX,0,,False,Incomplete or constant formation history
2010,Capital Goods,J,SNA,0,,False,Incomplete or constant formation history
2010,Capital Goods,J,SWK,0,,False,Incomplete or constant formation history
2010,Capital Goods,J,TDG,0,,False,Incomplete or constant formation history
2010,Capital Goods,J,TT,0,,False,Incomplete or constant formation history
2010,Capital Goods,J,TXT,0,,False,Incomplete or constant formation history
2010,Capital Goods,J,URI,0,,False,Incomplete or constant formation history
2010,Capital Goods,J,VRT,0,,False,Incomplete or constant formation history
2010,Capital Goods,J,WAB,0,,False,Incomplete or constant formation history
2010,Capital Goods,J,XYL,0,,False,Incomplete or constant formation history
2010,Capital Goods,JCI,LHX,0,,False,Incomplete or constant formation history
2010,Capital Goods,JCI,LII,0,,False,Incomplete or constant formation history
2010,Capital Goods,JCI,LMT,251,0.5542775702183762,False,OK
2010,Capital Goods,JCI,MAS,251,0.48322071424602314,False,OK
2010,Capital Goods,JCI,MMM,251,0.6064081775096857,False,OK
2010,Capital Goods,JCI,NDSN,0,,False,Incomplete or constant formation history
2010,Capital Goods,JCI,NOC,251,0.5879895612107451,False,OK
2010,Capital Goods,JCI,OTIS,0,,False,Incomplete or constant formation history
2010,Capital Goods,JCI,PCAR,251,0.6013148556549838,False,OK
2010,Capital Goods,JCI,PH,251,0.6267778372007388,False,OK
2010,Capital Goods,JCI,PNR,251,0.5425816978103372,False,OK
2010,Capital Goods,JCI,PWR,251,0.30711146119230853,False,OK
2010,Capital Goods,JCI,ROK,251,0.6023033835600924,False,OK
2010,Capital Goods,JCI,RTX,0,,False,Incomplete or constant formation history
2010,Capital Goods,JCI,SNA,251,0.6283725738058875,False,OK
2010,Capital Goods,JCI,SWK,251,0.6238735930777133,False,OK
2010,Capital Goods,JCI,TDG,0,,False,Incomplete or constant formation history
2010,Capital Goods,JCI,TT,0,,False,Incomplete or constant formation history
2010,Capital Goods,JCI,TXT,251,0.6038822207667763,False,OK
2010,Capital Goods,JCI,URI,251,0.5165896922546535,False,OK
2010,Capital Goods,JCI,VRT,0,,False,Incomplete or constant formation history
2010,Capital Goods,JCI,WAB,0,,False,Incomplete or constant formation history
2010,Capital Goods,JCI,XYL,251,0.5896164728027413,False,OK
2010,Capital Goods,LHX,LII,0,,False,Incomplete or constant formation history
2010,Capital Goods,LHX,LMT,0,,False,Incomplete or constant formation history
2010,Capital Goods,LHX,MAS,0,,False,Incomplete or constant formation history
2010,Capital Goods,LHX,MMM,0,,False,Incomplete or constant formation history
2010,Capital Goods,LHX,NDSN,0,,False,Incomplete or constant formation history
2010,Capital Goods,LHX,NOC,0,,False,Incomplete or constant formation history
2010,Capital Goods,LHX,OTIS,0,,False,Incomplete or constant formation history
2010,Capital Goods,LHX,PCAR,0,,False,Incomplete or constant formation history
2010,Capital Goods,LHX,PH,0,,False,Incomplete or constant formation history
2010,Capital Goods,LHX,PNR,0,,False,Incomplete or constant formation history
2010,Capital Goods,LHX,PWR,0,,False,Incomplete or constant formation history
2010,Capital Goods,LHX,ROK,0,,False,Incomplete or constant formation history
2010,Capital Goods,LHX,RTX,0,,False,Incomplete or constant formation history
2010,Capital Goods,LHX,SNA,0,,False,Incomplete or constant formation history
2010,Capital Goods,LHX,SWK,0,,False,Incomplete or constant formation history
2010,Capital Goods,LHX,TDG,0,,False,Incomplete or constant formation history
2010,Capital Goods,LHX,TT,0,,False,Incomplete or constant formation history
2010,Capital Goods,LHX,TXT,0,,False,Incomplete or constant formation history
2010,Capital Goods,LHX,URI,0,,False,Incomplete or constant formation history
2010,Capital Goods,LHX,VRT,0,,False,Incomplete or constant formation history
2010,Capital Goods,LHX,WAB,0,,False,Incomplete or constant formation history
2010,Capital Goods,LHX,XYL,0,,False,Incomplete or constant formation history
2010,Capital Goods,LII,LMT,0,,False,Incomplete or constant formation history
2010,Capital Goods,LII,MAS,0,,False,Incomplete or constant formation history
2010,Capital Goods,LII,MMM,0,,False,Incomplete or constant formation history
2010,Capital Goods,LII,NDSN,0,,False,Incomplete or constant formation history
2010,Capital Goods,LII,NOC,0,,False,Incomplete or constant formation history
2010,Capital Goods,LII,OTIS,0,,False,Incomplete or constant formation history
2010,Capital Goods,LII,PCAR,0,,False,Incomplete or constant formation history
2010,Capital Goods,LII,PH,0,,False,Incomplete or constant formation history
2010,Capital Goods,LII,PNR,0,,False,Incomplete or constant formation history
2010,Capital Goods,LII,PWR,0,,False,Incomplete or constant formation history
2010,Capital Goods,LII,ROK,0,,False,Incomplete or constant formation history
2010,Capital Goods,LII,RTX,0,,False,Incomplete or constant formation history
2010,Capital Goods,LII,SNA,0,,False,Incomplete or constant formation history
2010,Capital Goods,LII,SWK,0,,False,Incomplete or constant formation history
2010,Capital Goods,LII,TDG,0,,False,Incomplete or constant formation history
2010,Capital Goods,LII,TT,0,,False,Incomplete or constant formation history
2010,Capital Goods,LII,TXT,0,,False,Incomplete or constant formation history
2010,Capital Goods,LII,URI,0,,False,Incomplete or constant formation history
2010,Capital Goods,LII,VRT,0,,False,Incomplete or constant formation history
2010,Capital Goods,LII,WAB,0,,False,Incomplete or constant formation history
2010,Capital Goods,LII,XYL,0,,False,Incomplete or constant formation history
2010,Capital Goods,LMT,MAS,251,0.5585082028043689,False,OK
2010,Capital Goods,LMT,MMM,251,0.6811167209611299,False,OK
2010,Capital Goods,LMT,NDSN,0,,False,Incomplete or constant formation history
2010,Capital Goods,LMT,NOC,251,0.7526690968913771,False,OK
2010,Capital Goods,LMT,OTIS,0,,False,Incomplete or constant formation history
2010,Capital Goods,LMT,PCAR,251,0.5419193547687459,False,OK
2010,Capital Goods,LMT,PH,251,0.5269468035186095,False,OK
2010,Capital Goods,LMT,PNR,251,0.48229055848191876,False,OK
2010,Capital Goods,LMT,PWR,251,0.23366091447647594,False,OK
2010,Capital Goods,LMT,ROK,251,0.4842982225339431,False,OK
2010,Capital Goods,LMT,RTX,0,,False,Incomplete or constant formation history
2010,Capital Goods,LMT,SNA,251,0.6098781537550646,False,OK
2010,Capital Goods,LMT,SWK,251,0.6346425530599561,False,OK
2010,Capital Goods,LMT,TDG,0,,False,Incomplete or constant formation history
2010,Capital Goods,LMT,TT,0,,False,Incomplete or constant formation history
2010,Capital Goods,LMT,TXT,251,0.6220502581343416,False,OK
2010,Capital Goods,LMT,URI,251,0.3420104251425689,False,OK
2010,Capital Goods,LMT,VRT,0,,False,Incomplete or constant formation history
2010,Capital Goods,LMT,WAB,0,,False,Incomplete or constant formation history
2010,Capital Goods,LMT,XYL,251,0.5540639039575297,False,OK
2010,Capital Goods,MAS,MMM,251,0.5124053676788244,False,OK
2010,Capital Goods,MAS,NDSN,0,,False,Incomplete or constant formation history
2010,Capital Goods,MAS,NOC,251,0.5532743403737297,False,OK
2010,Capital Goods,MAS,OTIS,0,,False,Incomplete or constant formation history
2010,Capital Goods,MAS,PCAR,251,0.5049041412686538,False,OK
2010,Capital Goods,MAS,PH,251,0.47259941837757924,False,OK
2010,Capital Goods,MAS,PNR,251,0.4398043138678375,False,OK
2010,Capital Goods,MAS,PWR,251,0.2725223028680249,False,OK
2010,Capital Goods,MAS,ROK,251,0.4725665758012886,False,OK
2010,Capital Goods,MAS,RTX,0,,False,Incomplete or constant formation history
2010,Capital Goods,MAS,SNA,251,0.5439012416837593,False,OK
2010,Capital Goods,MAS,SWK,251,0.59285379820805,False,OK
2010,Capital Goods,MAS,TDG,0,,False,Incomplete or constant formation history
2010,Capital Goods,MAS,TT,0,,False,Incomplete or constant formation history
2010,Capital Goods,MAS,TXT,251,0.590436530346866,False,OK
2010,Capital Goods,MAS,URI,251,0.2833598001236337,False,OK
2010,Capital Goods,MAS,VRT,0,,False,Incomplete or constant formation history
2010,Capital Goods,MAS,WAB,0,,False,Incomplete or constant formation history
2010,Capital Goods,MAS,XYL,251,0.5040131049355535,False,OK
2010,Capital Goods,MMM,NDSN,0,,False,Incomplete or constant formation history
2010,Capital Goods,MMM,NOC,251,0.6347404389509191,False,OK
2010,Capital Goods,MMM,OTIS,0,,False,Incomplete or constant formation history
2010,Capital Goods,MMM,PCAR,251,0.6090370353763377,False,OK
2010,Capital Goods,MMM,PH,251,0.5940803765839263,False,OK
2010,Capital Goods,MMM,PNR,251,0.5582099575186458,False,OK
2010,Capital Goods,MMM,PWR,251,0.25153139022171733,False,OK
2010,Capital Goods,MMM,ROK,251,0.6960842936768011,False,OK
2010,Capital Goods,MMM,RTX,0,,False,Incomplete or constant formation history
2010,Capital Goods,MMM,SNA,251,0.619998567046668,False,OK
2010,Capital Goods,MMM,SWK,251,0.6656954405608381,False,OK
2010,Capital Goods,MMM,TDG,0,,False,Incomplete or constant formation history
2010,Capital Goods,MMM,TT,0,,False,Incomplete or constant formation history
2010,Capital Goods,MMM,TXT,251,0.6589841495801088,False,OK
2010,Capital Goods,MMM,URI,251,0.4823424716952011,False,OK
2010,Capital Goods,MMM,VRT,0,,False,Incomplete or constant formation history
2010,Capital Goods,MMM,WAB,0,,False,Incomplete or constant formation history
2010,Capital Goods,MMM,XYL,251,0.6210392717906644,False,OK
2010,Capital Goods,NDSN,NOC,0,,False,Incomplete or constant formation history
2010,Capital Goods,NDSN,OTIS,0,,False,Incomplete or constant formation history
2010,Capital Goods,NDSN,PCAR,0,,False,Incomplete or constant formation history
2010,Capital Goods,NDSN,PH,0,,False,Incomplete or constant formation history
2010,Capital Goods,NDSN,PNR,0,,False,Incomplete or constant formation history
2010,Capital Goods,NDSN,PWR,0,,False,Incomplete or constant formation history
2010,Capital Goods,NDSN,ROK,0,,False,Incomplete or constant formation history
2010,Capital Goods,NDSN,RTX,0,,False,Incomplete or constant formation history
2010,Capital Goods,NDSN,SNA,0,,False,Incomplete or constant formation history
2010,Capital Goods,NDSN,SWK,0,,False,Incomplete or constant formation history
2010,Capital Goods,NDSN,TDG,0,,False,Incomplete or constant formation history
2010,Capital Goods,NDSN,TT,0,,False,Incomplete or constant formation history
2010,Capital Goods,NDSN,TXT,0,,False,Incomplete or constant formation history
2010,Capital Goods,NDSN,URI,0,,False,Incomplete or constant formation history
2010,Capital Goods,NDSN,VRT,0,,False,Incomplete or constant formation history
2010,Capital Goods,NDSN,WAB,0,,False,Incomplete or constant formation history
2010,Capital Goods,NDSN,XYL,0,,False,Incomplete or constant formation history
2010,Capital Goods,NOC,OTIS,0,,False,Incomplete or constant formation history
2010,Capital Goods,NOC,PCAR,251,0.5828801449082776,False,OK
2010,Capital Goods,NOC,PH,251,0.553498295783057,False,OK
2010,Capital Goods,NOC,PNR,251,0.48779384429929296,False,OK
2010,Capital Goods,NOC,PWR,251,0.2336702315298522,False,OK
2010,Capital Goods,NOC,ROK,251,0.5066483158676235,False,OK
2010,Capital Goods,NOC,RTX,0,,False,Incomplete or constant formation history
2010,Capital Goods,NOC,SNA,251,0.6694065109126728,False,OK
2010,Capital Goods,NOC,SWK,251,0.6668460651487744,False,OK
2010,Capital Goods,NOC,TDG,0,,False,Incomplete or constant formation history
2010,Capital Goods,NOC,TT,0,,False,Incomplete or constant formation history
2010,Capital Goods,NOC,TXT,251,0.699412999973068,False,OK
2010,Capital Goods,NOC,URI,251,0.37242353117308324,False,OK
2010,Capital Goods,NOC,VRT,0,,False,Incomplete or constant formation history
2010,Capital Goods,NOC,WAB,0,,False,Incomplete or constant formation history
2010,Capital Goods,NOC,XYL,251,0.5743959349294904,False,OK
2010,Capital Goods,OTIS,PCAR,0,,False,Incomplete or constant formation history
2010,Capital Goods,OTIS,PH,0,,False,Incomplete or constant formation history
2010,Capital Goods,OTIS,PNR,0,,False,Incomplete or constant formation history
2010,Capital Goods,OTIS,PWR,0,,False,Incomplete or constant formation history
2010,Capital Goods,OTIS,ROK,0,,False,Incomplete or constant formation history
2010,Capital Goods,OTIS,RTX,0,,False,Incomplete or constant formation history
2010,Capital Goods,OTIS,SNA,0,,False,Incomplete or constant formation history
2010,Capital Goods,OTIS,SWK,0,,False,Incomplete or constant formation history
2010,Capital Goods,OTIS,TDG,0,,False,Incomplete or constant formation history
2010,Capital Goods,OTIS,TT,0,,False,Incomplete or constant formation history
2010,Capital Goods,OTIS,TXT,0,,False,Incomplete or constant formation history
2010,Capital Goods,OTIS,URI,0,,False,Incomplete or constant formation history
2010,Capital Goods,OTIS,VRT,0,,False,Incomplete or constant formation history
2010,Capital Goods,OTIS,WAB,0,,False,Incomplete or constant formation history
2010,Capital Goods,OTIS,XYL,0,,False,Incomplete or constant formation history
2010,Capital Goods,PCAR,PH,251,0.6789767077974921,False,OK
2010,Capital Goods,PCAR,PNR,251,0.5035649693516899,False,OK
2010,Capital Goods,PCAR,PWR,251,0.3393556882428783,False,OK
2010,Capital Goods,PCAR,ROK,251,0.6216148398115959,False,OK
2010,Capital Goods,PCAR,RTX,0,,False,Incomplete or constant formation history
2010,Capital Goods,PCAR,SNA,251,0.5957132933855016,False,OK
2010,Capital Goods,PCAR,SWK,251,0.6287630235914179,False,OK
2010,Capital Goods,PCAR,TDG,0,,False,Incomplete or constant formation history
2010,Capital Goods,PCAR,TT,0,,False,Incomplete or constant formation history
2010,Capital Goods,PCAR,TXT,251,0.5323174150178199,False,OK
2010,Capital Goods,PCAR,URI,251,0.5687421278520399,False,OK
2010,Capital Goods,PCAR,VRT,0,,False,Incomplete or constant formation history
2010,Capital Goods,PCAR,WAB,0,,False,Incomplete or constant formation history
2010,Capital Goods,PCAR,XYL,251,0.5775198535575675,False,OK
2010,Capital Goods,PH,PNR,251,0.7029185196110672,False,OK
2010,Capital Goods,PH,PWR,251,0.3801195830151495,False,OK
2010,Capital Goods,PH,ROK,251,0.6931361444227375,False,OK
2010,Capital Goods,PH,RTX,0,,False,Incomplete or constant formation history
2010,Capital Goods,PH,SNA,251,0.6341938731309147,False,OK
2010,Capital Goods,PH,SWK,251,0.6032262374220533,False,OK
2010,Capital Goods,PH,TDG,0,,False,Incomplete or constant formation history
2010,Capital Goods,PH,TT,0,,False,Incomplete or constant formation history
2010,Capital Goods,PH,TXT,251,0.6295624328953315,False,OK
2010,Capital Goods,PH,URI,251,0.5723843863296593,False,OK
2010,Capital Goods,PH,VRT,0,,False,Incomplete or constant formation history
2010,Capital Goods,PH,WAB,0,,False,Incomplete or constant formation history
2010,Capital Goods,PH,XYL,251,0.6834068392607967,False,OK
2010,Capital Goods,PNR,PWR,251,0.3633995411131545,False,OK
2010,Capital Goods,PNR,ROK,251,0.648034195094053,False,OK
2010,Capital Goods,PNR,RTX,0,,False,Incomplete or constant formation history
2010,Capital Goods,PNR,SNA,251,0.6459003470529199,False,OK
2010,Capital Goods,PNR,SWK,251,0.6024178999822613,False,OK
2010,Capital Goods,PNR,TDG,0,,False,Incomplete or constant formation history
2010,Capital Goods,PNR,TT,0,,False,Incomplete or constant formation history
2010,Capital Goods,PNR,TXT,251,0.5870706382772283,False,OK
2010,Capital Goods,PNR,URI,251,0.48836511263851023,False,OK
2010,Capital Goods,PNR,VRT,0,,False,Incomplete or constant formation history
2010,Capital Goods,PNR,WAB,0,,False,Incomplete or constant formation history
2010,Capital Goods,PNR,XYL,251,0.7126577982670471,False,OK
2010,Capital Goods,PWR,ROK,251,0.3057039947860482,False,OK
2010,Capital Goods,PWR,RTX,0,,False,Incomplete or constant formation history
2010,Capital Goods,PWR,SNA,251,0.3176131326077139,False,OK
2010,Capital Goods,PWR,SWK,251,0.28160642735381497,False,OK
2010,Capital Goods,PWR,TDG,0,,False,Incomplete or constant formation history
2010,Capital Goods,PWR,TT,0,,False,Incomplete or constant formation history
2010,Capital Goods,PWR,TXT,251,0.3627085092712678,False,OK
2010,Capital Goods,PWR,URI,251,0.38646215034772086,False,OK
2010,Capital Goods,PWR,VRT,0,,False,Incomplete or constant formation history
2010,Capital Goods,PWR,WAB,0,,False,Incomplete or constant formation history
2010,Capital Goods,PWR,XYL,251,0.34456697629240185,False,OK
2010,Capital Goods,ROK,RTX,0,,False,Incomplete or constant formation history
2010,Capital Goods,ROK,SNA,251,0.6369799753114403,False,OK
2010,Capital Goods,ROK,SWK,251,0.6239259751407119,False,OK
2010,Capital Goods,ROK,TDG,0,,False,Incomplete or constant formation history
2010,Capital Goods,ROK,TT,0,,False,Incomplete or constant formation history
2010,Capital Goods,ROK,TXT,251,0.6542866677057462,False,OK
2010,Capital Goods,ROK,URI,251,0.5152527360495489,False,OK
2010,Capital Goods,ROK,VRT,0,,False,Incomplete or constant formation history
2010,Capital Goods,ROK,WAB,0,,False,Incomplete or constant formation history
2010,Capital Goods,ROK,XYL,251,0.6975072095187298,False,OK
2010,Capital Goods,RTX,SNA,0,,False,Incomplete or constant formation history
2010,Capital Goods,RTX,SWK,0,,False,Incomplete or constant formation history
2010,Capital Goods,RTX,TDG,0,,False,Incomplete or constant formation history
2010,Capital Goods,RTX,TT,0,,False,Incomplete or constant formation history
2010,Capital Goods,RTX,TXT,0,,False,Incomplete or constant formation history
2010,Capital Goods,RTX,URI,0,,False,Incomplete or constant formation history
2010,Capital Goods,RTX,VRT,0,,False,Incomplete or constant formation history
2010,Capital Goods,RTX,WAB,0,,False,Incomplete or constant formation history
2010,Capital Goods,RTX,XYL,0,,False,Incomplete or constant formation history
2010,Capital Goods,SNA,SWK,251,0.7551547805935998,False,OK
2010,Capital Goods,SNA,TDG,0,,False,Incomplete or constant formation history
2010,Capital Goods,SNA,TT,0,,False,Incomplete or constant formation history
2010,Capital Goods,SNA,TXT,251,0.6709999625972315,False,OK
2010,Capital Goods,SNA,URI,251,0.4745941021975641,False,OK
2010,Capital Goods,SNA,VRT,0,,False,Incomplete or constant formation history
2010,Capital Goods,SNA,WAB,0,,False,Incomplete or constant formation history
2010,Capital Goods,SNA,XYL,251,0.652127358233412,False,OK
2010,Capital Goods,SWK,TDG,0,,False,Incomplete or constant formation history
2010,Capital Goods,SWK,TT,0,,False,Incomplete or constant formation history
2010,Capital Goods,SWK,TXT,251,0.6265013329034805,False,OK
2010,Capital Goods,SWK,URI,251,0.4952616335885962,False,OK
2010,Capital Goods,SWK,VRT,0,,False,Incomplete or constant formation history
2010,Capital Goods,SWK,WAB,0,,False,Incomplete or constant formation history
2010,Capital Goods,SWK,XYL,251,0.6488947001739215,False,OK
2010,Capital Goods,TDG,TT,0,,False,Incomplete or constant formation history
2010,Capital Goods,TDG,TXT,0,,False,Incomplete or constant formation history
2010,Capital Goods,TDG,URI,0,,False,Incomplete or constant formation history
2010,Capital Goods,TDG,VRT,0,,False,Incomplete or constant formation history
2010,Capital Goods,TDG,WAB,0,,False,Incomplete or constant formation history
2010,Capital Goods,TDG,XYL,0,,False,Incomplete or constant formation history
2010,Capital Goods,TT,TXT,0,,False,Incomplete or constant formation history
2010,Capital Goods,TT,URI,0,,False,Incomplete or constant formation history
2010,Capital Goods,TT,VRT,0,,False,Incomplete or constant formation history
2010,Capital Goods,TT,WAB,0,,False,Incomplete or constant formation history
2010,Capital Goods,TT,XYL,0,,False,Incomplete or constant formation history
2010,Capital Goods,TXT,URI,251,0.46670206753295385,False,OK
2010,Capital Goods,TXT,VRT,0,,False,Incomplete or constant formation history
2010,Capital Goods,TXT,WAB,0,,False,Incomplete or constant formation history
2010,Capital Goods,TXT,XYL,251,0.6587203908632859,False,OK
2010,Capital Goods,URI,VRT,0,,False,Incomplete or constant formation history
2010,Capital Goods,URI,WAB,0,,False,Incomplete or constant formation history
2010,Capital Goods,URI,XYL,251,0.5526540534442491,False,OK
2010,Capital Goods,VRT,WAB,0,,False,Incomplete or constant formation history
2010,Capital Goods,VRT,XYL,0,,False,Incomplete or constant formation history
2010,Capital Goods,WAB,XYL,0,,False,Incomplete or constant formation history
2020,Commercial  & Professional Services,ADP,AMTM,0,,False,Incomplete or constant formation history
2020,Commercial  & Professional Services,ADP,BR,0,,False,Incomplete or constant formation history
2020,Commercial  & Professional Services,ADP,CPRT,0,,False,Incomplete or constant formation history
2020,Commercial  & Professional Services,ADP,CTAS,251,0.6745268817559538,False,OK
2020,Commercial  & Professional Services,ADP,EFX,251,0.6664622153665014,False,OK
2020,Commercial  & Professional Services,ADP,INFO,0,,False,Incomplete or constant formation history
2020,Commercial  & Professional Services,ADP,LDOS,0,,False,Incomplete or constant formation history
2020,Commercial  & Professional Services,ADP,PAYC,0,,False,Incomplete or constant formation history
2020,Commercial  & Professional Services,ADP,PAYX,251,0.8323892605015967,True,OK
2020,Commercial  & Professional Services,ADP,PBI,251,0.5088649433949732,False,OK
2020,Commercial  & Professional Services,ADP,RHI,251,0.6291958389790676,False,OK
2020,Commercial  & Professional Services,ADP,ROL,0,,False,Incomplete or constant formation history
2020,Commercial  & Professional Services,ADP,RSG,251,0.643813906519763,False,OK
2020,Commercial  & Professional Services,ADP,VLTO,0,,False,Incomplete or constant formation history
2020,Commercial  & Professional Services,ADP,VRSK,0,,False,Incomplete or constant formation history
2020,Commercial  & Professional Services,ADP,WM,251,0.5179019210705266,False,OK
2020,Commercial  & Professional Services,AMTM,BR,0,,False,Incomplete or constant formation history
2020,Commercial  & Professional Services,AMTM,CPRT,0,,False,Incomplete or constant formation history
2020,Commercial  & Professional Services,AMTM,CTAS,0,,False,Incomplete or constant formation history
2020,Commercial  & Professional Services,AMTM,EFX,0,,False,Incomplete or constant formation history
2020,Commercial  & Professional Services,AMTM,INFO,0,,False,Incomplete or constant formation history
2020,Commercial  & Professional Services,AMTM,LDOS,0,,False,Incomplete or constant formation history
2020,Commercial  & Professional Services,AMTM,PAYC,0,,False,Incomplete or constant formation history
2020,Commercial  & Professional Services,AMTM,PAYX,0,,False,Incomplete or constant formation history
2020,Commercial  & Professional Services,AMTM,PBI,0,,False,Incomplete or constant formation history
2020,Commercial  & Professional Services,AMTM,RHI,0,,False,Incomplete or constant formation history
2020,Commercial  & Professional Services,AMTM,ROL,0,,False,Incomplete or constant formation history
2020,Commercial  & Professional Services,AMTM,RSG,0,,False,Incomplete or constant formation history
2020,Commercial  & Professional Services,AMTM,VLTO,0,,False,Incomplete or constant formation history
2020,Commercial  & Professional Services,AMTM,VRSK,0,,False,Incomplete or constant formation history
2020,Commercial  & Professional Services,AMTM,WM,0,,False,Incomplete or constant formation history
2020,Commercial  & Professional Services,BR,CPRT,0,,False,Incomplete or constant formation history
2020,Commercial  & Professional Services,BR,CTAS,0,,False,Incomplete or constant formation history
2020,Commercial  & Professional Services,BR,EFX,0,,False,Incomplete or constant formation history
2020,Commercial  & Professional Services,BR,INFO,0,,False,Incomplete or constant formation history
2020,Commercial  & Professional Services,BR,LDOS,0,,False,Incomplete or constant formation history
2020,Commercial  & Professional Services,BR,PAYC,0,,False,Incomplete or constant formation history
2020,Commercial  & Professional Services,BR,PAYX,0,,False,Incomplete or constant formation history
2020,Commercial  & Professional Services,BR,PBI,0,,False,Incomplete or constant formation history
2020,Commercial  & Professional Services,BR,RHI,0,,False,Incomplete or constant formation history
2020,Commercial  & Professional Services,BR,ROL,0,,False,Incomplete or constant formation history
2020,Commercial  & Professional Services,BR,RSG,0,,False,Incomplete or constant formation history
2020,Commercial  & Professional Services,BR,VLTO,0,,False,Incomplete or constant formation history
2020,Commercial  & Professional Services,BR,VRSK,0,,False,Incomplete or constant formation history
2020,Commercial  & Professional Services,BR,WM,0,,False,Incomplete or constant formation history
2020,Commercial  & Professional Services,CPRT,CTAS,0,,False,Incomplete or constant formation history
2020,Commercial  & Professional Services,CPRT,EFX,0,,False,Incomplete or constant formation history
2020,Commercial  & Professional Services,CPRT,INFO,0,,False,Incomplete or constant formation history
2020,Commercial  & Professional Services,CPRT,LDOS,0,,False,Incomplete or constant formation history
2020,Commercial  & Professional Services,CPRT,PAYC,0,,False,Incomplete or constant formation history
2020,Commercial  & Professional Services,CPRT,PAYX,0,,False,Incomplete or constant formation history
2020,Commercial  & Professional Services,CPRT,PBI,0,,False,Incomplete or constant formation history
2020,Commercial  & Professional Services,CPRT,RHI,0,,False,Incomplete or constant formation history
2020,Commercial  & Professional Services,CPRT,ROL,0,,False,Incomplete or constant formation history
2020,Commercial  & Professional Services,CPRT,RSG,0,,False,Incomplete or constant formation history
2020,Commercial  & Professional Services,CPRT,VLTO,0,,False,Incomplete or constant formation history
2020,Commercial  & Professional Services,CPRT,VRSK,0,,False,Incomplete or constant formation history
2020,Commercial  & Professional Services,CPRT,WM,0,,False,Incomplete or constant formation history
2020,Commercial  & Professional Services,CTAS,EFX,251,0.643132821658382,False,OK
2020,Commercial  & Professional Services,CTAS,INFO,0,,False,Incomplete or constant formation history
2020,Commercial  & Professional Services,CTAS,LDOS,0,,False,Incomplete or constant formation history
2020,Commercial  & Professional Services,CTAS,PAYC,0,,False,Incomplete or constant formation history
2020,Commercial  & Professional Services,CTAS,PAYX,251,0.6842442752176855,False,OK
2020,Commercial  & Professional Services,CTAS,PBI,251,0.5534668527592931,False,OK
2020,Commercial  & Professional Services,CTAS,RHI,251,0.6580590150548012,False,OK
2020,Commercial  & Professional Services,CTAS,ROL,0,,False,Incomplete or constant formation history
2020,Commercial  & Professional Services,CTAS,RSG,251,0.6117877828463977,False,OK
2020,Commercial  & Professional Services,CTAS,VLTO,0,,False,Incomplete or constant formation history
2020,Commercial  & Professional Services,CTAS,VRSK,0,,False,Incomplete or constant formation history
2020,Commercial  & Professional Services,CTAS,WM,251,0.5505971174605322,False,OK
2020,Commercial  & Professional Services,EFX,INFO,0,,False,Incomplete or constant formation history
2020,Commercial  & Professional Services,EFX,LDOS,0,,False,Incomplete or constant formation history
2020,Commercial  & Professional Services,EFX,PAYC,0,,False,Incomplete or constant formation history
2020,Commercial  & Professional Services,EFX,PAYX,251,0.6302026015008304,False,OK
2020,Commercial  & Professional Services,EFX,PBI,251,0.4888056495556041,False,OK
2020,Commercial  & Professional Services,EFX,RHI,251,0.6134105385065225,False,OK
2020,Commercial  & Professional Services,EFX,ROL,0,,False,Incomplete or constant formation history
2020,Commercial  & Professional Services,EFX,RSG,251,0.5914062462949785,False,OK
2020,Commercial  & Professional Services,EFX,VLTO,0,,False,Incomplete or constant formation history
2020,Commercial  & Professional Services,EFX,VRSK,0,,False,Incomplete or constant formation history
2020,Commercial  & Professional Services,EFX,WM,251,0.5092872781712428,False,OK
2020,Commercial  & Professional Services,INFO,LDOS,0,,False,Incomplete or constant formation history
2020,Commercial  & Professional Services,INFO,PAYC,0,,False,Incomplete or constant formation history
2020,Commercial  & Professional Services,INFO,PAYX,0,,False,Incomplete or constant formation history
2020,Commercial  & Professional Services,INFO,PBI,0,,False,Incomplete or constant formation history
2020,Commercial  & Professional Services,INFO,RHI,0,,False,Incomplete or constant formation history
2020,Commercial  & Professional Services,INFO,ROL,0,,False,Incomplete or constant formation history
2020,Commercial  & Professional Services,INFO,RSG,0,,False,Incomplete or constant formation history
2020,Commercial  & Professional Services,INFO,VLTO,0,,False,Incomplete or constant formation history
2020,Commercial  & Professional Services,INFO,VRSK,0,,False,Incomplete or constant formation history
2020,Commercial  & Professional Services,INFO,WM,0,,False,Incomplete or constant formation history
2020,Commercial  & Professional Services,LDOS,PAYC,0,,False,Incomplete or constant formation history
2020,Commercial  & Professional Services,LDOS,PAYX,0,,False,Incomplete or constant formation history
2020,Commercial  & Professional Services,LDOS,PBI,0,,False,Incomplete or constant formation history
2020,Commercial  & Professional Services,LDOS,RHI,0,,False,Incomplete or constant formation history
2020,Commercial  & Professional Services,LDOS,ROL,0,,False,Incomplete or constant formation history
2020,Commercial  & Professional Services,LDOS,RSG,0,,False,Incomplete or constant formation history
2020,Commercial  & Professional Services,LDOS,VLTO,0,,False,Incomplete or constant formation history
2020,Commercial  & Professional Services,LDOS,VRSK,0,,False,Incomplete or constant formation history
2020,Commercial  & Professional Services,LDOS,WM,0,,False,Incomplete or constant formation history
2020,Commercial  & Professional Services,PAYC,PAYX,0,,False,Incomplete or constant formation history
2020,Commercial  & Professional Services,PAYC,PBI,0,,False,Incomplete or constant formation history
2020,Commercial  & Professional Services,PAYC,RHI,0,,False,Incomplete or constant formation history
2020,Commercial  & Professional Services,PAYC,ROL,0,,False,Incomplete or constant formation history
2020,Commercial  & Professional Services,PAYC,RSG,0,,False,Incomplete or constant formation history
2020,Commercial  & Professional Services,PAYC,VLTO,0,,False,Incomplete or constant formation history
2020,Commercial  & Professional Services,PAYC,VRSK,0,,False,Incomplete or constant formation history
2020,Commercial  & Professional Services,PAYC,WM,0,,False,Incomplete or constant formation history
2020,Commercial  & Professional Services,PAYX,PBI,251,0.5131688548097282,False,OK
2020,Commercial  & Professional Services,PAYX,RHI,251,0.6333528008023906,False,OK
2020,Commercial  & Professional Services,PAYX,ROL,0,,False,Incomplete or constant formation history
2020,Commercial  & Professional Services,PAYX,RSG,251,0.6284814642972777,False,OK
2020,Commercial  & Professional Services,PAYX,VLTO,0,,False,Incomplete or constant formation history
2020,Commercial  & Professional Services,PAYX,VRSK,0,,False,Incomplete or constant formation history
2020,Commercial  & Professional Services,PAYX,WM,251,0.5368550324769853,False,OK
2020,Commercial  & Professional Services,PBI,RHI,251,0.5260312842587012,False,OK
2020,Commercial  & Professional Services,PBI,ROL,0,,False,Incomplete or constant formation history
2020,Commercial  & Professional Services,PBI,RSG,251,0.4557718100876968,False,OK
2020,Commercial  & Professional Services,PBI,VLTO,0,,False,Incomplete or constant formation history
2020,Commercial  & Professional Services,PBI,VRSK,0,,False,Incomplete or constant formation history
2020,Commercial  & Professional Services,PBI,WM,251,0.4170120603193374,False,OK
2020,Commercial  & Professional Services,RHI,ROL,0,,False,Incomplete or constant formation history
2020,Commercial  & Professional Services,RHI,RSG,251,0.47904819576255514,False,OK
2020,Commercial  & Professional Services,RHI,VLTO,0,,False,Incomplete or constant formation history
2020,Commercial  & Professional Services,RHI,VRSK,0,,False,Incomplete or constant formation history
2020,Commercial  & Professional Services,RHI,WM,251,0.49257794957487466,False,OK
2020,Commercial  & Professional Services,ROL,RSG,0,,False,Incomplete or constant formation history
2020,Commercial  & Professional Services,ROL,VLTO,0,,False,Incomplete or constant formation history
2020,Commercial  & Professional Services,ROL,VRSK,0,,False,Incomplete or constant formation history
2020,Commercial  & Professional Services,ROL,WM,0,,False,Incomplete or constant formation history
2020,Commercial  & Professional Services,RSG,VLTO,0,,False,Incomplete or constant formation history
2020,Commercial  & Professional Services,RSG,VRSK,0,,False,Incomplete or constant formation history
2020,Commercial  & Professional Services,RSG,WM,251,0.755578927050285,False,OK
2020,Commercial  & Professional Services,VLTO,VRSK,0,,False,Incomplete or constant formation history
2020,Commercial  & Professional Services,VLTO,WM,0,,False,Incomplete or constant formation history
2020,Commercial  & Professional Services,VRSK,WM,0,,False,Incomplete or constant formation history
2030,Transportation,AAL,ALK,0,,False,Incomplete or constant formation history
2030,Transportation,AAL,CHRW,0,,False,Incomplete or constant formation history
2030,Transportation,AAL,CSX,0,,False,Incomplete or constant formation history
2030,Transportation,AAL,DAL,0,,False,Incomplete or constant formation history
2030,Transportation,AAL,EXPD,0,,False,Incomplete or constant formation history
2030,Transportation,AAL,FDX,0,,False,Incomplete or constant formation history
2030,Transportation,AAL,FDXF,0,,False,Incomplete or constant formation history
2030,Transportation,AAL,JBHT,0,,False,Incomplete or constant formation history
2030,Transportation,AAL,LUV,0,,False,Incomplete or constant formation history
2030,Transportation,AAL,NSC,0,,False,Incomplete or constant formation history
2030,Transportation,AAL,ODFL,0,,False,Incomplete or constant formation history
2030,Transportation,AAL,R,0,,False,Incomplete or constant formation history
2030,Transportation,AAL,UAL,0,,False,Incomplete or constant formation history
2030,Transportation,AAL,UBER,0,,False,Incomplete or constant formation history
2030,Transportation,AAL,UNP,0,,False,Incomplete or constant formation history
2030,Transportation,AAL,UPS,0,,False,Incomplete or constant formation history
2030,Transportation,ALK,CHRW,0,,False,Incomplete or constant formation history
2030,Transportation,ALK,CSX,0,,False,Incomplete or constant formation history
2030,Transportation,ALK,DAL,0,,False,Incomplete or constant formation history
2030,Transportation,ALK,EXPD,0,,False,Incomplete or constant formation history
2030,Transportation,ALK,FDX,0,,False,Incomplete or constant formation history
2030,Transportation,ALK,FDXF,0,,False,Incomplete or constant formation history
2030,Transportation,ALK,JBHT,0,,False,Incomplete or constant formation history
2030,Transportation,ALK,LUV,0,,False,Incomplete or constant formation history
2030,Transportation,ALK,NSC,0,,False,Incomplete or constant formation history
2030,Transportation,ALK,ODFL,0,,False,Incomplete or constant formation history
2030,Transportation,ALK,R,0,,False,Incomplete or constant formation history
2030,Transportation,ALK,UAL,0,,False,Incomplete or constant formation history
2030,Transportation,ALK,UBER,0,,False,Incomplete or constant formation history
2030,Transportation,ALK,UNP,0,,False,Incomplete or constant formation history
2030,Transportation,ALK,UPS,0,,False,Incomplete or constant formation history
2030,Transportation,CHRW,CSX,251,0.4977454996504154,False,OK
2030,Transportation,CHRW,DAL,251,0.3879486133390216,False,OK
2030,Transportation,CHRW,EXPD,251,0.7361161731657311,False,OK
2030,Transportation,CHRW,FDX,251,0.6153785482405111,False,OK
2030,Transportation,CHRW,FDXF,0,,False,Incomplete or constant formation history
2030,Transportation,CHRW,JBHT,0,,False,Incomplete or constant formation history
2030,Transportation,CHRW,LUV,251,0.3641185459634299,False,OK
2030,Transportation,CHRW,NSC,251,0.39366037948144217,False,OK
2030,Transportation,CHRW,ODFL,0,,False,Incomplete or constant formation history
2030,Transportation,CHRW,R,251,0.5895563277185173,False,OK
2030,Transportation,CHRW,UAL,0,,False,Incomplete or constant formation history
2030,Transportation,CHRW,UBER,0,,False,Incomplete or constant formation history
2030,Transportation,CHRW,UNP,251,0.6000625042309464,False,OK
2030,Transportation,CHRW,UPS,251,0.531439242381396,False,OK
2030,Transportation,CSX,DAL,251,0.2833638688242027,False,OK
2030,Transportation,CSX,EXPD,251,0.49481007641625185,False,OK
2030,Transportation,CSX,FDX,251,0.5747876735045155,False,OK
2030,Transportation,CSX,FDXF,0,,False,Incomplete or constant formation history
2030,Transportation,CSX,JBHT,0,,False,Incomplete or constant formation history
2030,Transportation,CSX,LUV,251,0.33916387046410895,False,OK
2030,Transportation,CSX,NSC,251,0.798818407480093,False,OK
2030,Transportation,CSX,ODFL,0,,False,Incomplete or constant formation history
2030,Transportation,CSX,R,251,0.6187783221081825,False,OK
2030,Transportation,CSX,UAL,0,,False,Incomplete or constant formation history
2030,Transportation,CSX,UBER,0,,False,Incomplete or constant formation history
2030,Transportation,CSX,UNP,251,0.7256929480206636,False,OK
2030,Transportation,CSX,UPS,251,0.5337046410480965,False,OK
2030,Transportation,DAL,EXPD,251,0.44009682447091236,False,OK
2030,Transportation,DAL,FDX,251,0.4118277465661253,False,OK
2030,Transportation,DAL,FDXF,0,,False,Incomplete or constant formation history
2030,Transportation,DAL,JBHT,0,,False,Incomplete or constant formation history
2030,Transportation,DAL,LUV,251,0.7796615157676748,False,OK
2030,Transportation,DAL,NSC,251,0.26403692937676687,False,OK
2030,Transportation,DAL,ODFL,0,,False,Incomplete or constant formation history
2030,Transportation,DAL,R,251,0.415506334726414,False,OK
2030,Transportation,DAL,UAL,0,,False,Incomplete or constant formation history
2030,Transportation,DAL,UBER,0,,False,Incomplete or constant formation history
2030,Transportation,DAL,UNP,251,0.38579017108986274,False,OK
2030,Transportation,DAL,UPS,251,0.41155323517267733,False,OK
2030,Transportation,EXPD,FDX,251,0.6474560845534845,False,OK
2030,Transportation,EXPD,FDXF,0,,False,Incomplete or constant formation history
2030,Transportation,EXPD,JBHT,0,,False,Incomplete or constant formation history
2030,Transportation,EXPD,LUV,251,0.4227926168268822,False,OK
2030,Transportation,EXPD,NSC,251,0.39901774238354154,False,OK
2030,Transportation,EXPD,ODFL,0,,False,Incomplete or constant formation history
2030,Transportation,EXPD,R,251,0.5885592229284741,False,OK
2030,Transportation,EXPD,UAL,0,,False,Incomplete or constant formation history
2030,Transportation,EXPD,UBER,0,,False,Incomplete or constant formation history
2030,Transportation,EXPD,UNP,251,0.5826418176155909,False,OK
2030,Transportation,EXPD,UPS,251,0.6274222924903353,False,OK
2030,Transportation,FDX,FDXF,0,,False,Incomplete or constant formation history
2030,Transportation,FDX,JBHT,0,,False,Incomplete or constant formation history
2030,Transportation,FDX,LUV,251,0.38663842000187454,False,OK
2030,Transportation,FDX,NSC,251,0.44724890918048515,False,OK
2030,Transportation,FDX,ODFL,0,,False,Incomplete or constant formation history
2030,Transportation,FDX,R,251,0.6277486429029692,False,OK
2030,Transportation,FDX,UAL,0,,False,Incomplete or constant formation history
2030,Transportation,FDX,UBER,0,,False,Incomplete or constant formation history
2030,Transportation,FDX,UNP,251,0.6388345881555659,False,OK
2030,Transportation,FDX,UPS,251,0.7385569056514623,False,OK
2030,Transportation,FDXF,JBHT,0,,False,Incomplete or constant formation history
2030,Transportation,FDXF,LUV,0,,False,Incomplete or constant formation history
2030,Transportation,FDXF,NSC,0,,False,Incomplete or constant formation history
2030,Transportation,FDXF,ODFL,0,,False,Incomplete or constant formation history
2030,Transportation,FDXF,R,0,,False,Incomplete or constant formation history
2030,Transportation,FDXF,UAL,0,,False,Incomplete or constant formation history
2030,Transportation,FDXF,UBER,0,,False,Incomplete or constant formation history
2030,Transportation,FDXF,UNP,0,,False,Incomplete or constant formation history
2030,Transportation,FDXF,UPS,0,,False,Incomplete or constant formation history
2030,Transportation,JBHT,LUV,0,,False,Incomplete or constant formation history
2030,Transportation,JBHT,NSC,0,,False,Incomplete or constant formation history
2030,Transportation,JBHT,ODFL,0,,False,Incomplete or constant formation history
2030,Transportation,JBHT,R,0,,False,Incomplete or constant formation history
2030,Transportation,JBHT,UAL,0,,False,Incomplete or constant formation history
2030,Transportation,JBHT,UBER,0,,False,Incomplete or constant formation history
2030,Transportation,JBHT,UNP,0,,False,Incomplete or constant formation history
2030,Transportation,JBHT,UPS,0,,False,Incomplete or constant formation history
2030,Transportation,LUV,NSC,251,0.31935686929247403,False,OK
2030,Transportation,LUV,ODFL,0,,False,Incomplete or constant formation history
2030,Transportation,LUV,R,251,0.34413098650348317,False,OK
2030,Transportation,LUV,UAL,0,,False,Incomplete or constant formation history
2030,Transportation,LUV,UBER,0,,False,Incomplete or constant formation history
2030,Transportation,LUV,UNP,251,0.384375780767343,False,OK
2030,Transportation,LUV,UPS,251,0.364612184993589,False,OK
2030,Transportation,NSC,ODFL,0,,False,Incomplete or constant formation history
2030,Transportation,NSC,R,251,0.5226411492539147,False,OK
2030,Transportation,NSC,UAL,0,,False,Incomplete or constant formation history
2030,Transportation,NSC,UBER,0,,False,Incomplete or constant formation history
2030,Transportation,NSC,UNP,251,0.6574010332823098,False,OK
2030,Transportation,NSC,UPS,251,0.43433390705229147,False,OK
2030,Transportation,ODFL,R,0,,False,Incomplete or constant formation history
2030,Transportation,ODFL,UAL,0,,False,Incomplete or constant formation history
2030,Transportation,ODFL,UBER,0,,False,Incomplete or constant formation history
2030,Transportation,ODFL,UNP,0,,False,Incomplete or constant formation history
2030,Transportation,ODFL,UPS,0,,False,Incomplete or constant formation history
2030,Transportation,R,UAL,0,,False,Incomplete or constant formation history
2030,Transportation,R,UBER,0,,False,Incomplete or constant formation history
2030,Transportation,R,UNP,251,0.645709391491982,False,OK
2030,Transportation,R,UPS,251,0.5504094721602677,False,OK
2030,Transportation,UAL,UBER,0,,False,Incomplete or constant formation history
2030,Transportation,UAL,UNP,0,,False,Incomplete or constant formation history
2030,Transportation,UAL,UPS,0,,False,Incomplete or constant formation history
2030,Transportation,UBER,UNP,0,,False,Incomplete or constant formation history
2030,Transportation,UBER,UPS,0,,False,Incomplete or constant formation history
2030,Transportation,UNP,UPS,251,0.5735914594911334,False,OK
2510,Automobiles & Components,APTV,BWA,251,0.7406696647409043,False,OK
2510,Automobiles & Components,APTV,F,251,0.6101446581745826,False,OK
2510,Automobiles & Components,APTV,GM,251,0.5892309634955929,False,OK
2510,Automobiles & Components,APTV,GT,251,0.6188823911795314,False,OK
2510,Automobiles & Components,APTV,HOG,251,0.36234139439766716,False,OK
2510,Automobiles & Components,APTV,TSLA,0,,False,Incomplete or constant formation history
2510,Automobiles & Components,BWA,F,251,0.62436329776579,False,OK
2510,Automobiles & Components,BWA,GM,251,0.5839043989953462,False,OK
2510,Automobiles & Components,BWA,GT,251,0.6112467499668595,False,OK
2510,Automobiles & Components,BWA,HOG,251,0.3228175284532727,False,OK
2510,Automobiles & Components,BWA,TSLA,0,,False,Incomplete or constant formation history
2510,Automobiles & Components,F,GM,251,0.7145507125188815,False,OK
2510,Automobiles & Components,F,GT,251,0.6179923561588091,False,OK
2510,Automobiles & Components,F,HOG,251,0.4220227861378928,False,OK
2510,Automobiles & Components,F,TSLA,0,,False,Incomplete or constant formation history
2510,Automobiles & Components,GM,GT,251,0.5427455324205995,False,OK
2510,Automobiles & Components,GM,HOG,251,0.3344230557966028,False,OK
2510,Automobiles & Components,GM,TSLA,0,,False,Incomplete or constant formation history
2510,Automobiles & Components,GT,HOG,251,0.33510796435442675,False,OK
2510,Automobiles & Components,GT,TSLA,0,,False,Incomplete or constant formation history
2510,Automobiles & Components,HOG,TSLA,0,,False,Incomplete or constant formation history
2520,Consumer Durables & Apparel,CPRI,DECK,0,,False,Incomplete or constant formation history
2520,Consumer Durables & Apparel,CPRI,DHI,0,,False,Incomplete or constant formation history
2520,Consumer Durables & Apparel,CPRI,GRMN,0,,False,Incomplete or constant formation history
2520,Consumer Durables & Apparel,CPRI,HAS,0,,False,Incomplete or constant formation history
2520,Consumer Durables & Apparel,CPRI,LEG,0,,False,Incomplete or constant formation history
2520,Consumer Durables & Apparel,CPRI,LEN,0,,False,Incomplete or constant formation history
2520,Consumer Durables & Apparel,CPRI,LULU,0,,False,Incomplete or constant formation history
2520,Consumer Durables & Apparel,CPRI,MAT,0,,False,Incomplete or constant formation history
2520,Consumer Durables & Apparel,CPRI,MHK,0,,False,Incomplete or constant formation history
2520,Consumer Durables & Apparel,CPRI,NKE,0,,False,Incomplete or constant formation history
2520,Consumer Durables & Apparel,CPRI,NVR,0,,False,Incomplete or constant formation history
2520,Consumer Durables & Apparel,CPRI,NWL,0,,False,Incomplete or constant formation history
2520,Consumer Durables & Apparel,CPRI,PHM,0,,False,Incomplete or constant formation history
2520,Consumer Durables & Apparel,CPRI,PVH,0,,False,Incomplete or constant formation history
2520,Consumer Durables & Apparel,CPRI,RL,0,,False,Incomplete or constant formation history
2520,Consumer Durables & Apparel,CPRI,TPR,0,,False,Incomplete or constant formation history
2520,Consumer Durables & Apparel,CPRI,UA,0,,False,Incomplete or constant formation history
2520,Consumer Durables & Apparel,CPRI,UAA,0,,False,Incomplete or constant formation history
2520,Consumer Durables & Apparel,CPRI,VFC,0,,False,Incomplete or constant formation history
2520,Consumer Durables & Apparel,CPRI,WHR,0,,False,Incomplete or constant formation history
2520,Consumer Durables & Apparel,DECK,DHI,0,,False,Incomplete or constant formation history
2520,Consumer Durables & Apparel,DECK,GRMN,0,,False,Incomplete or constant formation history
2520,Consumer Durables & Apparel,DECK,HAS,0,,False,Incomplete or constant formation history
2520,Consumer Durables & Apparel,DECK,LEG,0,,False,Incomplete or constant formation history
2520,Consumer Durables & Apparel,DECK,LEN,0,,False,Incomplete or constant formation history
2520,Consumer Durables & Apparel,DECK,LULU,0,,False,Incomplete or constant formation history
2520,Consumer Durables & Apparel,DECK,MAT,0,,False,Incomplete or constant formation history
2520,Consumer Durables & Apparel,DECK,MHK,0,,False,Incomplete or constant formation history
2520,Consumer Durables & Apparel,DECK,NKE,0,,False,Incomplete or constant formation history
2520,Consumer Durables & Apparel,DECK,NVR,0,,False,Incomplete or constant formation history
2520,Consumer Durables & Apparel,DECK,NWL,0,,False,Incomplete or constant formation history
2520,Consumer Durables & Apparel,DECK,PHM,0,,False,Incomplete or constant formation history
2520,Consumer Durables & Apparel,DECK,PVH,0,,False,Incomplete or constant formation history
2520,Consumer Durables & Apparel,DECK,RL,0,,False,Incomplete or constant formation history
2520,Consumer Durables & Apparel,DECK,TPR,0,,False,Incomplete or constant formation history
2520,Consumer Durables & Apparel,DECK,UA,0,,False,Incomplete or constant formation history
2520,Consumer Durables & Apparel,DECK,UAA,0,,False,Incomplete or constant formation history
2520,Consumer Durables & Apparel,DECK,VFC,0,,False,Incomplete or constant formation history
2520,Consumer Durables & Apparel,DECK,WHR,0,,False,Incomplete or constant formation history
2520,Consumer Durables & Apparel,DHI,GRMN,251,0.32969940499615247,False,OK
2520,Consumer Durables & Apparel,DHI,HAS,251,0.2796891232149191,False,OK
2520,Consumer Durables & Apparel,DHI,LEG,251,0.5144341160522408,False,OK
2520,Consumer Durables & Apparel,DHI,LEN,251,0.8736564723826157,True,OK
2520,Consumer Durables & Apparel,DHI,LULU,0,,False,Incomplete or constant formation history
2520,Consumer Durables & Apparel,DHI,MAT,251,0.2130047852554845,False,OK
2520,Consumer Durables & Apparel,DHI,MHK,251,0.5652882175094971,False,OK
2520,Consumer Durables & Apparel,DHI,NKE,251,0.40466480426249424,False,OK
2520,Consumer Durables & Apparel,DHI,NVR,0,,False,Incomplete or constant formation history
2520,Consumer Durables & Apparel,DHI,NWL,251,0.5192906096027375,False,OK
2520,Consumer Durables & Apparel,DHI,PHM,251,0.8606913300765747,True,OK
2520,Consumer Durables & Apparel,DHI,PVH,251,0.2651376785459156,False,OK
2520,Consumer Durables & Apparel,DHI,RL,251,0.18624836983665338,False,OK
2520,Consumer Durables & Apparel,DHI,TPR,251,0.3739566040083209,False,OK
2520,Consumer Durables & Apparel,DHI,UA,0,,False,Incomplete or constant formation history
2520,Consumer Durables & Apparel,DHI,UAA,251,0.420602059635563,False,OK
2520,Consumer Durables & Apparel,DHI,VFC,251,0.36788906751359624,False,OK
2520,Consumer Durables & Apparel,DHI,WHR,251,0.5068595785683193,False,OK
2520,Consumer Durables & Apparel,GRMN,HAS,251,0.2835317388542164,False,OK
2520,Consumer Durables & Apparel,GRMN,LEG,251,0.3554213527874927,False,OK
2520,Consumer Durables & Apparel,GRMN,LEN,251,0.32716977954470156,False,OK
2520,Consumer Durables & Apparel,GRMN,LULU,0,,False,Incomplete or constant formation history
2520,Consumer Durables & Apparel,GRMN,MAT,251,0.28099137898234283,False,OK
2520,Consumer Durables & Apparel,GRMN,MHK,251,0.3211299574413697,False,OK
2520,Consumer Durables & Apparel,GRMN,NKE,251,0.27255514662710373,False,OK
2520,Consumer Durables & Apparel,GRMN,NVR,0,,False,Incomplete or constant formation history
2520,Consumer Durables & Apparel,GRMN,NWL,251,0.4036195156370244,False,OK
2520,Consumer Durables & Apparel,GRMN,PHM,251,0.30783324443451326,False,OK
2520,Consumer Durables & Apparel,GRMN,PVH,251,0.26965396255619417,False,OK
2520,Consumer Durables & Apparel,GRMN,RL,251,0.3005564307331195,False,OK
2520,Consumer Durables & Apparel,GRMN,TPR,251,0.3264113042503944,False,OK
2520,Consumer Durables & Apparel,GRMN,UA,0,,False,Incomplete or constant formation history
2520,Consumer Durables & Apparel,GRMN,UAA,251,0.29003650694975897,False,OK
2520,Consumer Durables & Apparel,GRMN,VFC,251,0.3009923700714556,False,OK
2520,Consumer Durables & Apparel,GRMN,WHR,251,0.30963963816152024,False,OK
2520,Consumer Durables & Apparel,HAS,LEG,251,0.3825514003996702,False,OK
2520,Consumer Durables & Apparel,HAS,LEN,251,0.3035293488904714,False,OK
2520,Consumer Durables & Apparel,HAS,LULU,0,,False,Incomplete or constant formation history
2520,Consumer Durables & Apparel,HAS,MAT,251,0.3769070111440933,False,OK
2520,Consumer Durables & Apparel,HAS,MHK,251,0.3375838557518151,False,OK
2520,Consumer Durables & Apparel,HAS,NKE,251,0.33803139067691795,False,OK
2520,Consumer Durables & Apparel,HAS,NVR,0,,False,Incomplete or constant formation history
2520,Consumer Durables & Apparel,HAS,NWL,251,0.3152928032292685,False,OK
2520,Consumer Durables & Apparel,HAS,PHM,251,0.24479406663247402,False,OK
2520,Consumer Durables & Apparel,HAS,PVH,251,0.2225419423855432,False,OK
2520,Consumer Durables & Apparel,HAS,RL,251,0.20762597571767938,False,OK
2520,Consumer Durables & Apparel,HAS,TPR,251,0.28865686765151505,False,OK
2520,Consumer Durables & Apparel,HAS,UA,0,,False,Incomplete or constant formation history
2520,Consumer Durables & Apparel,HAS,UAA,251,0.3657898636391128,False,OK
2520,Consumer Durables & Apparel,HAS,VFC,251,0.27038816455299974,False,OK
2520,Consumer Durables & Apparel,HAS,WHR,251,0.30427680670821483,False,OK
2520,Consumer Durables & Apparel,LEG,LEN,251,0.5542186951454836,False,OK
2520,Consumer Durables & Apparel,LEG,LULU,0,,False,Incomplete or constant formation history
2520,Consumer Durables & Apparel,LEG,MAT,251,0.2558187547538502,False,OK
2520,Consumer Durables & Apparel,LEG,MHK,251,0.6291358872461544,False,OK
2520,Consumer Durables & Apparel,LEG,NKE,251,0.5288799990668501,False,OK
2520,Consumer Durables & Apparel,LEG,NVR,0,,False,Incomplete or constant formation history
2520,Consumer Durables & Apparel,LEG,NWL,251,0.5621402953855659,False,OK
2520,Consumer Durables & Apparel,LEG,PHM,251,0.5275596706701022,False,OK
2520,Consumer Durables & Apparel,LEG,PVH,251,0.3570876118343999,False,OK
2520,Consumer Durables & Apparel,LEG,RL,251,0.31234129886671164,False,OK
2520,Consumer Durables & Apparel,LEG,TPR,251,0.40574574286852966,False,OK
2520,Consumer Durables & Apparel,LEG,UA,0,,False,Incomplete or constant formation history
2520,Consumer Durables & Apparel,LEG,UAA,251,0.4116372093473688,False,OK
2520,Consumer Durables & Apparel,LEG,VFC,251,0.44962985128010075,False,OK
2520,Consumer Durables & Apparel,LEG,WHR,251,0.564939008394266,False,OK
2520,Consumer Durables & Apparel,LEN,LULU,0,,False,Incomplete or constant formation history
2520,Consumer Durables & Apparel,LEN,MAT,251,0.22659777979261567,False,OK
2520,Consumer Durables & Apparel,LEN,MHK,251,0.593953997163944,False,OK
2520,Consumer Durables & Apparel,LEN,NKE,251,0.44422727624641256,False,OK
2520,Consumer Durables & Apparel,LEN,NVR,0,,False,Incomplete or constant formation history
2520,Consumer Durables & Apparel,LEN,NWL,251,0.5263235293144238,False,OK
2520,Consumer Durables & Apparel,LEN,PHM,251,0.8497687393808054,True,OK
2520,Consumer Durables & Apparel,LEN,PVH,251,0.3033585408968769,False,OK
2520,Consumer Durables & Apparel,LEN,RL,251,0.19510724320515652,False,OK
2520,Consumer Durables & Apparel,LEN,TPR,251,0.4161244428265832,False,OK
2520,Consumer Durables & Apparel,LEN,UA,0,,False,Incomplete or constant formation history
2520,Consumer Durables & Apparel,LEN,UAA,251,0.4025615819579428,False,OK
2520,Consumer Durables & Apparel,LEN,VFC,251,0.377372364106561,False,OK
2520,Consumer Durables & Apparel,LEN,WHR,251,0.5191791519550896,False,OK
2520,Consumer Durables & Apparel,LULU,MAT,0,,False,Incomplete or constant formation history
2520,Consumer Durables & Apparel,LULU,MHK,0,,False,Incomplete or constant formation history
2520,Consumer Durables & Apparel,LULU,NKE,0,,False,Incomplete or constant formation history
2520,Consumer Durables & Apparel,LULU,NVR,0,,False,Incomplete or constant formation history
2520,Consumer Durables & Apparel,LULU,NWL,0,,False,Incomplete or constant formation history
2520,Consumer Durables & Apparel,LULU,PHM,0,,False,Incomplete or constant formation history
2520,Consumer Durables & Apparel,LULU,PVH,0,,False,Incomplete or constant formation history
2520,Consumer Durables & Apparel,LULU,RL,0,,False,Incomplete or constant formation history
2520,Consumer Durables & Apparel,LULU,TPR,0,,False,Incomplete or constant formation history
2520,Consumer Durables & Apparel,LULU,UA,0,,False,Incomplete or constant formation history
2520,Consumer Durables & Apparel,LULU,UAA,0,,False,Incomplete or constant formation history
2520,Consumer Durables & Apparel,LULU,VFC,0,,False,Incomplete or constant formation history
2520,Consumer Durables & Apparel,LULU,WHR,0,,False,Incomplete or constant formation history
2520,Consumer Durables & Apparel,MAT,MHK,251,0.28656133810104817,False,OK
2520,Consumer Durables & Apparel,MAT,NKE,251,0.2617458195919904,False,OK
2520,Consumer Durables & Apparel,MAT,NVR,0,,False,Incomplete or constant formation history
2520,Consumer Durables & Apparel,MAT,NWL,251,0.2679166625605864,False,OK
2520,Consumer Durables & Apparel,MAT,PHM,251,0.19760482666166165,False,OK
2520,Consumer Durables & Apparel,MAT,PVH,251,0.22603210355860995,False,OK
2520,Consumer Durables & Apparel,MAT,RL,251,0.23894573016810228,False,OK
2520,Consumer Durables & Apparel,MAT,TPR,251,0.2906779053923959,False,OK
2520,Consumer Durables & Apparel,MAT,UA,0,,False,Incomplete or constant formation history
2520,Consumer Durables & Apparel,MAT,UAA,251,0.22971631548253443,False,OK
2520,Consumer Durables & Apparel,MAT,VFC,251,0.27649250645646883,False,OK
2520,Consumer Durables & Apparel,MAT,WHR,251,0.31224244371547466,False,OK
2520,Consumer Durables & Apparel,MHK,NKE,251,0.4872989698556212,False,OK
2520,Consumer Durables & Apparel,MHK,NVR,0,,False,Incomplete or constant formation history
2520,Consumer Durables & Apparel,MHK,NWL,251,0.5731600857490596,False,OK
2520,Consumer Durables & Apparel,MHK,PHM,251,0.5795390978021183,False,OK
2520,Consumer Durables & Apparel,MHK,PVH,251,0.41124727592767435,False,OK
2520,Consumer Durables & Apparel,MHK,RL,251,0.28536344640672934,False,OK
2520,Consumer Durables & Apparel,MHK,TPR,251,0.465998186808969,False,OK
2520,Consumer Durables & Apparel,MHK,UA,0,,False,Incomplete or constant formation history
2520,Consumer Durables & Apparel,MHK,UAA,251,0.45084708847954846,False,OK
2520,Consumer Durables & Apparel,MHK,VFC,251,0.49121179424345135,False,OK
2520,Consumer Durables & Apparel,MHK,WHR,251,0.5541343440881114,False,OK
2520,Consumer Durables & Apparel,NKE,NVR,0,,False,Incomplete or constant formation history
2520,Consumer Durables & Apparel,NKE,NWL,251,0.5214339101296497,False,OK
2520,Consumer Durables & Apparel,NKE,PHM,251,0.4265782266197618,False,OK
2520,Consumer Durables & Apparel,NKE,PVH,251,0.46853531876681526,False,OK
2520,Consumer Durables & Apparel,NKE,RL,251,0.3959346760924586,False,OK
2520,Consumer Durables & Apparel,NKE,TPR,251,0.4797041501368982,False,OK
2520,Consumer Durables & Apparel,NKE,UA,0,,False,Incomplete or constant formation history
2520,Consumer Durables & Apparel,NKE,UAA,251,0.6196016150767141,False,OK
2520,Consumer Durables & Apparel,NKE,VFC,251,0.5697774488303857,False,OK
2520,Consumer Durables & Apparel,NKE,WHR,251,0.44177778059717404,False,OK
2520,Consumer Durables & Apparel,NVR,NWL,0,,False,Incomplete or constant formation history
2520,Consumer Durables & Apparel,NVR,PHM,0,,False,Incomplete or constant formation history
2520,Consumer Durables & Apparel,NVR,PVH,0,,False,Incomplete or constant formation history
2520,Consumer Durables & Apparel,NVR,RL,0,,False,Incomplete or constant formation history
2520,Consumer Durables & Apparel,NVR,TPR,0,,False,Incomplete or constant formation history
2520,Consumer Durables & Apparel,NVR,UA,0,,False,Incomplete or constant formation history
2520,Consumer Durables & Apparel,NVR,UAA,0,,False,Incomplete or constant formation history
2520,Consumer Durables & Apparel,NVR,VFC,0,,False,Incomplete or constant formation history
2520,Consumer Durables & Apparel,NVR,WHR,0,,False,Incomplete or constant formation history
2520,Consumer Durables & Apparel,NWL,PHM,251,0.5214101241126762,False,OK
2520,Consumer Durables & Apparel,NWL,PVH,251,0.40711330354534686,False,OK
2520,Consumer Durables & Apparel,NWL,RL,251,0.3513061977072306,False,OK
2520,Consumer Durables & Apparel,NWL,TPR,251,0.44883408134433217,False,OK
2520,Consumer Durables & Apparel,NWL,UA,0,,False,Incomplete or constant formation history
2520,Consumer Durables & Apparel,NWL,UAA,251,0.4241396659339349,False,OK
2520,Consumer Durables & Apparel,NWL,VFC,251,0.47926847067827855,False,OK
2520,Consumer Durables & Apparel,NWL,WHR,251,0.48101770369663316,False,OK
2520,Consumer Durables & Apparel,PHM,PVH,251,0.2517716027305807,False,OK
2520,Consumer Durables & Apparel,PHM,RL,251,0.176113754593922,False,OK
2520,Consumer Durables & Apparel,PHM,TPR,251,0.42695292845681837,False,OK
2520,Consumer Durables & Apparel,PHM,UA,0,,False,Incomplete or constant formation history
2520,Consumer Durables & Apparel,PHM,UAA,251,0.43868046855775317,False,OK
2520,Consumer Durables & Apparel,PHM,VFC,251,0.37756961973208303,False,OK
2520,Consumer Durables & Apparel,PHM,WHR,251,0.4979612514887032,False,OK
2520,Consumer Durables & Apparel,PVH,RL,251,0.5846554885601862,False,OK
2520,Consumer Durables & Apparel,PVH,TPR,251,0.455265468384854,False,OK
2520,Consumer Durables & Apparel,PVH,UA,0,,False,Incomplete or constant formation history
2520,Consumer Durables & Apparel,PVH,UAA,251,0.4807275382889287,False,OK
2520,Consumer Durables & Apparel,PVH,VFC,251,0.6586272709489279,False,OK
2520,Consumer Durables & Apparel,PVH,WHR,251,0.37249257211373704,False,OK
2520,Consumer Durables & Apparel,RL,TPR,251,0.383583758716571,False,OK
2520,Consumer Durables & Apparel,RL,UA,0,,False,Incomplete or constant formation history
2520,Consumer Durables & Apparel,RL,UAA,251,0.32659620937995576,False,OK
2520,Consumer Durables & Apparel,RL,VFC,251,0.4723109885317932,False,OK
2520,Consumer Durables & Apparel,RL,WHR,251,0.1219516303479087,False,OK
2520,Consumer Durables & Apparel,TPR,UA,0,,False,Incomplete or constant formation history
2520,Consumer Durables & Apparel,TPR,UAA,251,0.4743139278628727,False,OK
2520,Consumer Durables & Apparel,TPR,VFC,251,0.45689592361595094,False,OK
2520,Consumer Durables & Apparel,TPR,WHR,251,0.42175420316769996,False,OK
2520,Consumer Durables & Apparel,UA,UAA,0,,False,Incomplete or constant formation history
2520,Consumer Durables & Apparel,UA,VFC,0,,False,Incomplete or constant formation history
2520,Consumer Durables & Apparel,UA,WHR,0,,False,Incomplete or constant formation history
2520,Consumer Durables & Apparel,UAA,VFC,251,0.5400498633348096,False,OK
2520,Consumer Durables & Apparel,UAA,WHR,251,0.42502825524442,False,OK
2520,Consumer Durables & Apparel,VFC,WHR,251,0.5490532556354202,False,OK
2530,Consumer Services,ABNB,BKNG,0,,False,Incomplete or constant formation history
2530,Consumer Services,ABNB,CCL,0,,False,Incomplete or constant formation history
2530,Consumer Services,ABNB,CMG,0,,False,Incomplete or constant formation history
2530,Consumer Services,ABNB,CZR,0,,False,Incomplete or constant formation history
2530,Consumer Services,ABNB,DASH,0,,False,Incomplete or constant formation history
2530,Consumer Services,ABNB,DPZ,0,,False,Incomplete or constant formation history
2530,Consumer Services,ABNB,DRI,0,,False,Incomplete or constant formation history
2530,Consumer Services,ABNB,EXPE,0,,False,Incomplete or constant formation history
2530,Consumer Services,ABNB,HLT,0,,False,Incomplete or constant formation history
2530,Consumer Services,ABNB,HRB,0,,False,Incomplete or constant formation history
2530,Consumer Services,ABNB,LVS,0,,False,Incomplete or constant formation history
2530,Consumer Services,ABNB,MAR,0,,False,Incomplete or constant formation history
2530,Consumer Services,ABNB,MCD,0,,False,Incomplete or constant formation history
2530,Consumer Services,ABNB,MGM,0,,False,Incomplete or constant formation history
2530,Consumer Services,ABNB,NCLH,0,,False,Incomplete or constant formation history
2530,Consumer Services,ABNB,PENN,0,,False,Incomplete or constant formation history
2530,Consumer Services,ABNB,RCL,0,,False,Incomplete or constant formation history
2530,Consumer Services,ABNB,SBUX,0,,False,Incomplete or constant formation history
2530,Consumer Services,ABNB,WYNN,0,,False,Incomplete or constant formation history
2530,Consumer Services,ABNB,YUM,0,,False,Incomplete or constant formation history
2530,Consumer Services,BKNG,CCL,251,0.4225430156309859,False,OK
2530,Consumer Services,BKNG,CMG,251,0.2557837634520835,False,OK
2530,Consumer Services,BKNG,CZR,0,,False,Incomplete or constant formation history
2530,Consumer Services,BKNG,DASH,0,,False,Incomplete or constant formation history
2530,Consumer Services,BKNG,DPZ,0,,False,Incomplete or constant formation history
2530,Consumer Services,BKNG,DRI,251,0.2731336906859352,False,OK
2530,Consumer Services,BKNG,EXPE,251,0.5491276774834882,False,OK
2530,Consumer Services,BKNG,HLT,0,,False,Incomplete or constant formation history
2530,Consumer Services,BKNG,HRB,251,0.3785642558920747,False,OK
2530,Consumer Services,BKNG,LVS,0,,False,Incomplete or constant formation history
2530,Consumer Services,BKNG,MAR,251,0.45283925276550163,False,OK
2530,Consumer Services,BKNG,MCD,251,0.3599995978218659,False,OK
2530,Consumer Services,BKNG,MGM,0,,False,Incomplete or constant formation history
2530,Consumer Services,BKNG,NCLH,0,,False,Incomplete or constant formation history
2530,Consumer Services,BKNG,PENN,0,,False,Incomplete or constant formation history
2530,Consumer Services,BKNG,RCL,251,0.3882785617171536,False,OK
2530,Consumer Services,BKNG,SBUX,251,0.4671201615674648,False,OK
2530,Consumer Services,BKNG,WYNN,251,0.2586594589007581,False,OK
2530,Consumer Services,BKNG,YUM,251,0.34538745266558357,False,OK
2530,Consumer Services,CCL,CMG,251,0.2960508527797089,False,OK
2530,Consumer Services,CCL,CZR,0,,False,Incomplete or constant formation history
2530,Consumer Services,CCL,DASH,0,,False,Incomplete or constant formation history
2530,Consumer Services,CCL,DPZ,0,,False,Incomplete or constant formation history
2530,Consumer Services,CCL,DRI,251,0.5218077814941313,False,OK
2530,Consumer Services,CCL,EXPE,251,0.4820115630830741,False,OK
2530,Consumer Services,CCL,HLT,0,,False,Incomplete or constant formation history
2530,Consumer Services,CCL,HRB,251,0.42136682586773644,False,OK
2530,Consumer Services,CCL,LVS,0,,False,Incomplete or constant formation history
2530,Consumer Services,CCL,MAR,251,0.5446189604067003,False,OK
2530,Consumer Services,CCL,MCD,251,0.4703070337877951,False,OK
2530,Consumer Services,CCL,MGM,0,,False,Incomplete or constant formation history
2530,Consumer Services,CCL,NCLH,0,,False,Incomplete or constant formation history
2530,Consumer Services,CCL,PENN,0,,False,Incomplete or constant formation history
2530,Consumer Services,CCL,RCL,251,0.806105662918049,True,OK
2530,Consumer Services,CCL,SBUX,251,0.5486474622487251,False,OK
2530,Consumer Services,CCL,WYNN,251,0.25850902869426884,False,OK
2530,Consumer Services,CCL,YUM,251,0.3858579311198864,False,OK
2530,Consumer Services,CMG,CZR,0,,False,Incomplete or constant formation history
2530,Consumer Services,CMG,DASH,0,,False,Incomplete or constant formation history
2530,Consumer Services,CMG,DPZ,0,,False,Incomplete or constant formation history
2530,Consumer Services,CMG,DRI,251,0.2619383983272552,False,OK
2530,Consumer Services,CMG,EXPE,251,0.2602309021148548,False,OK
2530,Consumer Services,CMG,HLT,0,,False,Incomplete or constant formation history
2530,Consumer Services,CMG,HRB,251,0.2695352326595106,False,OK
2530,Consumer Services,CMG,LVS,0,,False,Incomplete or constant formation history
2530,Consumer Services,CMG,MAR,251,0.28524693259025524,False,OK
2530,Consumer Services,CMG,MCD,251,0.20875830748076238,False,OK
2530,Consumer Services,CMG,MGM,0,,False,Incomplete or constant formation history
2530,Consumer Services,CMG,NCLH,0,,False,Incomplete or constant formation history
2530,Consumer Services,CMG,PENN,0,,False,Incomplete or constant formation history
2530,Consumer Services,CMG,RCL,251,0.2661540350151526,False,OK
2530,Consumer Services,CMG,SBUX,251,0.3453508952828541,False,OK
2530,Consumer Services,CMG,WYNN,251,0.22386258013026225,False,OK
2530,Consumer Services,CMG,YUM,251,0.12101299113970766,False,OK
2530,Consumer Services,CZR,DASH,0,,False,Incomplete or constant formation history
2530,Consumer Services,CZR,DPZ,0,,False,Incomplete or constant formation history
2530,Consumer Services,CZR,DRI,0,,False,Incomplete or constant formation history
2530,Consumer Services,CZR,EXPE,0,,False,Incomplete or constant formation history
2530,Consumer Services,CZR,HLT,0,,False,Incomplete or constant formation history
2530,Consumer Services,CZR,HRB,0,,False,Incomplete or constant formation history
2530,Consumer Services,CZR,LVS,0,,False,Incomplete or constant formation history
2530,Consumer Services,CZR,MAR,0,,False,Incomplete or constant formation history
2530,Consumer Services,CZR,MCD,0,,False,Incomplete or constant formation history
2530,Consumer Services,CZR,MGM,0,,False,Incomplete or constant formation history
2530,Consumer Services,CZR,NCLH,0,,False,Incomplete or constant formation history
2530,Consumer Services,CZR,PENN,0,,False,Incomplete or constant formation history
2530,Consumer Services,CZR,RCL,0,,False,Incomplete or constant formation history
2530,Consumer Services,CZR,SBUX,0,,False,Incomplete or constant formation history
2530,Consumer Services,CZR,WYNN,0,,False,Incomplete or constant formation history
2530,Consumer Services,CZR,YUM,0,,False,Incomplete or constant formation history
2530,Consumer Services,DASH,DPZ,0,,False,Incomplete or constant formation history
2530,Consumer Services,DASH,DRI,0,,False,Incomplete or constant formation history
2530,Consumer Services,DASH,EXPE,0,,False,Incomplete or constant formation history
2530,Consumer Services,DASH,HLT,0,,False,Incomplete or constant formation history
2530,Consumer Services,DASH,HRB,0,,False,Incomplete or constant formation history
2530,Consumer Services,DASH,LVS,0,,False,Incomplete or constant formation history
2530,Consumer Services,DASH,MAR,0,,False,Incomplete or constant formation history
2530,Consumer Services,DASH,MCD,0,,False,Incomplete or constant formation history
2530,Consumer Services,DASH,MGM,0,,False,Incomplete or constant formation history
2530,Consumer Services,DASH,NCLH,0,,False,Incomplete or constant formation history
2530,Consumer Services,DASH,PENN,0,,False,Incomplete or constant formation history
2530,Consumer Services,DASH,RCL,0,,False,Incomplete or constant formation history
2530,Consumer Services,DASH,SBUX,0,,False,Incomplete or constant formation history
2530,Consumer Services,DASH,WYNN,0,,False,Incomplete or constant formation history
2530,Consumer Services,DASH,YUM,0,,False,Incomplete or constant formation history
2530,Consumer Services,DPZ,DRI,0,,False,Incomplete or constant formation history
2530,Consumer Services,DPZ,EXPE,0,,False,Incomplete or constant formation history
2530,Consumer Services,DPZ,HLT,0,,False,Incomplete or constant formation history
2530,Consumer Services,DPZ,HRB,0,,False,Incomplete or constant formation history
2530,Consumer Services,DPZ,LVS,0,,False,Incomplete or constant formation history
2530,Consumer Services,DPZ,MAR,0,,False,Incomplete or constant formation history
2530,Consumer Services,DPZ,MCD,0,,False,Incomplete or constant formation history
2530,Consumer Services,DPZ,MGM,0,,False,Incomplete or constant formation history
2530,Consumer Services,DPZ,NCLH,0,,False,Incomplete or constant formation history
2530,Consumer Services,DPZ,PENN,0,,False,Incomplete or constant formation history
2530,Consumer Services,DPZ,RCL,0,,False,Incomplete or constant formation history
2530,Consumer Services,DPZ,SBUX,0,,False,Incomplete or constant formation history
2530,Consumer Services,DPZ,WYNN,0,,False,Incomplete or constant formation history
2530,Consumer Services,DPZ,YUM,0,,False,Incomplete or constant formation history
2530,Consumer Services,DRI,EXPE,251,0.3471251947737809,False,OK
2530,Consumer Services,DRI,HLT,0,,False,Incomplete or constant formation history
2530,Consumer Services,DRI,HRB,251,0.3482052439336572,False,OK
2530,Consumer Services,DRI,LVS,0,,False,Incomplete or constant formation history
2530,Consumer Services,DRI,MAR,251,0.34260106542856517,False,OK
2530,Consumer Services,DRI,MCD,251,0.505014868070966,False,OK
2530,Consumer Services,DRI,MGM,0,,False,Incomplete or constant formation history
2530,Consumer Services,DRI,NCLH,0,,False,Incomplete or constant formation history
2530,Consumer Services,DRI,PENN,0,,False,Incomplete or constant formation history
2530,Consumer Services,DRI,RCL,251,0.37643827739913105,False,OK
2530,Consumer Services,DRI,SBUX,251,0.575720030669795,False,OK
2530,Consumer Services,DRI,WYNN,251,0.16090125665525135,False,OK
2530,Consumer Services,DRI,YUM,251,0.3875871295253984,False,OK
2530,Consumer Services,EXPE,HLT,0,,False,Incomplete or constant formation history
2530,Consumer Services,EXPE,HRB,251,0.3650348579162788,False,OK
2530,Consumer Services,EXPE,LVS,0,,False,Incomplete or constant formation history
2530,Consumer Services,EXPE,MAR,251,0.4262093296827537,False,OK
2530,Consumer Services,EXPE,MCD,251,0.32021357538505896,False,OK
2530,Consumer Services,EXPE,MGM,0,,False,Incomplete or constant formation history
2530,Consumer Services,EXPE,NCLH,0,,False,Incomplete or constant formation history
2530,Consumer Services,EXPE,PENN,0,,False,Incomplete or constant formation history
2530,Consumer Services,EXPE,RCL,251,0.4588790010048225,False,OK
2530,Consumer Services,EXPE,SBUX,251,0.4763642399493725,False,OK
2530,Consumer Services,EXPE,WYNN,251,0.20361621448999978,False,OK
2530,Consumer Services,EXPE,YUM,251,0.3168281680162163,False,OK
2530,Consumer Services,HLT,HRB,0,,False,Incomplete or constant formation history
2530,Consumer Services,HLT,LVS,0,,False,Incomplete or constant formation history
2530,Consumer Services,HLT,MAR,0,,False,Incomplete or constant formation history
2530,Consumer Services,HLT,MCD,0,,False,Incomplete or constant formation history
2530,Consumer Services,HLT,MGM,0,,False,Incomplete or constant formation history
2530,Consumer Services,HLT,NCLH,0,,False,Incomplete or constant formation history
2530,Consumer Services,HLT,PENN,0,,False,Incomplete or constant formation history
2530,Consumer Services,HLT,RCL,0,,False,Incomplete or constant formation history
2530,Consumer Services,HLT,SBUX,0,,False,Incomplete or constant formation history
2530,Consumer Services,HLT,WYNN,0,,False,Incomplete or constant formation history
2530,Consumer Services,HLT,YUM,0,,False,Incomplete or constant formation history
2530,Consumer Services,HRB,LVS,0,,False,Incomplete or constant formation history
2530,Consumer Services,HRB,MAR,251,0.3746883204594022,False,OK
2530,Consumer Services,HRB,MCD,251,0.3717889559301818,False,OK
2530,Consumer Services,HRB,MGM,0,,False,Incomplete or constant formation history
2530,Consumer Services,HRB,NCLH,0,,False,Incomplete or constant formation history
2530,Consumer Services,HRB,PENN,0,,False,Incomplete or constant formation history
2530,Consumer Services,HRB,RCL,251,0.37710492929848555,False,OK
2530,Consumer Services,HRB,SBUX,251,0.4607885241294745,False,OK
2530,Consumer Services,HRB,WYNN,251,0.17101892648440126,False,OK
2530,Consumer Services,HRB,YUM,251,0.3468930018173195,False,OK
2530,Consumer Services,LVS,MAR,0,,False,Incomplete or constant formation history
2530,Consumer Services,LVS,MCD,0,,False,Incomplete or constant formation history
2530,Consumer Services,LVS,MGM,0,,False,Incomplete or constant formation history
2530,Consumer Services,LVS,NCLH,0,,False,Incomplete or constant formation history
2530,Consumer Services,LVS,PENN,0,,False,Incomplete or constant formation history
2530,Consumer Services,LVS,RCL,0,,False,Incomplete or constant formation history
2530,Consumer Services,LVS,SBUX,0,,False,Incomplete or constant formation history
2530,Consumer Services,LVS,WYNN,0,,False,Incomplete or constant formation history
2530,Consumer Services,LVS,YUM,0,,False,Incomplete or constant formation history
2530,Consumer Services,MAR,MCD,251,0.4824827302610207,False,OK
2530,Consumer Services,MAR,MGM,0,,False,Incomplete or constant formation history
2530,Consumer Services,MAR,NCLH,0,,False,Incomplete or constant formation history
2530,Consumer Services,MAR,PENN,0,,False,Incomplete or constant formation history
2530,Consumer Services,MAR,RCL,251,0.5022286831218575,False,OK
2530,Consumer Services,MAR,SBUX,251,0.5655158202754537,False,OK
2530,Consumer Services,MAR,WYNN,251,0.2054664611861741,False,OK
2530,Consumer Services,MAR,YUM,251,0.3001088579379002,False,OK
2530,Consumer Services,MCD,MGM,0,,False,Incomplete or constant formation history
2530,Consumer Services,MCD,NCLH,0,,False,Incomplete or constant formation history
2530,Consumer Services,MCD,PENN,0,,False,Incomplete or constant formation history
2530,Consumer Services,MCD,RCL,251,0.32891228610096734,False,OK
2530,Consumer Services,MCD,SBUX,251,0.5489627814109813,False,OK
2530,Consumer Services,MCD,WYNN,251,0.2296551757685325,False,OK
2530,Consumer Services,MCD,YUM,251,0.40270298267249033,False,OK
2530,Consumer Services,MGM,NCLH,0,,False,Incomplete or constant formation history
2530,Consumer Services,MGM,PENN,0,,False,Incomplete or constant formation history
2530,Consumer Services,MGM,RCL,0,,False,Incomplete or constant formation history
2530,Consumer Services,MGM,SBUX,0,,False,Incomplete or constant formation history
2530,Consumer Services,MGM,WYNN,0,,False,Incomplete or constant formation history
2530,Consumer Services,MGM,YUM,0,,False,Incomplete or constant formation history
2530,Consumer Services,NCLH,PENN,0,,False,Incomplete or constant formation history
2530,Consumer Services,NCLH,RCL,0,,False,Incomplete or constant formation history
2530,Consumer Services,NCLH,SBUX,0,,False,Incomplete or constant formation history
2530,Consumer Services,NCLH,WYNN,0,,False,Incomplete or constant formation history
2530,Consumer Services,NCLH,YUM,0,,False,Incomplete or constant formation history
2530,Consumer Services,PENN,RCL,0,,False,Incomplete or constant formation history
2530,Consumer Services,PENN,SBUX,0,,False,Incomplete or constant formation history
2530,Consumer Services,PENN,WYNN,0,,False,Incomplete or constant formation history
2530,Consumer Services,PENN,YUM,0,,False,Incomplete or constant formation history
2530,Consumer Services,RCL,SBUX,251,0.4510024653142811,False,OK
2530,Consumer Services,RCL,WYNN,251,0.2171458165530432,False,OK
2530,Consumer Services,RCL,YUM,251,0.2846401603247056,False,OK
2530,Consumer Services,SBUX,WYNN,251,0.2427011173224254,False,OK
2530,Consumer Services,SBUX,YUM,251,0.44269396676975337,False,OK
2530,Consumer Services,WYNN,YUM,251,0.16116273229512781,False,OK
2550,Consumer Discretionary Distribution & Retail,AAP,AMZN,0,,False,Incomplete or constant formation history
2550,Consumer Discretionary Distribution & Retail,AAP,AN,0,,False,Incomplete or constant formation history
2550,Consumer Discretionary Distribution & Retail,AAP,AZO,0,,False,Incomplete or constant formation history
2550,Consumer Discretionary Distribution & Retail,AAP,BBBY,0,,False,Incomplete or constant formation history
2550,Consumer Discretionary Distribution & Retail,AAP,BBWI,0,,False,Incomplete or constant formation history
2550,Consumer Discretionary Distribution & Retail,AAP,BBY,0,,False,Incomplete or constant formation history
2550,Consumer Discretionary Distribution & Retail,AAP,CVNA,0,,False,Incomplete or constant formation history
2550,Consumer Discretionary Distribution & Retail,AAP,EBAY,0,,False,Incomplete or constant formation history
2550,Consumer Discretionary Distribution & Retail,AAP,ETSY,0,,False,Incomplete or constant formation history
2550,Consumer Discretionary Distribution & Retail,AAP,GME,0,,False,Incomplete or constant formation history
2550,Consumer Discretionary Distribution & Retail,AAP,GPC,0,,False,Incomplete or constant formation history
2550,Consumer Discretionary Distribution & Retail,AAP,HD,0,,False,Incomplete or constant formation history
2550,Consumer Discretionary Distribution & Retail,AAP,KMX,0,,False,Incomplete or constant formation history
2550,Consumer Discretionary Distribution & Retail,AAP,KSS,0,,False,Incomplete or constant formation history
2550,Consumer Discretionary Distribution & Retail,AAP,LB,0,,False,Incomplete or constant formation history
2550,Consumer Discretionary Distribution & Retail,AAP,LKQ,0,,False,Incomplete or constant formation history
2550,Consumer Discretionary Distribution & Retail,AAP,LOW,0,,False,Incomplete or constant formation history
2550,Consumer Discretionary Distribution & Retail,AAP,M,0,,False,Incomplete or constant formation history
2550,Consumer Discretionary Distribution & Retail,AAP,ORLY,0,,False,Incomplete or constant formation history
2550,Consumer Discretionary Distribution & Retail,AAP,POOL,0,,False,Incomplete or constant formation history
2550,Consumer Discretionary Distribution & Retail,AAP,ROST,0,,False,Incomplete or constant formation history
2550,Consumer Discretionary Distribution & Retail,AAP,SPLS,0,,False,Incomplete or constant formation history
2550,Consumer Discretionary Distribution & Retail,AAP,TJX,0,,False,Incomplete or constant formation history
2550,Consumer Discretionary Distribution & Retail,AAP,TSCO,0,,False,Incomplete or constant formation history
2550,Consumer Discretionary Distribution & Retail,AAP,ULTA,0,,False,Incomplete or constant formation history
2550,Consumer Discretionary Distribution & Retail,AAP,WSM,0,,False,Incomplete or constant formation history
2550,Consumer Discretionary Distribution & Retail,AMZN,AN,251,0.34214455845006564,False,OK
2550,Consumer Discretionary Distribution & Retail,AMZN,AZO,251,0.34162285395974723,False,OK
2550,Consumer Discretionary Distribution & Retail,AMZN,BBBY,0,,False,Incomplete or constant formation history
2550,Consumer Discretionary Distribution & Retail,AMZN,BBWI,0,,False,Incomplete or constant formation history
2550,Consumer Discretionary Distribution & Retail,AMZN,BBY,251,0.2552191847155887,False,OK
2550,Consumer Discretionary Distribution & Retail,AMZN,CVNA,0,,False,Incomplete or constant formation history
2550,Consumer Discretionary Distribution & Retail,AMZN,EBAY,251,0.37633355107914096,False,OK
2550,Consumer Discretionary Distribution & Retail,AMZN,ETSY,0,,False,Incomplete or constant formation history
2550,Consumer Discretionary Distribution & Retail,AMZN,GME,251,0.20785827720173022,False,OK
2550,Consumer Discretionary Distribution & Retail,AMZN,GPC,251,0.3167275355879543,False,OK
2550,Consumer Discretionary Distribution & Retail,AMZN,HD,251,0.38023686293921866,False,OK
2550,Consumer Discretionary Distribution & Retail,AMZN,KMX,251,0.2914100414767201,False,OK
2550,Consumer Discretionary Distribution & Retail,AMZN,KSS,251,0.11205110312039866,False,OK
2550,Consumer Discretionary Distribution & Retail,AMZN,LB,0,,False,Incomplete or constant formation history
2550,Consumer Discretionary Distribution & Retail,AMZN,LKQ,0,,False,Incomplete or constant formation history
2550,Consumer Discretionary Distribution & Retail,AMZN,LOW,251,0.3561866881654425,False,OK
2550,Consumer Discretionary Distribution & Retail,AMZN,M,251,0.15612578805450136,False,OK
2550,Consumer Discretionary Distribution & Retail,AMZN,ORLY,251,0.41760602571112426,False,OK
2550,Consumer Discretionary Distribution & Retail,AMZN,POOL,0,,False,Incomplete or constant formation history
2550,Consumer Discretionary Distribution & Retail,AMZN,ROST,251,0.32156496364446013,False,OK
2550,Consumer Discretionary Distribution & Retail,AMZN,SPLS,0,,False,Incomplete or constant formation history
2550,Consumer Discretionary Distribution & Retail,AMZN,TJX,251,0.3108003639821847,False,OK
2550,Consumer Discretionary Distribution & Retail,AMZN,TSCO,251,0.3872576433113947,False,OK
2550,Consumer Discretionary Distribution & Retail,AMZN,ULTA,0,,False,Incomplete or constant formation history
2550,Consumer Discretionary Distribution & Retail,AMZN,WSM,0,,False,Incomplete or constant formation history
2550,Consumer Discretionary Distribution & Retail,AN,AZO,251,0.5411754043368091,False,OK
2550,Consumer Discretionary Distribution & Retail,AN,BBBY,0,,False,Incomplete or constant formation history
2550,Consumer Discretionary Distribution & Retail,AN,BBWI,0,,False,Incomplete or constant formation history
2550,Consumer Discretionary Distribution & Retail,AN,BBY,251,0.40460832597240526,False,OK
2550,Consumer Discretionary Distribution & Retail,AN,CVNA,0,,False,Incomplete or constant formation history
2550,Consumer Discretionary Distribution & Retail,AN,EBAY,251,0.36620695978503487,False,OK
2550,Consumer Discretionary Distribution & Retail,AN,ETSY,0,,False,Incomplete or constant formation history
2550,Consumer Discretionary Distribution & Retail,AN,GME,251,0.3715197637780186,False,OK
2550,Consumer Discretionary Distribution & Retail,AN,GPC,251,0.6695332473934581,False,OK
2550,Consumer Discretionary Distribution & Retail,AN,HD,251,0.6407871489066478,False,OK
2550,Consumer Discretionary Distribution & Retail,AN,KMX,251,0.6080529453087266,False,OK
2550,Consumer Discretionary Distribution & Retail,AN,KSS,251,0.3305458891400592,False,OK
2550,Consumer Discretionary Distribution & Retail,AN,LB,0,,False,Incomplete or constant formation history
2550,Consumer Discretionary Distribution & Retail,AN,LKQ,0,,False,Incomplete or constant formation history
2550,Consumer Discretionary Distribution & Retail,AN,LOW,251,0.5925154670735865,False,OK
2550,Consumer Discretionary Distribution & Retail,AN,M,251,0.43492769508679474,False,OK
2550,Consumer Discretionary Distribution & Retail,AN,ORLY,251,0.5488787170540101,False,OK
2550,Consumer Discretionary Distribution & Retail,AN,POOL,0,,False,Incomplete or constant formation history
2550,Consumer Discretionary Distribution & Retail,AN,ROST,251,0.6010893578446234,False,OK
2550,Consumer Discretionary Distribution & Retail,AN,SPLS,0,,False,Incomplete or constant formation history
2550,Consumer Discretionary Distribution & Retail,AN,TJX,251,0.6612387334691057,False,OK
2550,Consumer Discretionary Distribution & Retail,AN,TSCO,251,0.608988703179771,False,OK
2550,Consumer Discretionary Distribution & Retail,AN,ULTA,0,,False,Incomplete or constant formation history
2550,Consumer Discretionary Distribution & Retail,AN,WSM,0,,False,Incomplete or constant formation history
2550,Consumer Discretionary Distribution & Retail,AZO,BBBY,0,,False,Incomplete or constant formation history
2550,Consumer Discretionary Distribution & Retail,AZO,BBWI,0,,False,Incomplete or constant formation history
2550,Consumer Discretionary Distribution & Retail,AZO,BBY,251,0.3898447300357533,False,OK
2550,Consumer Discretionary Distribution & Retail,AZO,CVNA,0,,False,Incomplete or constant formation history
2550,Consumer Discretionary Distribution & Retail,AZO,EBAY,251,0.4536886244195593,False,OK
2550,Consumer Discretionary Distribution & Retail,AZO,ETSY,0,,False,Incomplete or constant formation history
2550,Consumer Discretionary Distribution & Retail,AZO,GME,251,0.37698797194874906,False,OK
2550,Consumer Discretionary Distribution & Retail,AZO,GPC,251,0.5728320760897729,False,OK
2550,Consumer Discretionary Distribution & Retail,AZO,HD,251,0.5993264162358871,False,OK
2550,Consumer Discretionary Distribution & Retail,AZO,KMX,251,0.45097744245461546,False,OK
2550,Consumer Discretionary Distribution & Retail,AZO,KSS,251,0.2664400796587073,False,OK
2550,Consumer Discretionary Distribution & Retail,AZO,LB,0,,False,Incomplete or constant formation history
2550,Consumer Discretionary Distribution & Retail,AZO,LKQ,0,,False,Incomplete or constant formation history
2550,Consumer Discretionary Distribution & Retail,AZO,LOW,251,0.6068399160650289,False,OK
2550,Consumer Discretionary Distribution & Retail,AZO,M,251,0.3606156193801647,False,OK
2550,Consumer Discretionary Distribution & Retail,AZO,ORLY,251,0.7194148564155398,False,OK
2550,Consumer Discretionary Distribution & Retail,AZO,POOL,0,,False,Incomplete or constant formation history
2550,Consumer Discretionary Distribution & Retail,AZO,ROST,251,0.5435247901410032,False,OK
2550,Consumer Discretionary Distribution & Retail,AZO,SPLS,0,,False,Incomplete or constant formation history
2550,Consumer Discretionary Distribution & Retail,AZO,TJX,251,0.5227082691263671,False,OK
2550,Consumer Discretionary Distribution & Retail,AZO,TSCO,251,0.5930403121941228,False,OK
2550,Consumer Discretionary Distribution & Retail,AZO,ULTA,0,,False,Incomplete or constant formation history
2550,Consumer Discretionary Distribution & Retail,AZO,WSM,0,,False,Incomplete or constant formation history
2550,Consumer Discretionary Distribution & Retail,BBBY,BBWI,0,,False,Incomplete or constant formation history
2550,Consumer Discretionary Distribution & Retail,BBBY,BBY,0,,False,Incomplete or constant formation history
2550,Consumer Discretionary Distribution & Retail,BBBY,CVNA,0,,False,Incomplete or constant formation history
2550,Consumer Discretionary Distribution & Retail,BBBY,EBAY,0,,False,Incomplete or constant formation history
2550,Consumer Discretionary Distribution & Retail,BBBY,ETSY,0,,False,Incomplete or constant formation history
2550,Consumer Discretionary Distribution & Retail,BBBY,GME,0,,False,Incomplete or constant formation history
2550,Consumer Discretionary Distribution & Retail,BBBY,GPC,0,,False,Incomplete or constant formation history
2550,Consumer Discretionary Distribution & Retail,BBBY,HD,0,,False,Incomplete or constant formation history
2550,Consumer Discretionary Distribution & Retail,BBBY,KMX,0,,False,Incomplete or constant formation history
2550,Consumer Discretionary Distribution & Retail,BBBY,KSS,0,,False,Incomplete or constant formation history
2550,Consumer Discretionary Distribution & Retail,BBBY,LB,0,,False,Incomplete or constant formation history
2550,Consumer Discretionary Distribution & Retail,BBBY,LKQ,0,,False,Incomplete or constant formation history
2550,Consumer Discretionary Distribution & Retail,BBBY,LOW,0,,False,Incomplete or constant formation history
2550,Consumer Discretionary Distribution & Retail,BBBY,M,0,,False,Incomplete or constant formation history
2550,Consumer Discretionary Distribution & Retail,BBBY,ORLY,0,,False,Incomplete or constant formation history
2550,Consumer Discretionary Distribution & Retail,BBBY,POOL,0,,False,Incomplete or constant formation history
2550,Consumer Discretionary Distribution & Retail,BBBY,ROST,0,,False,Incomplete or constant formation history
2550,Consumer Discretionary Distribution & Retail,BBBY,SPLS,0,,False,Incomplete or constant formation history
2550,Consumer Discretionary Distribution & Retail,BBBY,TJX,0,,False,Incomplete or constant formation history
2550,Consumer Discretionary Distribution & Retail,BBBY,TSCO,0,,False,Incomplete or constant formation history
2550,Consumer Discretionary Distribution & Retail,BBBY,ULTA,0,,False,Incomplete or constant formation history
2550,Consumer Discretionary Distribution & Retail,BBBY,WSM,0,,False,Incomplete or constant formation history
2550,Consumer Discretionary Distribution & Retail,BBWI,BBY,0,,False,Incomplete or constant formation history
2550,Consumer Discretionary Distribution & Retail,BBWI,CVNA,0,,False,Incomplete or constant formation history
2550,Consumer Discretionary Distribution & Retail,BBWI,EBAY,0,,False,Incomplete or constant formation history
2550,Consumer Discretionary Distribution & Retail,BBWI,ETSY,0,,False,Incomplete or constant formation history
2550,Consumer Discretionary Distribution & Retail,BBWI,GME,0,,False,Incomplete or constant formation history
2550,Consumer Discretionary Distribution & Retail,BBWI,GPC,0,,False,Incomplete or constant formation history
2550,Consumer Discretionary Distribution & Retail,BBWI,HD,0,,False,Incomplete or constant formation history
2550,Consumer Discretionary Distribution & Retail,BBWI,KMX,0,,False,Incomplete or constant formation history
2550,Consumer Discretionary Distribution & Retail,BBWI,KSS,0,,False,Incomplete or constant formation history
2550,Consumer Discretionary Distribution & Retail,BBWI,LB,0,,False,Incomplete or constant formation history
2550,Consumer Discretionary Distribution & Retail,BBWI,LKQ,0,,False,Incomplete or constant formation history
2550,Consumer Discretionary Distribution & Retail,BBWI,LOW,0,,False,Incomplete or constant formation history
2550,Consumer Discretionary Distribution & Retail,BBWI,M,0,,False,Incomplete or constant formation history
2550,Consumer Discretionary Distribution & Retail,BBWI,ORLY,0,,False,Incomplete or constant formation history
2550,Consumer Discretionary Distribution & Retail,BBWI,POOL,0,,False,Incomplete or constant formation history
2550,Consumer Discretionary Distribution & Retail,BBWI,ROST,0,,False,Incomplete or constant formation history
2550,Consumer Discretionary Distribution & Retail,BBWI,SPLS,0,,False,Incomplete or constant formation history
2550,Consumer Discretionary Distribution & Retail,BBWI,TJX,0,,False,Incomplete or constant formation history
2550,Consumer Discretionary Distribution & Retail,BBWI,TSCO,0,,False,Incomplete or constant formation history
2550,Consumer Discretionary Distribution & Retail,BBWI,ULTA,0,,False,Incomplete or constant formation history
2550,Consumer Discretionary Distribution & Retail,BBWI,WSM,0,,False,Incomplete or constant formation history
2550,Consumer Discretionary Distribution & Retail,BBY,CVNA,0,,False,Incomplete or constant formation history
2550,Consumer Discretionary Distribution & Retail,BBY,EBAY,251,0.3336628439172234,False,OK
2550,Consumer Discretionary Distribution & Retail,BBY,ETSY,0,,False,Incomplete or constant formation history
2550,Consumer Discretionary Distribution & Retail,BBY,GME,251,0.433842944149643,False,OK
2550,Consumer Discretionary Distribution & Retail,BBY,GPC,251,0.3295960393890073,False,OK
2550,Consumer Discretionary Distribution & Retail,BBY,HD,251,0.4366363772198621,False,OK
2550,Consumer Discretionary Distribution & Retail,BBY,KMX,251,0.4130802822878732,False,OK
2550,Consumer Discretionary Distribution & Retail,BBY,KSS,251,0.3510976969011563,False,OK
2550,Consumer Discretionary Distribution & Retail,BBY,LB,0,,False,Incomplete or constant formation history
2550,Consumer Discretionary Distribution & Retail,BBY,LKQ,0,,False,Incomplete or constant formation history
2550,Consumer Discretionary Distribution & Retail,BBY,LOW,251,0.45605968030585475,False,OK
2550,Consumer Discretionary Distribution & Retail,BBY,M,251,0.37552645769820586,False,OK
2550,Consumer Discretionary Distribution & Retail,BBY,ORLY,251,0.3652995467858118,False,OK
2550,Consumer Discretionary Distribution & Retail,BBY,POOL,0,,False,Incomplete or constant formation history
2550,Consumer Discretionary Distribution & Retail,BBY,ROST,251,0.40485456869623065,False,OK
2550,Consumer Discretionary Distribution & Retail,BBY,SPLS,0,,False,Incomplete or constant formation history
2550,Consumer Discretionary Distribution & Retail,BBY,TJX,251,0.4084183713467911,False,OK
2550,Consumer Discretionary Distribution & Retail,BBY,TSCO,251,0.43113521392211407,False,OK
2550,Consumer Discretionary Distribution & Retail,BBY,ULTA,0,,False,Incomplete or constant formation history
2550,Consumer Discretionary Distribution & Retail,BBY,WSM,0,,False,Incomplete or constant formation history
2550,Consumer Discretionary Distribution & Retail,CVNA,EBAY,0,,False,Incomplete or constant formation history
2550,Consumer Discretionary Distribution & Retail,CVNA,ETSY,0,,False,Incomplete or constant formation history
2550,Consumer Discretionary Distribution & Retail,CVNA,GME,0,,False,Incomplete or constant formation history
2550,Consumer Discretionary Distribution & Retail,CVNA,GPC,0,,False,Incomplete or constant formation history
2550,Consumer Discretionary Distribution & Retail,CVNA,HD,0,,False,Incomplete or constant formation history
2550,Consumer Discretionary Distribution & Retail,CVNA,KMX,0,,False,Incomplete or constant formation history
2550,Consumer Discretionary Distribution & Retail,CVNA,KSS,0,,False,Incomplete or constant formation history
2550,Consumer Discretionary Distribution & Retail,CVNA,LB,0,,False,Incomplete or constant formation history
2550,Consumer Discretionary Distribution & Retail,CVNA,LKQ,0,,False,Incomplete or constant formation history
2550,Consumer Discretionary Distribution & Retail,CVNA,LOW,0,,False,Incomplete or constant formation history
2550,Consumer Discretionary Distribution & Retail,CVNA,M,0,,False,Incomplete or constant formation history
2550,Consumer Discretionary Distribution & Retail,CVNA,ORLY,0,,False,Incomplete or constant formation history
2550,Consumer Discretionary Distribution & Retail,CVNA,POOL,0,,False,Incomplete or constant formation history
2550,Consumer Discretionary Distribution & Retail,CVNA,ROST,0,,False,Incomplete or constant formation history
2550,Consumer Discretionary Distribution & Retail,CVNA,SPLS,0,,False,Incomplete or constant formation history
2550,Consumer Discretionary Distribution & Retail,CVNA,TJX,0,,False,Incomplete or constant formation history
2550,Consumer Discretionary Distribution & Retail,CVNA,TSCO,0,,False,Incomplete or constant formation history
2550,Consumer Discretionary Distribution & Retail,CVNA,ULTA,0,,False,Incomplete or constant formation history
2550,Consumer Discretionary Distribution & Retail,CVNA,WSM,0,,False,Incomplete or constant formation history
2550,Consumer Discretionary Distribution & Retail,EBAY,ETSY,0,,False,Incomplete or constant formation history
2550,Consumer Discretionary Distribution & Retail,EBAY,GME,251,0.2898383958515621,False,OK
2550,Consumer Discretionary Distribution & Retail,EBAY,GPC,251,0.43822095901793745,False,OK
2550,Consumer Discretionary Distribution & Retail,EBAY,HD,251,0.4384967825617183,False,OK
2550,Consumer Discretionary Distribution & Retail,EBAY,KMX,251,0.4067016984917656,False,OK
2550,Consumer Discretionary Distribution & Retail,EBAY,KSS,251,0.14472977717683727,False,OK
2550,Consumer Discretionary Distribution & Retail,EBAY,LB,0,,False,Incomplete or constant formation history
2550,Consumer Discretionary Distribution & Retail,EBAY,LKQ,0,,False,Incomplete or constant formation history
2550,Consumer Discretionary Distribution & Retail,EBAY,LOW,251,0.392834958070967,False,OK
2550,Consumer Discretionary Distribution & Retail,EBAY,M,251,0.1962916739204247,False,OK
2550,Consumer Discretionary Distribution & Retail,EBAY,ORLY,251,0.47550866150413973,False,OK
2550,Consumer Discretionary Distribution & Retail,EBAY,POOL,0,,False,Incomplete or constant formation history
2550,Consumer Discretionary Distribution & Retail,EBAY,ROST,251,0.34808147807278944,False,OK
2550,Consumer Discretionary Distribution & Retail,EBAY,SPLS,0,,False,Incomplete or constant formation history
2550,Consumer Discretionary Distribution & Retail,EBAY,TJX,251,0.3451644322805009,False,OK
2550,Consumer Discretionary Distribution & Retail,EBAY,TSCO,251,0.4955415905499041,False,OK
2550,Consumer Discretionary Distribution & Retail,EBAY,ULTA,0,,False,Incomplete or constant formation history
2550,Consumer Discretionary Distribution & Retail,EBAY,WSM,0,,False,Incomplete or constant formation history
2550,Consumer Discretionary Distribution & Retail,ETSY,GME,0,,False,Incomplete or constant formation history
2550,Consumer Discretionary Distribution & Retail,ETSY,GPC,0,,False,Incomplete or constant formation history
2550,Consumer Discretionary Distribution & Retail,ETSY,HD,0,,False,Incomplete or constant formation history
2550,Consumer Discretionary Distribution & Retail,ETSY,KMX,0,,False,Incomplete or constant formation history
2550,Consumer Discretionary Distribution & Retail,ETSY,KSS,0,,False,Incomplete or constant formation history
2550,Consumer Discretionary Distribution & Retail,ETSY,LB,0,,False,Incomplete or constant formation history
2550,Consumer Discretionary Distribution & Retail,ETSY,LKQ,0,,False,Incomplete or constant formation history
2550,Consumer Discretionary Distribution & Retail,ETSY,LOW,0,,False,Incomplete or constant formation history
2550,Consumer Discretionary Distribution & Retail,ETSY,M,0,,False,Incomplete or constant formation history
2550,Consumer Discretionary Distribution & Retail,ETSY,ORLY,0,,False,Incomplete or constant formation history
2550,Consumer Discretionary Distribution & Retail,ETSY,POOL,0,,False,Incomplete or constant formation history
2550,Consumer Discretionary Distribution & Retail,ETSY,ROST,0,,False,Incomplete or constant formation history
2550,Consumer Discretionary Distribution & Retail,ETSY,SPLS,0,,False,Incomplete or constant formation history
2550,Consumer Discretionary Distribution & Retail,ETSY,TJX,0,,False,Incomplete or constant formation history
2550,Consumer Discretionary Distribution & Retail,ETSY,TSCO,0,,False,Incomplete or constant formation history
2550,Consumer Discretionary Distribution & Retail,ETSY,ULTA,0,,False,Incomplete or constant formation history
2550,Consumer Discretionary Distribution & Retail,ETSY,WSM,0,,False,Incomplete or constant formation history
2550,Consumer Discretionary Distribution & Retail,GME,GPC,251,0.3235340616455145,False,OK
2550,Consumer Discretionary Distribution & Retail,GME,HD,251,0.3364127498951116,False,OK
2550,Consumer Discretionary Distribution & Retail,GME,KMX,251,0.29218768553588825,False,OK
2550,Consumer Discretionary Distribution & Retail,GME,KSS,251,0.32413321458134775,False,OK
2550,Consumer Discretionary Distribution & Retail,GME,LB,0,,False,Incomplete or constant formation history
2550,Consumer Discretionary Distribution & Retail,GME,LKQ,0,,False,Incomplete or constant formation history
2550,Consumer Discretionary Distribution & Retail,GME,LOW,251,0.39744188135658864,False,OK
2550,Consumer Discretionary Distribution & Retail,GME,M,251,0.35038759449134926,False,OK
2550,Consumer Discretionary Distribution & Retail,GME,ORLY,251,0.37676691530262146,False,OK
2550,Consumer Discretionary Distribution & Retail,GME,POOL,0,,False,Incomplete or constant formation history
2550,Consumer Discretionary Distribution & Retail,GME,ROST,251,0.42159332118562864,False,OK
2550,Consumer Discretionary Distribution & Retail,GME,SPLS,0,,False,Incomplete or constant formation history
2550,Consumer Discretionary Distribution & Retail,GME,TJX,251,0.40477660955718014,False,OK
2550,Consumer Discretionary Distribution & Retail,GME,TSCO,251,0.40777149620183345,False,OK
2550,Consumer Discretionary Distribution & Retail,GME,ULTA,0,,False,Incomplete or constant formation history
2550,Consumer Discretionary Distribution & Retail,GME,WSM,0,,False,Incomplete or constant formation history
2550,Consumer Discretionary Distribution & Retail,GPC,HD,251,0.644578045078423,False,OK
2550,Consumer Discretionary Distribution & Retail,GPC,KMX,251,0.6087170559845065,False,OK
2550,Consumer Discretionary Distribution & Retail,GPC,KSS,251,0.26641945181910015,False,OK
2550,Consumer Discretionary Distribution & Retail,GPC,LB,0,,False,Incomplete or constant formation history
2550,Consumer Discretionary Distribution & Retail,GPC,LKQ,0,,False,Incomplete or constant formation history
2550,Consumer Discretionary Distribution & Retail,GPC,LOW,251,0.6142742035789108,False,OK
2550,Consumer Discretionary Distribution & Retail,GPC,M,251,0.3947417728576443,False,OK
2550,Consumer Discretionary Distribution & Retail,GPC,ORLY,251,0.5869175556077838,False,OK
2550,Consumer Discretionary Distribution & Retail,GPC,POOL,0,,False,Incomplete or constant formation history
2550,Consumer Discretionary Distribution & Retail,GPC,ROST,251,0.5211358764627785,False,OK
2550,Consumer Discretionary Distribution & Retail,GPC,SPLS,0,,False,Incomplete or constant formation history
2550,Consumer Discretionary Distribution & Retail,GPC,TJX,251,0.5853580591451021,False,OK
2550,Consumer Discretionary Distribution & Retail,GPC,TSCO,251,0.6490723289214765,False,OK
2550,Consumer Discretionary Distribution & Retail,GPC,ULTA,0,,False,Incomplete or constant formation history
2550,Consumer Discretionary Distribution & Retail,GPC,WSM,0,,False,Incomplete or constant formation history
2550,Consumer Discretionary Distribution & Retail,HD,KMX,251,0.5723155596247349,False,OK
2550,Consumer Discretionary Distribution & Retail,HD,KSS,251,0.37817652578714955,False,OK
2550,Consumer Discretionary Distribution & Retail,HD,LB,0,,False,Incomplete or constant formation history
2550,Consumer Discretionary Distribution & Retail,HD,LKQ,0,,False,Incomplete or constant formation history
2550,Consumer Discretionary Distribution & Retail,HD,LOW,251,0.8338992165561563,True,OK
2550,Consumer Discretionary Distribution & Retail,HD,M,251,0.41960630774046354,False,OK
2550,Consumer Discretionary Distribution & Retail,HD,ORLY,251,0.6365221824162779,False,OK
2550,Consumer Discretionary Distribution & Retail,HD,POOL,0,,False,Incomplete or constant formation history
2550,Consumer Discretionary Distribution & Retail,HD,ROST,251,0.645516147219412,False,OK
2550,Consumer Discretionary Distribution & Retail,HD,SPLS,0,,False,Incomplete or constant formation history
2550,Consumer Discretionary Distribution & Retail,HD,TJX,251,0.6875176282126871,False,OK
2550,Consumer Discretionary Distribution & Retail,HD,TSCO,251,0.706500364816403,False,OK
2550,Consumer Discretionary Distribution & Retail,HD,ULTA,0,,False,Incomplete or constant formation history
2550,Consumer Discretionary Distribution & Retail,HD,WSM,0,,False,Incomplete or constant formation history
2550,Consumer Discretionary Distribution & Retail,KMX,KSS,251,0.29345317387040715,False,OK
2550,Consumer Discretionary Distribution & Retail,KMX,LB,0,,False,Incomplete or constant formation history
2550,Consumer Discretionary Distribution & Retail,KMX,LKQ,0,,False,Incomplete or constant formation history
2550,Consumer Discretionary Distribution & Retail,KMX,LOW,251,0.5712875418998996,False,OK
2550,Consumer Discretionary Distribution & Retail,KMX,M,251,0.39570626523528435,False,OK
2550,Consumer Discretionary Distribution & Retail,KMX,ORLY,251,0.49400241729906996,False,OK
2550,Consumer Discretionary Distribution & Retail,KMX,POOL,0,,False,Incomplete or constant formation history
2550,Consumer Discretionary Distribution & Retail,KMX,ROST,251,0.4511598013236679,False,OK
2550,Consumer Discretionary Distribution & Retail,KMX,SPLS,0,,False,Incomplete or constant formation history
2550,Consumer Discretionary Distribution & Retail,KMX,TJX,251,0.5361218871890994,False,OK
2550,Consumer Discretionary Distribution & Retail,KMX,TSCO,251,0.552547967792589,False,OK
2550,Consumer Discretionary Distribution & Retail,KMX,ULTA,0,,False,Incomplete or constant formation history
2550,Consumer Discretionary Distribution & Retail,KMX,WSM,0,,False,Incomplete or constant formation history
2550,Consumer Discretionary Distribution & Retail,KSS,LB,0,,False,Incomplete or constant formation history
2550,Consumer Discretionary Distribution & Retail,KSS,LKQ,0,,False,Incomplete or constant formation history
2550,Consumer Discretionary Distribution & Retail,KSS,LOW,251,0.4499357047262684,False,OK
2550,Consumer Discretionary Distribution & Retail,KSS,M,251,0.4997683031359747,False,OK
2550,Consumer Discretionary Distribution & Retail,KSS,ORLY,251,0.2309478193068847,False,OK
2550,Consumer Discretionary Distribution & Retail,KSS,POOL,0,,False,Incomplete or constant formation history
2550,Consumer Discretionary Distribution & Retail,KSS,ROST,251,0.5126929965043666,False,OK
2550,Consumer Discretionary Distribution & Retail,KSS,SPLS,0,,False,Incomplete or constant formation history
2550,Consumer Discretionary Distribution & Retail,KSS,TJX,251,0.43865812013692884,False,OK
2550,Consumer Discretionary Distribution & Retail,KSS,TSCO,251,0.2969210174088649,False,OK
2550,Consumer Discretionary Distribution & Retail,KSS,ULTA,0,,False,Incomplete or constant formation history
2550,Consumer Discretionary Distribution & Retail,KSS,WSM,0,,False,Incomplete or constant formation history
2550,Consumer Discretionary Distribution & Retail,LB,LKQ,0,,False,Incomplete or constant formation history
2550,Consumer Discretionary Distribution & Retail,LB,LOW,0,,False,Incomplete or constant formation history
2550,Consumer Discretionary Distribution & Retail,LB,M,0,,False,Incomplete or constant formation history
2550,Consumer Discretionary Distribution & Retail,LB,ORLY,0,,False,Incomplete or constant formation history
2550,Consumer Discretionary Distribution & Retail,LB,POOL,0,,False,Incomplete or constant formation history
2550,Consumer Discretionary Distribution & Retail,LB,ROST,0,,False,Incomplete or constant formation history
2550,Consumer Discretionary Distribution & Retail,LB,SPLS,0,,False,Incomplete or constant formation history
2550,Consumer Discretionary Distribution & Retail,LB,TJX,0,,False,Incomplete or constant formation history
2550,Consumer Discretionary Distribution & Retail,LB,TSCO,0,,False,Incomplete or constant formation history
2550,Consumer Discretionary Distribution & Retail,LB,ULTA,0,,False,Incomplete or constant formation history
2550,Consumer Discretionary Distribution & Retail,LB,WSM,0,,False,Incomplete or constant formation history
2550,Consumer Discretionary Distribution & Retail,LKQ,LOW,0,,False,Incomplete or constant formation history
2550,Consumer Discretionary Distribution & Retail,LKQ,M,0,,False,Incomplete or constant formation history
2550,Consumer Discretionary Distribution & Retail,LKQ,ORLY,0,,False,Incomplete or constant formation history
2550,Consumer Discretionary Distribution & Retail,LKQ,POOL,0,,False,Incomplete or constant formation history
2550,Consumer Discretionary Distribution & Retail,LKQ,ROST,0,,False,Incomplete or constant formation history
2550,Consumer Discretionary Distribution & Retail,LKQ,SPLS,0,,False,Incomplete or constant formation history
2550,Consumer Discretionary Distribution & Retail,LKQ,TJX,0,,False,Incomplete or constant formation history
2550,Consumer Discretionary Distribution & Retail,LKQ,TSCO,0,,False,Incomplete or constant formation history
2550,Consumer Discretionary Distribution & Retail,LKQ,ULTA,0,,False,Incomplete or constant formation history
2550,Consumer Discretionary Distribution & Retail,LKQ,WSM,0,,False,Incomplete or constant formation history
2550,Consumer Discretionary Distribution & Retail,LOW,M,251,0.4532707009808612,False,OK
2550,Consumer Discretionary Distribution & Retail,LOW,ORLY,251,0.6267781830939126,False,OK
2550,Consumer Discretionary Distribution & Retail,LOW,POOL,0,,False,Incomplete or constant formation history
2550,Consumer Discretionary Distribution & Retail,LOW,ROST,251,0.6429064743845598,False,OK
2550,Consumer Discretionary Distribution & Retail,LOW,SPLS,0,,False,Incomplete or constant formation history
2550,Consumer Discretionary Distribution & Retail,LOW,TJX,251,0.65316337088835,False,OK
2550,Consumer Discretionary Distribution & Retail,LOW,TSCO,251,0.6592062089994605,False,OK
2550,Consumer Discretionary Distribution & Retail,LOW,ULTA,0,,False,Incomplete or constant formation history
2550,Consumer Discretionary Distribution & Retail,LOW,WSM,0,,False,Incomplete or constant formation history
2550,Consumer Discretionary Distribution & Retail,M,ORLY,251,0.31843071123449224,False,OK
2550,Consumer Discretionary Distribution & Retail,M,POOL,0,,False,Incomplete or constant formation history
2550,Consumer Discretionary Distribution & Retail,M,ROST,251,0.465963492251578,False,OK
2550,Consumer Discretionary Distribution & Retail,M,SPLS,0,,False,Incomplete or constant formation history
2550,Consumer Discretionary Distribution & Retail,M,TJX,251,0.5285003973114467,False,OK
2550,Consumer Discretionary Distribution & Retail,M,TSCO,251,0.4435939850640427,False,OK
2550,Consumer Discretionary Distribution & Retail,M,ULTA,0,,False,Incomplete or constant formation history
2550,Consumer Discretionary Distribution & Retail,M,WSM,0,,False,Incomplete or constant formation history
2550,Consumer Discretionary Distribution & Retail,ORLY,POOL,0,,False,Incomplete or constant formation history
2550,Consumer Discretionary Distribution & Retail,ORLY,ROST,251,0.5243475330075119,False,OK
2550,Consumer Discretionary Distribution & Retail,ORLY,SPLS,0,,False,Incomplete or constant formation history
2550,Consumer Discretionary Distribution & Retail,ORLY,TJX,251,0.5125560036431696,False,OK
2550,Consumer Discretionary Distribution & Retail,ORLY,TSCO,251,0.6026891496635866,False,OK
2550,Consumer Discretionary Distribution & Retail,ORLY,ULTA,0,,False,Incomplete or constant formation history
2550,Consumer Discretionary Distribution & Retail,ORLY,WSM,0,,False,Incomplete or constant formation history
2550,Consumer Discretionary Distribution & Retail,POOL,ROST,0,,False,Incomplete or constant formation history
2550,Consumer Discretionary Distribution & Retail,POOL,SPLS,0,,False,Incomplete or constant formation history
2550,Consumer Discretionary Distribution & Retail,POOL,TJX,0,,False,Incomplete or constant formation history
2550,Consumer Discretionary Distribution & Retail,POOL,TSCO,0,,False,Incomplete or constant formation history
2550,Consumer Discretionary Distribution & Retail,POOL,ULTA,0,,False,Incomplete or constant formation history
2550,Consumer Discretionary Distribution & Retail,POOL,WSM,0,,False,Incomplete or constant formation history
2550,Consumer Discretionary Distribution & Retail,ROST,SPLS,0,,False,Incomplete or constant formation history
2550,Consumer Discretionary Distribution & Retail,ROST,TJX,251,0.772479064875838,False,OK
2550,Consumer Discretionary Distribution & Retail,ROST,TSCO,251,0.555020758304842,False,OK
2550,Consumer Discretionary Distribution & Retail,ROST,ULTA,0,,False,Incomplete or constant formation history
2550,Consumer Discretionary Distribution & Retail,ROST,WSM,0,,False,Incomplete or constant formation history
2550,Consumer Discretionary Distribution & Retail,SPLS,TJX,0,,False,Incomplete or constant formation history
2550,Consumer Discretionary Distribution & Retail,SPLS,TSCO,0,,False,Incomplete or constant formation history
2550,Consumer Discretionary Distribution & Retail,SPLS,ULTA,0,,False,Incomplete or constant formation history
2550,Consumer Discretionary Distribution & Retail,SPLS,WSM,0,,False,Incomplete or constant formation history
2550,Consumer Discretionary Distribution & Retail,TJX,TSCO,251,0.5935206703450898,False,OK
2550,Consumer Discretionary Distribution & Retail,TJX,ULTA,0,,False,Incomplete or constant formation history
2550,Consumer Discretionary Distribution & Retail,TJX,WSM,0,,False,Incomplete or constant formation history
2550,Consumer Discretionary Distribution & Retail,TSCO,ULTA,0,,False,Incomplete or constant formation history
2550,Consumer Discretionary Distribution & Retail,TSCO,WSM,0,,False,Incomplete or constant formation history
2550,Consumer Discretionary Distribution & Retail,ULTA,WSM,0,,False,Incomplete or constant formation history
3010,Consumer Staples Distribution & Retail,CASY,COST,0,,False,Incomplete or constant formation history
3010,Consumer Staples Distribution & Retail,CASY,DG,0,,False,Incomplete or constant formation history
3010,Consumer Staples Distribution & Retail,CASY,DLTR,0,,False,Incomplete or constant formation history
3010,Consumer Staples Distribution & Retail,CASY,KR,0,,False,Incomplete or constant formation history
3010,Consumer Staples Distribution & Retail,CASY,SYY,0,,False,Incomplete or constant formation history
3010,Consumer Staples Distribution & Retail,CASY,TGT,0,,False,Incomplete or constant formation history
3010,Consumer Staples Distribution & Retail,CASY,WMT,0,,False,Incomplete or constant formation history
3010,Consumer Staples Distribution & Retail,COST,DG,251,0.44757391516168993,False,OK
3010,Consumer Staples Distribution & Retail,COST,DLTR,251,0.4987052381266989,False,OK
3010,Consumer Staples Distribution & Retail,COST,KR,251,0.6198552277900792,False,OK
3010,Consumer Staples Distribution & Retail,COST,SYY,251,0.43390293942677954,False,OK
3010,Consumer Staples Distribution & Retail,COST,TGT,251,0.5767486432763865,False,OK
3010,Consumer Staples Distribution & Retail,COST,WMT,251,0.562237341352008,False,OK
3010,Consumer Staples Distribution & Retail,DG,DLTR,251,0.678967697209839,False,OK
3010,Consumer Staples Distribution & Retail,DG,KR,251,0.42666235880307074,False,OK
3010,Consumer Staples Distribution & Retail,DG,SYY,251,0.26318910327782274,False,OK
3010,Consumer Staples Distribution & Retail,DG,TGT,251,0.5702279469503451,False,OK
3010,Consumer Staples Distribution & Retail,DG,WMT,251,0.44364721328307855,False,OK
3010,Consumer Staples Distribution & Retail,DLTR,KR,251,0.3833609099783952,False,OK
3010,Consumer Staples Distribution & Retail,DLTR,SYY,251,0.3095012947572063,False,OK
3010,Consumer Staples Distribution & Retail,DLTR,TGT,251,0.5325143794237198,False,OK
3010,Consumer Staples Distribution & Retail,DLTR,WMT,251,0.41086748629004066,False,OK
3010,Consumer Staples Distribution & Retail,KR,SYY,251,0.41111449936112265,False,OK
3010,Consumer Staples Distribution & Retail,KR,TGT,251,0.50556778049317,False,OK
3010,Consumer Staples Distribution & Retail,KR,WMT,251,0.5543635643754394,False,OK
3010,Consumer Staples Distribution & Retail,SYY,TGT,251,0.3761045014977584,False,OK
3010,Consumer Staples Distribution & Retail,SYY,WMT,251,0.43278821463487144,False,OK
3010,Consumer Staples Distribution & Retail,TGT,WMT,251,0.5611870109151704,False,OK
3020,"Food, Beverage & Tobacco",ADM,BF-B,251,0.4554648209912661,False,OK
3020,"Food, Beverage & Tobacco",ADM,BG,0,,False,Incomplete or constant formation history
3020,"Food, Beverage & Tobacco",ADM,CAG,251,0.41354886858485324,False,OK
3020,"Food, Beverage & Tobacco",ADM,CPB,251,0.48739573512313883,False,OK
3020,"Food, Beverage & Tobacco",ADM,GIS,251,0.5884975433996228,False,OK
3020,"Food, Beverage & Tobacco",ADM,HRL,251,0.43326810626816936,False,OK
3020,"Food, Beverage & Tobacco",ADM,HSY,251,0.3841511830437174,False,OK
3020,"Food, Beverage & Tobacco",ADM,KDP,251,0.431335191160874,False,OK
3020,"Food, Beverage & Tobacco",ADM,KHC,0,,False,Incomplete or constant formation history
3020,"Food, Beverage & Tobacco",ADM,KO,251,0.49516480841253424,False,OK
3020,"Food, Beverage & Tobacco",ADM,LW,0,,False,Incomplete or constant formation history
3020,"Food, Beverage & Tobacco",ADM,MDLZ,251,0.5283868604598824,False,OK
3020,"Food, Beverage & Tobacco",ADM,MKC,251,0.5224816446787159,False,OK
3020,"Food, Beverage & Tobacco",ADM,MNST,251,0.18875858452318622,False,OK
3020,"Food, Beverage & Tobacco",ADM,MO,251,0.48131093539727143,False,OK
3020,"Food, Beverage & Tobacco",ADM,PEP,251,0.5167354262975637,False,OK
3020,"Food, Beverage & Tobacco",ADM,PM,251,0.46705538848627515,False,OK
3020,"Food, Beverage & Tobacco",ADM,SJM,251,0.347877308622858,False,OK
3020,"Food, Beverage & Tobacco",ADM,STZ,251,0.4378374608064488,False,OK
3020,"Food, Beverage & Tobacco",ADM,TAP,251,0.26342319422656757,False,OK
3020,"Food, Beverage & Tobacco",ADM,TSN,251,0.41035442613908557,False,OK
3020,"Food, Beverage & Tobacco",BF-B,BG,0,,False,Incomplete or constant formation history
3020,"Food, Beverage & Tobacco",BF-B,CAG,251,0.43483456337075715,False,OK
3020,"Food, Beverage & Tobacco",BF-B,CPB,251,0.5815406133204889,False,OK
3020,"Food, Beverage & Tobacco",BF-B,GIS,251,0.616666509740329,False,OK
3020,"Food, Beverage & Tobacco",BF-B,HRL,251,0.4816694186816515,False,OK
3020,"Food, Beverage & Tobacco",BF-B,HSY,251,0.4844581800749212,False,OK
3020,"Food, Beverage & Tobacco",BF-B,KDP,251,0.6209392503333601,False,OK
3020,"Food, Beverage & Tobacco",BF-B,KHC,0,,False,Incomplete or constant formation history
3020,"Food, Beverage & Tobacco",BF-B,KO,251,0.6208107679773022,False,OK
3020,"Food, Beverage & Tobacco",BF-B,LW,0,,False,Incomplete or constant formation history
3020,"Food, Beverage & Tobacco",BF-B,MDLZ,251,0.5756054279336063,False,OK
3020,"Food, Beverage & Tobacco",BF-B,MKC,251,0.6161411039578606,False,OK
3020,"Food, Beverage & Tobacco",BF-B,MNST,251,0.232938738565889,False,OK
3020,"Food, Beverage & Tobacco",BF-B,MO,251,0.603153975085569,False,OK
3020,"Food, Beverage & Tobacco",BF-B,PEP,251,0.6637244886806576,False,OK
3020,"Food, Beverage & Tobacco",BF-B,PM,251,0.5721000618795689,False,OK
3020,"Food, Beverage & Tobacco",BF-B,SJM,251,0.4003120396576671,False,OK
3020,"Food, Beverage & Tobacco",BF-B,STZ,251,0.616071302692953,False,OK
3020,"Food, Beverage & Tobacco",BF-B,TAP,251,0.42394493181041226,False,OK
3020,"Food, Beverage & Tobacco",BF-B,TSN,251,0.36997579365543776,False,OK
3020,"Food, Beverage & Tobacco",BG,CAG,0,,False,Incomplete or constant formation history
3020,"Food, Beverage & Tobacco",BG,CPB,0,,False,Incomplete or constant formation history
3020,"Food, Beverage & Tobacco",BG,GIS,0,,False,Incomplete or constant formation history
3020,"Food, Beverage & Tobacco",BG,HRL,0,,False,Incomplete or constant formation history
3020,"Food, Beverage & Tobacco",BG,HSY,0,,False,Incomplete or constant formation history
3020,"Food, Beverage & Tobacco",BG,KDP,0,,False,Incomplete or constant formation history
3020,"Food, Beverage & Tobacco",BG,KHC,0,,False,Incomplete or constant formation history
3020,"Food, Beverage & Tobacco",BG,KO,0,,False,Incomplete or constant formation history
3020,"Food, Beverage & Tobacco",BG,LW,0,,False,Incomplete or constant formation history
3020,"Food, Beverage & Tobacco",BG,MDLZ,0,,False,Incomplete or constant formation history
3020,"Food, Beverage & Tobacco",BG,MKC,0,,False,Incomplete or constant formation history
3020,"Food, Beverage & Tobacco",BG,MNST,0,,False,Incomplete or constant formation history
3020,"Food, Beverage & Tobacco",BG,MO,0,,False,Incomplete or constant formation history
3020,"Food, Beverage & Tobacco",BG,PEP,0,,False,Incomplete or constant formation history
3020,"Food, Beverage & Tobacco",BG,PM,0,,False,Incomplete or constant formation history
3020,"Food, Beverage & Tobacco",BG,SJM,0,,False,Incomplete or constant formation history
3020,"Food, Beverage & Tobacco",BG,STZ,0,,False,Incomplete or constant formation history
3020,"Food, Beverage & Tobacco",BG,TAP,0,,False,Incomplete or constant formation history
3020,"Food, Beverage & Tobacco",BG,TSN,0,,False,Incomplete or constant formation history
3020,"Food, Beverage & Tobacco",CAG,CPB,251,0.5498476346646751,False,OK
3020,"Food, Beverage & Tobacco",CAG,GIS,251,0.5777846973216135,False,OK
3020,"Food, Beverage & Tobacco",CAG,HRL,251,0.48213900426452955,False,OK
3020,"Food, Beverage & Tobacco",CAG,HSY,251,0.3640334285074425,False,OK
3020,"Food, Beverage & Tobacco",CAG,KDP,251,0.4679504834687617,False,OK
3020,"Food, Beverage & Tobacco",CAG,KHC,0,,False,Incomplete or constant formation history
3020,"Food, Beverage & Tobacco",CAG,KO,251,0.5003623936432652,False,OK
3020,"Food, Beverage & Tobacco",CAG,LW,0,,False,Incomplete or constant formation history
3020,"Food, Beverage & Tobacco",CAG,MDLZ,251,0.5336266279908501,False,OK
3020,"Food, Beverage & Tobacco",CAG,MKC,251,0.5348832089029538,False,OK
3020,"Food, Beverage & Tobacco",CAG,MNST,251,0.24531919916988465,False,OK
3020,"Food, Beverage & Tobacco",CAG,MO,251,0.4773928938392096,False,OK
3020,"Food, Beverage & Tobacco",CAG,PEP,251,0.5328619204429308,False,OK
3020,"Food, Beverage & Tobacco",CAG,PM,251,0.42571035712891847,False,OK
3020,"Food, Beverage & Tobacco",CAG,SJM,251,0.44045937428001114,False,OK
3020,"Food, Beverage & Tobacco",CAG,STZ,251,0.3810886116119001,False,OK
3020,"Food, Beverage & Tobacco",CAG,TAP,251,0.2100317031070849,False,OK
3020,"Food, Beverage & Tobacco",CAG,TSN,251,0.4105163535868355,False,OK
3020,"Food, Beverage & Tobacco",CPB,GIS,251,0.7311569675195992,False,OK
3020,"Food, Beverage & Tobacco",CPB,HRL,251,0.6061281788405675,False,OK
3020,"Food, Beverage & Tobacco",CPB,HSY,251,0.6094094259084331,False,OK
3020,"Food, Beverage & Tobacco",CPB,KDP,251,0.6271802859903626,False,OK
3020,"Food, Beverage & Tobacco",CPB,KHC,0,,False,Incomplete or constant formation history
3020,"Food, Beverage & Tobacco",CPB,KO,251,0.6421130203175565,False,OK
3020,"Food, Beverage & Tobacco",CPB,LW,0,,False,Incomplete or constant formation history
3020,"Food, Beverage & Tobacco",CPB,MDLZ,251,0.6037776111523051,False,OK
3020,"Food, Beverage & Tobacco",CPB,MKC,251,0.7199317133903784,False,OK
3020,"Food, Beverage & Tobacco",CPB,MNST,251,0.26432595954045873,False,OK
3020,"Food, Beverage & Tobacco",CPB,MO,251,0.6325364490142352,False,OK
3020,"Food, Beverage & Tobacco",CPB,PEP,251,0.6813060135268822,False,OK
3020,"Food, Beverage & Tobacco",CPB,PM,251,0.5500982651547355,False,OK
3020,"Food, Beverage & Tobacco",CPB,SJM,251,0.5329564189176478,False,OK
3020,"Food, Beverage & Tobacco",CPB,STZ,251,0.5319959756900101,False,OK
3020,"Food, Beverage & Tobacco",CPB,TAP,251,0.3697067367536683,False,OK
3020,"Food, Beverage & Tobacco",CPB,TSN,251,0.40991507715471764,False,OK
3020,"Food, Beverage & Tobacco",GIS,HRL,251,0.643055400631883,False,OK
3020,"Food, Beverage & Tobacco",GIS,HSY,251,0.6104139943207585,False,OK
3020,"Food, Beverage & Tobacco",GIS,KDP,251,0.6953979162973903,False,OK
3020,"Food, Beverage & Tobacco",GIS,KHC,0,,False,Incomplete or constant formation history
3020,"Food, Beverage & Tobacco",GIS,KO,251,0.677185415879944,False,OK
3020,"Food, Beverage & Tobacco",GIS,LW,0,,False,Incomplete or constant formation history
3020,"Food, Beverage & Tobacco",GIS,MDLZ,251,0.6857492723966623,False,OK
3020,"Food, Beverage & Tobacco",GIS,MKC,251,0.7120301453229082,False,OK
3020,"Food, Beverage & Tobacco",GIS,MNST,251,0.3046211884191522,False,OK
3020,"Food, Beverage & Tobacco",GIS,MO,251,0.631563019563849,False,OK
3020,"Food, Beverage & Tobacco",GIS,PEP,251,0.6918629434967521,False,OK
3020,"Food, Beverage & Tobacco",GIS,PM,251,0.5462212700401293,False,OK
3020,"Food, Beverage & Tobacco",GIS,SJM,251,0.537889988980062,False,OK
3020,"Food, Beverage & Tobacco",GIS,STZ,251,0.5951084521782644,False,OK
3020,"Food, Beverage & Tobacco",GIS,TAP,251,0.3037469906142249,False,OK
3020,"Food, Beverage & Tobacco",GIS,TSN,251,0.46209825689825806,False,OK
3020,"Food, Beverage & Tobacco",HRL,HSY,251,0.5420033425565718,False,OK
3020,"Food, Beverage & Tobacco",HRL,KDP,251,0.5809542357026584,False,OK
3020,"Food, Beverage & Tobacco",HRL,KHC,0,,False,Incomplete or constant formation history
3020,"Food, Beverage & Tobacco",HRL,KO,251,0.6151212539192733,False,OK
3020,"Food, Beverage & Tobacco",HRL,LW,0,,False,Incomplete or constant formation history
3020,"Food, Beverage & Tobacco",HRL,MDLZ,251,0.5158291784735177,False,OK
3020,"Food, Beverage & Tobacco",HRL,MKC,251,0.609510957786074,False,OK
3020,"Food, Beverage & Tobacco",HRL,MNST,251,0.2569161335489686,False,OK
3020,"Food, Beverage & Tobacco",HRL,MO,251,0.56145795601097,False,OK
3020,"Food, Beverage & Tobacco",HRL,PEP,251,0.5883865617173929,False,OK
3020,"Food, Beverage & Tobacco",HRL,PM,251,0.5150070015874402,False,OK
3020,"Food, Beverage & Tobacco",HRL,SJM,251,0.5720654408077742,False,OK
3020,"Food, Beverage & Tobacco",HRL,STZ,251,0.4837592517940665,False,OK
3020,"Food, Beverage & Tobacco",HRL,TAP,251,0.2801249814916477,False,OK
3020,"Food, Beverage & Tobacco",HRL,TSN,251,0.5381171236614367,False,OK
3020,"Food, Beverage & Tobacco",HSY,KDP,251,0.528264511098253,False,OK
3020,"Food, Beverage & Tobacco",HSY,KHC,0,,False,Incomplete or constant formation history
3020,"Food, Beverage & Tobacco",HSY,KO,251,0.5597081210652903,False,OK
3020,"Food, Beverage & Tobacco",HSY,LW,0,,False,Incomplete or constant formation history
3020,"Food, Beverage & Tobacco",HSY,MDLZ,251,0.5146194492285133,False,OK
3020,"Food, Beverage & Tobacco",HSY,MKC,251,0.5961882163146163,False,OK
3020,"Food, Beverage & Tobacco",HSY,MNST,251,0.21825738171850195,False,OK
3020,"Food, Beverage & Tobacco",HSY,MO,251,0.5161779381256493,False,OK
3020,"Food, Beverage & Tobacco",HSY,PEP,251,0.5942887404744205,False,OK
3020,"Food, Beverage & Tobacco",HSY,PM,251,0.5227491568563463,False,OK
3020,"Food, Beverage & Tobacco",HSY,SJM,251,0.49051684892147845,False,OK
3020,"Food, Beverage & Tobacco",HSY,STZ,251,0.4589228129968738,False,OK
3020,"Food, Beverage & Tobacco",HSY,TAP,251,0.30099158283237487,False,OK
3020,"Food, Beverage & Tobacco",HSY,TSN,251,0.3834900141067853,False,OK
3020,"Food, Beverage & Tobacco",KDP,KHC,0,,False,Incomplete or constant formation history
3020,"Food, Beverage & Tobacco",KDP,KO,251,0.7020553484435591,False,OK
3020,"Food, Beverage & Tobacco",KDP,LW,0,,False,Incomplete or constant formation history
3020,"Food, Beverage & Tobacco",KDP,MDLZ,251,0.5357805645728633,False,OK
3020,"Food, Beverage & Tobacco",KDP,MKC,251,0.6440252728698947,False,OK
3020,"Food, Beverage & Tobacco",KDP,MNST,251,0.3959239322599598,False,OK
3020,"Food, Beverage & Tobacco",KDP,MO,251,0.6472566293934718,False,OK
3020,"Food, Beverage & Tobacco",KDP,PEP,251,0.7600037683846189,False,OK
3020,"Food, Beverage & Tobacco",KDP,PM,251,0.5478956492144212,False,OK
3020,"Food, Beverage & Tobacco",KDP,SJM,251,0.46893532663772924,False,OK
3020,"Food, Beverage & Tobacco",KDP,STZ,251,0.5620476898838147,False,OK
3020,"Food, Beverage & Tobacco",KDP,TAP,251,0.32918479837077014,False,OK
3020,"Food, Beverage & Tobacco",KDP,TSN,251,0.41608295532508793,False,OK
3020,"Food, Beverage & Tobacco",KHC,KO,0,,False,Incomplete or constant formation history
3020,"Food, Beverage & Tobacco",KHC,LW,0,,False,Incomplete or constant formation history
3020,"Food, Beverage & Tobacco",KHC,MDLZ,0,,False,Incomplete or constant formation history
3020,"Food, Beverage & Tobacco",KHC,MKC,0,,False,Incomplete or constant formation history
3020,"Food, Beverage & Tobacco",KHC,MNST,0,,False,Incomplete or constant formation history
3020,"Food, Beverage & Tobacco",KHC,MO,0,,False,Incomplete or constant formation history
3020,"Food, Beverage & Tobacco",KHC,PEP,0,,False,Incomplete or constant formation history
3020,"Food, Beverage & Tobacco",KHC,PM,0,,False,Incomplete or constant formation history
3020,"Food, Beverage & Tobacco",KHC,SJM,0,,False,Incomplete or constant formation history
3020,"Food, Beverage & Tobacco",KHC,STZ,0,,False,Incomplete or constant formation history
3020,"Food, Beverage & Tobacco",KHC,TAP,0,,False,Incomplete or constant formation history
3020,"Food, Beverage & Tobacco",KHC,TSN,0,,False,Incomplete or constant formation history
3020,"Food, Beverage & Tobacco",KO,LW,0,,False,Incomplete or constant formation history
3020,"Food, Beverage & Tobacco",KO,MDLZ,251,0.6102570861936979,False,OK
3020,"Food, Beverage & Tobacco",KO,MKC,251,0.6838969476156148,False,OK
3020,"Food, Beverage & Tobacco",KO,MNST,251,0.41435797308576916,False,OK
3020,"Food, Beverage & Tobacco",KO,MO,251,0.6531589993592488,False,OK
3020,"Food, Beverage & Tobacco",KO,PEP,251,0.7912069548743682,False,OK
3020,"Food, Beverage & Tobacco",KO,PM,251,0.6428926018330993,False,OK
3020,"Food, Beverage & Tobacco",KO,SJM,251,0.5571736948860065,False,OK
3020,"Food, Beverage & Tobacco",KO,STZ,251,0.5861560428112511,False,OK
3020,"Food, Beverage & Tobacco",KO,TAP,251,0.3431364527722107,False,OK
3020,"Food, Beverage & Tobacco",KO,TSN,251,0.4281544319827744,False,OK
3020,"Food, Beverage & Tobacco",LW,MDLZ,0,,False,Incomplete or constant formation history
3020,"Food, Beverage & Tobacco",LW,MKC,0,,False,Incomplete or constant formation history
3020,"Food, Beverage & Tobacco",LW,MNST,0,,False,Incomplete or constant formation history
3020,"Food, Beverage & Tobacco",LW,MO,0,,False,Incomplete or constant formation history
3020,"Food, Beverage & Tobacco",LW,PEP,0,,False,Incomplete or constant formation history
3020,"Food, Beverage & Tobacco",LW,PM,0,,False,Incomplete or constant formation history
3020,"Food, Beverage & Tobacco",LW,SJM,0,,False,Incomplete or constant formation history
3020,"Food, Beverage & Tobacco",LW,STZ,0,,False,Incomplete or constant formation history
3020,"Food, Beverage & Tobacco",LW,TAP,0,,False,Incomplete or constant formation history
3020,"Food, Beverage & Tobacco",LW,TSN,0,,False,Incomplete or constant formation history
3020,"Food, Beverage & Tobacco",MDLZ,MKC,251,0.6395847309014904,False,OK
3020,"Food, Beverage & Tobacco",MDLZ,MNST,251,0.22479526829426513,False,OK
3020,"Food, Beverage & Tobacco",MDLZ,MO,251,0.5278643654693002,False,OK
3020,"Food, Beverage & Tobacco",MDLZ,PEP,251,0.6566592917183323,False,OK
3020,"Food, Beverage & Tobacco",MDLZ,PM,251,0.5418431410972242,False,OK
3020,"Food, Beverage & Tobacco",MDLZ,SJM,251,0.5128755466022779,False,OK
3020,"Food, Beverage & Tobacco",MDLZ,STZ,251,0.511838216147635,False,OK
3020,"Food, Beverage & Tobacco",MDLZ,TAP,251,0.316626787634231,False,OK
3020,"Food, Beverage & Tobacco",MDLZ,TSN,251,0.3832400888480376,False,OK
3020,"Food, Beverage & Tobacco",MKC,MNST,251,0.30836673757643585,False,OK
3020,"Food, Beverage & Tobacco",MKC,MO,251,0.6081008344457223,False,OK
3020,"Food, Beverage & Tobacco",MKC,PEP,251,0.7399382402324675,False,OK
3020,"Food, Beverage & Tobacco",MKC,PM,251,0.5725789099088929,False,OK
3020,"Food, Beverage & Tobacco",MKC,SJM,251,0.5404533190689402,False,OK
3020,"Food, Beverage & Tobacco",MKC,STZ,251,0.5296556277171649,False,OK
3020,"Food, Beverage & Tobacco",MKC,TAP,251,0.31694254162963453,False,OK
3020,"Food, Beverage & Tobacco",MKC,TSN,251,0.4388118848674024,False,OK
3020,"Food, Beverage & Tobacco",MNST,MO,251,0.26545134546745486,False,OK
3020,"Food, Beverage & Tobacco",MNST,PEP,251,0.3461756417259928,False,OK
3020,"Food, Beverage & Tobacco",MNST,PM,251,0.2144169090579749,False,OK
3020,"Food, Beverage & Tobacco",MNST,SJM,251,0.15785178251925017,False,OK
3020,"Food, Beverage & Tobacco",MNST,STZ,251,0.35051377385175464,False,OK
3020,"Food, Beverage & Tobacco",MNST,TAP,251,0.07823531325513941,False,OK
3020,"Food, Beverage & Tobacco",MNST,TSN,251,0.20869678264645086,False,OK
3020,"Food, Beverage & Tobacco",MO,PEP,251,0.6696942118922465,False,OK
3020,"Food, Beverage & Tobacco",MO,PM,251,0.7124152785585363,False,OK
3020,"Food, Beverage & Tobacco",MO,SJM,251,0.42534470130824165,False,OK
3020,"Food, Beverage & Tobacco",MO,STZ,251,0.5302744584637901,False,OK
3020,"Food, Beverage & Tobacco",MO,TAP,251,0.3812798450924265,False,OK
3020,"Food, Beverage & Tobacco",MO,TSN,251,0.31270648618121544,False,OK
3020,"Food, Beverage & Tobacco",PEP,PM,251,0.6564720787791973,False,OK
3020,"Food, Beverage & Tobacco",PEP,SJM,251,0.5348547363934544,False,OK
3020,"Food, Beverage & Tobacco",PEP,STZ,251,0.6085375077560028,False,OK
3020,"Food, Beverage & Tobacco",PEP,TAP,251,0.37948307312865937,False,OK
3020,"Food, Beverage & Tobacco",PEP,TSN,251,0.4082466559683054,False,OK
3020,"Food, Beverage & Tobacco",PM,SJM,251,0.43756550666351096,False,OK
3020,"Food, Beverage & Tobacco",PM,STZ,251,0.4790830962797169,False,OK
3020,"Food, Beverage & Tobacco",PM,TAP,251,0.3501565143621641,False,OK
3020,"Food, Beverage & Tobacco",PM,TSN,251,0.36091055356215956,False,OK
3020,"Food, Beverage & Tobacco",SJM,STZ,251,0.4075120149509322,False,OK
3020,"Food, Beverage & Tobacco",SJM,TAP,251,0.28862130845790085,False,OK
3020,"Food, Beverage & Tobacco",SJM,TSN,251,0.3355511250669978,False,OK
3020,"Food, Beverage & Tobacco",STZ,TAP,251,0.38425058126553435,False,OK
3020,"Food, Beverage & Tobacco",STZ,TSN,251,0.3939396019067257,False,OK
3020,"Food, Beverage & Tobacco",TAP,TSN,251,0.13062157010352868,False,OK
3030,Household & Personal Products,CHD,CL,0,,False,Incomplete or constant formation history
3030,Household & Personal Products,CHD,CLX,0,,False,Incomplete or constant formation history
3030,Household & Personal Products,CHD,COTY,0,,False,Incomplete or constant formation history
3030,Household & Personal Products,CHD,EL,0,,False,Incomplete or constant formation history
3030,Household & Personal Products,CHD,KMB,0,,False,Incomplete or constant formation history
3030,Household & Personal Products,CHD,KVUE,0,,False,Incomplete or constant formation history
3030,Household & Personal Products,CHD,PG,0,,False,Incomplete or constant formation history
3030,Household & Personal Products,CL,CLX,251,0.7523770257296842,False,OK
3030,Household & Personal Products,CL,COTY,0,,False,Incomplete or constant formation history
3030,Household & Personal Products,CL,EL,251,0.6423952447250536,False,OK
3030,Household & Personal Products,CL,KMB,251,0.784316696803335,False,OK
3030,Household & Personal Products,CL,KVUE,0,,False,Incomplete or constant formation history
3030,Household & Personal Products,CL,PG,251,0.745237541880365,False,OK
3030,Household & Personal Products,CLX,COTY,0,,False,Incomplete or constant formation history
3030,Household & Personal Products,CLX,EL,251,0.5830480916462175,False,OK
3030,Household & Personal Products,CLX,KMB,251,0.7561169561373035,False,OK
3030,Household & Personal Products,CLX,KVUE,0,,False,Incomplete or constant formation history
3030,Household & Personal Products,CLX,PG,251,0.6757714322572994,False,OK
3030,Household & Personal Products,COTY,EL,0,,False,Incomplete or constant formation history
3030,Household & Personal Products,COTY,KMB,0,,False,Incomplete or constant formation history
3030,Household & Personal Products,COTY,KVUE,0,,False,Incomplete or constant formation history
3030,Household & Personal Products,COTY,PG,0,,False,Incomplete or constant formation history
3030,Household & Personal Products,EL,KMB,251,0.585992716499635,False,OK
3030,Household & Personal Products,EL,KVUE,0,,False,Incomplete or constant formation history
3030,Household & Personal Products,EL,PG,251,0.552956458576737,False,OK
3030,Household & Personal Products,KMB,KVUE,0,,False,Incomplete or constant formation history
3030,Household & Personal Products,KMB,PG,251,0.6903402613661912,False,OK
3030,Household & Personal Products,KVUE,PG,0,,False,Incomplete or constant formation history
3510,Health Care Equipment & Services,ABT,AET,251,0.46587392928693083,False,OK
3510,Health Care Equipment & Services,ABT,ALGN,0,,False,Incomplete or constant formation history
3510,Health Care Equipment & Services,ABT,BAX,251,0.6276020362873013,False,OK
3510,Health Care Equipment & Services,ABT,BDX,251,0.6733330485514842,False,OK
3510,Health Care Equipment & Services,ABT,BSX,251,0.5785588053638037,False,OK
3510,Health Care Equipment & Services,ABT,CAH,251,0.5994765080599189,False,OK
3510,Health Care Equipment & Services,ABT,CI,251,0.3093910804674894,False,OK
3510,Health Care Equipment & Services,ABT,CNC,0,,False,Incomplete or constant formation history
3510,Health Care Equipment & Services,ABT,COO,0,,False,Incomplete or constant formation history
3510,Health Care Equipment & Services,ABT,COR,0,,False,Incomplete or constant formation history
3510,Health Care Equipment & Services,ABT,CVS,251,0.5956017959251818,False,OK
3510,Health Care Equipment & Services,ABT,DGX,251,0.5679017198115298,False,OK
3510,Health Care Equipment & Services,ABT,DVA,251,0.5582323703277804,False,OK
3510,Health Care Equipment & Services,ABT,DXCM,0,,False,Incomplete or constant formation history
3510,Health Care Equipment & Services,ABT,ELV,0,,False,Incomplete or constant formation history
3510,Health Care Equipment & Services,ABT,ESRX,251,0.540049621257292,False,OK
3510,Health Care Equipment & Services,ABT,EVHC,0,,False,Incomplete or constant formation history
3510,Health Care Equipment & Services,ABT,EW,251,0.5861736652335902,False,OK
3510,Health Care Equipment & Services,ABT,GEHC,0,,False,Incomplete or constant formation history
3510,Health Care Equipment & Services,ABT,HCA,0,,False,Incomplete or constant formation history
3510,Health Care Equipment & Services,ABT,HSIC,0,,False,Incomplete or constant formation history
3510,Health Care Equipment & Services,ABT,HUM,251,0.2659049328603933,False,OK
3510,Health Care Equipment & Services,ABT,IDXX,0,,False,Incomplete or constant formation history
3510,Health Care Equipment & Services,ABT,ISRG,251,0.5193031594414057,False,OK
3510,Health Care Equipment & Services,ABT,LH,251,0.5666808173842588,False,OK
3510,Health Care Equipment & Services,ABT,MCK,251,0.5412921022280976,False,OK
3510,Health Care Equipment & Services,ABT,MDT,251,0.7046168292143407,False,OK
3510,Health Care Equipment & Services,ABT,MOH,0,,False,Incomplete or constant formation history
3510,Health Care Equipment & Services,ABT,PODD,0,,False,Incomplete or constant formation history
3510,Health Care Equipment & Services,ABT,RMD,0,,False,Incomplete or constant formation history
3510,Health Care Equipment & Services,ABT,RVTY,0,,False,Incomplete or constant formation history
3510,Health Care Equipment & Services,ABT,SOLV,0,,False,Incomplete or constant formation history
3510,Health Care Equipment & Services,ABT,STE,0,,False,Incomplete or constant formation history
3510,Health Care Equipment & Services,ABT,SYK,251,0.7345429214801567,False,OK
3510,Health Care Equipment & Services,ABT,TFX,0,,False,Incomplete or constant formation history
3510,Health Care Equipment & Services,ABT,THC,251,0.31476084221718914,False,OK
3510,Health Care Equipment & Services,ABT,UHS,251,0.4120258781147654,False,OK
3510,Health Care Equipment & Services,ABT,UNH,251,0.5681675886894113,False,OK
3510,Health Care Equipment & Services,ABT,VEEV,0,,False,Incomplete or constant formation history
3510,Health Care Equipment & Services,ABT,WST,0,,False,Incomplete or constant formation history
3510,Health Care Equipment & Services,ABT,XRAY,251,0.6395291909394017,False,OK
3510,Health Care Equipment & Services,ABT,ZBH,251,0.644955948569546,False,OK
3510,Health Care Equipment & Services,AET,ALGN,0,,False,Incomplete or constant formation history
3510,Health Care Equipment & Services,AET,BAX,251,0.4748958986091412,False,OK
3510,Health Care Equipment & Services,AET,BDX,251,0.5566277477522678,False,OK
3510,Health Care Equipment & Services,AET,BSX,251,0.4854756480860012,False,OK
3510,Health Care Equipment & Services,AET,CAH,251,0.5435533242990556,False,OK
3510,Health Care Equipment & Services,AET,CI,251,0.7259845609905786,False,OK
3510,Health Care Equipment & Services,AET,CNC,0,,False,Incomplete or constant formation history
3510,Health Care Equipment & Services,AET,COO,0,,False,Incomplete or constant formation history
3510,Health Care Equipment & Services,AET,COR,0,,False,Incomplete or constant formation history
3510,Health Care Equipment & Services,AET,CVS,251,0.5183918045484271,False,OK
3510,Health Care Equipment & Services,AET,DGX,251,0.5256560839670099,False,OK
3510,Health Care Equipment & Services,AET,DVA,251,0.5702974231727332,False,OK
3510,Health Care Equipment & Services,AET,DXCM,0,,False,Incomplete or constant formation history
3510,Health Care Equipment & Services,AET,ELV,0,,False,Incomplete or constant formation history
3510,Health Care Equipment & Services,AET,ESRX,251,0.5760255901488325,False,OK
3510,Health Care Equipment & Services,AET,EVHC,0,,False,Incomplete or constant formation history
3510,Health Care Equipment & Services,AET,EW,251,0.4599462194541472,False,OK
3510,Health Care Equipment & Services,AET,GEHC,0,,False,Incomplete or constant formation history
3510,Health Care Equipment & Services,AET,HCA,0,,False,Incomplete or constant formation history
3510,Health Care Equipment & Services,AET,HSIC,0,,False,Incomplete or constant formation history
3510,Health Care Equipment & Services,AET,HUM,251,0.5564180544402001,False,OK
3510,Health Care Equipment & Services,AET,IDXX,0,,False,Incomplete or constant formation history
3510,Health Care Equipment & Services,AET,ISRG,251,0.39487042114365284,False,OK
3510,Health Care Equipment & Services,AET,LH,251,0.5954515535431099,False,OK
3510,Health Care Equipment & Services,AET,MCK,251,0.473029544790517,False,OK
3510,Health Care Equipment & Services,AET,MDT,251,0.5438915183545048,False,OK
3510,Health Care Equipment & Services,AET,MOH,0,,False,Incomplete or constant formation history
3510,Health Care Equipment & Services,AET,PODD,0,,False,Incomplete or constant formation history
3510,Health Care Equipment & Services,AET,RMD,0,,False,Incomplete or constant formation history
3510,Health Care Equipment & Services,AET,RVTY,0,,False,Incomplete or constant formation history
3510,Health Care Equipment & Services,AET,SOLV,0,,False,Incomplete or constant formation history
3510,Health Care Equipment & Services,AET,STE,0,,False,Incomplete or constant formation history
3510,Health Care Equipment & Services,AET,SYK,251,0.5167946676211358,False,OK
3510,Health Care Equipment & Services,AET,TFX,0,,False,Incomplete or constant formation history
3510,Health Care Equipment & Services,AET,THC,251,0.4577807324265609,False,OK
3510,Health Care Equipment & Services,AET,UHS,251,0.5618013068208768,False,OK
3510,Health Care Equipment & Services,AET,UNH,251,0.7831861907061367,False,OK
3510,Health Care Equipment & Services,AET,VEEV,0,,False,Incomplete or constant formation history
3510,Health Care Equipment & Services,AET,WST,0,,False,Incomplete or constant formation history
3510,Health Care Equipment & Services,AET,XRAY,251,0.3942810099601379,False,OK
3510,Health Care Equipment & Services,AET,ZBH,251,0.5046934821175089,False,OK
3510,Health Care Equipment & Services,ALGN,BAX,0,,False,Incomplete or constant formation history
3510,Health Care Equipment & Services,ALGN,BDX,0,,False,Incomplete or constant formation history
3510,Health Care Equipment & Services,ALGN,BSX,0,,False,Incomplete or constant formation history
3510,Health Care Equipment & Services,ALGN,CAH,0,,False,Incomplete or constant formation history
3510,Health Care Equipment & Services,ALGN,CI,0,,False,Incomplete or constant formation history
3510,Health Care Equipment & Services,ALGN,CNC,0,,False,Incomplete or constant formation history
3510,Health Care Equipment & Services,ALGN,COO,0,,False,Incomplete or constant formation history
3510,Health Care Equipment & Services,ALGN,COR,0,,False,Incomplete or constant formation history
3510,Health Care Equipment & Services,ALGN,CVS,0,,False,Incomplete or constant formation history
3510,Health Care Equipment & Services,ALGN,DGX,0,,False,Incomplete or constant formation history
3510,Health Care Equipment & Services,ALGN,DVA,0,,False,Incomplete or constant formation history
3510,Health Care Equipment & Services,ALGN,DXCM,0,,False,Incomplete or constant formation history
3510,Health Care Equipment & Services,ALGN,ELV,0,,False,Incomplete or constant formation history
3510,Health Care Equipment & Services,ALGN,ESRX,0,,False,Incomplete or constant formation history
3510,Health Care Equipment & Services,ALGN,EVHC,0,,False,Incomplete or constant formation history
3510,Health Care Equipment & Services,ALGN,EW,0,,False,Incomplete or constant formation history
3510,Health Care Equipment & Services,ALGN,GEHC,0,,False,Incomplete or constant formation history
3510,Health Care Equipment & Services,ALGN,HCA,0,,False,Incomplete or constant formation history
3510,Health Care Equipment & Services,ALGN,HSIC,0,,False,Incomplete or constant formation history
3510,Health Care Equipment & Services,ALGN,HUM,0,,False,Incomplete or constant formation history
3510,Health Care Equipment & Services,ALGN,IDXX,0,,False,Incomplete or constant formation history
3510,Health Care Equipment & Services,ALGN,ISRG,0,,False,Incomplete or constant formation history
3510,Health Care Equipment & Services,ALGN,LH,0,,False,Incomplete or constant formation history
3510,Health Care Equipment & Services,ALGN,MCK,0,,False,Incomplete or constant formation history
3510,Health Care Equipment & Services,ALGN,MDT,0,,False,Incomplete or constant formation history
3510,Health Care Equipment & Services,ALGN,MOH,0,,False,Incomplete or constant formation history
3510,Health Care Equipment & Services,ALGN,PODD,0,,False,Incomplete or constant formation history
3510,Health Care Equipment & Services,ALGN,RMD,0,,False,Incomplete or constant formation history
3510,Health Care Equipment & Services,ALGN,RVTY,0,,False,Incomplete or constant formation history
3510,Health Care Equipment & Services,ALGN,SOLV,0,,False,Incomplete or constant formation history
3510,Health Care Equipment & Services,ALGN,STE,0,,False,Incomplete or constant formation history
3510,Health Care Equipment & Services,ALGN,SYK,0,,False,Incomplete or constant formation history
3510,Health Care Equipment & Services,ALGN,TFX,0,,False,Incomplete or constant formation history
3510,Health Care Equipment & Services,ALGN,THC,0,,False,Incomplete or constant formation history
3510,Health Care Equipment & Services,ALGN,UHS,0,,False,Incomplete or constant formation history
3510,Health Care Equipment & Services,ALGN,UNH,0,,False,Incomplete or constant formation history
3510,Health Care Equipment & Services,ALGN,VEEV,0,,False,Incomplete or constant formation history
3510,Health Care Equipment & Services,ALGN,WST,0,,False,Incomplete or constant formation history
3510,Health Care Equipment & Services,ALGN,XRAY,0,,False,Incomplete or constant formation history
3510,Health Care Equipment & Services,ALGN,ZBH,0,,False,Incomplete or constant formation history
3510,Health Care Equipment & Services,BAX,BDX,251,0.5900815239854198,False,OK
3510,Health Care Equipment & Services,BAX,BSX,251,0.432561236568339,False,OK
3510,Health Care Equipment & Services,BAX,CAH,251,0.4793848614813619,False,OK
3510,Health Care Equipment & Services,BAX,CI,251,0.37602887539720586,False,OK
3510,Health Care Equipment & Services,BAX,CNC,0,,False,Incomplete or constant formation history
3510,Health Care Equipment & Services,BAX,COO,0,,False,Incomplete or constant formation history
3510,Health Care Equipment & Services,BAX,COR,0,,False,Incomplete or constant formation history
3510,Health Care Equipment & Services,BAX,CVS,251,0.4490924016951373,False,OK
3510,Health Care Equipment & Services,BAX,DGX,251,0.4883613389694203,False,OK
3510,Health Care Equipment & Services,BAX,DVA,251,0.5015417486620142,False,OK
3510,Health Care Equipment & Services,BAX,DXCM,0,,False,Incomplete or constant formation history
3510,Health Care Equipment & Services,BAX,ELV,0,,False,Incomplete or constant formation history
3510,Health Care Equipment & Services,BAX,ESRX,251,0.458329077340909,False,OK
3510,Health Care Equipment & Services,BAX,EVHC,0,,False,Incomplete or constant formation history
3510,Health Care Equipment & Services,BAX,EW,251,0.4268286093067061,False,OK
3510,Health Care Equipment & Services,BAX,GEHC,0,,False,Incomplete or constant formation history
3510,Health Care Equipment & Services,BAX,HCA,0,,False,Incomplete or constant formation history
3510,Health Care Equipment & Services,BAX,HSIC,0,,False,Incomplete or constant formation history
3510,Health Care Equipment & Services,BAX,HUM,251,0.2817185964595403,False,OK
3510,Health Care Equipment & Services,BAX,IDXX,0,,False,Incomplete or constant formation history
3510,Health Care Equipment & Services,BAX,ISRG,251,0.44931436438774136,False,OK
3510,Health Care Equipment & Services,BAX,LH,251,0.5024305328005066,False,OK
3510,Health Care Equipment & Services,BAX,MCK,251,0.34464837657377656,False,OK
3510,Health Care Equipment & Services,BAX,MDT,251,0.5703340940915567,False,OK
3510,Health Care Equipment & Services,BAX,MOH,0,,False,Incomplete or constant formation history
3510,Health Care Equipment & Services,BAX,PODD,0,,False,Incomplete or constant formation history
3510,Health Care Equipment & Services,BAX,RMD,0,,False,Incomplete or constant formation history
3510,Health Care Equipment & Services,BAX,RVTY,0,,False,Incomplete or constant formation history
3510,Health Care Equipment & Services,BAX,SOLV,0,,False,Incomplete or constant formation history
3510,Health Care Equipment & Services,BAX,STE,0,,False,Incomplete or constant formation history
3510,Health Care Equipment & Services,BAX,SYK,251,0.5907428130796921,False,OK
3510,Health Care Equipment & Services,BAX,TFX,0,,False,Incomplete or constant formation history
3510,Health Care Equipment & Services,BAX,THC,251,0.3426999509486905,False,OK
3510,Health Care Equipment & Services,BAX,UHS,251,0.3757008348123854,False,OK
3510,Health Care Equipment & Services,BAX,UNH,251,0.5146220775752696,False,OK
3510,Health Care Equipment & Services,BAX,VEEV,0,,False,Incomplete or constant formation history
3510,Health Care Equipment & Services,BAX,WST,0,,False,Incomplete or constant formation history
3510,Health Care Equipment & Services,BAX,XRAY,251,0.5214164578395364,False,OK
3510,Health Care Equipment & Services,BAX,ZBH,251,0.4373656535165622,False,OK
3510,Health Care Equipment & Services,BDX,BSX,251,0.5663151247753873,False,OK
3510,Health Care Equipment & Services,BDX,CAH,251,0.6490244295735258,False,OK
3510,Health Care Equipment & Services,BDX,CI,251,0.41497650928876,False,OK
3510,Health Care Equipment & Services,BDX,CNC,0,,False,Incomplete or constant formation history
3510,Health Care Equipment & Services,BDX,COO,0,,False,Incomplete or constant formation history
3510,Health Care Equipment & Services,BDX,COR,0,,False,Incomplete or constant formation history
3510,Health Care Equipment & Services,BDX,CVS,251,0.6121412041491313,False,OK
3510,Health Care Equipment & Services,BDX,DGX,251,0.5988934677425974,False,OK
3510,Health Care Equipment & Services,BDX,DVA,251,0.5513073548838192,False,OK
3510,Health Care Equipment & Services,BDX,DXCM,0,,False,Incomplete or constant formation history
3510,Health Care Equipment & Services,BDX,ELV,0,,False,Incomplete or constant formation history
3510,Health Care Equipment & Services,BDX,ESRX,251,0.555736403044871,False,OK
3510,Health Care Equipment & Services,BDX,EVHC,0,,False,Incomplete or constant formation history
3510,Health Care Equipment & Services,BDX,EW,251,0.5426596381401002,False,OK
3510,Health Care Equipment & Services,BDX,GEHC,0,,False,Incomplete or constant formation history
3510,Health Care Equipment & Services,BDX,HCA,0,,False,Incomplete or constant formation history
3510,Health Care Equipment & Services,BDX,HSIC,0,,False,Incomplete or constant formation history
3510,Health Care Equipment & Services,BDX,HUM,251,0.33565959500322656,False,OK
3510,Health Care Equipment & Services,BDX,IDXX,0,,False,Incomplete or constant formation history
3510,Health Care Equipment & Services,BDX,ISRG,251,0.479195958499703,False,OK
3510,Health Care Equipment & Services,BDX,LH,251,0.5823477266374143,False,OK
3510,Health Care Equipment & Services,BDX,MCK,251,0.5444102554189121,False,OK
3510,Health Care Equipment & Services,BDX,MDT,251,0.7207225604337836,False,OK
3510,Health Care Equipment & Services,BDX,MOH,0,,False,Incomplete or constant formation history
3510,Health Care Equipment & Services,BDX,PODD,0,,False,Incomplete or constant formation history
3510,Health Care Equipment & Services,BDX,RMD,0,,False,Incomplete or constant formation history
3510,Health Care Equipment & Services,BDX,RVTY,0,,False,Incomplete or constant formation history
3510,Health Care Equipment & Services,BDX,SOLV,0,,False,Incomplete or constant formation history
3510,Health Care Equipment & Services,BDX,STE,0,,False,Incomplete or constant formation history
3510,Health Care Equipment & Services,BDX,SYK,251,0.6984905780486389,False,OK
3510,Health Care Equipment & Services,BDX,TFX,0,,False,Incomplete or constant formation history
3510,Health Care Equipment & Services,BDX,THC,251,0.4614277322636493,False,OK
3510,Health Care Equipment & Services,BDX,UHS,251,0.5419051777752557,False,OK
3510,Health Care Equipment & Services,BDX,UNH,251,0.6359787899796936,False,OK
3510,Health Care Equipment & Services,BDX,VEEV,0,,False,Incomplete or constant formation history
3510,Health Care Equipment & Services,BDX,WST,0,,False,Incomplete or constant formation history
3510,Health Care Equipment & Services,BDX,XRAY,251,0.6204041220863352,False,OK
3510,Health Care Equipment & Services,BDX,ZBH,251,0.6454619065943721,False,OK
3510,Health Care Equipment & Services,BSX,CAH,251,0.5149095709386099,False,OK
3510,Health Care Equipment & Services,BSX,CI,251,0.3500167672668671,False,OK
3510,Health Care Equipment & Services,BSX,CNC,0,,False,Incomplete or constant formation history
3510,Health Care Equipment & Services,BSX,COO,0,,False,Incomplete or constant formation history
3510,Health Care Equipment & Services,BSX,COR,0,,False,Incomplete or constant formation history
3510,Health Care Equipment & Services,BSX,CVS,251,0.4565748924673921,False,OK
3510,Health Care Equipment & Services,BSX,DGX,251,0.4809470545782423,False,OK
3510,Health Care Equipment & Services,BSX,DVA,251,0.4851222945866275,False,OK
3510,Health Care Equipment & Services,BSX,DXCM,0,,False,Incomplete or constant formation history
3510,Health Care Equipment & Services,BSX,ELV,0,,False,Incomplete or constant formation history
3510,Health Care Equipment & Services,BSX,ESRX,251,0.5512078662825902,False,OK
3510,Health Care Equipment & Services,BSX,EVHC,0,,False,Incomplete or constant formation history
3510,Health Care Equipment & Services,BSX,EW,251,0.5536165711335764,False,OK
3510,Health Care Equipment & Services,BSX,GEHC,0,,False,Incomplete or constant formation history
3510,Health Care Equipment & Services,BSX,HCA,0,,False,Incomplete or constant formation history
3510,Health Care Equipment & Services,BSX,HSIC,0,,False,Incomplete or constant formation history
3510,Health Care Equipment & Services,BSX,HUM,251,0.3575563800911253,False,OK
3510,Health Care Equipment & Services,BSX,IDXX,0,,False,Incomplete or constant formation history
3510,Health Care Equipment & Services,BSX,ISRG,251,0.3601697520241588,False,OK
3510,Health Care Equipment & Services,BSX,LH,251,0.5066160574126343,False,OK
3510,Health Care Equipment & Services,BSX,MCK,251,0.4411847692606292,False,OK
3510,Health Care Equipment & Services,BSX,MDT,251,0.5557780322041823,False,OK
3510,Health Care Equipment & Services,BSX,MOH,0,,False,Incomplete or constant formation history
3510,Health Care Equipment & Services,BSX,PODD,0,,False,Incomplete or constant formation history
3510,Health Care Equipment & Services,BSX,RMD,0,,False,Incomplete or constant formation history
3510,Health Care Equipment & Services,BSX,RVTY,0,,False,Incomplete or constant formation history
3510,Health Care Equipment & Services,BSX,SOLV,0,,False,Incomplete or constant formation history
3510,Health Care Equipment & Services,BSX,STE,0,,False,Incomplete or constant formation history
3510,Health Care Equipment & Services,BSX,SYK,251,0.5783911028310578,False,OK
3510,Health Care Equipment & Services,BSX,TFX,0,,False,Incomplete or constant formation history
3510,Health Care Equipment & Services,BSX,THC,251,0.4144059828841216,False,OK
3510,Health Care Equipment & Services,BSX,UHS,251,0.47191704030845805,False,OK
3510,Health Care Equipment & Services,BSX,UNH,251,0.5220611368593913,False,OK
3510,Health Care Equipment & Services,BSX,VEEV,0,,False,Incomplete or constant formation history
3510,Health Care Equipment & Services,BSX,WST,0,,False,Incomplete or constant formation history
3510,Health Care Equipment & Services,BSX,XRAY,251,0.5300492010484449,False,OK
3510,Health Care Equipment & Services,BSX,ZBH,251,0.5247143021973016,False,OK
3510,Health Care Equipment & Services,CAH,CI,251,0.42562438430245897,False,OK
3510,Health Care Equipment & Services,CAH,CNC,0,,False,Incomplete or constant formation history
3510,Health Care Equipment & Services,CAH,COO,0,,False,Incomplete or constant formation history
3510,Health Care Equipment & Services,CAH,COR,0,,False,Incomplete or constant formation history
3510,Health Care Equipment & Services,CAH,CVS,251,0.6231947234870796,False,OK
3510,Health Care Equipment & Services,CAH,DGX,251,0.5469624731566602,False,OK
3510,Health Care Equipment & Services,CAH,DVA,251,0.5798655051104888,False,OK
3510,Health Care Equipment & Services,CAH,DXCM,0,,False,Incomplete or constant formation history
3510,Health Care Equipment & Services,CAH,ELV,0,,False,Incomplete or constant formation history
3510,Health Care Equipment & Services,CAH,ESRX,251,0.5701272526639276,False,OK
3510,Health Care Equipment & Services,CAH,EVHC,0,,False,Incomplete or constant formation history
3510,Health Care Equipment & Services,CAH,EW,251,0.5668679123944677,False,OK
3510,Health Care Equipment & Services,CAH,GEHC,0,,False,Incomplete or constant formation history
3510,Health Care Equipment & Services,CAH,HCA,0,,False,Incomplete or constant formation history
3510,Health Care Equipment & Services,CAH,HSIC,0,,False,Incomplete or constant formation history
3510,Health Care Equipment & Services,CAH,HUM,251,0.4081039566313241,False,OK
3510,Health Care Equipment & Services,CAH,IDXX,0,,False,Incomplete or constant formation history
3510,Health Care Equipment & Services,CAH,ISRG,251,0.39893521262886994,False,OK
3510,Health Care Equipment & Services,CAH,LH,251,0.5727181505995654,False,OK
3510,Health Care Equipment & Services,CAH,MCK,251,0.667740451305204,False,OK
3510,Health Care Equipment & Services,CAH,MDT,251,0.6509199633722834,False,OK
3510,Health Care Equipment & Services,CAH,MOH,0,,False,Incomplete or constant formation history
3510,Health Care Equipment & Services,CAH,PODD,0,,False,Incomplete or constant formation history
3510,Health Care Equipment & Services,CAH,RMD,0,,False,Incomplete or constant formation history
3510,Health Care Equipment & Services,CAH,RVTY,0,,False,Incomplete or constant formation history
3510,Health Care Equipment & Services,CAH,SOLV,0,,False,Incomplete or constant formation history
3510,Health Care Equipment & Services,CAH,STE,0,,False,Incomplete or constant formation history
3510,Health Care Equipment & Services,CAH,SYK,251,0.6332202392243687,False,OK
3510,Health Care Equipment & Services,CAH,TFX,0,,False,Incomplete or constant formation history
3510,Health Care Equipment & Services,CAH,THC,251,0.3863183428971189,False,OK
3510,Health Care Equipment & Services,CAH,UHS,251,0.49924559617478004,False,OK
3510,Health Care Equipment & Services,CAH,UNH,251,0.6330412720824689,False,OK
3510,Health Care Equipment & Services,CAH,VEEV,0,,False,Incomplete or constant formation history
3510,Health Care Equipment & Services,CAH,WST,0,,False,Incomplete or constant formation history
3510,Health Care Equipment & Services,CAH,XRAY,251,0.5581781644207674,False,OK
3510,Health Care Equipment & Services,CAH,ZBH,251,0.6102964044032075,False,OK
3510,Health Care Equipment & Services,CI,CNC,0,,False,Incomplete or constant formation history
3510,Health Care Equipment & Services,CI,COO,0,,False,Incomplete or constant formation history
3510,Health Care Equipment & Services,CI,COR,0,,False,Incomplete or constant formation history
3510,Health Care Equipment & Services,CI,CVS,251,0.38342451070524,False,OK
3510,Health Care Equipment & Services,CI,DGX,251,0.45935050286449264,False,OK
3510,Health Care Equipment & Services,CI,DVA,251,0.4541649125733924,False,OK
3510,Health Care Equipment & Services,CI,DXCM,0,,False,Incomplete or constant formation history
3510,Health Care Equipment & Services,CI,ELV,0,,False,Incomplete or constant formation history
3510,Health Care Equipment & Services,CI,ESRX,251,0.43734598212580666,False,OK
3510,Health Care Equipment & Services,CI,EVHC,0,,False,Incomplete or constant formation history
3510,Health Care Equipment & Services,CI,EW,251,0.35328981462849857,False,OK
3510,Health Care Equipment & Services,CI,GEHC,0,,False,Incomplete or constant formation history
3510,Health Care Equipment & Services,CI,HCA,0,,False,Incomplete or constant formation history
3510,Health Care Equipment & Services,CI,HSIC,0,,False,Incomplete or constant formation history
3510,Health Care Equipment & Services,CI,HUM,251,0.5149067184109986,False,OK
3510,Health Care Equipment & Services,CI,IDXX,0,,False,Incomplete or constant formation history
3510,Health Care Equipment & Services,CI,ISRG,251,0.3092262828650925,False,OK
3510,Health Care Equipment & Services,CI,LH,251,0.49739116250861004,False,OK
3510,Health Care Equipment & Services,CI,MCK,251,0.4245750081197975,False,OK
3510,Health Care Equipment & Services,CI,MDT,251,0.39283804114137166,False,OK
3510,Health Care Equipment & Services,CI,MOH,0,,False,Incomplete or constant formation history
3510,Health Care Equipment & Services,CI,PODD,0,,False,Incomplete or constant formation history
3510,Health Care Equipment & Services,CI,RMD,0,,False,Incomplete or constant formation history
3510,Health Care Equipment & Services,CI,RVTY,0,,False,Incomplete or constant formation history
3510,Health Care Equipment & Services,CI,SOLV,0,,False,Incomplete or constant formation history
3510,Health Care Equipment & Services,CI,STE,0,,False,Incomplete or constant formation history
3510,Health Care Equipment & Services,CI,SYK,251,0.3480659875635366,False,OK
3510,Health Care Equipment & Services,CI,TFX,0,,False,Incomplete or constant formation history
3510,Health Care Equipment & Services,CI,THC,251,0.42192273686522386,False,OK
3510,Health Care Equipment & Services,CI,UHS,251,0.4738738790838043,False,OK
3510,Health Care Equipment & Services,CI,UNH,251,0.6632348435158987,False,OK
3510,Health Care Equipment & Services,CI,VEEV,0,,False,Incomplete or constant formation history
3510,Health Care Equipment & Services,CI,WST,0,,False,Incomplete or constant formation history
3510,Health Care Equipment & Services,CI,XRAY,251,0.2821194940969694,False,OK
3510,Health Care Equipment & Services,CI,ZBH,251,0.37306056736404797,False,OK
3510,Health Care Equipment & Services,CNC,COO,0,,False,Incomplete or constant formation history
3510,Health Care Equipment & Services,CNC,COR,0,,False,Incomplete or constant formation history
3510,Health Care Equipment & Services,CNC,CVS,0,,False,Incomplete or constant formation history
3510,Health Care Equipment & Services,CNC,DGX,0,,False,Incomplete or constant formation history
3510,Health Care Equipment & Services,CNC,DVA,0,,False,Incomplete or constant formation history
3510,Health Care Equipment & Services,CNC,DXCM,0,,False,Incomplete or constant formation history
3510,Health Care Equipment & Services,CNC,ELV,0,,False,Incomplete or constant formation history
3510,Health Care Equipment & Services,CNC,ESRX,0,,False,Incomplete or constant formation history
3510,Health Care Equipment & Services,CNC,EVHC,0,,False,Incomplete or constant formation history
3510,Health Care Equipment & Services,CNC,EW,0,,False,Incomplete or constant formation history
3510,Health Care Equipment & Services,CNC,GEHC,0,,False,Incomplete or constant formation history
3510,Health Care Equipment & Services,CNC,HCA,0,,False,Incomplete or constant formation history
3510,Health Care Equipment & Services,CNC,HSIC,0,,False,Incomplete or constant formation history
3510,Health Care Equipment & Services,CNC,HUM,0,,False,Incomplete or constant formation history
3510,Health Care Equipment & Services,CNC,IDXX,0,,False,Incomplete or constant formation history
3510,Health Care Equipment & Services,CNC,ISRG,0,,False,Incomplete or constant formation history
3510,Health Care Equipment & Services,CNC,LH,0,,False,Incomplete or constant formation history
3510,Health Care Equipment & Services,CNC,MCK,0,,False,Incomplete or constant formation history
3510,Health Care Equipment & Services,CNC,MDT,0,,False,Incomplete or constant formation history
3510,Health Care Equipment & Services,CNC,MOH,0,,False,Incomplete or constant formation history
3510,Health Care Equipment & Services,CNC,PODD,0,,False,Incomplete or constant formation history
3510,Health Care Equipment & Services,CNC,RMD,0,,False,Incomplete or constant formation history
3510,Health Care Equipment & Services,CNC,RVTY,0,,False,Incomplete or constant formation history
3510,Health Care Equipment & Services,CNC,SOLV,0,,False,Incomplete or constant formation history
3510,Health Care Equipment & Services,CNC,STE,0,,False,Incomplete or constant formation history
3510,Health Care Equipment & Services,CNC,SYK,0,,False,Incomplete or constant formation history
3510,Health Care Equipment & Services,CNC,TFX,0,,False,Incomplete or constant formation history
3510,Health Care Equipment & Services,CNC,THC,0,,False,Incomplete or constant formation history
3510,Health Care Equipment & Services,CNC,UHS,0,,False,Incomplete or constant formation history
3510,Health Care Equipment & Services,CNC,UNH,0,,False,Incomplete or constant formation history
3510,Health Care Equipment & Services,CNC,VEEV,0,,False,Incomplete or constant formation history
3510,Health Care Equipment & Services,CNC,WST,0,,False,Incomplete or constant formation history
3510,Health Care Equipment & Services,CNC,XRAY,0,,False,Incomplete or constant formation history
3510,Health Care Equipment & Services,CNC,ZBH,0,,False,Incomplete or constant formation history
3510,Health Care Equipment & Services,COO,COR,0,,False,Incomplete or constant formation history
3510,Health Care Equipment & Services,COO,CVS,0,,False,Incomplete or constant formation history
3510,Health Care Equipment & Services,COO,DGX,0,,False,Incomplete or constant formation history
3510,Health Care Equipment & Services,COO,DVA,0,,False,Incomplete or constant formation history
3510,Health Care Equipment & Services,COO,DXCM,0,,False,Incomplete or constant formation history
3510,Health Care Equipment & Services,COO,ELV,0,,False,Incomplete or constant formation history
3510,Health Care Equipment & Services,COO,ESRX,0,,False,Incomplete or constant formation history
3510,Health Care Equipment & Services,COO,EVHC,0,,False,Incomplete or constant formation history
3510,Health Care Equipment & Services,COO,EW,0,,False,Incomplete or constant formation history
3510,Health Care Equipment & Services,COO,GEHC,0,,False,Incomplete or constant formation history
3510,Health Care Equipment & Services,COO,HCA,0,,False,Incomplete or constant formation history
3510,Health Care Equipment & Services,COO,HSIC,0,,False,Incomplete or constant formation history
3510,Health Care Equipment & Services,COO,HUM,0,,False,Incomplete or constant formation history
3510,Health Care Equipment & Services,COO,IDXX,0,,False,Incomplete or constant formation history
3510,Health Care Equipment & Services,COO,ISRG,0,,False,Incomplete or constant formation history
3510,Health Care Equipment & Services,COO,LH,0,,False,Incomplete or constant formation history
3510,Health Care Equipment & Services,COO,MCK,0,,False,Incomplete or constant formation history
3510,Health Care Equipment & Services,COO,MDT,0,,False,Incomplete or constant formation history
3510,Health Care Equipment & Services,COO,MOH,0,,False,Incomplete or constant formation history
3510,Health Care Equipment & Services,COO,PODD,0,,False,Incomplete or constant formation history
3510,Health Care Equipment & Services,COO,RMD,0,,False,Incomplete or constant formation history
3510,Health Care Equipment & Services,COO,RVTY,0,,False,Incomplete or constant formation history
3510,Health Care Equipment & Services,COO,SOLV,0,,False,Incomplete or constant formation history
3510,Health Care Equipment & Services,COO,STE,0,,False,Incomplete or constant formation history
3510,Health Care Equipment & Services,COO,SYK,0,,False,Incomplete or constant formation history
3510,Health Care Equipment & Services,COO,TFX,0,,False,Incomplete or constant formation history
3510,Health Care Equipment & Services,COO,THC,0,,False,Incomplete or constant formation history
3510,Health Care Equipment & Services,COO,UHS,0,,False,Incomplete or constant formation history
3510,Health Care Equipment & Services,COO,UNH,0,,False,Incomplete or constant formation history
3510,Health Care Equipment & Services,COO,VEEV,0,,False,Incomplete or constant formation history
3510,Health Care Equipment & Services,COO,WST,0,,False,Incomplete or constant formation history
3510,Health Care Equipment & Services,COO,XRAY,0,,False,Incomplete or constant formation history
3510,Health Care Equipment & Services,COO,ZBH,0,,False,Incomplete or constant formation history
3510,Health Care Equipment & Services,COR,CVS,0,,False,Incomplete or constant formation history
3510,Health Care Equipment & Services,COR,DGX,0,,False,Incomplete or constant formation history
3510,Health Care Equipment & Services,COR,DVA,0,,False,Incomplete or constant formation history
3510,Health Care Equipment & Services,COR,DXCM,0,,False,Incomplete or constant formation history
3510,Health Care Equipment & Services,COR,ELV,0,,False,Incomplete or constant formation history
3510,Health Care Equipment & Services,COR,ESRX,0,,False,Incomplete or constant formation history
3510,Health Care Equipment & Services,COR,EVHC,0,,False,Incomplete or constant formation history
3510,Health Care Equipment & Services,COR,EW,0,,False,Incomplete or constant formation history
3510,Health Care Equipment & Services,COR,GEHC,0,,False,Incomplete or constant formation history
3510,Health Care Equipment & Services,COR,HCA,0,,False,Incomplete or constant formation history
3510,Health Care Equipment & Services,COR,HSIC,0,,False,Incomplete or constant formation history
3510,Health Care Equipment & Services,COR,HUM,0,,False,Incomplete or constant formation history
3510,Health Care Equipment & Services,COR,IDXX,0,,False,Incomplete or constant formation history
3510,Health Care Equipment & Services,COR,ISRG,0,,False,Incomplete or constant formation history
3510,Health Care Equipment & Services,COR,LH,0,,False,Incomplete or constant formation history
3510,Health Care Equipment & Services,COR,MCK,0,,False,Incomplete or constant formation history
3510,Health Care Equipment & Services,COR,MDT,0,,False,Incomplete or constant formation history
3510,Health Care Equipment & Services,COR,MOH,0,,False,Incomplete or constant formation history
3510,Health Care Equipment & Services,COR,PODD,0,,False,Incomplete or constant formation history
3510,Health Care Equipment & Services,COR,RMD,0,,False,Incomplete or constant formation history
3510,Health Care Equipment & Services,COR,RVTY,0,,False,Incomplete or constant formation history
3510,Health Care Equipment & Services,COR,SOLV,0,,False,Incomplete or constant formation history
3510,Health Care Equipment & Services,COR,STE,0,,False,Incomplete or constant formation history
3510,Health Care Equipment & Services,COR,SYK,0,,False,Incomplete or constant formation history
3510,Health Care Equipment & Services,COR,TFX,0,,False,Incomplete or constant formation history
3510,Health Care Equipment & Services,COR,THC,0,,False,Incomplete or constant formation history
3510,Health Care Equipment & Services,COR,UHS,0,,False,Incomplete or constant formation history
3510,Health Care Equipment & Services,COR,UNH,0,,False,Incomplete or constant formation history
3510,Health Care Equipment & Services,COR,VEEV,0,,False,Incomplete or constant formation history
3510,Health Care Equipment & Services,COR,WST,0,,False,Incomplete or constant formation history
3510,Health Care Equipment & Services,COR,XRAY,0,,False,Incomplete or constant formation history
3510,Health Care Equipment & Services,COR,ZBH,0,,False,Incomplete or constant formation history
3510,Health Care Equipment & Services,CVS,DGX,251,0.4751926172746099,False,OK
3510,Health Care Equipment & Services,CVS,DVA,251,0.5449699078618444,False,OK
3510,Health Care Equipment & Services,CVS,DXCM,0,,False,Incomplete or constant formation history
3510,Health Care Equipment & Services,CVS,ELV,0,,False,Incomplete or constant formation history
3510,Health Care Equipment & Services,CVS,ESRX,251,0.512126010800016,False,OK
3510,Health Care Equipment & Services,CVS,EVHC,0,,False,Incomplete or constant formation history
3510,Health Care Equipment & Services,CVS,EW,251,0.47946372726212466,False,OK
3510,Health Care Equipment & Services,CVS,GEHC,0,,False,Incomplete or constant formation history
3510,Health Care Equipment & Services,CVS,HCA,0,,False,Incomplete or constant formation history
3510,Health Care Equipment & Services,CVS,HSIC,0,,False,Incomplete or constant formation history
3510,Health Care Equipment & Services,CVS,HUM,251,0.3123775747709155,False,OK
3510,Health Care Equipment & Services,CVS,IDXX,0,,False,Incomplete or constant formation history
3510,Health Care Equipment & Services,CVS,ISRG,251,0.43247072175478557,False,OK
3510,Health Care Equipment & Services,CVS,LH,251,0.5046698457882829,False,OK
3510,Health Care Equipment & Services,CVS,MCK,251,0.5430693402116695,False,OK
3510,Health Care Equipment & Services,CVS,MDT,251,0.6206430381373813,False,OK
3510,Health Care Equipment & Services,CVS,MOH,0,,False,Incomplete or constant formation history
3510,Health Care Equipment & Services,CVS,PODD,0,,False,Incomplete or constant formation history
3510,Health Care Equipment & Services,CVS,RMD,0,,False,Incomplete or constant formation history
3510,Health Care Equipment & Services,CVS,RVTY,0,,False,Incomplete or constant formation history
3510,Health Care Equipment & Services,CVS,SOLV,0,,False,Incomplete or constant formation history
3510,Health Care Equipment & Services,CVS,STE,0,,False,Incomplete or constant formation history
3510,Health Care Equipment & Services,CVS,SYK,251,0.6334143940185928,False,OK
3510,Health Care Equipment & Services,CVS,TFX,0,,False,Incomplete or constant formation history
3510,Health Care Equipment & Services,CVS,THC,251,0.296599752607157,False,OK
3510,Health Care Equipment & Services,CVS,UHS,251,0.3748512298167798,False,OK
3510,Health Care Equipment & Services,CVS,UNH,251,0.5692262758006077,False,OK
3510,Health Care Equipment & Services,CVS,VEEV,0,,False,Incomplete or constant formation history
3510,Health Care Equipment & Services,CVS,WST,0,,False,Incomplete or constant formation history
3510,Health Care Equipment & Services,CVS,XRAY,251,0.5349966035086778,False,OK
3510,Health Care Equipment & Services,CVS,ZBH,251,0.4863975249501327,False,OK
3510,Health Care Equipment & Services,DGX,DVA,251,0.6139603845468236,False,OK
3510,Health Care Equipment & Services,DGX,DXCM,0,,False,Incomplete or constant formation history
3510,Health Care Equipment & Services,DGX,ELV,0,,False,Incomplete or constant formation history
3510,Health Care Equipment & Services,DGX,ESRX,251,0.5327070824365565,False,OK
3510,Health Care Equipment & Services,DGX,EVHC,0,,False,Incomplete or constant formation history
3510,Health Care Equipment & Services,DGX,EW,251,0.44291395635192765,False,OK
3510,Health Care Equipment & Services,DGX,GEHC,0,,False,Incomplete or constant formation history
3510,Health Care Equipment & Services,DGX,HCA,0,,False,Incomplete or constant formation history
3510,Health Care Equipment & Services,DGX,HSIC,0,,False,Incomplete or constant formation history
3510,Health Care Equipment & Services,DGX,HUM,251,0.37565248693066017,False,OK
3510,Health Care Equipment & Services,DGX,IDXX,0,,False,Incomplete or constant formation history
3510,Health Care Equipment & Services,DGX,ISRG,251,0.419873066569487,False,OK
3510,Health Care Equipment & Services,DGX,LH,251,0.7463130151923402,False,OK
3510,Health Care Equipment & Services,DGX,MCK,251,0.5078169592837645,False,OK
3510,Health Care Equipment & Services,DGX,MDT,251,0.5615925319842556,False,OK
3510,Health Care Equipment & Services,DGX,MOH,0,,False,Incomplete or constant formation history
3510,Health Care Equipment & Services,DGX,PODD,0,,False,Incomplete or constant formation history
3510,Health Care Equipment & Services,DGX,RMD,0,,False,Incomplete or constant formation history
3510,Health Care Equipment & Services,DGX,RVTY,0,,False,Incomplete or constant formation history
3510,Health Care Equipment & Services,DGX,SOLV,0,,False,Incomplete or constant formation history
3510,Health Care Equipment & Services,DGX,STE,0,,False,Incomplete or constant formation history
3510,Health Care Equipment & Services,DGX,SYK,251,0.5428016035337759,False,OK
3510,Health Care Equipment & Services,DGX,TFX,0,,False,Incomplete or constant formation history
3510,Health Care Equipment & Services,DGX,THC,251,0.5115224866201556,False,OK
3510,Health Care Equipment & Services,DGX,UHS,251,0.5741479790270685,False,OK
3510,Health Care Equipment & Services,DGX,UNH,251,0.5282061108925611,False,OK
3510,Health Care Equipment & Services,DGX,VEEV,0,,False,Incomplete or constant formation history
3510,Health Care Equipment & Services,DGX,WST,0,,False,Incomplete or constant formation history
3510,Health Care Equipment & Services,DGX,XRAY,251,0.4800306264085999,False,OK
3510,Health Care Equipment & Services,DGX,ZBH,251,0.5321870877927296,False,OK
3510,Health Care Equipment & Services,DVA,DXCM,0,,False,Incomplete or constant formation history
3510,Health Care Equipment & Services,DVA,ELV,0,,False,Incomplete or constant formation history
3510,Health Care Equipment & Services,DVA,ESRX,251,0.5011929981264581,False,OK
3510,Health Care Equipment & Services,DVA,EVHC,0,,False,Incomplete or constant formation history
3510,Health Care Equipment & Services,DVA,EW,251,0.44608160472672365,False,OK
3510,Health Care Equipment & Services,DVA,GEHC,0,,False,Incomplete or constant formation history
3510,Health Care Equipment & Services,DVA,HCA,0,,False,Incomplete or constant formation history
3510,Health Care Equipment & Services,DVA,HSIC,0,,False,Incomplete or constant formation history
3510,Health Care Equipment & Services,DVA,HUM,251,0.39114258587454975,False,OK
3510,Health Care Equipment & Services,DVA,IDXX,0,,False,Incomplete or constant formation history
3510,Health Care Equipment & Services,DVA,ISRG,251,0.38531145679867973,False,OK
3510,Health Care Equipment & Services,DVA,LH,251,0.5819433957540359,False,OK
3510,Health Care Equipment & Services,DVA,MCK,251,0.5042548577287443,False,OK
3510,Health Care Equipment & Services,DVA,MDT,251,0.5676433143378414,False,OK
3510,Health Care Equipment & Services,DVA,MOH,0,,False,Incomplete or constant formation history
3510,Health Care Equipment & Services,DVA,PODD,0,,False,Incomplete or constant formation history
3510,Health Care Equipment & Services,DVA,RMD,0,,False,Incomplete or constant formation history
3510,Health Care Equipment & Services,DVA,RVTY,0,,False,Incomplete or constant formation history
3510,Health Care Equipment & Services,DVA,SOLV,0,,False,Incomplete or constant formation history
3510,Health Care Equipment & Services,DVA,STE,0,,False,Incomplete or constant formation history
3510,Health Care Equipment & Services,DVA,SYK,251,0.562640742304316,False,OK
3510,Health Care Equipment & Services,DVA,TFX,0,,False,Incomplete or constant formation history
3510,Health Care Equipment & Services,DVA,THC,251,0.5170978050995853,False,OK
3510,Health Care Equipment & Services,DVA,UHS,251,0.5748634806494676,False,OK
3510,Health Care Equipment & Services,DVA,UNH,251,0.6063766544017163,False,OK
3510,Health Care Equipment & Services,DVA,VEEV,0,,False,Incomplete or constant formation history
3510,Health Care Equipment & Services,DVA,WST,0,,False,Incomplete or constant formation history
3510,Health Care Equipment & Services,DVA,XRAY,251,0.4959752308034998,False,OK
3510,Health Care Equipment & Services,DVA,ZBH,251,0.48163192953724226,False,OK
3510,Health Care Equipment & Services,DXCM,ELV,0,,False,Incomplete or constant formation history
3510,Health Care Equipment & Services,DXCM,ESRX,0,,False,Incomplete or constant formation history
3510,Health Care Equipment & Services,DXCM,EVHC,0,,False,Incomplete or constant formation history
3510,Health Care Equipment & Services,DXCM,EW,0,,False,Incomplete or constant formation history
3510,Health Care Equipment & Services,DXCM,GEHC,0,,False,Incomplete or constant formation history
3510,Health Care Equipment & Services,DXCM,HCA,0,,False,Incomplete or constant formation history
3510,Health Care Equipment & Services,DXCM,HSIC,0,,False,Incomplete or constant formation history
3510,Health Care Equipment & Services,DXCM,HUM,0,,False,Incomplete or constant formation history
3510,Health Care Equipment & Services,DXCM,IDXX,0,,False,Incomplete or constant formation history
3510,Health Care Equipment & Services,DXCM,ISRG,0,,False,Incomplete or constant formation history
3510,Health Care Equipment & Services,DXCM,LH,0,,False,Incomplete or constant formation history
3510,Health Care Equipment & Services,DXCM,MCK,0,,False,Incomplete or constant formation history
3510,Health Care Equipment & Services,DXCM,MDT,0,,False,Incomplete or constant formation history
3510,Health Care Equipment & Services,DXCM,MOH,0,,False,Incomplete or constant formation history
3510,Health Care Equipment & Services,DXCM,PODD,0,,False,Incomplete or constant formation history
3510,Health Care Equipment & Services,DXCM,RMD,0,,False,Incomplete or constant formation history
3510,Health Care Equipment & Services,DXCM,RVTY,0,,False,Incomplete or constant formation history
3510,Health Care Equipment & Services,DXCM,SOLV,0,,False,Incomplete or constant formation history
3510,Health Care Equipment & Services,DXCM,STE,0,,False,Incomplete or constant formation history
3510,Health Care Equipment & Services,DXCM,SYK,0,,False,Incomplete or constant formation history
3510,Health Care Equipment & Services,DXCM,TFX,0,,False,Incomplete or constant formation history
3510,Health Care Equipment & Services,DXCM,THC,0,,False,Incomplete or constant formation history
3510,Health Care Equipment & Services,DXCM,UHS,0,,False,Incomplete or constant formation history
3510,Health Care Equipment & Services,DXCM,UNH,0,,False,Incomplete or constant formation history
3510,Health Care Equipment & Services,DXCM,VEEV,0,,False,Incomplete or constant formation history
3510,Health Care Equipment & Services,DXCM,WST,0,,False,Incomplete or constant formation history
3510,Health Care Equipment & Services,DXCM,XRAY,0,,False,Incomplete or constant formation history
3510,Health Care Equipment & Services,DXCM,ZBH,0,,False,Incomplete or constant formation history
3510,Health Care Equipment & Services,ELV,ESRX,0,,False,Incomplete or constant formation history
3510,Health Care Equipment & Services,ELV,EVHC,0,,False,Incomplete or constant formation history
3510,Health Care Equipment & Services,ELV,EW,0,,False,Incomplete or constant formation history
3510,Health Care Equipment & Services,ELV,GEHC,0,,False,Incomplete or constant formation history
3510,Health Care Equipment & Services,ELV,HCA,0,,False,Incomplete or constant formation history
3510,Health Care Equipment & Services,ELV,HSIC,0,,False,Incomplete or constant formation history
3510,Health Care Equipment & Services,ELV,HUM,0,,False,Incomplete or constant formation history
3510,Health Care Equipment & Services,ELV,IDXX,0,,False,Incomplete or constant formation history
3510,Health Care Equipment & Services,ELV,ISRG,0,,False,Incomplete or constant formation history
3510,Health Care Equipment & Services,ELV,LH,0,,False,Incomplete or constant formation history
3510,Health Care Equipment & Services,ELV,MCK,0,,False,Incomplete or constant formation history
3510,Health Care Equipment & Services,ELV,MDT,0,,False,Incomplete or constant formation history
3510,Health Care Equipment & Services,ELV,MOH,0,,False,Incomplete or constant formation history
3510,Health Care Equipment & Services,ELV,PODD,0,,False,Incomplete or constant formation history
3510,Health Care Equipment & Services,ELV,RMD,0,,False,Incomplete or constant formation history
3510,Health Care Equipment & Services,ELV,RVTY,0,,False,Incomplete or constant formation history
3510,Health Care Equipment & Services,ELV,SOLV,0,,False,Incomplete or constant formation history
3510,Health Care Equipment & Services,ELV,STE,0,,False,Incomplete or constant formation history
3510,Health Care Equipment & Services,ELV,SYK,0,,False,Incomplete or constant formation history
3510,Health Care Equipment & Services,ELV,TFX,0,,False,Incomplete or constant formation history
3510,Health Care Equipment & Services,ELV,THC,0,,False,Incomplete or constant formation history
3510,Health Care Equipment & Services,ELV,UHS,0,,False,Incomplete or constant formation history
3510,Health Care Equipment & Services,ELV,UNH,0,,False,Incomplete or constant formation history
3510,Health Care Equipment & Services,ELV,VEEV,0,,False,Incomplete or constant formation history
3510,Health Care Equipment & Services,ELV,WST,0,,False,Incomplete or constant formation history
3510,Health Care Equipment & Services,ELV,XRAY,0,,False,Incomplete or constant formation history
3510,Health Care Equipment & Services,ELV,ZBH,0,,False,Incomplete or constant formation history
3510,Health Care Equipment & Services,ESRX,EVHC,0,,False,Incomplete or constant formation history
3510,Health Care Equipment & Services,ESRX,EW,251,0.46618701687211395,False,OK
3510,Health Care Equipment & Services,ESRX,GEHC,0,,False,Incomplete or constant formation history
3510,Health Care Equipment & Services,ESRX,HCA,0,,False,Incomplete or constant formation history
3510,Health Care Equipment & Services,ESRX,HSIC,0,,False,Incomplete or constant formation history
3510,Health Care Equipment & Services,ESRX,HUM,251,0.35392135329079055,False,OK
3510,Health Care Equipment & Services,ESRX,IDXX,0,,False,Incomplete or constant formation history
3510,Health Care Equipment & Services,ESRX,ISRG,251,0.44293385210129654,False,OK
3510,Health Care Equipment & Services,ESRX,LH,251,0.5482805145877837,False,OK
3510,Health Care Equipment & Services,ESRX,MCK,251,0.5496377850812403,False,OK
3510,Health Care Equipment & Services,ESRX,MDT,251,0.5953270611786957,False,OK
3510,Health Care Equipment & Services,ESRX,MOH,0,,False,Incomplete or constant formation history
3510,Health Care Equipment & Services,ESRX,PODD,0,,False,Incomplete or constant formation history
3510,Health Care Equipment & Services,ESRX,RMD,0,,False,Incomplete or constant formation history
3510,Health Care Equipment & Services,ESRX,RVTY,0,,False,Incomplete or constant formation history
3510,Health Care Equipment & Services,ESRX,SOLV,0,,False,Incomplete or constant formation history
3510,Health Care Equipment & Services,ESRX,STE,0,,False,Incomplete or constant formation history
3510,Health Care Equipment & Services,ESRX,SYK,251,0.5489368023371101,False,OK
3510,Health Care Equipment & Services,ESRX,TFX,0,,False,Incomplete or constant formation history
3510,Health Care Equipment & Services,ESRX,THC,251,0.4694016869742769,False,OK
3510,Health Care Equipment & Services,ESRX,UHS,251,0.5435290172115259,False,OK
3510,Health Care Equipment & Services,ESRX,UNH,251,0.5890856949965521,False,OK
3510,Health Care Equipment & Services,ESRX,VEEV,0,,False,Incomplete or constant formation history
3510,Health Care Equipment & Services,ESRX,WST,0,,False,Incomplete or constant formation history
3510,Health Care Equipment & Services,ESRX,XRAY,251,0.4973526312530322,False,OK
3510,Health Care Equipment & Services,ESRX,ZBH,251,0.5392675608021147,False,OK
3510,Health Care Equipment & Services,EVHC,EW,0,,False,Incomplete or constant formation history
3510,Health Care Equipment & Services,EVHC,GEHC,0,,False,Incomplete or constant formation history
3510,Health Care Equipment & Services,EVHC,HCA,0,,False,Incomplete or constant formation history
3510,Health Care Equipment & Services,EVHC,HSIC,0,,False,Incomplete or constant formation history
3510,Health Care Equipment & Services,EVHC,HUM,0,,False,Incomplete or constant formation history
3510,Health Care Equipment & Services,EVHC,IDXX,0,,False,Incomplete or constant formation history
3510,Health Care Equipment & Services,EVHC,ISRG,0,,False,Incomplete or constant formation history
3510,Health Care Equipment & Services,EVHC,LH,0,,False,Incomplete or constant formation history
3510,Health Care Equipment & Services,EVHC,MCK,0,,False,Incomplete or constant formation history
3510,Health Care Equipment & Services,EVHC,MDT,0,,False,Incomplete or constant formation history
3510,Health Care Equipment & Services,EVHC,MOH,0,,False,Incomplete or constant formation history
3510,Health Care Equipment & Services,EVHC,PODD,0,,False,Incomplete or constant formation history
3510,Health Care Equipment & Services,EVHC,RMD,0,,False,Incomplete or constant formation history
3510,Health Care Equipment & Services,EVHC,RVTY,0,,False,Incomplete or constant formation history
3510,Health Care Equipment & Services,EVHC,SOLV,0,,False,Incomplete or constant formation history
3510,Health Care Equipment & Services,EVHC,STE,0,,False,Incomplete or constant formation history
3510,Health Care Equipment & Services,EVHC,SYK,0,,False,Incomplete or constant formation history
3510,Health Care Equipment & Services,EVHC,TFX,0,,False,Incomplete or constant formation history
3510,Health Care Equipment & Services,EVHC,THC,0,,False,Incomplete or constant formation history
3510,Health Care Equipment & Services,EVHC,UHS,0,,False,Incomplete or constant formation history
3510,Health Care Equipment & Services,EVHC,UNH,0,,False,Incomplete or constant formation history
3510,Health Care Equipment & Services,EVHC,VEEV,0,,False,Incomplete or constant formation history
3510,Health Care Equipment & Services,EVHC,WST,0,,False,Incomplete or constant formation history
3510,Health Care Equipment & Services,EVHC,XRAY,0,,False,Incomplete or constant formation history
3510,Health Care Equipment & Services,EVHC,ZBH,0,,False,Incomplete or constant formation history
3510,Health Care Equipment & Services,EW,GEHC,0,,False,Incomplete or constant formation history
3510,Health Care Equipment & Services,EW,HCA,0,,False,Incomplete or constant formation history
3510,Health Care Equipment & Services,EW,HSIC,0,,False,Incomplete or constant formation history
3510,Health Care Equipment & Services,EW,HUM,251,0.3660257926926792,False,OK
3510,Health Care Equipment & Services,EW,IDXX,0,,False,Incomplete or constant formation history
3510,Health Care Equipment & Services,EW,ISRG,251,0.40538181422289243,False,OK
3510,Health Care Equipment & Services,EW,LH,251,0.47144369454898605,False,OK
3510,Health Care Equipment & Services,EW,MCK,251,0.38492101728965156,False,OK
3510,Health Care Equipment & Services,EW,MDT,251,0.6175186157969006,False,OK
3510,Health Care Equipment & Services,EW,MOH,0,,False,Incomplete or constant formation history
3510,Health Care Equipment & Services,EW,PODD,0,,False,Incomplete or constant formation history
3510,Health Care Equipment & Services,EW,RMD,0,,False,Incomplete or constant formation history
3510,Health Care Equipment & Services,EW,RVTY,0,,False,Incomplete or constant formation history
3510,Health Care Equipment & Services,EW,SOLV,0,,False,Incomplete or constant formation history
3510,Health Care Equipment & Services,EW,STE,0,,False,Incomplete or constant formation history
3510,Health Care Equipment & Services,EW,SYK,251,0.6089632746647097,False,OK
3510,Health Care Equipment & Services,EW,TFX,0,,False,Incomplete or constant formation history
3510,Health Care Equipment & Services,EW,THC,251,0.2833842690190257,False,OK
3510,Health Care Equipment & Services,EW,UHS,251,0.38036549961810007,False,OK
3510,Health Care Equipment & Services,EW,UNH,251,0.5356179278316323,False,OK
3510,Health Care Equipment & Services,EW,VEEV,0,,False,Incomplete or constant formation history
3510,Health Care Equipment & Services,EW,WST,0,,False,Incomplete or constant formation history
3510,Health Care Equipment & Services,EW,XRAY,251,0.45942066907288454,False,OK
3510,Health Care Equipment & Services,EW,ZBH,251,0.5190781460853986,False,OK
3510,Health Care Equipment & Services,GEHC,HCA,0,,False,Incomplete or constant formation history
3510,Health Care Equipment & Services,GEHC,HSIC,0,,False,Incomplete or constant formation history
3510,Health Care Equipment & Services,GEHC,HUM,0,,False,Incomplete or constant formation history
3510,Health Care Equipment & Services,GEHC,IDXX,0,,False,Incomplete or constant formation history
3510,Health Care Equipment & Services,GEHC,ISRG,0,,False,Incomplete or constant formation history
3510,Health Care Equipment & Services,GEHC,LH,0,,False,Incomplete or constant formation history
3510,Health Care Equipment & Services,GEHC,MCK,0,,False,Incomplete or constant formation history
3510,Health Care Equipment & Services,GEHC,MDT,0,,False,Incomplete or constant formation history
3510,Health Care Equipment & Services,GEHC,MOH,0,,False,Incomplete or constant formation history
3510,Health Care Equipment & Services,GEHC,PODD,0,,False,Incomplete or constant formation history
3510,Health Care Equipment & Services,GEHC,RMD,0,,False,Incomplete or constant formation history
3510,Health Care Equipment & Services,GEHC,RVTY,0,,False,Incomplete or constant formation history
3510,Health Care Equipment & Services,GEHC,SOLV,0,,False,Incomplete or constant formation history
3510,Health Care Equipment & Services,GEHC,STE,0,,False,Incomplete or constant formation history
3510,Health Care Equipment & Services,GEHC,SYK,0,,False,Incomplete or constant formation history
3510,Health Care Equipment & Services,GEHC,TFX,0,,False,Incomplete or constant formation history
3510,Health Care Equipment & Services,GEHC,THC,0,,False,Incomplete or constant formation history
3510,Health Care Equipment & Services,GEHC,UHS,0,,False,Incomplete or constant formation history
3510,Health Care Equipment & Services,GEHC,UNH,0,,False,Incomplete or constant formation history
3510,Health Care Equipment & Services,GEHC,VEEV,0,,False,Incomplete or constant formation history
3510,Health Care Equipment & Services,GEHC,WST,0,,False,Incomplete or constant formation history
3510,Health Care Equipment & Services,GEHC,XRAY,0,,False,Incomplete or constant formation history
3510,Health Care Equipment & Services,GEHC,ZBH,0,,False,Incomplete or constant formation history
3510,Health Care Equipment & Services,HCA,HSIC,0,,False,Incomplete or constant formation history
3510,Health Care Equipment & Services,HCA,HUM,0,,False,Incomplete or constant formation history
3510,Health Care Equipment & Services,HCA,IDXX,0,,False,Incomplete or constant formation history
3510,Health Care Equipment & Services,HCA,ISRG,0,,False,Incomplete or constant formation history
3510,Health Care Equipment & Services,HCA,LH,0,,False,Incomplete or constant formation history
3510,Health Care Equipment & Services,HCA,MCK,0,,False,Incomplete or constant formation history
3510,Health Care Equipment & Services,HCA,MDT,0,,False,Incomplete or constant formation history
3510,Health Care Equipment & Services,HCA,MOH,0,,False,Incomplete or constant formation history
3510,Health Care Equipment & Services,HCA,PODD,0,,False,Incomplete or constant formation history
3510,Health Care Equipment & Services,HCA,RMD,0,,False,Incomplete or constant formation history
3510,Health Care Equipment & Services,HCA,RVTY,0,,False,Incomplete or constant formation history
3510,Health Care Equipment & Services,HCA,SOLV,0,,False,Incomplete or constant formation history
3510,Health Care Equipment & Services,HCA,STE,0,,False,Incomplete or constant formation history
3510,Health Care Equipment & Services,HCA,SYK,0,,False,Incomplete or constant formation history
3510,Health Care Equipment & Services,HCA,TFX,0,,False,Incomplete or constant formation history
3510,Health Care Equipment & Services,HCA,THC,0,,False,Incomplete or constant formation history
3510,Health Care Equipment & Services,HCA,UHS,0,,False,Incomplete or constant formation history
3510,Health Care Equipment & Services,HCA,UNH,0,,False,Incomplete or constant formation history
3510,Health Care Equipment & Services,HCA,VEEV,0,,False,Incomplete or constant formation history
3510,Health Care Equipment & Services,HCA,WST,0,,False,Incomplete or constant formation history
3510,Health Care Equipment & Services,HCA,XRAY,0,,False,Incomplete or constant formation history
3510,Health Care Equipment & Services,HCA,ZBH,0,,False,Incomplete or constant formation history
3510,Health Care Equipment & Services,HSIC,HUM,0,,False,Incomplete or constant formation history
3510,Health Care Equipment & Services,HSIC,IDXX,0,,False,Incomplete or constant formation history
3510,Health Care Equipment & Services,HSIC,ISRG,0,,False,Incomplete or constant formation history
3510,Health Care Equipment & Services,HSIC,LH,0,,False,Incomplete or constant formation history
3510,Health Care Equipment & Services,HSIC,MCK,0,,False,Incomplete or constant formation history
3510,Health Care Equipment & Services,HSIC,MDT,0,,False,Incomplete or constant formation history
3510,Health Care Equipment & Services,HSIC,MOH,0,,False,Incomplete or constant formation history
3510,Health Care Equipment & Services,HSIC,PODD,0,,False,Incomplete or constant formation history
3510,Health Care Equipment & Services,HSIC,RMD,0,,False,Incomplete or constant formation history
3510,Health Care Equipment & Services,HSIC,RVTY,0,,False,Incomplete or constant formation history
3510,Health Care Equipment & Services,HSIC,SOLV,0,,False,Incomplete or constant formation history
3510,Health Care Equipment & Services,HSIC,STE,0,,False,Incomplete or constant formation history
3510,Health Care Equipment & Services,HSIC,SYK,0,,False,Incomplete or constant formation history
3510,Health Care Equipment & Services,HSIC,TFX,0,,False,Incomplete or constant formation history
3510,Health Care Equipment & Services,HSIC,THC,0,,False,Incomplete or constant formation history
3510,Health Care Equipment & Services,HSIC,UHS,0,,False,Incomplete or constant formation history
3510,Health Care Equipment & Services,HSIC,UNH,0,,False,Incomplete or constant formation history
3510,Health Care Equipment & Services,HSIC,VEEV,0,,False,Incomplete or constant formation history
3510,Health Care Equipment & Services,HSIC,WST,0,,False,Incomplete or constant formation history
3510,Health Care Equipment & Services,HSIC,XRAY,0,,False,Incomplete or constant formation history
3510,Health Care Equipment & Services,HSIC,ZBH,0,,False,Incomplete or constant formation history
3510,Health Care Equipment & Services,HUM,IDXX,0,,False,Incomplete or constant formation history
3510,Health Care Equipment & Services,HUM,ISRG,251,0.2400678971375977,False,OK
3510,Health Care Equipment & Services,HUM,LH,251,0.4329944233684987,False,OK
3510,Health Care Equipment & Services,HUM,MCK,251,0.3504058202941283,False,OK
3510,Health Care Equipment & Services,HUM,MDT,251,0.3434607783189085,False,OK
3510,Health Care Equipment & Services,HUM,MOH,0,,False,Incomplete or constant formation history
3510,Health Care Equipment & Services,HUM,PODD,0,,False,Incomplete or constant formation history
3510,Health Care Equipment & Services,HUM,RMD,0,,False,Incomplete or constant formation history
3510,Health Care Equipment & Services,HUM,RVTY,0,,False,Incomplete or constant formation history
3510,Health Care Equipment & Services,HUM,SOLV,0,,False,Incomplete or constant formation history
3510,Health Care Equipment & Services,HUM,STE,0,,False,Incomplete or constant formation history
3510,Health Care Equipment & Services,HUM,SYK,251,0.34662441876825134,False,OK
3510,Health Care Equipment & Services,HUM,TFX,0,,False,Incomplete or constant formation history
3510,Health Care Equipment & Services,HUM,THC,251,0.41737941940051254,False,OK
3510,Health Care Equipment & Services,HUM,UHS,251,0.46037015149691096,False,OK
3510,Health Care Equipment & Services,HUM,UNH,251,0.5809389838896379,False,OK
3510,Health Care Equipment & Services,HUM,VEEV,0,,False,Incomplete or constant formation history
3510,Health Care Equipment & Services,HUM,WST,0,,False,Incomplete or constant formation history
3510,Health Care Equipment & Services,HUM,XRAY,251,0.26297299514632605,False,OK
3510,Health Care Equipment & Services,HUM,ZBH,251,0.3612214730668561,False,OK
3510,Health Care Equipment & Services,IDXX,ISRG,0,,False,Incomplete or constant formation history
3510,Health Care Equipment & Services,IDXX,LH,0,,False,Incomplete or constant formation history
3510,Health Care Equipment & Services,IDXX,MCK,0,,False,Incomplete or constant formation history
3510,Health Care Equipment & Services,IDXX,MDT,0,,False,Incomplete or constant formation history
3510,Health Care Equipment & Services,IDXX,MOH,0,,False,Incomplete or constant formation history
3510,Health Care Equipment & Services,IDXX,PODD,0,,False,Incomplete or constant formation history
3510,Health Care Equipment & Services,IDXX,RMD,0,,False,Incomplete or constant formation history
3510,Health Care Equipment & Services,IDXX,RVTY,0,,False,Incomplete or constant formation history
3510,Health Care Equipment & Services,IDXX,SOLV,0,,False,Incomplete or constant formation history
3510,Health Care Equipment & Services,IDXX,STE,0,,False,Incomplete or constant formation history
3510,Health Care Equipment & Services,IDXX,SYK,0,,False,Incomplete or constant formation history
3510,Health Care Equipment & Services,IDXX,TFX,0,,False,Incomplete or constant formation history
3510,Health Care Equipment & Services,IDXX,THC,0,,False,Incomplete or constant formation history
3510,Health Care Equipment & Services,IDXX,UHS,0,,False,Incomplete or constant formation history
3510,Health Care Equipment & Services,IDXX,UNH,0,,False,Incomplete or constant formation history
3510,Health Care Equipment & Services,IDXX,VEEV,0,,False,Incomplete or constant formation history
3510,Health Care Equipment & Services,IDXX,WST,0,,False,Incomplete or constant formation history
3510,Health Care Equipment & Services,IDXX,XRAY,0,,False,Incomplete or constant formation history
3510,Health Care Equipment & Services,IDXX,ZBH,0,,False,Incomplete or constant formation history
3510,Health Care Equipment & Services,ISRG,LH,251,0.35503602151715263,False,OK
3510,Health Care Equipment & Services,ISRG,MCK,251,0.3867460788541155,False,OK
3510,Health Care Equipment & Services,ISRG,MDT,251,0.4475522124757473,False,OK
3510,Health Care Equipment & Services,ISRG,MOH,0,,False,Incomplete or constant formation history
3510,Health Care Equipment & Services,ISRG,PODD,0,,False,Incomplete or constant formation history
3510,Health Care Equipment & Services,ISRG,RMD,0,,False,Incomplete or constant formation history
3510,Health Care Equipment & Services,ISRG,RVTY,0,,False,Incomplete or constant formation history
3510,Health Care Equipment & Services,ISRG,SOLV,0,,False,Incomplete or constant formation history
3510,Health Care Equipment & Services,ISRG,STE,0,,False,Incomplete or constant formation history
3510,Health Care Equipment & Services,ISRG,SYK,251,0.4368890211207741,False,OK
3510,Health Care Equipment & Services,ISRG,TFX,0,,False,Incomplete or constant formation history
3510,Health Care Equipment & Services,ISRG,THC,251,0.26147172320138307,False,OK
3510,Health Care Equipment & Services,ISRG,UHS,251,0.3175661443003849,False,OK
3510,Health Care Equipment & Services,ISRG,UNH,251,0.3959088268084966,False,OK
3510,Health Care Equipment & Services,ISRG,VEEV,0,,False,Incomplete or constant formation history
3510,Health Care Equipment & Services,ISRG,WST,0,,False,Incomplete or constant formation history
3510,Health Care Equipment & Services,ISRG,XRAY,251,0.4359765716328144,False,OK
3510,Health Care Equipment & Services,ISRG,ZBH,251,0.40070659969128636,False,OK
3510,Health Care Equipment & Services,LH,MCK,251,0.5025559980639317,False,OK
3510,Health Care Equipment & Services,LH,MDT,251,0.5417165600487016,False,OK
3510,Health Care Equipment & Services,LH,MOH,0,,False,Incomplete or constant formation history
3510,Health Care Equipment & Services,LH,PODD,0,,False,Incomplete or constant formation history
3510,Health Care Equipment & Services,LH,RMD,0,,False,Incomplete or constant formation history
3510,Health Care Equipment & Services,LH,RVTY,0,,False,Incomplete or constant formation history
3510,Health Care Equipment & Services,LH,SOLV,0,,False,Incomplete or constant formation history
3510,Health Care Equipment & Services,LH,STE,0,,False,Incomplete or constant formation history
3510,Health Care Equipment & Services,LH,SYK,251,0.5333710165341442,False,OK
3510,Health Care Equipment & Services,LH,TFX,0,,False,Incomplete or constant formation history
3510,Health Care Equipment & Services,LH,THC,251,0.5826697999647076,False,OK
3510,Health Care Equipment & Services,LH,UHS,251,0.642507184439724,False,OK
3510,Health Care Equipment & Services,LH,UNH,251,0.6133477976508133,False,OK
3510,Health Care Equipment & Services,LH,VEEV,0,,False,Incomplete or constant formation history
3510,Health Care Equipment & Services,LH,WST,0,,False,Incomplete or constant formation history
3510,Health Care Equipment & Services,LH,XRAY,251,0.4435014233916871,False,OK
3510,Health Care Equipment & Services,LH,ZBH,251,0.5602973495107088,False,OK
3510,Health Care Equipment & Services,MCK,MDT,251,0.5595736829474929,False,OK
3510,Health Care Equipment & Services,MCK,MOH,0,,False,Incomplete or constant formation history
3510,Health Care Equipment & Services,MCK,PODD,0,,False,Incomplete or constant formation history
3510,Health Care Equipment & Services,MCK,RMD,0,,False,Incomplete or constant formation history
3510,Health Care Equipment & Services,MCK,RVTY,0,,False,Incomplete or constant formation history
3510,Health Care Equipment & Services,MCK,SOLV,0,,False,Incomplete or constant formation history
3510,Health Care Equipment & Services,MCK,STE,0,,False,Incomplete or constant formation history
3510,Health Care Equipment & Services,MCK,SYK,251,0.5186453414267369,False,OK
3510,Health Care Equipment & Services,MCK,TFX,0,,False,Incomplete or constant formation history
3510,Health Care Equipment & Services,MCK,THC,251,0.41886650530879593,False,OK
3510,Health Care Equipment & Services,MCK,UHS,251,0.46564914939920543,False,OK
3510,Health Care Equipment & Services,MCK,UNH,251,0.5538853167131711,False,OK
3510,Health Care Equipment & Services,MCK,VEEV,0,,False,Incomplete or constant formation history
3510,Health Care Equipment & Services,MCK,WST,0,,False,Incomplete or constant formation history
3510,Health Care Equipment & Services,MCK,XRAY,251,0.42607051706951776,False,OK
3510,Health Care Equipment & Services,MCK,ZBH,251,0.5250780060088521,False,OK
3510,Health Care Equipment & Services,MDT,MOH,0,,False,Incomplete or constant formation history
3510,Health Care Equipment & Services,MDT,PODD,0,,False,Incomplete or constant formation history
3510,Health Care Equipment & Services,MDT,RMD,0,,False,Incomplete or constant formation history
3510,Health Care Equipment & Services,MDT,RVTY,0,,False,Incomplete or constant formation history
3510,Health Care Equipment & Services,MDT,SOLV,0,,False,Incomplete or constant formation history
3510,Health Care Equipment & Services,MDT,STE,0,,False,Incomplete or constant formation history
3510,Health Care Equipment & Services,MDT,SYK,251,0.7121336364653296,False,OK
3510,Health Care Equipment & Services,MDT,TFX,0,,False,Incomplete or constant formation history
3510,Health Care Equipment & Services,MDT,THC,251,0.4047716452561438,False,OK
3510,Health Care Equipment & Services,MDT,UHS,251,0.5077629040398018,False,OK
3510,Health Care Equipment & Services,MDT,UNH,251,0.6449021696891756,False,OK
3510,Health Care Equipment & Services,MDT,VEEV,0,,False,Incomplete or constant formation history
3510,Health Care Equipment & Services,MDT,WST,0,,False,Incomplete or constant formation history
3510,Health Care Equipment & Services,MDT,XRAY,251,0.6437485555054805,False,OK
3510,Health Care Equipment & Services,MDT,ZBH,251,0.6509040361158638,False,OK
3510,Health Care Equipment & Services,MOH,PODD,0,,False,Incomplete or constant formation history
3510,Health Care Equipment & Services,MOH,RMD,0,,False,Incomplete or constant formation history
3510,Health Care Equipment & Services,MOH,RVTY,0,,False,Incomplete or constant formation history
3510,Health Care Equipment & Services,MOH,SOLV,0,,False,Incomplete or constant formation history
3510,Health Care Equipment & Services,MOH,STE,0,,False,Incomplete or constant formation history
3510,Health Care Equipment & Services,MOH,SYK,0,,False,Incomplete or constant formation history
3510,Health Care Equipment & Services,MOH,TFX,0,,False,Incomplete or constant formation history
3510,Health Care Equipment & Services,MOH,THC,0,,False,Incomplete or constant formation history
3510,Health Care Equipment & Services,MOH,UHS,0,,False,Incomplete or constant formation history
3510,Health Care Equipment & Services,MOH,UNH,0,,False,Incomplete or constant formation history
3510,Health Care Equipment & Services,MOH,VEEV,0,,False,Incomplete or constant formation history
3510,Health Care Equipment & Services,MOH,WST,0,,False,Incomplete or constant formation history
3510,Health Care Equipment & Services,MOH,XRAY,0,,False,Incomplete or constant formation history
3510,Health Care Equipment & Services,MOH,ZBH,0,,False,Incomplete or constant formation history
3510,Health Care Equipment & Services,PODD,RMD,0,,False,Incomplete or constant formation history
3510,Health Care Equipment & Services,PODD,RVTY,0,,False,Incomplete or constant formation history
3510,Health Care Equipment & Services,PODD,SOLV,0,,False,Incomplete or constant formation history
3510,Health Care Equipment & Services,PODD,STE,0,,False,Incomplete or constant formation history
3510,Health Care Equipment & Services,PODD,SYK,0,,False,Incomplete or constant formation history
3510,Health Care Equipment & Services,PODD,TFX,0,,False,Incomplete or constant formation history
3510,Health Care Equipment & Services,PODD,THC,0,,False,Incomplete or constant formation history
3510,Health Care Equipment & Services,PODD,UHS,0,,False,Incomplete or constant formation history
3510,Health Care Equipment & Services,PODD,UNH,0,,False,Incomplete or constant formation history
3510,Health Care Equipment & Services,PODD,VEEV,0,,False,Incomplete or constant formation history
3510,Health Care Equipment & Services,PODD,WST,0,,False,Incomplete or constant formation history
3510,Health Care Equipment & Services,PODD,XRAY,0,,False,Incomplete or constant formation history
3510,Health Care Equipment & Services,PODD,ZBH,0,,False,Incomplete or constant formation history
3510,Health Care Equipment & Services,RMD,RVTY,0,,False,Incomplete or constant formation history
3510,Health Care Equipment & Services,RMD,SOLV,0,,False,Incomplete or constant formation history
3510,Health Care Equipment & Services,RMD,STE,0,,False,Incomplete or constant formation history
3510,Health Care Equipment & Services,RMD,SYK,0,,False,Incomplete or constant formation history
3510,Health Care Equipment & Services,RMD,TFX,0,,False,Incomplete or constant formation history
3510,Health Care Equipment & Services,RMD,THC,0,,False,Incomplete or constant formation history
3510,Health Care Equipment & Services,RMD,UHS,0,,False,Incomplete or constant formation history
3510,Health Care Equipment & Services,RMD,UNH,0,,False,Incomplete or constant formation history
3510,Health Care Equipment & Services,RMD,VEEV,0,,False,Incomplete or constant formation history
3510,Health Care Equipment & Services,RMD,WST,0,,False,Incomplete or constant formation history
3510,Health Care Equipment & Services,RMD,XRAY,0,,False,Incomplete or constant formation history
3510,Health Care Equipment & Services,RMD,ZBH,0,,False,Incomplete or constant formation history
3510,Health Care Equipment & Services,RVTY,SOLV,0,,False,Incomplete or constant formation history
3510,Health Care Equipment & Services,RVTY,STE,0,,False,Incomplete or constant formation history
3510,Health Care Equipment & Services,RVTY,SYK,0,,False,Incomplete or constant formation history
3510,Health Care Equipment & Services,RVTY,TFX,0,,False,Incomplete or constant formation history
3510,Health Care Equipment & Services,RVTY,THC,0,,False,Incomplete or constant formation history
3510,Health Care Equipment & Services,RVTY,UHS,0,,False,Incomplete or constant formation history
3510,Health Care Equipment & Services,RVTY,UNH,0,,False,Incomplete or constant formation history
3510,Health Care Equipment & Services,RVTY,VEEV,0,,False,Incomplete or constant formation history
3510,Health Care Equipment & Services,RVTY,WST,0,,False,Incomplete or constant formation history
3510,Health Care Equipment & Services,RVTY,XRAY,0,,False,Incomplete or constant formation history
3510,Health Care Equipment & Services,RVTY,ZBH,0,,False,Incomplete or constant formation history
3510,Health Care Equipment & Services,SOLV,STE,0,,False,Incomplete or constant formation history
3510,Health Care Equipment & Services,SOLV,SYK,0,,False,Incomplete or constant formation history
3510,Health Care Equipment & Services,SOLV,TFX,0,,False,Incomplete or constant formation history
3510,Health Care Equipment & Services,SOLV,THC,0,,False,Incomplete or constant formation history
3510,Health Care Equipment & Services,SOLV,UHS,0,,False,Incomplete or constant formation history
3510,Health Care Equipment & Services,SOLV,UNH,0,,False,Incomplete or constant formation history
3510,Health Care Equipment & Services,SOLV,VEEV,0,,False,Incomplete or constant formation history
3510,Health Care Equipment & Services,SOLV,WST,0,,False,Incomplete or constant formation history
3510,Health Care Equipment & Services,SOLV,XRAY,0,,False,Incomplete or constant formation history
3510,Health Care Equipment & Services,SOLV,ZBH,0,,False,Incomplete or constant formation history
3510,Health Care Equipment & Services,STE,SYK,0,,False,Incomplete or constant formation history
3510,Health Care Equipment & Services,STE,TFX,0,,False,Incomplete or constant formation history
3510,Health Care Equipment & Services,STE,THC,0,,False,Incomplete or constant formation history
3510,Health Care Equipment & Services,STE,UHS,0,,False,Incomplete or constant formation history
3510,Health Care Equipment & Services,STE,UNH,0,,False,Incomplete or constant formation history
3510,Health Care Equipment & Services,STE,VEEV,0,,False,Incomplete or constant formation history
3510,Health Care Equipment & Services,STE,WST,0,,False,Incomplete or constant formation history
3510,Health Care Equipment & Services,STE,XRAY,0,,False,Incomplete or constant formation history
3510,Health Care Equipment & Services,STE,ZBH,0,,False,Incomplete or constant formation history
3510,Health Care Equipment & Services,SYK,TFX,0,,False,Incomplete or constant formation history
3510,Health Care Equipment & Services,SYK,THC,251,0.37630949447254275,False,OK
3510,Health Care Equipment & Services,SYK,UHS,251,0.495902075867869,False,OK
3510,Health Care Equipment & Services,SYK,UNH,251,0.6003991583329247,False,OK
3510,Health Care Equipment & Services,SYK,VEEV,0,,False,Incomplete or constant formation history
3510,Health Care Equipment & Services,SYK,WST,0,,False,Incomplete or constant formation history
3510,Health Care Equipment & Services,SYK,XRAY,251,0.6147980847543132,False,OK
3510,Health Care Equipment & Services,SYK,ZBH,251,0.6528391012889381,False,OK
3510,Health Care Equipment & Services,TFX,THC,0,,False,Incomplete or constant formation history
3510,Health Care Equipment & Services,TFX,UHS,0,,False,Incomplete or constant formation history
3510,Health Care Equipment & Services,TFX,UNH,0,,False,Incomplete or constant formation history
3510,Health Care Equipment & Services,TFX,VEEV,0,,False,Incomplete or constant formation history
3510,Health Care Equipment & Services,TFX,WST,0,,False,Incomplete or constant formation history
3510,Health Care Equipment & Services,TFX,XRAY,0,,False,Incomplete or constant formation history
3510,Health Care Equipment & Services,TFX,ZBH,0,,False,Incomplete or constant formation history
3510,Health Care Equipment & Services,THC,UHS,251,0.8356430518134308,True,OK
3510,Health Care Equipment & Services,THC,UNH,251,0.463324631189936,False,OK
3510,Health Care Equipment & Services,THC,VEEV,0,,False,Incomplete or constant formation history
3510,Health Care Equipment & Services,THC,WST,0,,False,Incomplete or constant formation history
3510,Health Care Equipment & Services,THC,XRAY,251,0.3216963207857899,False,OK
3510,Health Care Equipment & Services,THC,ZBH,251,0.38520426563148613,False,OK
3510,Health Care Equipment & Services,UHS,UNH,251,0.5700878778814819,False,OK
3510,Health Care Equipment & Services,UHS,VEEV,0,,False,Incomplete or constant formation history
3510,Health Care Equipment & Services,UHS,WST,0,,False,Incomplete or constant formation history
3510,Health Care Equipment & Services,UHS,XRAY,251,0.4083307653652687,False,OK
3510,Health Care Equipment & Services,UHS,ZBH,251,0.47407757540644185,False,OK
3510,Health Care Equipment & Services,UNH,VEEV,0,,False,Incomplete or constant formation history
3510,Health Care Equipment & Services,UNH,WST,0,,False,Incomplete or constant formation history
3510,Health Care Equipment & Services,UNH,XRAY,251,0.4905870749088391,False,OK
3510,Health Care Equipment & Services,UNH,ZBH,251,0.507467416525521,False,OK
3510,Health Care Equipment & Services,VEEV,WST,0,,False,Incomplete or constant formation history
3510,Health Care Equipment & Services,VEEV,XRAY,0,,False,Incomplete or constant formation history
3510,Health Care Equipment & Services,VEEV,ZBH,0,,False,Incomplete or constant formation history
3510,Health Care Equipment & Services,WST,XRAY,0,,False,Incomplete or constant formation history
3510,Health Care Equipment & Services,WST,ZBH,0,,False,Incomplete or constant formation history
3510,Health Care Equipment & Services,XRAY,ZBH,251,0.5061800390143292,False,OK
3520,"Pharmaceuticals, Biotechnology & Life Sciences",A,ABBV,251,0.5187647036713354,False,OK
3520,"Pharmaceuticals, Biotechnology & Life Sciences",A,AMGN,251,0.6621134010058032,False,OK
3520,"Pharmaceuticals, Biotechnology & Life Sciences",A,BIIB,251,0.3893235302342362,False,OK
3520,"Pharmaceuticals, Biotechnology & Life Sciences",A,BIO,0,,False,Incomplete or constant formation history
3520,"Pharmaceuticals, Biotechnology & Life Sciences",A,BMY,251,0.5660030187015869,False,OK
3520,"Pharmaceuticals, Biotechnology & Life Sciences",A,CRL,0,,False,Incomplete or constant formation history
3520,"Pharmaceuticals, Biotechnology & Life Sciences",A,DHR,251,0.6904143902172526,False,OK
3520,"Pharmaceuticals, Biotechnology & Life Sciences",A,GILD,251,0.5713348113935269,False,OK
3520,"Pharmaceuticals, Biotechnology & Life Sciences",A,ILMN,0,,False,Incomplete or constant formation history
3520,"Pharmaceuticals, Biotechnology & Life Sciences",A,INCY,0,,False,Incomplete or constant formation history
3520,"Pharmaceuticals, Biotechnology & Life Sciences",A,IQV,0,,False,Incomplete or constant formation history
3520,"Pharmaceuticals, Biotechnology & Life Sciences",A,JNJ,251,0.6775029220786004,False,OK
3520,"Pharmaceuticals, Biotechnology & Life Sciences",A,LLY,251,0.46448411441815884,False,OK
3520,"Pharmaceuticals, Biotechnology & Life Sciences",A,MRK,251,0.557913102550606,False,OK
3520,"Pharmaceuticals, Biotechnology & Life Sciences",A,MRNA,0,,False,Incomplete or constant formation history
3520,"Pharmaceuticals, Biotechnology & Life Sciences",A,MTD,0,,False,Incomplete or constant formation history
3520,"Pharmaceuticals, Biotechnology & Life Sciences",A,NKTR,0,,False,Incomplete or constant formation history
3520,"Pharmaceuticals, Biotechnology & Life Sciences",A,OGN,0,,False,Incomplete or constant formation history
3520,"Pharmaceuticals, Biotechnology & Life Sciences",A,PFE,251,0.625465846164172,False,OK
3520,"Pharmaceuticals, Biotechnology & Life Sciences",A,PRGO,251,0.3883030483698452,False,OK
3520,"Pharmaceuticals, Biotechnology & Life Sciences",A,REGN,251,0.48548277286733404,False,OK
3520,"Pharmaceuticals, Biotechnology & Life Sciences",A,TECH,0,,False,Incomplete or constant formation history
3520,"Pharmaceuticals, Biotechnology & Life Sciences",A,TMO,251,0.7713447829105137,False,OK
3520,"Pharmaceuticals, Biotechnology & Life Sciences",A,VRTX,251,0.5243881790135749,False,OK
3520,"Pharmaceuticals, Biotechnology & Life Sciences",A,VTRS,0,,False,Incomplete or constant formation history
3520,"Pharmaceuticals, Biotechnology & Life Sciences",A,WAT,251,0.7072248400724294,False,OK
3520,"Pharmaceuticals, Biotechnology & Life Sciences",A,ZTS,251,0.4523847560977022,False,OK
3520,"Pharmaceuticals, Biotechnology & Life Sciences",ABBV,AMGN,251,0.5489242054986618,False,OK
3520,"Pharmaceuticals, Biotechnology & Life Sciences",ABBV,BIIB,251,0.3084092079501102,False,OK
3520,"Pharmaceuticals, Biotechnology & Life Sciences",ABBV,BIO,0,,False,Incomplete or constant formation history
3520,"Pharmaceuticals, Biotechnology & Life Sciences",ABBV,BMY,251,0.45327869657615394,False,OK
3520,"Pharmaceuticals, Biotechnology & Life Sciences",ABBV,CRL,0,,False,Incomplete or constant formation history
3520,"Pharmaceuticals, Biotechnology & Life Sciences",ABBV,DHR,251,0.3526079628164005,False,OK
3520,"Pharmaceuticals, Biotechnology & Life Sciences",ABBV,GILD,251,0.3804993266101125,False,OK
3520,"Pharmaceuticals, Biotechnology & Life Sciences",ABBV,ILMN,0,,False,Incomplete or constant formation history
3520,"Pharmaceuticals, Biotechnology & Life Sciences",ABBV,INCY,0,,False,Incomplete or constant formation history
3520,"Pharmaceuticals, Biotechnology & Life Sciences",ABBV,IQV,0,,False,Incomplete or constant formation history
3520,"Pharmaceuticals, Biotechnology & Life Sciences",ABBV,JNJ,251,0.46498111729580877,False,OK
3520,"Pharmaceuticals, Biotechnology & Life Sciences",ABBV,LLY,251,0.4025080904331585,False,OK
3520,"Pharmaceuticals, Biotechnology & Life Sciences",ABBV,MRK,251,0.4943786266500236,False,OK
3520,"Pharmaceuticals, Biotechnology & Life Sciences",ABBV,MRNA,0,,False,Incomplete or constant formation history
3520,"Pharmaceuticals, Biotechnology & Life Sciences",ABBV,MTD,0,,False,Incomplete or constant formation history
3520,"Pharmaceuticals, Biotechnology & Life Sciences",ABBV,NKTR,0,,False,Incomplete or constant formation history
3520,"Pharmaceuticals, Biotechnology & Life Sciences",ABBV,OGN,0,,False,Incomplete or constant formation history
3520,"Pharmaceuticals, Biotechnology & Life Sciences",ABBV,PFE,251,0.46018882283779233,False,OK
3520,"Pharmaceuticals, Biotechnology & Life Sciences",ABBV,PRGO,251,0.3373291112401285,False,OK
3520,"Pharmaceuticals, Biotechnology & Life Sciences",ABBV,REGN,251,0.43847351407956003,False,OK
3520,"Pharmaceuticals, Biotechnology & Life Sciences",ABBV,TECH,0,,False,Incomplete or constant formation history
3520,"Pharmaceuticals, Biotechnology & Life Sciences",ABBV,TMO,251,0.5763360500297463,False,OK
3520,"Pharmaceuticals, Biotechnology & Life Sciences",ABBV,VRTX,251,0.3720682852158929,False,OK
3520,"Pharmaceuticals, Biotechnology & Life Sciences",ABBV,VTRS,0,,False,Incomplete or constant formation history
3520,"Pharmaceuticals, Biotechnology & Life Sciences",ABBV,WAT,251,0.4689607614774292,False,OK
3520,"Pharmaceuticals, Biotechnology & Life Sciences",ABBV,ZTS,251,0.40574582580291885,False,OK
3520,"Pharmaceuticals, Biotechnology & Life Sciences",AMGN,BIIB,251,0.5609609807127408,False,OK
3520,"Pharmaceuticals, Biotechnology & Life Sciences",AMGN,BIO,0,,False,Incomplete or constant formation history
3520,"Pharmaceuticals, Biotechnology & Life Sciences",AMGN,BMY,251,0.6185673647890918,False,OK
3520,"Pharmaceuticals, Biotechnology & Life Sciences",AMGN,CRL,0,,False,Incomplete or constant formation history
3520,"Pharmaceuticals, Biotechnology & Life Sciences",AMGN,DHR,251,0.5922996495570207,False,OK
3520,"Pharmaceuticals, Biotechnology & Life Sciences",AMGN,GILD,251,0.6606777791342457,False,OK
3520,"Pharmaceuticals, Biotechnology & Life Sciences",AMGN,ILMN,0,,False,Incomplete or constant formation history
3520,"Pharmaceuticals, Biotechnology & Life Sciences",AMGN,INCY,0,,False,Incomplete or constant formation history
3520,"Pharmaceuticals, Biotechnology & Life Sciences",AMGN,IQV,0,,False,Incomplete or constant formation history
3520,"Pharmaceuticals, Biotechnology & Life Sciences",AMGN,JNJ,251,0.6954771730791274,False,OK
3520,"Pharmaceuticals, Biotechnology & Life Sciences",AMGN,LLY,251,0.4833617876533276,False,OK
3520,"Pharmaceuticals, Biotechnology & Life Sciences",AMGN,MRK,251,0.6344471832289275,False,OK
3520,"Pharmaceuticals, Biotechnology & Life Sciences",AMGN,MRNA,0,,False,Incomplete or constant formation history
3520,"Pharmaceuticals, Biotechnology & Life Sciences",AMGN,MTD,0,,False,Incomplete or constant formation history
3520,"Pharmaceuticals, Biotechnology & Life Sciences",AMGN,NKTR,0,,False,Incomplete or constant formation history
3520,"Pharmaceuticals, Biotechnology & Life Sciences",AMGN,OGN,0,,False,Incomplete or constant formation history
3520,"Pharmaceuticals, Biotechnology & Life Sciences",AMGN,PFE,251,0.6612555225468543,False,OK
3520,"Pharmaceuticals, Biotechnology & Life Sciences",AMGN,PRGO,251,0.4487997967136569,False,OK
3520,"Pharmaceuticals, Biotechnology & Life Sciences",AMGN,REGN,251,0.7666342877684238,False,OK
3520,"Pharmaceuticals, Biotechnology & Life Sciences",AMGN,TECH,0,,False,Incomplete or constant formation history
3520,"Pharmaceuticals, Biotechnology & Life Sciences",AMGN,TMO,251,0.6964307898486972,False,OK
3520,"Pharmaceuticals, Biotechnology & Life Sciences",AMGN,VRTX,251,0.6589959928164713,False,OK
3520,"Pharmaceuticals, Biotechnology & Life Sciences",AMGN,VTRS,0,,False,Incomplete or constant formation history
3520,"Pharmaceuticals, Biotechnology & Life Sciences",AMGN,WAT,251,0.6858265409280206,False,OK
3520,"Pharmaceuticals, Biotechnology & Life Sciences",AMGN,ZTS,251,0.5235391294867465,False,OK
3520,"Pharmaceuticals, Biotechnology & Life Sciences",BIIB,BIO,0,,False,Incomplete or constant formation history
3520,"Pharmaceuticals, Biotechnology & Life Sciences",BIIB,BMY,251,0.41544794373529553,False,OK
3520,"Pharmaceuticals, Biotechnology & Life Sciences",BIIB,CRL,0,,False,Incomplete or constant formation history
3520,"Pharmaceuticals, Biotechnology & Life Sciences",BIIB,DHR,251,0.3699576553154629,False,OK
3520,"Pharmaceuticals, Biotechnology & Life Sciences",BIIB,GILD,251,0.5323455634555169,False,OK
3520,"Pharmaceuticals, Biotechnology & Life Sciences",BIIB,ILMN,0,,False,Incomplete or constant formation history
3520,"Pharmaceuticals, Biotechnology & Life Sciences",BIIB,INCY,0,,False,Incomplete or constant formation history
3520,"Pharmaceuticals, Biotechnology & Life Sciences",BIIB,IQV,0,,False,Incomplete or constant formation history
3520,"Pharmaceuticals, Biotechnology & Life Sciences",BIIB,JNJ,251,0.3878364932749218,False,OK
3520,"Pharmaceuticals, Biotechnology & Life Sciences",BIIB,LLY,251,0.41738697651057954,False,OK
3520,"Pharmaceuticals, Biotechnology & Life Sciences",BIIB,MRK,251,0.35847708300451175,False,OK
3520,"Pharmaceuticals, Biotechnology & Life Sciences",BIIB,MRNA,0,,False,Incomplete or constant formation history
3520,"Pharmaceuticals, Biotechnology & Life Sciences",BIIB,MTD,0,,False,Incomplete or constant formation history
3520,"Pharmaceuticals, Biotechnology & Life Sciences",BIIB,NKTR,0,,False,Incomplete or constant formation history
3520,"Pharmaceuticals, Biotechnology & Life Sciences",BIIB,OGN,0,,False,Incomplete or constant formation history
3520,"Pharmaceuticals, Biotechnology & Life Sciences",BIIB,PFE,251,0.4275376075538469,False,OK
3520,"Pharmaceuticals, Biotechnology & Life Sciences",BIIB,PRGO,251,0.31579107014014884,False,OK
3520,"Pharmaceuticals, Biotechnology & Life Sciences",BIIB,REGN,251,0.5180639381774901,False,OK
3520,"Pharmaceuticals, Biotechnology & Life Sciences",BIIB,TECH,0,,False,Incomplete or constant formation history
3520,"Pharmaceuticals, Biotechnology & Life Sciences",BIIB,TMO,251,0.42048527875573666,False,OK
3520,"Pharmaceuticals, Biotechnology & Life Sciences",BIIB,VRTX,251,0.4620057748208672,False,OK
3520,"Pharmaceuticals, Biotechnology & Life Sciences",BIIB,VTRS,0,,False,Incomplete or constant formation history
3520,"Pharmaceuticals, Biotechnology & Life Sciences",BIIB,WAT,251,0.41583306363194555,False,OK
3520,"Pharmaceuticals, Biotechnology & Life Sciences",BIIB,ZTS,251,0.2974056194958285,False,OK
3520,"Pharmaceuticals, Biotechnology & Life Sciences",BIO,BMY,0,,False,Incomplete or constant formation history
3520,"Pharmaceuticals, Biotechnology & Life Sciences",BIO,CRL,0,,False,Incomplete or constant formation history
3520,"Pharmaceuticals, Biotechnology & Life Sciences",BIO,DHR,0,,False,Incomplete or constant formation history
3520,"Pharmaceuticals, Biotechnology & Life Sciences",BIO,GILD,0,,False,Incomplete or constant formation history
3520,"Pharmaceuticals, Biotechnology & Life Sciences",BIO,ILMN,0,,False,Incomplete or constant formation history
3520,"Pharmaceuticals, Biotechnology & Life Sciences",BIO,INCY,0,,False,Incomplete or constant formation history
3520,"Pharmaceuticals, Biotechnology & Life Sciences",BIO,IQV,0,,False,Incomplete or constant formation history
3520,"Pharmaceuticals, Biotechnology & Life Sciences",BIO,JNJ,0,,False,Incomplete or constant formation history
3520,"Pharmaceuticals, Biotechnology & Life Sciences",BIO,LLY,0,,False,Incomplete or constant formation history
3520,"Pharmaceuticals, Biotechnology & Life Sciences",BIO,MRK,0,,False,Incomplete or constant formation history
3520,"Pharmaceuticals, Biotechnology & Life Sciences",BIO,MRNA,0,,False,Incomplete or constant formation history
3520,"Pharmaceuticals, Biotechnology & Life Sciences",BIO,MTD,0,,False,Incomplete or constant formation history
3520,"Pharmaceuticals, Biotechnology & Life Sciences",BIO,NKTR,0,,False,Incomplete or constant formation history
3520,"Pharmaceuticals, Biotechnology & Life Sciences",BIO,OGN,0,,False,Incomplete or constant formation history
3520,"Pharmaceuticals, Biotechnology & Life Sciences",BIO,PFE,0,,False,Incomplete or constant formation history
3520,"Pharmaceuticals, Biotechnology & Life Sciences",BIO,PRGO,0,,False,Incomplete or constant formation history
3520,"Pharmaceuticals, Biotechnology & Life Sciences",BIO,REGN,0,,False,Incomplete or constant formation history
3520,"Pharmaceuticals, Biotechnology & Life Sciences",BIO,TECH,0,,False,Incomplete or constant formation history
3520,"Pharmaceuticals, Biotechnology & Life Sciences",BIO,TMO,0,,False,Incomplete or constant formation history
3520,"Pharmaceuticals, Biotechnology & Life Sciences",BIO,VRTX,0,,False,Incomplete or constant formation history
3520,"Pharmaceuticals, Biotechnology & Life Sciences",BIO,VTRS,0,,False,Incomplete or constant formation history
3520,"Pharmaceuticals, Biotechnology & Life Sciences",BIO,WAT,0,,False,Incomplete or constant formation history
3520,"Pharmaceuticals, Biotechnology & Life Sciences",BIO,ZTS,0,,False,Incomplete or constant formation history
3520,"Pharmaceuticals, Biotechnology & Life Sciences",BMY,CRL,0,,False,Incomplete or constant formation history
3520,"Pharmaceuticals, Biotechnology & Life Sciences",BMY,DHR,251,0.47511745523738386,False,OK
3520,"Pharmaceuticals, Biotechnology & Life Sciences",BMY,GILD,251,0.5023163467731976,False,OK
3520,"Pharmaceuticals, Biotechnology & Life Sciences",BMY,ILMN,0,,False,Incomplete or constant formation history
3520,"Pharmaceuticals, Biotechnology & Life Sciences",BMY,INCY,0,,False,Incomplete or constant formation history
3520,"Pharmaceuticals, Biotechnology & Life Sciences",BMY,IQV,0,,False,Incomplete or constant formation history
3520,"Pharmaceuticals, Biotechnology & Life Sciences",BMY,JNJ,251,0.5813503798104889,False,OK
3520,"Pharmaceuticals, Biotechnology & Life Sciences",BMY,LLY,251,0.4803252781272832,False,OK
3520,"Pharmaceuticals, Biotechnology & Life Sciences",BMY,MRK,251,0.4883493443264978,False,OK
3520,"Pharmaceuticals, Biotechnology & Life Sciences",BMY,MRNA,0,,False,Incomplete or constant formation history
3520,"Pharmaceuticals, Biotechnology & Life Sciences",BMY,MTD,0,,False,Incomplete or constant formation history
3520,"Pharmaceuticals, Biotechnology & Life Sciences",BMY,NKTR,0,,False,Incomplete or constant formation history
3520,"Pharmaceuticals, Biotechnology & Life Sciences",BMY,OGN,0,,False,Incomplete or constant formation history
3520,"Pharmaceuticals, Biotechnology & Life Sciences",BMY,PFE,251,0.583702687492707,False,OK
3520,"Pharmaceuticals, Biotechnology & Life Sciences",BMY,PRGO,251,0.41732323948974753,False,OK
3520,"Pharmaceuticals, Biotechnology & Life Sciences",BMY,REGN,251,0.5667871566387975,False,OK
3520,"Pharmaceuticals, Biotechnology & Life Sciences",BMY,TECH,0,,False,Incomplete or constant formation history
3520,"Pharmaceuticals, Biotechnology & Life Sciences",BMY,TMO,251,0.5798679977198292,False,OK
3520,"Pharmaceuticals, Biotechnology & Life Sciences",BMY,VRTX,251,0.47905575445901805,False,OK
3520,"Pharmaceuticals, Biotechnology & Life Sciences",BMY,VTRS,0,,False,Incomplete or constant formation history
3520,"Pharmaceuticals, Biotechnology & Life Sciences",BMY,WAT,251,0.6059075481540472,False,OK
3520,"Pharmaceuticals, Biotechnology & Life Sciences",BMY,ZTS,251,0.4035288936174378,False,OK
3520,"Pharmaceuticals, Biotechnology & Life Sciences",CRL,DHR,0,,False,Incomplete or constant formation history
3520,"Pharmaceuticals, Biotechnology & Life Sciences",CRL,GILD,0,,False,Incomplete or constant formation history
3520,"Pharmaceuticals, Biotechnology & Life Sciences",CRL,ILMN,0,,False,Incomplete or constant formation history
3520,"Pharmaceuticals, Biotechnology & Life Sciences",CRL,INCY,0,,False,Incomplete or constant formation history
3520,"Pharmaceuticals, Biotechnology & Life Sciences",CRL,IQV,0,,False,Incomplete or constant formation history
3520,"Pharmaceuticals, Biotechnology & Life Sciences",CRL,JNJ,0,,False,Incomplete or constant formation history
3520,"Pharmaceuticals, Biotechnology & Life Sciences",CRL,LLY,0,,False,Incomplete or constant formation history
3520,"Pharmaceuticals, Biotechnology & Life Sciences",CRL,MRK,0,,False,Incomplete or constant formation history
3520,"Pharmaceuticals, Biotechnology & Life Sciences",CRL,MRNA,0,,False,Incomplete or constant formation history
3520,"Pharmaceuticals, Biotechnology & Life Sciences",CRL,MTD,0,,False,Incomplete or constant formation history
3520,"Pharmaceuticals, Biotechnology & Life Sciences",CRL,NKTR,0,,False,Incomplete or constant formation history
3520,"Pharmaceuticals, Biotechnology & Life Sciences",CRL,OGN,0,,False,Incomplete or constant formation history
3520,"Pharmaceuticals, Biotechnology & Life Sciences",CRL,PFE,0,,False,Incomplete or constant formation history
3520,"Pharmaceuticals, Biotechnology & Life Sciences",CRL,PRGO,0,,False,Incomplete or constant formation history
3520,"Pharmaceuticals, Biotechnology & Life Sciences",CRL,REGN,0,,False,Incomplete or constant formation history
3520,"Pharmaceuticals, Biotechnology & Life Sciences",CRL,TECH,0,,False,Incomplete or constant formation history
3520,"Pharmaceuticals, Biotechnology & Life Sciences",CRL,TMO,0,,False,Incomplete or constant formation history
3520,"Pharmaceuticals, Biotechnology & Life Sciences",CRL,VRTX,0,,False,Incomplete or constant formation history
3520,"Pharmaceuticals, Biotechnology & Life Sciences",CRL,VTRS,0,,False,Incomplete or constant formation history
3520,"Pharmaceuticals, Biotechnology & Life Sciences",CRL,WAT,0,,False,Incomplete or constant formation history
3520,"Pharmaceuticals, Biotechnology & Life Sciences",CRL,ZTS,0,,False,Incomplete or constant formation history
3520,"Pharmaceuticals, Biotechnology & Life Sciences",DHR,GILD,251,0.5972345629664882,False,OK
3520,"Pharmaceuticals, Biotechnology & Life Sciences",DHR,ILMN,0,,False,Incomplete or constant formation history
3520,"Pharmaceuticals, Biotechnology & Life Sciences",DHR,INCY,0,,False,Incomplete or constant formation history
3520,"Pharmaceuticals, Biotechnology & Life Sciences",DHR,IQV,0,,False,Incomplete or constant formation history
3520,"Pharmaceuticals, Biotechnology & Life Sciences",DHR,JNJ,251,0.6566785443338481,False,OK
3520,"Pharmaceuticals, Biotechnology & Life Sciences",DHR,LLY,251,0.41675009760638704,False,OK
3520,"Pharmaceuticals, Biotechnology & Life Sciences",DHR,MRK,251,0.6147809998052021,False,OK
3520,"Pharmaceuticals, Biotechnology & Life Sciences",DHR,MRNA,0,,False,Incomplete or constant formation history
3520,"Pharmaceuticals, Biotechnology & Life Sciences",DHR,MTD,0,,False,Incomplete or constant formation history
3520,"Pharmaceuticals, Biotechnology & Life Sciences",DHR,NKTR,0,,False,Incomplete or constant formation history
3520,"Pharmaceuticals, Biotechnology & Life Sciences",DHR,OGN,0,,False,Incomplete or constant formation history
3520,"Pharmaceuticals, Biotechnology & Life Sciences",DHR,PFE,251,0.5460210422865655,False,OK
3520,"Pharmaceuticals, Biotechnology & Life Sciences",DHR,PRGO,251,0.3211696660609607,False,OK
3520,"Pharmaceuticals, Biotechnology & Life Sciences",DHR,REGN,251,0.5018497377590709,False,OK
3520,"Pharmaceuticals, Biotechnology & Life Sciences",DHR,TECH,0,,False,Incomplete or constant formation history
3520,"Pharmaceuticals, Biotechnology & Life Sciences",DHR,TMO,251,0.6587425281528824,False,OK
3520,"Pharmaceuticals, Biotechnology & Life Sciences",DHR,VRTX,251,0.48313423730118304,False,OK
3520,"Pharmaceuticals, Biotechnology & Life Sciences",DHR,VTRS,0,,False,Incomplete or constant formation history
3520,"Pharmaceuticals, Biotechnology & Life Sciences",DHR,WAT,251,0.6827426097058616,False,OK
3520,"Pharmaceuticals, Biotechnology & Life Sciences",DHR,ZTS,251,0.36885383414925677,False,OK
3520,"Pharmaceuticals, Biotechnology & Life Sciences",GILD,ILMN,0,,False,Incomplete or constant formation history
3520,"Pharmaceuticals, Biotechnology & Life Sciences",GILD,INCY,0,,False,Incomplete or constant formation history
3520,"Pharmaceuticals, Biotechnology & Life Sciences",GILD,IQV,0,,False,Incomplete or constant formation history
3520,"Pharmaceuticals, Biotechnology & Life Sciences",GILD,JNJ,251,0.5497757266693989,False,OK
3520,"Pharmaceuticals, Biotechnology & Life Sciences",GILD,LLY,251,0.4503658818870646,False,OK
3520,"Pharmaceuticals, Biotechnology & Life Sciences",GILD,MRK,251,0.5911825747559791,False,OK
3520,"Pharmaceuticals, Biotechnology & Life Sciences",GILD,MRNA,0,,False,Incomplete or constant formation history
3520,"Pharmaceuticals, Biotechnology & Life Sciences",GILD,MTD,0,,False,Incomplete or constant formation history
3520,"Pharmaceuticals, Biotechnology & Life Sciences",GILD,NKTR,0,,False,Incomplete or constant formation history
3520,"Pharmaceuticals, Biotechnology & Life Sciences",GILD,OGN,0,,False,Incomplete or constant formation history
3520,"Pharmaceuticals, Biotechnology & Life Sciences",GILD,PFE,251,0.5255838316176844,False,OK
3520,"Pharmaceuticals, Biotechnology & Life Sciences",GILD,PRGO,251,0.3723072798130601,False,OK
3520,"Pharmaceuticals, Biotechnology & Life Sciences",GILD,REGN,251,0.5880381863449934,False,OK
3520,"Pharmaceuticals, Biotechnology & Life Sciences",GILD,TECH,0,,False,Incomplete or constant formation history
3520,"Pharmaceuticals, Biotechnology & Life Sciences",GILD,TMO,251,0.5432859565722546,False,OK
3520,"Pharmaceuticals, Biotechnology & Life Sciences",GILD,VRTX,251,0.5533303381221117,False,OK
3520,"Pharmaceuticals, Biotechnology & Life Sciences",GILD,VTRS,0,,False,Incomplete or constant formation history
3520,"Pharmaceuticals, Biotechnology & Life Sciences",GILD,WAT,251,0.5768270736773862,False,OK
3520,"Pharmaceuticals, Biotechnology & Life Sciences",GILD,ZTS,251,0.4088999118845872,False,OK
3520,"Pharmaceuticals, Biotechnology & Life Sciences",ILMN,INCY,0,,False,Incomplete or constant formation history
3520,"Pharmaceuticals, Biotechnology & Life Sciences",ILMN,IQV,0,,False,Incomplete or constant formation history
3520,"Pharmaceuticals, Biotechnology & Life Sciences",ILMN,JNJ,0,,False,Incomplete or constant formation history
3520,"Pharmaceuticals, Biotechnology & Life Sciences",ILMN,LLY,0,,False,Incomplete or constant formation history
3520,"Pharmaceuticals, Biotechnology & Life Sciences",ILMN,MRK,0,,False,Incomplete or constant formation history
3520,"Pharmaceuticals, Biotechnology & Life Sciences",ILMN,MRNA,0,,False,Incomplete or constant formation history
3520,"Pharmaceuticals, Biotechnology & Life Sciences",ILMN,MTD,0,,False,Incomplete or constant formation history
3520,"Pharmaceuticals, Biotechnology & Life Sciences",ILMN,NKTR,0,,False,Incomplete or constant formation history
3520,"Pharmaceuticals, Biotechnology & Life Sciences",ILMN,OGN,0,,False,Incomplete or constant formation history
3520,"Pharmaceuticals, Biotechnology & Life Sciences",ILMN,PFE,0,,False,Incomplete or constant formation history
3520,"Pharmaceuticals, Biotechnology & Life Sciences",ILMN,PRGO,0,,False,Incomplete or constant formation history
3520,"Pharmaceuticals, Biotechnology & Life Sciences",ILMN,REGN,0,,False,Incomplete or constant formation history
3520,"Pharmaceuticals, Biotechnology & Life Sciences",ILMN,TECH,0,,False,Incomplete or constant formation history
3520,"Pharmaceuticals, Biotechnology & Life Sciences",ILMN,TMO,0,,False,Incomplete or constant formation history
3520,"Pharmaceuticals, Biotechnology & Life Sciences",ILMN,VRTX,0,,False,Incomplete or constant formation history
3520,"Pharmaceuticals, Biotechnology & Life Sciences",ILMN,VTRS,0,,False,Incomplete or constant formation history
3520,"Pharmaceuticals, Biotechnology & Life Sciences",ILMN,WAT,0,,False,Incomplete or constant formation history
3520,"Pharmaceuticals, Biotechnology & Life Sciences",ILMN,ZTS,0,,False,Incomplete or constant formation history
3520,"Pharmaceuticals, Biotechnology & Life Sciences",INCY,IQV,0,,False,Incomplete or constant formation history
3520,"Pharmaceuticals, Biotechnology & Life Sciences",INCY,JNJ,0,,False,Incomplete or constant formation history
3520,"Pharmaceuticals, Biotechnology & Life Sciences",INCY,LLY,0,,False,Incomplete or constant formation history
3520,"Pharmaceuticals, Biotechnology & Life Sciences",INCY,MRK,0,,False,Incomplete or constant formation history
3520,"Pharmaceuticals, Biotechnology & Life Sciences",INCY,MRNA,0,,False,Incomplete or constant formation history
3520,"Pharmaceuticals, Biotechnology & Life Sciences",INCY,MTD,0,,False,Incomplete or constant formation history
3520,"Pharmaceuticals, Biotechnology & Life Sciences",INCY,NKTR,0,,False,Incomplete or constant formation history
3520,"Pharmaceuticals, Biotechnology & Life Sciences",INCY,OGN,0,,False,Incomplete or constant formation history
3520,"Pharmaceuticals, Biotechnology & Life Sciences",INCY,PFE,0,,False,Incomplete or constant formation history
3520,"Pharmaceuticals, Biotechnology & Life Sciences",INCY,PRGO,0,,False,Incomplete or constant formation history
3520,"Pharmaceuticals, Biotechnology & Life Sciences",INCY,REGN,0,,False,Incomplete or constant formation history
3520,"Pharmaceuticals, Biotechnology & Life Sciences",INCY,TECH,0,,False,Incomplete or constant formation history
3520,"Pharmaceuticals, Biotechnology & Life Sciences",INCY,TMO,0,,False,Incomplete or constant formation history
3520,"Pharmaceuticals, Biotechnology & Life Sciences",INCY,VRTX,0,,False,Incomplete or constant formation history
3520,"Pharmaceuticals, Biotechnology & Life Sciences",INCY,VTRS,0,,False,Incomplete or constant formation history
3520,"Pharmaceuticals, Biotechnology & Life Sciences",INCY,WAT,0,,False,Incomplete or constant formation history
3520,"Pharmaceuticals, Biotechnology & Life Sciences",INCY,ZTS,0,,False,Incomplete or constant formation history
3520,"Pharmaceuticals, Biotechnology & Life Sciences",IQV,JNJ,0,,False,Incomplete or constant formation history
3520,"Pharmaceuticals, Biotechnology & Life Sciences",IQV,LLY,0,,False,Incomplete or constant formation history
3520,"Pharmaceuticals, Biotechnology & Life Sciences",IQV,MRK,0,,False,Incomplete or constant formation history
3520,"Pharmaceuticals, Biotechnology & Life Sciences",IQV,MRNA,0,,False,Incomplete or constant formation history
3520,"Pharmaceuticals, Biotechnology & Life Sciences",IQV,MTD,0,,False,Incomplete or constant formation history
3520,"Pharmaceuticals, Biotechnology & Life Sciences",IQV,NKTR,0,,False,Incomplete or constant formation history
3520,"Pharmaceuticals, Biotechnology & Life Sciences",IQV,OGN,0,,False,Incomplete or constant formation history
3520,"Pharmaceuticals, Biotechnology & Life Sciences",IQV,PFE,0,,False,Incomplete or constant formation history
3520,"Pharmaceuticals, Biotechnology & Life Sciences",IQV,PRGO,0,,False,Incomplete or constant formation history
3520,"Pharmaceuticals, Biotechnology & Life Sciences",IQV,REGN,0,,False,Incomplete or constant formation history
3520,"Pharmaceuticals, Biotechnology & Life Sciences",IQV,TECH,0,,False,Incomplete or constant formation history
3520,"Pharmaceuticals, Biotechnology & Life Sciences",IQV,TMO,0,,False,Incomplete or constant formation history
3520,"Pharmaceuticals, Biotechnology & Life Sciences",IQV,VRTX,0,,False,Incomplete or constant formation history
3520,"Pharmaceuticals, Biotechnology & Life Sciences",IQV,VTRS,0,,False,Incomplete or constant formation history
3520,"Pharmaceuticals, Biotechnology & Life Sciences",IQV,WAT,0,,False,Incomplete or constant formation history
3520,"Pharmaceuticals, Biotechnology & Life Sciences",IQV,ZTS,0,,False,Incomplete or constant formation history
3520,"Pharmaceuticals, Biotechnology & Life Sciences",JNJ,LLY,251,0.48417764399044727,False,OK
3520,"Pharmaceuticals, Biotechnology & Life Sciences",JNJ,MRK,251,0.7060693812880781,False,OK
3520,"Pharmaceuticals, Biotechnology & Life Sciences",JNJ,MRNA,0,,False,Incomplete or constant formation history
3520,"Pharmaceuticals, Biotechnology & Life Sciences",JNJ,MTD,0,,False,Incomplete or constant formation history
3520,"Pharmaceuticals, Biotechnology & Life Sciences",JNJ,NKTR,0,,False,Incomplete or constant formation history
3520,"Pharmaceuticals, Biotechnology & Life Sciences",JNJ,OGN,0,,False,Incomplete or constant formation history
3520,"Pharmaceuticals, Biotechnology & Life Sciences",JNJ,PFE,251,0.5932029117678318,False,OK
3520,"Pharmaceuticals, Biotechnology & Life Sciences",JNJ,PRGO,251,0.33912520511714905,False,OK
3520,"Pharmaceuticals, Biotechnology & Life Sciences",JNJ,REGN,251,0.5460579921235037,False,OK
3520,"Pharmaceuticals, Biotechnology & Life Sciences",JNJ,TECH,0,,False,Incomplete or constant formation history
3520,"Pharmaceuticals, Biotechnology & Life Sciences",JNJ,TMO,251,0.6970121084617039,False,OK
3520,"Pharmaceuticals, Biotechnology & Life Sciences",JNJ,VRTX,251,0.4931133454942258,False,OK
3520,"Pharmaceuticals, Biotechnology & Life Sciences",JNJ,VTRS,0,,False,Incomplete or constant formation history
3520,"Pharmaceuticals, Biotechnology & Life Sciences",JNJ,WAT,251,0.713089534138241,False,OK
3520,"Pharmaceuticals, Biotechnology & Life Sciences",JNJ,ZTS,251,0.42136945672921455,False,OK
3520,"Pharmaceuticals, Biotechnology & Life Sciences",LLY,MRK,251,0.5050678927019989,False,OK
3520,"Pharmaceuticals, Biotechnology & Life Sciences",LLY,MRNA,0,,False,Incomplete or constant formation history
3520,"Pharmaceuticals, Biotechnology & Life Sciences",LLY,MTD,0,,False,Incomplete or constant formation history
3520,"Pharmaceuticals, Biotechnology & Life Sciences",LLY,NKTR,0,,False,Incomplete or constant formation history
3520,"Pharmaceuticals, Biotechnology & Life Sciences",LLY,OGN,0,,False,Incomplete or constant formation history
3520,"Pharmaceuticals, Biotechnology & Life Sciences",LLY,PFE,251,0.5506405856647208,False,OK
3520,"Pharmaceuticals, Biotechnology & Life Sciences",LLY,PRGO,251,0.322140306912458,False,OK
3520,"Pharmaceuticals, Biotechnology & Life Sciences",LLY,REGN,251,0.43578054678968225,False,OK
3520,"Pharmaceuticals, Biotechnology & Life Sciences",LLY,TECH,0,,False,Incomplete or constant formation history
3520,"Pharmaceuticals, Biotechnology & Life Sciences",LLY,TMO,251,0.5690072339180714,False,OK
3520,"Pharmaceuticals, Biotechnology & Life Sciences",LLY,VRTX,251,0.37172556745471574,False,OK
3520,"Pharmaceuticals, Biotechnology & Life Sciences",LLY,VTRS,0,,False,Incomplete or constant formation history
3520,"Pharmaceuticals, Biotechnology & Life Sciences",LLY,WAT,251,0.46503787006282715,False,OK
3520,"Pharmaceuticals, Biotechnology & Life Sciences",LLY,ZTS,251,0.4397718230266584,False,OK
3520,"Pharmaceuticals, Biotechnology & Life Sciences",MRK,MRNA,0,,False,Incomplete or constant formation history
3520,"Pharmaceuticals, Biotechnology & Life Sciences",MRK,MTD,0,,False,Incomplete or constant formation history
3520,"Pharmaceuticals, Biotechnology & Life Sciences",MRK,NKTR,0,,False,Incomplete or constant formation history
3520,"Pharmaceuticals, Biotechnology & Life Sciences",MRK,OGN,0,,False,Incomplete or constant formation history
3520,"Pharmaceuticals, Biotechnology & Life Sciences",MRK,PFE,251,0.6340837920070473,False,OK
3520,"Pharmaceuticals, Biotechnology & Life Sciences",MRK,PRGO,251,0.3075583247777036,False,OK
3520,"Pharmaceuticals, Biotechnology & Life Sciences",MRK,REGN,251,0.4967371819436948,False,OK
3520,"Pharmaceuticals, Biotechnology & Life Sciences",MRK,TECH,0,,False,Incomplete or constant formation history
3520,"Pharmaceuticals, Biotechnology & Life Sciences",MRK,TMO,251,0.5935080515587117,False,OK
3520,"Pharmaceuticals, Biotechnology & Life Sciences",MRK,VRTX,251,0.49235067058329757,False,OK
3520,"Pharmaceuticals, Biotechnology & Life Sciences",MRK,VTRS,0,,False,Incomplete or constant formation history
3520,"Pharmaceuticals, Biotechnology & Life Sciences",MRK,WAT,251,0.6557090535523832,False,OK
3520,"Pharmaceuticals, Biotechnology & Life Sciences",MRK,ZTS,251,0.40937545946453746,False,OK
3520,"Pharmaceuticals, Biotechnology & Life Sciences",MRNA,MTD,0,,False,Incomplete or constant formation history
3520,"Pharmaceuticals, Biotechnology & Life Sciences",MRNA,NKTR,0,,False,Incomplete or constant formation history
3520,"Pharmaceuticals, Biotechnology & Life Sciences",MRNA,OGN,0,,False,Incomplete or constant formation history
3520,"Pharmaceuticals, Biotechnology & Life Sciences",MRNA,PFE,0,,False,Incomplete or constant formation history
3520,"Pharmaceuticals, Biotechnology & Life Sciences",MRNA,PRGO,0,,False,Incomplete or constant formation history
3520,"Pharmaceuticals, Biotechnology & Life Sciences",MRNA,REGN,0,,False,Incomplete or constant formation history
3520,"Pharmaceuticals, Biotechnology & Life Sciences",MRNA,TECH,0,,False,Incomplete or constant formation history
3520,"Pharmaceuticals, Biotechnology & Life Sciences",MRNA,TMO,0,,False,Incomplete or constant formation history
3520,"Pharmaceuticals, Biotechnology & Life Sciences",MRNA,VRTX,0,,False,Incomplete or constant formation history
3520,"Pharmaceuticals, Biotechnology & Life Sciences",MRNA,VTRS,0,,False,Incomplete or constant formation history
3520,"Pharmaceuticals, Biotechnology & Life Sciences",MRNA,WAT,0,,False,Incomplete or constant formation history
3520,"Pharmaceuticals, Biotechnology & Life Sciences",MRNA,ZTS,0,,False,Incomplete or constant formation history
3520,"Pharmaceuticals, Biotechnology & Life Sciences",MTD,NKTR,0,,False,Incomplete or constant formation history
3520,"Pharmaceuticals, Biotechnology & Life Sciences",MTD,OGN,0,,False,Incomplete or constant formation history
3520,"Pharmaceuticals, Biotechnology & Life Sciences",MTD,PFE,0,,False,Incomplete or constant formation history
3520,"Pharmaceuticals, Biotechnology & Life Sciences",MTD,PRGO,0,,False,Incomplete or constant formation history
3520,"Pharmaceuticals, Biotechnology & Life Sciences",MTD,REGN,0,,False,Incomplete or constant formation history
3520,"Pharmaceuticals, Biotechnology & Life Sciences",MTD,TECH,0,,False,Incomplete or constant formation history
3520,"Pharmaceuticals, Biotechnology & Life Sciences",MTD,TMO,0,,False,Incomplete or constant formation history
3520,"Pharmaceuticals, Biotechnology & Life Sciences",MTD,VRTX,0,,False,Incomplete or constant formation history
3520,"Pharmaceuticals, Biotechnology & Life Sciences",MTD,VTRS,0,,False,Incomplete or constant formation history
3520,"Pharmaceuticals, Biotechnology & Life Sciences",MTD,WAT,0,,False,Incomplete or constant formation history
3520,"Pharmaceuticals, Biotechnology & Life Sciences",MTD,ZTS,0,,False,Incomplete or constant formation history
3520,"Pharmaceuticals, Biotechnology & Life Sciences",NKTR,OGN,0,,False,Incomplete or constant formation history
3520,"Pharmaceuticals, Biotechnology & Life Sciences",NKTR,PFE,0,,False,Incomplete or constant formation history
3520,"Pharmaceuticals, Biotechnology & Life Sciences",NKTR,PRGO,0,,False,Incomplete or constant formation history
3520,"Pharmaceuticals, Biotechnology & Life Sciences",NKTR,REGN,0,,False,Incomplete or constant formation history
3520,"Pharmaceuticals, Biotechnology & Life Sciences",NKTR,TECH,0,,False,Incomplete or constant formation history
3520,"Pharmaceuticals, Biotechnology & Life Sciences",NKTR,TMO,0,,False,Incomplete or constant formation history
3520,"Pharmaceuticals, Biotechnology & Life Sciences",NKTR,VRTX,0,,False,Incomplete or constant formation history
3520,"Pharmaceuticals, Biotechnology & Life Sciences",NKTR,VTRS,0,,False,Incomplete or constant formation history
3520,"Pharmaceuticals, Biotechnology & Life Sciences",NKTR,WAT,0,,False,Incomplete or constant formation history
3520,"Pharmaceuticals, Biotechnology & Life Sciences",NKTR,ZTS,0,,False,Incomplete or constant formation history
3520,"Pharmaceuticals, Biotechnology & Life Sciences",OGN,PFE,0,,False,Incomplete or constant formation history
3520,"Pharmaceuticals, Biotechnology & Life Sciences",OGN,PRGO,0,,False,Incomplete or constant formation history
3520,"Pharmaceuticals, Biotechnology & Life Sciences",OGN,REGN,0,,False,Incomplete or constant formation history
3520,"Pharmaceuticals, Biotechnology & Life Sciences",OGN,TECH,0,,False,Incomplete or constant formation history
3520,"Pharmaceuticals, Biotechnology & Life Sciences",OGN,TMO,0,,False,Incomplete or constant formation history
3520,"Pharmaceuticals, Biotechnology & Life Sciences",OGN,VRTX,0,,False,Incomplete or constant formation history
3520,"Pharmaceuticals, Biotechnology & Life Sciences",OGN,VTRS,0,,False,Incomplete or constant formation history
3520,"Pharmaceuticals, Biotechnology & Life Sciences",OGN,WAT,0,,False,Incomplete or constant formation history
3520,"Pharmaceuticals, Biotechnology & Life Sciences",OGN,ZTS,0,,False,Incomplete or constant formation history
3520,"Pharmaceuticals, Biotechnology & Life Sciences",PFE,PRGO,251,0.4182523824764867,False,OK
3520,"Pharmaceuticals, Biotechnology & Life Sciences",PFE,REGN,251,0.5559504393236836,False,OK
3520,"Pharmaceuticals, Biotechnology & Life Sciences",PFE,TECH,0,,False,Incomplete or constant formation history
3520,"Pharmaceuticals, Biotechnology & Life Sciences",PFE,TMO,251,0.6342837782806626,False,OK
3520,"Pharmaceuticals, Biotechnology & Life Sciences",PFE,VRTX,251,0.5161844289637049,False,OK
3520,"Pharmaceuticals, Biotechnology & Life Sciences",PFE,VTRS,0,,False,Incomplete or constant formation history
3520,"Pharmaceuticals, Biotechnology & Life Sciences",PFE,WAT,251,0.6341747961206089,False,OK
3520,"Pharmaceuticals, Biotechnology & Life Sciences",PFE,ZTS,251,0.49797497427648807,False,OK
3520,"Pharmaceuticals, Biotechnology & Life Sciences",PRGO,REGN,251,0.4033311081946633,False,OK
3520,"Pharmaceuticals, Biotechnology & Life Sciences",PRGO,TECH,0,,False,Incomplete or constant formation history
3520,"Pharmaceuticals, Biotechnology & Life Sciences",PRGO,TMO,251,0.4149793581541353,False,OK
3520,"Pharmaceuticals, Biotechnology & Life Sciences",PRGO,VRTX,251,0.363505176239876,False,OK
3520,"Pharmaceuticals, Biotechnology & Life Sciences",PRGO,VTRS,0,,False,Incomplete or constant formation history
3520,"Pharmaceuticals, Biotechnology & Life Sciences",PRGO,WAT,251,0.40781265264801186,False,OK
3520,"Pharmaceuticals, Biotechnology & Life Sciences",PRGO,ZTS,251,0.31925530181815137,False,OK
3520,"Pharmaceuticals, Biotechnology & Life Sciences",REGN,TECH,0,,False,Incomplete or constant formation history
3520,"Pharmaceuticals, Biotechnology & Life Sciences",REGN,TMO,251,0.5610386049817637,False,OK
3520,"Pharmaceuticals, Biotechnology & Life Sciences",REGN,VRTX,251,0.6011491691516286,False,OK
3520,"Pharmaceuticals, Biotechnology & Life Sciences",REGN,VTRS,0,,False,Incomplete or constant formation history
3520,"Pharmaceuticals, Biotechnology & Life Sciences",REGN,WAT,251,0.570226864757126,False,OK
3520,"Pharmaceuticals, Biotechnology & Life Sciences",REGN,ZTS,251,0.4513521330496211,False,OK
3520,"Pharmaceuticals, Biotechnology & Life Sciences",TECH,TMO,0,,False,Incomplete or constant formation history
3520,"Pharmaceuticals, Biotechnology & Life Sciences",TECH,VRTX,0,,False,Incomplete or constant formation history
3520,"Pharmaceuticals, Biotechnology & Life Sciences",TECH,VTRS,0,,False,Incomplete or constant formation history
3520,"Pharmaceuticals, Biotechnology & Life Sciences",TECH,WAT,0,,False,Incomplete or constant formation history
3520,"Pharmaceuticals, Biotechnology & Life Sciences",TECH,ZTS,0,,False,Incomplete or constant formation history
3520,"Pharmaceuticals, Biotechnology & Life Sciences",TMO,VRTX,251,0.5309488851789165,False,OK
3520,"Pharmaceuticals, Biotechnology & Life Sciences",TMO,VTRS,0,,False,Incomplete or constant formation history
3520,"Pharmaceuticals, Biotechnology & Life Sciences",TMO,WAT,251,0.7312088216420755,False,OK
3520,"Pharmaceuticals, Biotechnology & Life Sciences",TMO,ZTS,251,0.5232040368721153,False,OK
3520,"Pharmaceuticals, Biotechnology & Life Sciences",VRTX,VTRS,0,,False,Incomplete or constant formation history
3520,"Pharmaceuticals, Biotechnology & Life Sciences",VRTX,WAT,251,0.5149961900586972,False,OK
3520,"Pharmaceuticals, Biotechnology & Life Sciences",VRTX,ZTS,251,0.4587627449946405,False,OK
3520,"Pharmaceuticals, Biotechnology & Life Sciences",VTRS,WAT,0,,False,Incomplete or constant formation history
3520,"Pharmaceuticals, Biotechnology & Life Sciences",VTRS,ZTS,0,,False,Incomplete or constant formation history
3520,"Pharmaceuticals, Biotechnology & Life Sciences",WAT,ZTS,251,0.40413530208866555,False,OK
4010,Banks,BAC,BBT,251,0.6947644075644521,False,OK
4010,Banks,BAC,C,251,0.9020305630179134,True,OK
4010,Banks,BAC,CFG,0,,False,Incomplete or constant formation history
4010,Banks,BAC,FITB,251,0.8382925138445301,True,OK
4010,Banks,BAC,HBAN,251,0.8264748081110842,True,OK
4010,Banks,BAC,JPM,251,0.8801568478504208,True,OK
4010,Banks,BAC,KEY,251,0.8602943284834356,True,OK
4010,Banks,BAC,MTB,251,0.7828484497459715,False,OK
4010,Banks,BAC,PNC,251,0.8455333617288932,True,OK
4010,Banks,BAC,RF,251,0.8506326704487136,True,OK
4010,Banks,BAC,SBNY,0,,False,Incomplete or constant formation history
4010,Banks,BAC,STI,0,,False,Incomplete or constant formation history
4010,Banks,BAC,TFC,0,,False,Incomplete or constant formation history
4010,Banks,BAC,USB,251,0.8515295754014238,True,OK
4010,Banks,BAC,WFC,251,0.8452235611755596,True,OK
4010,Banks,BAC,ZION,251,0.8091717702895629,True,OK
4010,Banks,BBT,C,251,0.6945356172879616,False,OK
4010,Banks,BBT,CFG,0,,False,Incomplete or constant formation history
4010,Banks,BBT,FITB,251,0.7248626765650955,False,OK
4010,Banks,BBT,HBAN,251,0.7522708435200266,False,OK
4010,Banks,BBT,JPM,251,0.7113363883171199,False,OK
4010,Banks,BBT,KEY,251,0.7621031869052812,False,OK
4010,Banks,BBT,MTB,251,0.7180772487420822,False,OK
4010,Banks,BBT,PNC,251,0.7290755277565845,False,OK
4010,Banks,BBT,RF,251,0.7484287112491536,False,OK
4010,Banks,BBT,SBNY,0,,False,Incomplete or constant formation history
4010,Banks,BBT,STI,0,,False,Incomplete or constant formation history
4010,Banks,BBT,TFC,0,,False,Incomplete or constant formation history
4010,Banks,BBT,USB,251,0.6943145378732862,False,OK
4010,Banks,BBT,WFC,251,0.7145492801341767,False,OK
4010,Banks,BBT,ZION,251,0.7103697288729928,False,OK
4010,Banks,C,CFG,0,,False,Incomplete or constant formation history
4010,Banks,C,FITB,251,0.8292632003114119,True,OK
4010,Banks,C,HBAN,251,0.8393813004768379,True,OK
4010,Banks,C,JPM,251,0.9174088228523716,True,OK
4010,Banks,C,KEY,251,0.8352689117214541,True,OK
4010,Banks,C,MTB,251,0.7865779427187207,False,OK
4010,Banks,C,PNC,251,0.8455438902035907,True,OK
4010,Banks,C,RF,251,0.8384528885277978,True,OK
4010,Banks,C,SBNY,0,,False,Incomplete or constant formation history
4010,Banks,C,STI,0,,False,Incomplete or constant formation history
4010,Banks,C,TFC,0,,False,Incomplete or constant formation history
4010,Banks,C,USB,251,0.8553767134261171,True,OK
4010,Banks,C,WFC,251,0.8732861757681427,True,OK
4010,Banks,C,ZION,251,0.8085142010578259,True,OK
4010,Banks,CFG,FITB,0,,False,Incomplete or constant formation history
4010,Banks,CFG,HBAN,0,,False,Incomplete or constant formation history
4010,Banks,CFG,JPM,0,,False,Incomplete or constant formation history
4010,Banks,CFG,KEY,0,,False,Incomplete or constant formation history
4010,Banks,CFG,MTB,0,,False,Incomplete or constant formation history
4010,Banks,CFG,PNC,0,,False,Incomplete or constant formation history
4010,Banks,CFG,RF,0,,False,Incomplete or constant formation history
4010,Banks,CFG,SBNY,0,,False,Incomplete or constant formation history
4010,Banks,CFG,STI,0,,False,Incomplete or constant formation history
4010,Banks,CFG,TFC,0,,False,Incomplete or constant formation history
4010,Banks,CFG,USB,0,,False,Incomplete or constant formation history
4010,Banks,CFG,WFC,0,,False,Incomplete or constant formation history
4010,Banks,CFG,ZION,0,,False,Incomplete or constant formation history
4010,Banks,FITB,HBAN,251,0.8793562395484312,True,OK
4010,Banks,FITB,JPM,251,0.838625455412489,True,OK
4010,Banks,FITB,KEY,251,0.8709795673331407,True,OK
4010,Banks,FITB,MTB,251,0.8090696768918083,True,OK
4010,Banks,FITB,PNC,251,0.8749525733090877,True,OK
4010,Banks,FITB,RF,251,0.8812572776260579,True,OK
4010,Banks,FITB,SBNY,0,,False,Incomplete or constant formation history
4010,Banks,FITB,STI,0,,False,Incomplete or constant formation history
4010,Banks,FITB,TFC,0,,False,Incomplete or constant formation history
4010,Banks,FITB,USB,251,0.8288187202550144,True,OK
4010,Banks,FITB,WFC,251,0.8613398383083107,True,OK
4010,Banks,FITB,ZION,251,0.8468353863634469,True,OK
4010,Banks,HBAN,JPM,251,0.859735015022524,True,OK
4010,Banks,HBAN,KEY,251,0.8890544477315985,True,OK
4010,Banks,HBAN,MTB,251,0.822041764240263,True,OK
4010,Banks,HBAN,PNC,251,0.8972459698145212,True,OK
4010,Banks,HBAN,RF,251,0.8840148955150828,True,OK
4010,Banks,HBAN,SBNY,0,,False,Incomplete or constant formation history
4010,Banks,HBAN,STI,0,,False,Incomplete or constant formation history
4010,Banks,HBAN,TFC,0,,False,Incomplete or constant formation history
4010,Banks,HBAN,USB,251,0.8665843050866243,True,OK
4010,Banks,HBAN,WFC,251,0.878083296379997,True,OK
4010,Banks,HBAN,ZION,251,0.8392287798936131,True,OK
4010,Banks,JPM,KEY,251,0.8521883576391552,True,OK
4010,Banks,JPM,MTB,251,0.7981544068069065,False,OK
4010,Banks,JPM,PNC,251,0.8753917636631646,True,OK
4010,Banks,JPM,RF,251,0.8429566950630233,True,OK
4010,Banks,JPM,SBNY,0,,False,Incomplete or constant formation history
4010,Banks,JPM,STI,0,,False,Incomplete or constant formation history
4010,Banks,JPM,TFC,0,,False,Incomplete or constant formation history
4010,Banks,JPM,USB,251,0.8748840981125583,True,OK
4010,Banks,JPM,WFC,251,0.8981435884794174,True,OK
4010,Banks,JPM,ZION,251,0.804299686552646,True,OK
4010,Banks,KEY,MTB,251,0.8346035158689352,True,OK
4010,Banks,KEY,PNC,251,0.8800979698668308,True,OK
4010,Banks,KEY,RF,251,0.8936922039043672,True,OK
4010,Banks,KEY,SBNY,0,,False,Incomplete or constant formation history
4010,Banks,KEY,STI,0,,False,Incomplete or constant formation history
4010,Banks,KEY,TFC,0,,False,Incomplete or constant formation history
4010,Banks,KEY,USB,251,0.8508291387523681,True,OK
4010,Banks,KEY,WFC,251,0.8638665113507853,True,OK
4010,Banks,KEY,ZION,251,0.8229198582110899,True,OK
4010,Banks,MTB,PNC,251,0.858081808200563,True,OK
4010,Banks,MTB,RF,251,0.8319908441149161,True,OK
4010,Banks,MTB,SBNY,0,,False,Incomplete or constant formation history
4010,Banks,MTB,STI,0,,False,Incomplete or constant formation history
4010,Banks,MTB,TFC,0,,False,Incomplete or constant formation history
4010,Banks,MTB,USB,251,0.8376947538518987,True,OK
4010,Banks,MTB,WFC,251,0.8410893463326956,True,OK
4010,Banks,MTB,ZION,251,0.7815010063086792,False,OK
4010,Banks,PNC,RF,251,0.8652329289841408,True,OK
4010,Banks,PNC,SBNY,0,,False,Incomplete or constant formation history
4010,Banks,PNC,STI,0,,False,Incomplete or constant formation history
4010,Banks,PNC,TFC,0,,False,Incomplete or constant formation history
4010,Banks,PNC,USB,251,0.9042567576132284,True,OK
4010,Banks,PNC,WFC,251,0.912218624144326,True,OK
4010,Banks,PNC,ZION,251,0.8291951457464614,True,OK
4010,Banks,RF,SBNY,0,,False,Incomplete or constant formation history
4010,Banks,RF,STI,0,,False,Incomplete or constant formation history
4010,Banks,RF,TFC,0,,False,Incomplete or constant formation history
4010,Banks,RF,USB,251,0.8358591922553544,True,OK
4010,Banks,RF,WFC,251,0.8448039062504535,True,OK
4010,Banks,RF,ZION,251,0.8892005813968273,True,OK
4010,Banks,SBNY,STI,0,,False,Incomplete or constant formation history
4010,Banks,SBNY,TFC,0,,False,Incomplete or constant formation history
4010,Banks,SBNY,USB,0,,False,Incomplete or constant formation history
4010,Banks,SBNY,WFC,0,,False,Incomplete or constant formation history
4010,Banks,SBNY,ZION,0,,False,Incomplete or constant formation history
4010,Banks,STI,TFC,0,,False,Incomplete or constant formation history
4010,Banks,STI,USB,0,,False,Incomplete or constant formation history
4010,Banks,STI,WFC,0,,False,Incomplete or constant formation history
4010,Banks,STI,ZION,0,,False,Incomplete or constant formation history
4010,Banks,TFC,USB,0,,False,Incomplete or constant formation history
4010,Banks,TFC,WFC,0,,False,Incomplete or constant formation history
4010,Banks,TFC,ZION,0,,False,Incomplete or constant formation history
4010,Banks,USB,WFC,251,0.9047989722733633,True,OK
4010,Banks,USB,ZION,251,0.8046197259751626,True,OK
4010,Banks,WFC,ZION,251,0.8001042145429869,True,OK
4020,Financial Services,AMG,AMP,251,0.7496538385708013,False,OK
4020,Financial Services,AMG,APO,0,,False,Incomplete or constant formation history
4020,Financial Services,AMG,ARES,0,,False,Incomplete or constant formation history
4020,Financial Services,AMG,AXP,251,0.47709507141054397,False,OK
4020,Financial Services,AMG,BEN,251,0.812261316000985,True,OK
4020,Financial Services,AMG,BLK,251,0.7968843852441149,False,OK
4020,Financial Services,AMG,BNY,0,,False,Incomplete or constant formation history
4020,Financial Services,AMG,BRK-B,251,0.6965951922166094,False,OK
4020,Financial Services,AMG,BX,0,,False,Incomplete or constant formation history
4020,Financial Services,AMG,CBOE,0,,False,Incomplete or constant formation history
4020,Financial Services,AMG,CME,251,0.50959316043276,False,OK
4020,Financial Services,AMG,COF,251,0.5917639370764947,False,OK
4020,Financial Services,AMG,COIN,0,,False,Incomplete or constant formation history
4020,Financial Services,AMG,CPAY,0,,False,Incomplete or constant formation history
4020,Financial Services,AMG,FDS,0,,False,Incomplete or constant formation history
4020,Financial Services,AMG,FIS,251,0.43257178081369163,False,OK
4020,Financial Services,AMG,FISV,251,0.595875654025115,False,OK
4020,Financial Services,AMG,GPN,0,,False,Incomplete or constant formation history
4020,Financial Services,AMG,GS,251,0.753199767494827,False,OK
4020,Financial Services,AMG,HOOD,0,,False,Incomplete or constant formation history
4020,Financial Services,AMG,IBKR,0,,False,Incomplete or constant formation history
4020,Financial Services,AMG,ICE,251,0.534546184104656,False,OK
4020,Financial Services,AMG,IVZ,251,0.8083539813786902,True,OK
4020,Financial Services,AMG,JEF,251,0.6358529830185471,False,OK
4020,Financial Services,AMG,JKHY,0,,False,Incomplete or constant formation history
4020,Financial Services,AMG,KKR,0,,False,Incomplete or constant formation history
4020,Financial Services,AMG,MA,251,0.6409134930957244,False,OK
4020,Financial Services,AMG,MCO,251,0.6219063015073352,False,OK
4020,Financial Services,AMG,MKTX,0,,False,Incomplete or constant formation history
4020,Financial Services,AMG,MS,251,0.7515731378774434,False,OK
4020,Financial Services,AMG,MSCI,0,,False,Incomplete or constant formation history
4020,Financial Services,AMG,NAVI,251,0.3882737843108096,False,OK
4020,Financial Services,AMG,NDAQ,251,0.547755372576981,False,OK
4020,Financial Services,AMG,NTRS,251,0.7286253874837378,False,OK
4020,Financial Services,AMG,PYPL,0,,False,Incomplete or constant formation history
4020,Financial Services,AMG,RJF,0,,False,Incomplete or constant formation history
4020,Financial Services,AMG,SCHW,251,0.6718598409894999,False,OK
4020,Financial Services,AMG,SPGI,251,0.5799320177874273,False,OK
4020,Financial Services,AMG,STT,251,0.708320711300941,False,OK
4020,Financial Services,AMG,SYF,0,,False,Incomplete or constant formation history
4020,Financial Services,AMG,TROW,251,0.7836421514177448,False,OK
4020,Financial Services,AMG,V,251,0.5587648934423033,False,OK
4020,Financial Services,AMG,WU,251,0.5334598105200982,False,OK
4020,Financial Services,AMG,XYZ,0,,False,Incomplete or constant formation history
4020,Financial Services,AMP,APO,0,,False,Incomplete or constant formation history
4020,Financial Services,AMP,ARES,0,,False,Incomplete or constant formation history
4020,Financial Services,AMP,AXP,251,0.5502048092241751,False,OK
4020,Financial Services,AMP,BEN,251,0.7680337007003734,False,OK
4020,Financial Services,AMP,BLK,251,0.7660930130934245,False,OK
4020,Financial Services,AMP,BNY,0,,False,Incomplete or constant formation history
4020,Financial Services,AMP,BRK-B,251,0.7870272499391557,False,OK
4020,Financial Services,AMP,BX,0,,False,Incomplete or constant formation history
4020,Financial Services,AMP,CBOE,0,,False,Incomplete or constant formation history
4020,Financial Services,AMP,CME,251,0.6599974254255654,False,OK
4020,Financial Services,AMP,COF,251,0.6637580274524981,False,OK
4020,Financial Services,AMP,COIN,0,,False,Incomplete or constant formation history
4020,Financial Services,AMP,CPAY,0,,False,Incomplete or constant formation history
4020,Financial Services,AMP,FDS,0,,False,Incomplete or constant formation history
4020,Financial Services,AMP,FIS,251,0.5308765109140936,False,OK
4020,Financial Services,AMP,FISV,251,0.7033402168986368,False,OK
4020,Financial Services,AMP,GPN,0,,False,Incomplete or constant formation history
4020,Financial Services,AMP,GS,251,0.7970477310875747,False,OK
4020,Financial Services,AMP,HOOD,0,,False,Incomplete or constant formation history
4020,Financial Services,AMP,IBKR,0,,False,Incomplete or constant formation history
4020,Financial Services,AMP,ICE,251,0.6018016745497647,False,OK
4020,Financial Services,AMP,IVZ,251,0.8018245450515252,True,OK
4020,Financial Services,AMP,JEF,251,0.5871409363325868,False,OK
4020,Financial Services,AMP,JKHY,0,,False,Incomplete or constant formation history
4020,Financial Services,AMP,KKR,0,,False,Incomplete or constant formation history
4020,Financial Services,AMP,MA,251,0.7170010237204764,False,OK
4020,Financial Services,AMP,MCO,251,0.6864212089494114,False,OK
4020,Financial Services,AMP,MKTX,0,,False,Incomplete or constant formation history
4020,Financial Services,AMP,MS,251,0.8083570853401014,True,OK
4020,Financial Services,AMP,MSCI,0,,False,Incomplete or constant formation history
4020,Financial Services,AMP,NAVI,251,0.38616531473265137,False,OK
4020,Financial Services,AMP,NDAQ,251,0.5904089198226556,False,OK
4020,Financial Services,AMP,NTRS,251,0.794984349227288,False,OK
4020,Financial Services,AMP,PYPL,0,,False,Incomplete or constant formation history
4020,Financial Services,AMP,RJF,0,,False,Incomplete or constant formation history
4020,Financial Services,AMP,SCHW,251,0.7595714074614933,False,OK
4020,Financial Services,AMP,SPGI,251,0.6702268457685973,False,OK
4020,Financial Services,AMP,STT,251,0.7659098641657489,False,OK
4020,Financial Services,AMP,SYF,0,,False,Incomplete or constant formation history
4020,Financial Services,AMP,TROW,251,0.7880824231872928,False,OK
4020,Financial Services,AMP,V,251,0.6566842216210809,False,OK
4020,Financial Services,AMP,WU,251,0.5754984362342476,False,OK
4020,Financial Services,AMP,XYZ,0,,False,Incomplete or constant formation history
4020,Financial Services,APO,ARES,0,,False,Incomplete or constant formation history
4020,Financial Services,APO,AXP,0,,False,Incomplete or constant formation history
4020,Financial Services,APO,BEN,0,,False,Incomplete or constant formation history
4020,Financial Services,APO,BLK,0,,False,Incomplete or constant formation history
4020,Financial Services,APO,BNY,0,,False,Incomplete or constant formation history
4020,Financial Services,APO,BRK-B,0,,False,Incomplete or constant formation history
4020,Financial Services,APO,BX,0,,False,Incomplete or constant formation history
4020,Financial Services,APO,CBOE,0,,False,Incomplete or constant formation history
4020,Financial Services,APO,CME,0,,False,Incomplete or constant formation history
4020,Financial Services,APO,COF,0,,False,Incomplete or constant formation history
4020,Financial Services,APO,COIN,0,,False,Incomplete or constant formation history
4020,Financial Services,APO,CPAY,0,,False,Incomplete or constant formation history
4020,Financial Services,APO,FDS,0,,False,Incomplete or constant formation history
4020,Financial Services,APO,FIS,0,,False,Incomplete or constant formation history
4020,Financial Services,APO,FISV,0,,False,Incomplete or constant formation history
4020,Financial Services,APO,GPN,0,,False,Incomplete or constant formation history
4020,Financial Services,APO,GS,0,,False,Incomplete or constant formation history
4020,Financial Services,APO,HOOD,0,,False,Incomplete or constant formation history
4020,Financial Services,APO,IBKR,0,,False,Incomplete or constant formation history
4020,Financial Services,APO,ICE,0,,False,Incomplete or constant formation history
4020,Financial Services,APO,IVZ,0,,False,Incomplete or constant formation history
4020,Financial Services,APO,JEF,0,,False,Incomplete or constant formation history
4020,Financial Services,APO,JKHY,0,,False,Incomplete or constant formation history
4020,Financial Services,APO,KKR,0,,False,Incomplete or constant formation history
4020,Financial Services,APO,MA,0,,False,Incomplete or constant formation history
4020,Financial Services,APO,MCO,0,,False,Incomplete or constant formation history
4020,Financial Services,APO,MKTX,0,,False,Incomplete or constant formation history
4020,Financial Services,APO,MS,0,,False,Incomplete or constant formation history
4020,Financial Services,APO,MSCI,0,,False,Incomplete or constant formation history
4020,Financial Services,APO,NAVI,0,,False,Incomplete or constant formation history
4020,Financial Services,APO,NDAQ,0,,False,Incomplete or constant formation history
4020,Financial Services,APO,NTRS,0,,False,Incomplete or constant formation history
4020,Financial Services,APO,PYPL,0,,False,Incomplete or constant formation history
4020,Financial Services,APO,RJF,0,,False,Incomplete or constant formation history
4020,Financial Services,APO,SCHW,0,,False,Incomplete or constant formation history
4020,Financial Services,APO,SPGI,0,,False,Incomplete or constant formation history
4020,Financial Services,APO,STT,0,,False,Incomplete or constant formation history
4020,Financial Services,APO,SYF,0,,False,Incomplete or constant formation history
4020,Financial Services,APO,TROW,0,,False,Incomplete or constant formation history
4020,Financial Services,APO,V,0,,False,Incomplete or constant formation history
4020,Financial Services,APO,WU,0,,False,Incomplete or constant formation history
4020,Financial Services,APO,XYZ,0,,False,Incomplete or constant formation history
4020,Financial Services,ARES,AXP,0,,False,Incomplete or constant formation history
4020,Financial Services,ARES,BEN,0,,False,Incomplete or constant formation history
4020,Financial Services,ARES,BLK,0,,False,Incomplete or constant formation history
4020,Financial Services,ARES,BNY,0,,False,Incomplete or constant formation history
4020,Financial Services,ARES,BRK-B,0,,False,Incomplete or constant formation history
4020,Financial Services,ARES,BX,0,,False,Incomplete or constant formation history
4020,Financial Services,ARES,CBOE,0,,False,Incomplete or constant formation history
4020,Financial Services,ARES,CME,0,,False,Incomplete or constant formation history
4020,Financial Services,ARES,COF,0,,False,Incomplete or constant formation history
4020,Financial Services,ARES,COIN,0,,False,Incomplete or constant formation history
4020,Financial Services,ARES,CPAY,0,,False,Incomplete or constant formation history
4020,Financial Services,ARES,FDS,0,,False,Incomplete or constant formation history
4020,Financial Services,ARES,FIS,0,,False,Incomplete or constant formation history
4020,Financial Services,ARES,FISV,0,,False,Incomplete or constant formation history
4020,Financial Services,ARES,GPN,0,,False,Incomplete or constant formation history
4020,Financial Services,ARES,GS,0,,False,Incomplete or constant formation history
4020,Financial Services,ARES,HOOD,0,,False,Incomplete or constant formation history
4020,Financial Services,ARES,IBKR,0,,False,Incomplete or constant formation history
4020,Financial Services,ARES,ICE,0,,False,Incomplete or constant formation history
4020,Financial Services,ARES,IVZ,0,,False,Incomplete or constant formation history
4020,Financial Services,ARES,JEF,0,,False,Incomplete or constant formation history
4020,Financial Services,ARES,JKHY,0,,False,Incomplete or constant formation history
4020,Financial Services,ARES,KKR,0,,False,Incomplete or constant formation history
4020,Financial Services,ARES,MA,0,,False,Incomplete or constant formation history
4020,Financial Services,ARES,MCO,0,,False,Incomplete or constant formation history
4020,Financial Services,ARES,MKTX,0,,False,Incomplete or constant formation history
4020,Financial Services,ARES,MS,0,,False,Incomplete or constant formation history
4020,Financial Services,ARES,MSCI,0,,False,Incomplete or constant formation history
4020,Financial Services,ARES,NAVI,0,,False,Incomplete or constant formation history
4020,Financial Services,ARES,NDAQ,0,,False,Incomplete or constant formation history
4020,Financial Services,ARES,NTRS,0,,False,Incomplete or constant formation history
4020,Financial Services,ARES,PYPL,0,,False,Incomplete or constant formation history
4020,Financial Services,ARES,RJF,0,,False,Incomplete or constant formation history
4020,Financial Services,ARES,SCHW,0,,False,Incomplete or constant formation history
4020,Financial Services,ARES,SPGI,0,,False,Incomplete or constant formation history
4020,Financial Services,ARES,STT,0,,False,Incomplete or constant formation history
4020,Financial Services,ARES,SYF,0,,False,Incomplete or constant formation history
4020,Financial Services,ARES,TROW,0,,False,Incomplete or constant formation history
4020,Financial Services,ARES,V,0,,False,Incomplete or constant formation history
4020,Financial Services,ARES,WU,0,,False,Incomplete or constant formation history
4020,Financial Services,ARES,XYZ,0,,False,Incomplete or constant formation history
4020,Financial Services,AXP,BEN,251,0.4680249102875332,False,OK
4020,Financial Services,AXP,BLK,251,0.48301045038716905,False,OK
4020,Financial Services,AXP,BNY,0,,False,Incomplete or constant formation history
4020,Financial Services,AXP,BRK-B,251,0.530962310322288,False,OK
4020,Financial Services,AXP,BX,0,,False,Incomplete or constant formation history
4020,Financial Services,AXP,CBOE,0,,False,Incomplete or constant formation history
4020,Financial Services,AXP,CME,251,0.4305879057243255,False,OK
4020,Financial Services,AXP,COF,251,0.5335683981792625,False,OK
4020,Financial Services,AXP,COIN,0,,False,Incomplete or constant formation history
4020,Financial Services,AXP,CPAY,0,,False,Incomplete or constant formation history
4020,Financial Services,AXP,FDS,0,,False,Incomplete or constant formation history
4020,Financial Services,AXP,FIS,251,0.3806650330948869,False,OK
4020,Financial Services,AXP,FISV,251,0.5122931954907416,False,OK
4020,Financial Services,AXP,GPN,0,,False,Incomplete or constant formation history
4020,Financial Services,AXP,GS,251,0.5689120141501874,False,OK
4020,Financial Services,AXP,HOOD,0,,False,Incomplete or constant formation history
4020,Financial Services,AXP,IBKR,0,,False,Incomplete or constant formation history
4020,Financial Services,AXP,ICE,251,0.39241972228856287,False,OK
4020,Financial Services,AXP,IVZ,251,0.5226780211886936,False,OK
4020,Financial Services,AXP,JEF,251,0.42771074664734104,False,OK
4020,Financial Services,AXP,JKHY,0,,False,Incomplete or constant formation history
4020,Financial Services,AXP,KKR,0,,False,Incomplete or constant formation history
4020,Financial Services,AXP,MA,251,0.5332139936187613,False,OK
4020,Financial Services,AXP,MCO,251,0.4859810865892987,False,OK
4020,Financial Services,AXP,MKTX,0,,False,Incomplete or constant formation history
4020,Financial Services,AXP,MS,251,0.5475430698501019,False,OK
4020,Financial Services,AXP,MSCI,0,,False,Incomplete or constant formation history
4020,Financial Services,AXP,NAVI,251,0.34508349179478326,False,OK
4020,Financial Services,AXP,NDAQ,251,0.3586020468706068,False,OK
4020,Financial Services,AXP,NTRS,251,0.5353928168772442,False,OK
4020,Financial Services,AXP,PYPL,0,,False,Incomplete or constant formation history
4020,Financial Services,AXP,RJF,0,,False,Incomplete or constant formation history
4020,Financial Services,AXP,SCHW,251,0.4827470864712533,False,OK
4020,Financial Services,AXP,SPGI,251,0.44391014792999933,False,OK
4020,Financial Services,AXP,STT,251,0.46516264958225206,False,OK
4020,Financial Services,AXP,SYF,0,,False,Incomplete or constant formation history
4020,Financial Services,AXP,TROW,251,0.46545260591888055,False,OK
4020,Financial Services,AXP,V,251,0.508773768350058,False,OK
4020,Financial Services,AXP,WU,251,0.374422538484841,False,OK
4020,Financial Services,AXP,XYZ,0,,False,Incomplete or constant formation history
4020,Financial Services,BEN,BLK,251,0.8372658961864291,True,OK
4020,Financial Services,BEN,BNY,0,,False,Incomplete or constant formation history
4020,Financial Services,BEN,BRK-B,251,0.7218425598572991,False,OK
4020,Financial Services,BEN,BX,0,,False,Incomplete or constant formation history
4020,Financial Services,BEN,CBOE,0,,False,Incomplete or constant formation history
4020,Financial Services,BEN,CME,251,0.5086277868199888,False,OK
4020,Financial Services,BEN,COF,251,0.5981894898359459,False,OK
4020,Financial Services,BEN,COIN,0,,False,Incomplete or constant formation history
4020,Financial Services,BEN,CPAY,0,,False,Incomplete or constant formation history
4020,Financial Services,BEN,FDS,0,,False,Incomplete or constant formation history
4020,Financial Services,BEN,FIS,251,0.4991516019333466,False,OK
4020,Financial Services,BEN,FISV,251,0.6680418044743259,False,OK
4020,Financial Services,BEN,GPN,0,,False,Incomplete or constant formation history
4020,Financial Services,BEN,GS,251,0.7279989745152965,False,OK
4020,Financial Services,BEN,HOOD,0,,False,Incomplete or constant formation history
4020,Financial Services,BEN,IBKR,0,,False,Incomplete or constant formation history
4020,Financial Services,BEN,ICE,251,0.5464585378594002,False,OK
4020,Financial Services,BEN,IVZ,251,0.8149958268295621,True,OK
4020,Financial Services,BEN,JEF,251,0.6311005585377283,False,OK
4020,Financial Services,BEN,JKHY,0,,False,Incomplete or constant formation history
4020,Financial Services,BEN,KKR,0,,False,Incomplete or constant formation history
4020,Financial Services,BEN,MA,251,0.6390823754913667,False,OK
4020,Financial Services,BEN,MCO,251,0.6177593523895836,False,OK
4020,Financial Services,BEN,MKTX,0,,False,Incomplete or constant formation history
4020,Financial Services,BEN,MS,251,0.7263140254148581,False,OK
4020,Financial Services,BEN,MSCI,0,,False,Incomplete or constant formation history
4020,Financial Services,BEN,NAVI,251,0.36388303817768974,False,OK
4020,Financial Services,BEN,NDAQ,251,0.5604912492875279,False,OK
4020,Financial Services,BEN,NTRS,251,0.6887684514802879,False,OK
4020,Financial Services,BEN,PYPL,0,,False,Incomplete or constant formation history
4020,Financial Services,BEN,RJF,0,,False,Incomplete or constant formation history
4020,Financial Services,BEN,SCHW,251,0.6107647262997513,False,OK
4020,Financial Services,BEN,SPGI,251,0.5687457638298286,False,OK
4020,Financial Services,BEN,STT,251,0.7196917696768009,False,OK
4020,Financial Services,BEN,SYF,0,,False,Incomplete or constant formation history
4020,Financial Services,BEN,TROW,251,0.846590071000023,True,OK
4020,Financial Services,BEN,V,251,0.5607201824284901,False,OK
4020,Financial Services,BEN,WU,251,0.5601453160048823,False,OK
4020,Financial Services,BEN,XYZ,0,,False,Incomplete or constant formation history
4020,Financial Services,BLK,BNY,0,,False,Incomplete or constant formation history
4020,Financial Services,BLK,BRK-B,251,0.7551456379160106,False,OK
4020,Financial Services,BLK,BX,0,,False,Incomplete or constant formation history
4020,Financial Services,BLK,CBOE,0,,False,Incomplete or constant formation history
4020,Financial Services,BLK,CME,251,0.5580849240877188,False,OK
4020,Financial Services,BLK,COF,251,0.5869894167136698,False,OK
4020,Financial Services,BLK,COIN,0,,False,Incomplete or constant formation history
4020,Financial Services,BLK,CPAY,0,,False,Incomplete or constant formation history
4020,Financial Services,BLK,FDS,0,,False,Incomplete or constant formation history
4020,Financial Services,BLK,FIS,251,0.4836933620125098,False,OK
4020,Financial Services,BLK,FISV,251,0.6918886108994208,False,OK
4020,Financial Services,BLK,GPN,0,,False,Incomplete or constant formation history
4020,Financial Services,BLK,GS,251,0.7464927019990153,False,OK
4020,Financial Services,BLK,HOOD,0,,False,Incomplete or constant formation history
4020,Financial Services,BLK,IBKR,0,,False,Incomplete or constant formation history
4020,Financial Services,BLK,ICE,251,0.5911559528796729,False,OK
4020,Financial Services,BLK,IVZ,251,0.8000745276804373,True,OK
4020,Financial Services,BLK,JEF,251,0.6105712471008303,False,OK
4020,Financial Services,BLK,JKHY,0,,False,Incomplete or constant formation history
4020,Financial Services,BLK,KKR,0,,False,Incomplete or constant formation history
4020,Financial Services,BLK,MA,251,0.6890069549484658,False,OK
4020,Financial Services,BLK,MCO,251,0.6722020185388937,False,OK
4020,Financial Services,BLK,MKTX,0,,False,Incomplete or constant formation history
4020,Financial Services,BLK,MS,251,0.7445650843534686,False,OK
4020,Financial Services,BLK,MSCI,0,,False,Incomplete or constant formation history
4020,Financial Services,BLK,NAVI,251,0.36626904468408134,False,OK
4020,Financial Services,BLK,NDAQ,251,0.59094817939859,False,OK
4020,Financial Services,BLK,NTRS,251,0.6999302778877219,False,OK
4020,Financial Services,BLK,PYPL,0,,False,Incomplete or constant formation history
4020,Financial Services,BLK,RJF,0,,False,Incomplete or constant formation history
4020,Financial Services,BLK,SCHW,251,0.6502546148189433,False,OK
4020,Financial Services,BLK,SPGI,251,0.6344814896530638,False,OK
4020,Financial Services,BLK,STT,251,0.7225090861473112,False,OK
4020,Financial Services,BLK,SYF,0,,False,Incomplete or constant formation history
4020,Financial Services,BLK,TROW,251,0.8301698374939782,True,OK
4020,Financial Services,BLK,V,251,0.5944010270305626,False,OK
4020,Financial Services,BLK,WU,251,0.5595743398055527,False,OK
4020,Financial Services,BLK,XYZ,0,,False,Incomplete or constant formation history
4020,Financial Services,BNY,BRK-B,0,,False,Incomplete or constant formation history
4020,Financial Services,BNY,BX,0,,False,Incomplete or constant formation history
4020,Financial Services,BNY,CBOE,0,,False,Incomplete or constant formation history
4020,Financial Services,BNY,CME,0,,False,Incomplete or constant formation history
4020,Financial Services,BNY,COF,0,,False,Incomplete or constant formation history
4020,Financial Services,BNY,COIN,0,,False,Incomplete or constant formation history
4020,Financial Services,BNY,CPAY,0,,False,Incomplete or constant formation history
4020,Financial Services,BNY,FDS,0,,False,Incomplete or constant formation history
4020,Financial Services,BNY,FIS,0,,False,Incomplete or constant formation history
4020,Financial Services,BNY,FISV,0,,False,Incomplete or constant formation history
4020,Financial Services,BNY,GPN,0,,False,Incomplete or constant formation history
4020,Financial Services,BNY,GS,0,,False,Incomplete or constant formation history
4020,Financial Services,BNY,HOOD,0,,False,Incomplete or constant formation history
4020,Financial Services,BNY,IBKR,0,,False,Incomplete or constant formation history
4020,Financial Services,BNY,ICE,0,,False,Incomplete or constant formation history
4020,Financial Services,BNY,IVZ,0,,False,Incomplete or constant formation history
4020,Financial Services,BNY,JEF,0,,False,Incomplete or constant formation history
4020,Financial Services,BNY,JKHY,0,,False,Incomplete or constant formation history
4020,Financial Services,BNY,KKR,0,,False,Incomplete or constant formation history
4020,Financial Services,BNY,MA,0,,False,Incomplete or constant formation history
4020,Financial Services,BNY,MCO,0,,False,Incomplete or constant formation history
4020,Financial Services,BNY,MKTX,0,,False,Incomplete or constant formation history
4020,Financial Services,BNY,MS,0,,False,Incomplete or constant formation history
4020,Financial Services,BNY,MSCI,0,,False,Incomplete or constant formation history
4020,Financial Services,BNY,NAVI,0,,False,Incomplete or constant formation history
4020,Financial Services,BNY,NDAQ,0,,False,Incomplete or constant formation history
4020,Financial Services,BNY,NTRS,0,,False,Incomplete or constant formation history
4020,Financial Services,BNY,PYPL,0,,False,Incomplete or constant formation history
4020,Financial Services,BNY,RJF,0,,False,Incomplete or constant formation history
4020,Financial Services,BNY,SCHW,0,,False,Incomplete or constant formation history
4020,Financial Services,BNY,SPGI,0,,False,Incomplete or constant formation history
4020,Financial Services,BNY,STT,0,,False,Incomplete or constant formation history
4020,Financial Services,BNY,SYF,0,,False,Incomplete or constant formation history
4020,Financial Services,BNY,TROW,0,,False,Incomplete or constant formation history
4020,Financial Services,BNY,V,0,,False,Incomplete or constant formation history
4020,Financial Services,BNY,WU,0,,False,Incomplete or constant formation history
4020,Financial Services,BNY,XYZ,0,,False,Incomplete or constant formation history
4020,Financial Services,BRK-B,BX,0,,False,Incomplete or constant formation history
4020,Financial Services,BRK-B,CBOE,0,,False,Incomplete or constant formation history
4020,Financial Services,BRK-B,CME,251,0.6784203600799444,False,OK
4020,Financial Services,BRK-B,COF,251,0.618549064561035,False,OK
4020,Financial Services,BRK-B,COIN,0,,False,Incomplete or constant formation history
4020,Financial Services,BRK-B,CPAY,0,,False,Incomplete or constant formation history
4020,Financial Services,BRK-B,FDS,0,,False,Incomplete or constant formation history
4020,Financial Services,BRK-B,FIS,251,0.562819586962285,False,OK
4020,Financial Services,BRK-B,FISV,251,0.7531805090022352,False,OK
4020,Financial Services,BRK-B,GPN,0,,False,Incomplete or constant formation history
4020,Financial Services,BRK-B,GS,251,0.7812409418577881,False,OK
4020,Financial Services,BRK-B,HOOD,0,,False,Incomplete or constant formation history
4020,Financial Services,BRK-B,IBKR,0,,False,Incomplete or constant formation history
4020,Financial Services,BRK-B,ICE,251,0.6571405994926871,False,OK
4020,Financial Services,BRK-B,IVZ,251,0.7619428933916118,False,OK
4020,Financial Services,BRK-B,JEF,251,0.5860388510437392,False,OK
4020,Financial Services,BRK-B,JKHY,0,,False,Incomplete or constant formation history
4020,Financial Services,BRK-B,KKR,0,,False,Incomplete or constant formation history
4020,Financial Services,BRK-B,MA,251,0.744990241888485,False,OK
4020,Financial Services,BRK-B,MCO,251,0.6857145618384882,False,OK
4020,Financial Services,BRK-B,MKTX,0,,False,Incomplete or constant formation history
4020,Financial Services,BRK-B,MS,251,0.7749377858222287,False,OK
4020,Financial Services,BRK-B,MSCI,0,,False,Incomplete or constant formation history
4020,Financial Services,BRK-B,NAVI,251,0.4138897005255451,False,OK
4020,Financial Services,BRK-B,NDAQ,251,0.6970109092368114,False,OK
4020,Financial Services,BRK-B,NTRS,251,0.7460870721856444,False,OK
4020,Financial Services,BRK-B,PYPL,0,,False,Incomplete or constant formation history
4020,Financial Services,BRK-B,RJF,0,,False,Incomplete or constant formation history
4020,Financial Services,BRK-B,SCHW,251,0.7111132941590578,False,OK
4020,Financial Services,BRK-B,SPGI,251,0.6388595907114047,False,OK
4020,Financial Services,BRK-B,STT,251,0.7363837825802656,False,OK
4020,Financial Services,BRK-B,SYF,0,,False,Incomplete or constant formation history
4020,Financial Services,BRK-B,TROW,251,0.793750573600756,False,OK
4020,Financial Services,BRK-B,V,251,0.6575985344850868,False,OK
4020,Financial Services,BRK-B,WU,251,0.575051205033859,False,OK
4020,Financial Services,BRK-B,XYZ,0,,False,Incomplete or constant formation history
4020,Financial Services,BX,CBOE,0,,False,Incomplete or constant formation history
4020,Financial Services,BX,CME,0,,False,Incomplete or constant formation history
4020,Financial Services,BX,COF,0,,False,Incomplete or constant formation history
4020,Financial Services,BX,COIN,0,,False,Incomplete or constant formation history
4020,Financial Services,BX,CPAY,0,,False,Incomplete or constant formation history
4020,Financial Services,BX,FDS,0,,False,Incomplete or constant formation history
4020,Financial Services,BX,FIS,0,,False,Incomplete or constant formation history
4020,Financial Services,BX,FISV,0,,False,Incomplete or constant formation history
4020,Financial Services,BX,GPN,0,,False,Incomplete or constant formation history
4020,Financial Services,BX,GS,0,,False,Incomplete or constant formation history
4020,Financial Services,BX,HOOD,0,,False,Incomplete or constant formation history
4020,Financial Services,BX,IBKR,0,,False,Incomplete or constant formation history
4020,Financial Services,BX,ICE,0,,False,Incomplete or constant formation history
4020,Financial Services,BX,IVZ,0,,False,Incomplete or constant formation history
4020,Financial Services,BX,JEF,0,,False,Incomplete or constant formation history
4020,Financial Services,BX,JKHY,0,,False,Incomplete or constant formation history
4020,Financial Services,BX,KKR,0,,False,Incomplete or constant formation history
4020,Financial Services,BX,MA,0,,False,Incomplete or constant formation history
4020,Financial Services,BX,MCO,0,,False,Incomplete or constant formation history
4020,Financial Services,BX,MKTX,0,,False,Incomplete or constant formation history
4020,Financial Services,BX,MS,0,,False,Incomplete or constant formation history
4020,Financial Services,BX,MSCI,0,,False,Incomplete or constant formation history
4020,Financial Services,BX,NAVI,0,,False,Incomplete or constant formation history
4020,Financial Services,BX,NDAQ,0,,False,Incomplete or constant formation history
4020,Financial Services,BX,NTRS,0,,False,Incomplete or constant formation history
4020,Financial Services,BX,PYPL,0,,False,Incomplete or constant formation history
4020,Financial Services,BX,RJF,0,,False,Incomplete or constant formation history
4020,Financial Services,BX,SCHW,0,,False,Incomplete or constant formation history
4020,Financial Services,BX,SPGI,0,,False,Incomplete or constant formation history
4020,Financial Services,BX,STT,0,,False,Incomplete or constant formation history
4020,Financial Services,BX,SYF,0,,False,Incomplete or constant formation history
4020,Financial Services,BX,TROW,0,,False,Incomplete or constant formation history
4020,Financial Services,BX,V,0,,False,Incomplete or constant formation history
4020,Financial Services,BX,WU,0,,False,Incomplete or constant formation history
4020,Financial Services,BX,XYZ,0,,False,Incomplete or constant formation history
4020,Financial Services,CBOE,CME,0,,False,Incomplete or constant formation history
4020,Financial Services,CBOE,COF,0,,False,Incomplete or constant formation history
4020,Financial Services,CBOE,COIN,0,,False,Incomplete or constant formation history
4020,Financial Services,CBOE,CPAY,0,,False,Incomplete or constant formation history
4020,Financial Services,CBOE,FDS,0,,False,Incomplete or constant formation history
4020,Financial Services,CBOE,FIS,0,,False,Incomplete or constant formation history
4020,Financial Services,CBOE,FISV,0,,False,Incomplete or constant formation history
4020,Financial Services,CBOE,GPN,0,,False,Incomplete or constant formation history
4020,Financial Services,CBOE,GS,0,,False,Incomplete or constant formation history
4020,Financial Services,CBOE,HOOD,0,,False,Incomplete or constant formation history
4020,Financial Services,CBOE,IBKR,0,,False,Incomplete or constant formation history
4020,Financial Services,CBOE,ICE,0,,False,Incomplete or constant formation history
4020,Financial Services,CBOE,IVZ,0,,False,Incomplete or constant formation history
4020,Financial Services,CBOE,JEF,0,,False,Incomplete or constant formation history
4020,Financial Services,CBOE,JKHY,0,,False,Incomplete or constant formation history
4020,Financial Services,CBOE,KKR,0,,False,Incomplete or constant formation history
4020,Financial Services,CBOE,MA,0,,False,Incomplete or constant formation history
4020,Financial Services,CBOE,MCO,0,,False,Incomplete or constant formation history
4020,Financial Services,CBOE,MKTX,0,,False,Incomplete or constant formation history
4020,Financial Services,CBOE,MS,0,,False,Incomplete or constant formation history
4020,Financial Services,CBOE,MSCI,0,,False,Incomplete or constant formation history
4020,Financial Services,CBOE,NAVI,0,,False,Incomplete or constant formation history
4020,Financial Services,CBOE,NDAQ,0,,False,Incomplete or constant formation history
4020,Financial Services,CBOE,NTRS,0,,False,Incomplete or constant formation history
4020,Financial Services,CBOE,PYPL,0,,False,Incomplete or constant formation history
4020,Financial Services,CBOE,RJF,0,,False,Incomplete or constant formation history
4020,Financial Services,CBOE,SCHW,0,,False,Incomplete or constant formation history
4020,Financial Services,CBOE,SPGI,0,,False,Incomplete or constant formation history
4020,Financial Services,CBOE,STT,0,,False,Incomplete or constant formation history
4020,Financial Services,CBOE,SYF,0,,False,Incomplete or constant formation history
4020,Financial Services,CBOE,TROW,0,,False,Incomplete or constant formation history
4020,Financial Services,CBOE,V,0,,False,Incomplete or constant formation history
4020,Financial Services,CBOE,WU,0,,False,Incomplete or constant formation history
4020,Financial Services,CBOE,XYZ,0,,False,Incomplete or constant formation history
4020,Financial Services,CME,COF,251,0.5244703854303684,False,OK
4020,Financial Services,CME,COIN,0,,False,Incomplete or constant formation history
4020,Financial Services,CME,CPAY,0,,False,Incomplete or constant formation history
4020,Financial Services,CME,FDS,0,,False,Incomplete or constant formation history
4020,Financial Services,CME,FIS,251,0.42521812515974555,False,OK
4020,Financial Services,CME,FISV,251,0.6140681181496637,False,OK
4020,Financial Services,CME,GPN,0,,False,Incomplete or constant formation history
4020,Financial Services,CME,GS,251,0.6616871357494678,False,OK
4020,Financial Services,CME,HOOD,0,,False,Incomplete or constant formation history
4020,Financial Services,CME,IBKR,0,,False,Incomplete or constant formation history
4020,Financial Services,CME,ICE,251,0.7770233438277319,False,OK
4020,Financial Services,CME,IVZ,251,0.5528635477508649,False,OK
4020,Financial Services,CME,JEF,251,0.3687423618805313,False,OK
4020,Financial Services,CME,JKHY,0,,False,Incomplete or constant formation history
4020,Financial Services,CME,KKR,0,,False,Incomplete or constant formation history
4020,Financial Services,CME,MA,251,0.5997008445945111,False,OK
4020,Financial Services,CME,MCO,251,0.5851515950026209,False,OK
4020,Financial Services,CME,MKTX,0,,False,Incomplete or constant formation history
4020,Financial Services,CME,MS,251,0.6461436281847099,False,OK
4020,Financial Services,CME,MSCI,0,,False,Incomplete or constant formation history
4020,Financial Services,CME,NAVI,251,0.2589905466368882,False,OK
4020,Financial Services,CME,NDAQ,251,0.7141368595979045,False,OK
4020,Financial Services,CME,NTRS,251,0.6387889628148582,False,OK
4020,Financial Services,CME,PYPL,0,,False,Incomplete or constant formation history
4020,Financial Services,CME,RJF,0,,False,Incomplete or constant formation history
4020,Financial Services,CME,SCHW,251,0.7176661982961703,False,OK
4020,Financial Services,CME,SPGI,251,0.569829851191988,False,OK
4020,Financial Services,CME,STT,251,0.6058379789855171,False,OK
4020,Financial Services,CME,SYF,0,,False,Incomplete or constant formation history
4020,Financial Services,CME,TROW,251,0.6040569435097586,False,OK
4020,Financial Services,CME,V,251,0.5407935160294255,False,OK
4020,Financial Services,CME,WU,251,0.3852847326176357,False,OK
4020,Financial Services,CME,XYZ,0,,False,Incomplete or constant formation history
4020,Financial Services,COF,COIN,0,,False,Incomplete or constant formation history
4020,Financial Services,COF,CPAY,0,,False,Incomplete or constant formation history
4020,Financial Services,COF,FDS,0,,False,Incomplete or constant formation history
4020,Financial Services,COF,FIS,251,0.4107662407189298,False,OK
4020,Financial Services,COF,FISV,251,0.5621804570949533,False,OK
4020,Financial Services,COF,GPN,0,,False,Incomplete or constant formation history
4020,Financial Services,COF,GS,251,0.6958215906242732,False,OK
4020,Financial Services,COF,HOOD,0,,False,Incomplete or constant formation history
4020,Financial Services,COF,IBKR,0,,False,Incomplete or constant formation history
4020,Financial Services,COF,ICE,251,0.4905065011003114,False,OK
4020,Financial Services,COF,IVZ,251,0.6633380150657388,False,OK
4020,Financial Services,COF,JEF,251,0.47574783865805004,False,OK
4020,Financial Services,COF,JKHY,0,,False,Incomplete or constant formation history
4020,Financial Services,COF,KKR,0,,False,Incomplete or constant formation history
4020,Financial Services,COF,MA,251,0.5564335111669227,False,OK
4020,Financial Services,COF,MCO,251,0.5170363451805843,False,OK
4020,Financial Services,COF,MKTX,0,,False,Incomplete or constant formation history
4020,Financial Services,COF,MS,251,0.6641370134982678,False,OK
4020,Financial Services,COF,MSCI,0,,False,Incomplete or constant formation history
4020,Financial Services,COF,NAVI,251,0.3801496193612933,False,OK
4020,Financial Services,COF,NDAQ,251,0.44110284221534607,False,OK
4020,Financial Services,COF,NTRS,251,0.6315695066750263,False,OK
4020,Financial Services,COF,PYPL,0,,False,Incomplete or constant formation history
4020,Financial Services,COF,RJF,0,,False,Incomplete or constant formation history
4020,Financial Services,COF,SCHW,251,0.612341382185953,False,OK
4020,Financial Services,COF,SPGI,251,0.5468842182556477,False,OK
4020,Financial Services,COF,STT,251,0.6381789071280951,False,OK
4020,Financial Services,COF,SYF,0,,False,Incomplete or constant formation history
4020,Financial Services,COF,TROW,251,0.5995011935339526,False,OK
4020,Financial Services,COF,V,251,0.40226857804898825,False,OK
4020,Financial Services,COF,WU,251,0.4577371012628799,False,OK
4020,Financial Services,COF,XYZ,0,,False,Incomplete or constant formation history
4020,Financial Services,COIN,CPAY,0,,False,Incomplete or constant formation history
4020,Financial Services,COIN,FDS,0,,False,Incomplete or constant formation history
4020,Financial Services,COIN,FIS,0,,False,Incomplete or constant formation history
4020,Financial Services,COIN,FISV,0,,False,Incomplete or constant formation history
4020,Financial Services,COIN,GPN,0,,False,Incomplete or constant formation history
4020,Financial Services,COIN,GS,0,,False,Incomplete or constant formation history
4020,Financial Services,COIN,HOOD,0,,False,Incomplete or constant formation history
4020,Financial Services,COIN,IBKR,0,,False,Incomplete or constant formation history
4020,Financial Services,COIN,ICE,0,,False,Incomplete or constant formation history
4020,Financial Services,COIN,IVZ,0,,False,Incomplete or constant formation history
4020,Financial Services,COIN,JEF,0,,False,Incomplete or constant formation history
4020,Financial Services,COIN,JKHY,0,,False,Incomplete or constant formation history
4020,Financial Services,COIN,KKR,0,,False,Incomplete or constant formation history
4020,Financial Services,COIN,MA,0,,False,Incomplete or constant formation history
4020,Financial Services,COIN,MCO,0,,False,Incomplete or constant formation history
4020,Financial Services,COIN,MKTX,0,,False,Incomplete or constant formation history
4020,Financial Services,COIN,MS,0,,False,Incomplete or constant formation history
4020,Financial Services,COIN,MSCI,0,,False,Incomplete or constant formation history
4020,Financial Services,COIN,NAVI,0,,False,Incomplete or constant formation history
4020,Financial Services,COIN,NDAQ,0,,False,Incomplete or constant formation history
4020,Financial Services,COIN,NTRS,0,,False,Incomplete or constant formation history
4020,Financial Services,COIN,PYPL,0,,False,Incomplete or constant formation history
4020,Financial Services,COIN,RJF,0,,False,Incomplete or constant formation history
4020,Financial Services,COIN,SCHW,0,,False,Incomplete or constant formation history
4020,Financial Services,COIN,SPGI,0,,False,Incomplete or constant formation history
4020,Financial Services,COIN,STT,0,,False,Incomplete or constant formation history
4020,Financial Services,COIN,SYF,0,,False,Incomplete or constant formation history
4020,Financial Services,COIN,TROW,0,,False,Incomplete or constant formation history
4020,Financial Services,COIN,V,0,,False,Incomplete or constant formation history
4020,Financial Services,COIN,WU,0,,False,Incomplete or constant formation history
4020,Financial Services,COIN,XYZ,0,,False,Incomplete or constant formation history
4020,Financial Services,CPAY,FDS,0,,False,Incomplete or constant formation history
4020,Financial Services,CPAY,FIS,0,,False,Incomplete or constant formation history
4020,Financial Services,CPAY,FISV,0,,False,Incomplete or constant formation history
4020,Financial Services,CPAY,GPN,0,,False,Incomplete or constant formation history
4020,Financial Services,CPAY,GS,0,,False,Incomplete or constant formation history
4020,Financial Services,CPAY,HOOD,0,,False,Incomplete or constant formation history
4020,Financial Services,CPAY,IBKR,0,,False,Incomplete or constant formation history
4020,Financial Services,CPAY,ICE,0,,False,Incomplete or constant formation history
4020,Financial Services,CPAY,IVZ,0,,False,Incomplete or constant formation history
4020,Financial Services,CPAY,JEF,0,,False,Incomplete or constant formation history
4020,Financial Services,CPAY,JKHY,0,,False,Incomplete or constant formation history
4020,Financial Services,CPAY,KKR,0,,False,Incomplete or constant formation history
4020,Financial Services,CPAY,MA,0,,False,Incomplete or constant formation history
4020,Financial Services,CPAY,MCO,0,,False,Incomplete or constant formation history
4020,Financial Services,CPAY,MKTX,0,,False,Incomplete or constant formation history
4020,Financial Services,CPAY,MS,0,,False,Incomplete or constant formation history
4020,Financial Services,CPAY,MSCI,0,,False,Incomplete or constant formation history
4020,Financial Services,CPAY,NAVI,0,,False,Incomplete or constant formation history
4020,Financial Services,CPAY,NDAQ,0,,False,Incomplete or constant formation history
4020,Financial Services,CPAY,NTRS,0,,False,Incomplete or constant formation history
4020,Financial Services,CPAY,PYPL,0,,False,Incomplete or constant formation history
4020,Financial Services,CPAY,RJF,0,,False,Incomplete or constant formation history
4020,Financial Services,CPAY,SCHW,0,,False,Incomplete or constant formation history
4020,Financial Services,CPAY,SPGI,0,,False,Incomplete or constant formation history
4020,Financial Services,CPAY,STT,0,,False,Incomplete or constant formation history
4020,Financial Services,CPAY,SYF,0,,False,Incomplete or constant formation history
4020,Financial Services,CPAY,TROW,0,,False,Incomplete or constant formation history
4020,Financial Services,CPAY,V,0,,False,Incomplete or constant formation history
4020,Financial Services,CPAY,WU,0,,False,Incomplete or constant formation history
4020,Financial Services,CPAY,XYZ,0,,False,Incomplete or constant formation history
4020,Financial Services,FDS,FIS,0,,False,Incomplete or constant formation history
4020,Financial Services,FDS,FISV,0,,False,Incomplete or constant formation history
4020,Financial Services,FDS,GPN,0,,False,Incomplete or constant formation history
4020,Financial Services,FDS,GS,0,,False,Incomplete or constant formation history
4020,Financial Services,FDS,HOOD,0,,False,Incomplete or constant formation history
4020,Financial Services,FDS,IBKR,0,,False,Incomplete or constant formation history
4020,Financial Services,FDS,ICE,0,,False,Incomplete or constant formation history
4020,Financial Services,FDS,IVZ,0,,False,Incomplete or constant formation history
4020,Financial Services,FDS,JEF,0,,False,Incomplete or constant formation history
4020,Financial Services,FDS,JKHY,0,,False,Incomplete or constant formation history
4020,Financial Services,FDS,KKR,0,,False,Incomplete or constant formation history
4020,Financial Services,FDS,MA,0,,False,Incomplete or constant formation history
4020,Financial Services,FDS,MCO,0,,False,Incomplete or constant formation history
4020,Financial Services,FDS,MKTX,0,,False,Incomplete or constant formation history
4020,Financial Services,FDS,MS,0,,False,Incomplete or constant formation history
4020,Financial Services,FDS,MSCI,0,,False,Incomplete or constant formation history
4020,Financial Services,FDS,NAVI,0,,False,Incomplete or constant formation history
4020,Financial Services,FDS,NDAQ,0,,False,Incomplete or constant formation history
4020,Financial Services,FDS,NTRS,0,,False,Incomplete or constant formation history
4020,Financial Services,FDS,PYPL,0,,False,Incomplete or constant formation history
4020,Financial Services,FDS,RJF,0,,False,Incomplete or constant formation history
4020,Financial Services,FDS,SCHW,0,,False,Incomplete or constant formation history
4020,Financial Services,FDS,SPGI,0,,False,Incomplete or constant formation history
4020,Financial Services,FDS,STT,0,,False,Incomplete or constant formation history
4020,Financial Services,FDS,SYF,0,,False,Incomplete or constant formation history
4020,Financial Services,FDS,TROW,0,,False,Incomplete or constant formation history
4020,Financial Services,FDS,V,0,,False,Incomplete or constant formation history
4020,Financial Services,FDS,WU,0,,False,Incomplete or constant formation history
4020,Financial Services,FDS,XYZ,0,,False,Incomplete or constant formation history
4020,Financial Services,FIS,FISV,251,0.6692114872313399,False,OK
4020,Financial Services,FIS,GPN,0,,False,Incomplete or constant formation history
4020,Financial Services,FIS,GS,251,0.5445168118510123,False,OK
4020,Financial Services,FIS,HOOD,0,,False,Incomplete or constant formation history
4020,Financial Services,FIS,IBKR,0,,False,Incomplete or constant formation history
4020,Financial Services,FIS,ICE,251,0.44784178184273504,False,OK
4020,Financial Services,FIS,IVZ,251,0.5282733438804915,False,OK
4020,Financial Services,FIS,JEF,251,0.4156409085955086,False,OK
4020,Financial Services,FIS,JKHY,0,,False,Incomplete or constant formation history
4020,Financial Services,FIS,KKR,0,,False,Incomplete or constant formation history
4020,Financial Services,FIS,MA,251,0.5701762958333773,False,OK
4020,Financial Services,FIS,MCO,251,0.42626212803086494,False,OK
4020,Financial Services,FIS,MKTX,0,,False,Incomplete or constant formation history
4020,Financial Services,FIS,MS,251,0.5505371208967855,False,OK
4020,Financial Services,FIS,MSCI,0,,False,Incomplete or constant formation history
4020,Financial Services,FIS,NAVI,251,0.2765626456499112,False,OK
4020,Financial Services,FIS,NDAQ,251,0.4413857605687955,False,OK
4020,Financial Services,FIS,NTRS,251,0.4943972092991844,False,OK
4020,Financial Services,FIS,PYPL,0,,False,Incomplete or constant formation history
4020,Financial Services,FIS,RJF,0,,False,Incomplete or constant formation history
4020,Financial Services,FIS,SCHW,251,0.44027144505307764,False,OK
4020,Financial Services,FIS,SPGI,251,0.38831119159941124,False,OK
4020,Financial Services,FIS,STT,251,0.45809101793880186,False,OK
4020,Financial Services,FIS,SYF,0,,False,Incomplete or constant formation history
4020,Financial Services,FIS,TROW,251,0.49428537269401035,False,OK
4020,Financial Services,FIS,V,251,0.4690776205864061,False,OK
4020,Financial Services,FIS,WU,251,0.44256539461037286,False,OK
4020,Financial Services,FIS,XYZ,0,,False,Incomplete or constant formation history
4020,Financial Services,FISV,GPN,0,,False,Incomplete or constant formation history
4020,Financial Services,FISV,GS,251,0.6892765935131397,False,OK
4020,Financial Services,FISV,HOOD,0,,False,Incomplete or constant formation history
4020,Financial Services,FISV,IBKR,0,,False,Incomplete or constant formation history
4020,Financial Services,FISV,ICE,251,0.5926983112994891,False,OK
4020,Financial Services,FISV,IVZ,251,0.6579094807949989,False,OK
4020,Financial Services,FISV,JEF,251,0.5028414314237772,False,OK
4020,Financial Services,FISV,JKHY,0,,False,Incomplete or constant formation history
4020,Financial Services,FISV,KKR,0,,False,Incomplete or constant formation history
4020,Financial Services,FISV,MA,251,0.7450318675937908,False,OK
4020,Financial Services,FISV,MCO,251,0.6428032257418256,False,OK
4020,Financial Services,FISV,MKTX,0,,False,Incomplete or constant formation history
4020,Financial Services,FISV,MS,251,0.6718342813399142,False,OK
4020,Financial Services,FISV,MSCI,0,,False,Incomplete or constant formation history
4020,Financial Services,FISV,NAVI,251,0.340529824146163,False,OK
4020,Financial Services,FISV,NDAQ,251,0.6257365255979833,False,OK
4020,Financial Services,FISV,NTRS,251,0.6474057516113441,False,OK
4020,Financial Services,FISV,PYPL,0,,False,Incomplete or constant formation history
4020,Financial Services,FISV,RJF,0,,False,Incomplete or constant formation history
4020,Financial Services,FISV,SCHW,251,0.6131039074172825,False,OK
4020,Financial Services,FISV,SPGI,251,0.6614493475216026,False,OK
4020,Financial Services,FISV,STT,251,0.6109115748382454,False,OK
4020,Financial Services,FISV,SYF,0,,False,Incomplete or constant formation history
4020,Financial Services,FISV,TROW,251,0.6730816494085438,False,OK
4020,Financial Services,FISV,V,251,0.6838114064629012,False,OK
4020,Financial Services,FISV,WU,251,0.5947504417602135,False,OK
4020,Financial Services,FISV,XYZ,0,,False,Incomplete or constant formation history
4020,Financial Services,GPN,GS,0,,False,Incomplete or constant formation history
4020,Financial Services,GPN,HOOD,0,,False,Incomplete or constant formation history
4020,Financial Services,GPN,IBKR,0,,False,Incomplete or constant formation history
4020,Financial Services,GPN,ICE,0,,False,Incomplete or constant formation history
4020,Financial Services,GPN,IVZ,0,,False,Incomplete or constant formation history
4020,Financial Services,GPN,JEF,0,,False,Incomplete or constant formation history
4020,Financial Services,GPN,JKHY,0,,False,Incomplete or constant formation history
4020,Financial Services,GPN,KKR,0,,False,Incomplete or constant formation history
4020,Financial Services,GPN,MA,0,,False,Incomplete or constant formation history
4020,Financial Services,GPN,MCO,0,,False,Incomplete or constant formation history
4020,Financial Services,GPN,MKTX,0,,False,Incomplete or constant formation history
4020,Financial Services,GPN,MS,0,,False,Incomplete or constant formation history
4020,Financial Services,GPN,MSCI,0,,False,Incomplete or constant formation history
4020,Financial Services,GPN,NAVI,0,,False,Incomplete or constant formation history
4020,Financial Services,GPN,NDAQ,0,,False,Incomplete or constant formation history
4020,Financial Services,GPN,NTRS,0,,False,Incomplete or constant formation history
4020,Financial Services,GPN,PYPL,0,,False,Incomplete or constant formation history
4020,Financial Services,GPN,RJF,0,,False,Incomplete or constant formation history
4020,Financial Services,GPN,SCHW,0,,False,Incomplete or constant formation history
4020,Financial Services,GPN,SPGI,0,,False,Incomplete or constant formation history
4020,Financial Services,GPN,STT,0,,False,Incomplete or constant formation history
4020,Financial Services,GPN,SYF,0,,False,Incomplete or constant formation history
4020,Financial Services,GPN,TROW,0,,False,Incomplete or constant formation history
4020,Financial Services,GPN,V,0,,False,Incomplete or constant formation history
4020,Financial Services,GPN,WU,0,,False,Incomplete or constant formation history
4020,Financial Services,GPN,XYZ,0,,False,Incomplete or constant formation history
4020,Financial Services,GS,HOOD,0,,False,Incomplete or constant formation history
4020,Financial Services,GS,IBKR,0,,False,Incomplete or constant formation history
4020,Financial Services,GS,ICE,251,0.6175070322672372,False,OK
4020,Financial Services,GS,IVZ,251,0.7879049127971725,False,OK
4020,Financial Services,GS,JEF,251,0.580087348740006,False,OK
4020,Financial Services,GS,JKHY,0,,False,Incomplete or constant formation history
4020,Financial Services,GS,KKR,0,,False,Incomplete or constant formation history
4020,Financial Services,GS,MA,251,0.7160837356952288,False,OK
4020,Financial Services,GS,MCO,251,0.6907977988050203,False,OK
4020,Financial Services,GS,MKTX,0,,False,Incomplete or constant formation history
4020,Financial Services,GS,MS,251,0.8938306263233792,True,OK
4020,Financial Services,GS,MSCI,0,,False,Incomplete or constant formation history
4020,Financial Services,GS,NAVI,251,0.3849771094240602,False,OK
4020,Financial Services,GS,NDAQ,251,0.6098114125702107,False,OK
4020,Financial Services,GS,NTRS,251,0.8127994442196618,True,OK
4020,Financial Services,GS,PYPL,0,,False,Incomplete or constant formation history
4020,Financial Services,GS,RJF,0,,False,Incomplete or constant formation history
4020,Financial Services,GS,SCHW,251,0.7680849724258766,False,OK
4020,Financial Services,GS,SPGI,251,0.6828264022641088,False,OK
4020,Financial Services,GS,STT,251,0.7750403426827208,False,OK
4020,Financial Services,GS,SYF,0,,False,Incomplete or constant formation history
4020,Financial Services,GS,TROW,251,0.7624798543394106,False,OK
4020,Financial Services,GS,V,251,0.6687627778109797,False,OK
4020,Financial Services,GS,WU,251,0.5478723808032908,False,OK
4020,Financial Services,GS,XYZ,0,,False,Incomplete or constant formation history
4020,Financial Services,HOOD,IBKR,0,,False,Incomplete or constant formation history
4020,Financial Services,HOOD,ICE,0,,False,Incomplete or constant formation history
4020,Financial Services,HOOD,IVZ,0,,False,Incomplete or constant formation history
4020,Financial Services,HOOD,JEF,0,,False,Incomplete or constant formation history
4020,Financial Services,HOOD,JKHY,0,,False,Incomplete or constant formation history
4020,Financial Services,HOOD,KKR,0,,False,Incomplete or constant formation history
4020,Financial Services,HOOD,MA,0,,False,Incomplete or constant formation history
4020,Financial Services,HOOD,MCO,0,,False,Incomplete or constant formation history
4020,Financial Services,HOOD,MKTX,0,,False,Incomplete or constant formation history
4020,Financial Services,HOOD,MS,0,,False,Incomplete or constant formation history
4020,Financial Services,HOOD,MSCI,0,,False,Incomplete or constant formation history
4020,Financial Services,HOOD,NAVI,0,,False,Incomplete or constant formation history
4020,Financial Services,HOOD,NDAQ,0,,False,Incomplete or constant formation history
4020,Financial Services,HOOD,NTRS,0,,False,Incomplete or constant formation history
4020,Financial Services,HOOD,PYPL,0,,False,Incomplete or constant formation history
4020,Financial Services,HOOD,RJF,0,,False,Incomplete or constant formation history
4020,Financial Services,HOOD,SCHW,0,,False,Incomplete or constant formation history
4020,Financial Services,HOOD,SPGI,0,,False,Incomplete or constant formation history
4020,Financial Services,HOOD,STT,0,,False,Incomplete or constant formation history
4020,Financial Services,HOOD,SYF,0,,False,Incomplete or constant formation history
4020,Financial Services,HOOD,TROW,0,,False,Incomplete or constant formation history
4020,Financial Services,HOOD,V,0,,False,Incomplete or constant formation history
4020,Financial Services,HOOD,WU,0,,False,Incomplete or constant formation history
4020,Financial Services,HOOD,XYZ,0,,False,Incomplete or constant formation history
4020,Financial Services,IBKR,ICE,0,,False,Incomplete or constant formation history
4020,Financial Services,IBKR,IVZ,0,,False,Incomplete or constant formation history
4020,Financial Services,IBKR,JEF,0,,False,Incomplete or constant formation history
4020,Financial Services,IBKR,JKHY,0,,False,Incomplete or constant formation history
4020,Financial Services,IBKR,KKR,0,,False,Incomplete or constant formation history
4020,Financial Services,IBKR,MA,0,,False,Incomplete or constant formation history
4020,Financial Services,IBKR,MCO,0,,False,Incomplete or constant formation history
4020,Financial Services,IBKR,MKTX,0,,False,Incomplete or constant formation history
4020,Financial Services,IBKR,MS,0,,False,Incomplete or constant formation history
4020,Financial Services,IBKR,MSCI,0,,False,Incomplete or constant formation history
4020,Financial Services,IBKR,NAVI,0,,False,Incomplete or constant formation history
4020,Financial Services,IBKR,NDAQ,0,,False,Incomplete or constant formation history
4020,Financial Services,IBKR,NTRS,0,,False,Incomplete or constant formation history
4020,Financial Services,IBKR,PYPL,0,,False,Incomplete or constant formation history
4020,Financial Services,IBKR,RJF,0,,False,Incomplete or constant formation history
4020,Financial Services,IBKR,SCHW,0,,False,Incomplete or constant formation history
4020,Financial Services,IBKR,SPGI,0,,False,Incomplete or constant formation history
4020,Financial Services,IBKR,STT,0,,False,Incomplete or constant formation history
4020,Financial Services,IBKR,SYF,0,,False,Incomplete or constant formation history
4020,Financial Services,IBKR,TROW,0,,False,Incomplete or constant formation history
4020,Financial Services,IBKR,V,0,,False,Incomplete or constant formation history
4020,Financial Services,IBKR,WU,0,,False,Incomplete or constant formation history
4020,Financial Services,IBKR,XYZ,0,,False,Incomplete or constant formation history
4020,Financial Services,ICE,IVZ,251,0.5532328379013733,False,OK
4020,Financial Services,ICE,JEF,251,0.4108535244408474,False,OK
4020,Financial Services,ICE,JKHY,0,,False,Incomplete or constant formation history
4020,Financial Services,ICE,KKR,0,,False,Incomplete or constant formation history
4020,Financial Services,ICE,MA,251,0.6144226178639016,False,OK
4020,Financial Services,ICE,MCO,251,0.59188757655048,False,OK
4020,Financial Services,ICE,MKTX,0,,False,Incomplete or constant formation history
4020,Financial Services,ICE,MS,251,0.5893413128509816,False,OK
4020,Financial Services,ICE,MSCI,0,,False,Incomplete or constant formation history
4020,Financial Services,ICE,NAVI,251,0.2638049320308667,False,OK
4020,Financial Services,ICE,NDAQ,251,0.7743138463061345,False,OK
4020,Financial Services,ICE,NTRS,251,0.6156473361777282,False,OK
4020,Financial Services,ICE,PYPL,0,,False,Incomplete or constant formation history
4020,Financial Services,ICE,RJF,0,,False,Incomplete or constant formation history
4020,Financial Services,ICE,SCHW,251,0.6287762643423022,False,OK
4020,Financial Services,ICE,SPGI,251,0.5143874964627679,False,OK
4020,Financial Services,ICE,STT,251,0.6106923981791892,False,OK
4020,Financial Services,ICE,SYF,0,,False,Incomplete or constant formation history
4020,Financial Services,ICE,TROW,251,0.6018895479059472,False,OK
4020,Financial Services,ICE,V,251,0.5691227721362652,False,OK
4020,Financial Services,ICE,WU,251,0.38382095988522186,False,OK
4020,Financial Services,ICE,XYZ,0,,False,Incomplete or constant formation history
4020,Financial Services,IVZ,JEF,251,0.6465005203013441,False,OK
4020,Financial Services,IVZ,JKHY,0,,False,Incomplete or constant formation history
4020,Financial Services,IVZ,KKR,0,,False,Incomplete or constant formation history
4020,Financial Services,IVZ,MA,251,0.6802032155873982,False,OK
4020,Financial Services,IVZ,MCO,251,0.6800123929841014,False,OK
4020,Financial Services,IVZ,MKTX,0,,False,Incomplete or constant formation history
4020,Financial Services,IVZ,MS,251,0.785351039836267,False,OK
4020,Financial Services,IVZ,MSCI,0,,False,Incomplete or constant formation history
4020,Financial Services,IVZ,NAVI,251,0.42515535500738766,False,OK
4020,Financial Services,IVZ,NDAQ,251,0.5583747131669806,False,OK
4020,Financial Services,IVZ,NTRS,251,0.7579815527177828,False,OK
4020,Financial Services,IVZ,PYPL,0,,False,Incomplete or constant formation history
4020,Financial Services,IVZ,RJF,0,,False,Incomplete or constant formation history
4020,Financial Services,IVZ,SCHW,251,0.6988156843654113,False,OK
4020,Financial Services,IVZ,SPGI,251,0.6482024238298804,False,OK
4020,Financial Services,IVZ,STT,251,0.7577451813067124,False,OK
4020,Financial Services,IVZ,SYF,0,,False,Incomplete or constant formation history
4020,Financial Services,IVZ,TROW,251,0.8118483289693538,True,OK
4020,Financial Services,IVZ,V,251,0.5990061313233792,False,OK
4020,Financial Services,IVZ,WU,251,0.566352313930132,False,OK
4020,Financial Services,IVZ,XYZ,0,,False,Incomplete or constant formation history
4020,Financial Services,JEF,JKHY,0,,False,Incomplete or constant formation history
4020,Financial Services,JEF,KKR,0,,False,Incomplete or constant formation history
4020,Financial Services,JEF,MA,251,0.5089066274044264,False,OK
4020,Financial Services,JEF,MCO,251,0.48498165969218937,False,OK
4020,Financial Services,JEF,MKTX,0,,False,Incomplete or constant formation history
4020,Financial Services,JEF,MS,251,0.5701797702687853,False,OK
4020,Financial Services,JEF,MSCI,0,,False,Incomplete or constant formation history
4020,Financial Services,JEF,NAVI,251,0.34673074774770946,False,OK
4020,Financial Services,JEF,NDAQ,251,0.4100513909427528,False,OK
4020,Financial Services,JEF,NTRS,251,0.5643292333279322,False,OK
4020,Financial Services,JEF,PYPL,0,,False,Incomplete or constant formation history
4020,Financial Services,JEF,RJF,0,,False,Incomplete or constant formation history
4020,Financial Services,JEF,SCHW,251,0.47215781977197285,False,OK
4020,Financial Services,JEF,SPGI,251,0.4483220782860509,False,OK
4020,Financial Services,JEF,STT,251,0.5640159784506915,False,OK
4020,Financial Services,JEF,SYF,0,,False,Incomplete or constant formation history
4020,Financial Services,JEF,TROW,251,0.652688525959601,False,OK
4020,Financial Services,JEF,V,251,0.45675042751702327,False,OK
4020,Financial Services,JEF,WU,251,0.3886832938652986,False,OK
4020,Financial Services,JEF,XYZ,0,,False,Incomplete or constant formation history
4020,Financial Services,JKHY,KKR,0,,False,Incomplete or constant formation history
4020,Financial Services,JKHY,MA,0,,False,Incomplete or constant formation history
4020,Financial Services,JKHY,MCO,0,,False,Incomplete or constant formation history
4020,Financial Services,JKHY,MKTX,0,,False,Incomplete or constant formation history
4020,Financial Services,JKHY,MS,0,,False,Incomplete or constant formation history
4020,Financial Services,JKHY,MSCI,0,,False,Incomplete or constant formation history
4020,Financial Services,JKHY,NAVI,0,,False,Incomplete or constant formation history
4020,Financial Services,JKHY,NDAQ,0,,False,Incomplete or constant formation history
4020,Financial Services,JKHY,NTRS,0,,False,Incomplete or constant formation history
4020,Financial Services,JKHY,PYPL,0,,False,Incomplete or constant formation history
4020,Financial Services,JKHY,RJF,0,,False,Incomplete or constant formation history
4020,Financial Services,JKHY,SCHW,0,,False,Incomplete or constant formation history
4020,Financial Services,JKHY,SPGI,0,,False,Incomplete or constant formation history
4020,Financial Services,JKHY,STT,0,,False,Incomplete or constant formation history
4020,Financial Services,JKHY,SYF,0,,False,Incomplete or constant formation history
4020,Financial Services,JKHY,TROW,0,,False,Incomplete or constant formation history
4020,Financial Services,JKHY,V,0,,False,Incomplete or constant formation history
4020,Financial Services,JKHY,WU,0,,False,Incomplete or constant formation history
4020,Financial Services,JKHY,XYZ,0,,False,Incomplete or constant formation history
4020,Financial Services,KKR,MA,0,,False,Incomplete or constant formation history
4020,Financial Services,KKR,MCO,0,,False,Incomplete or constant formation history
4020,Financial Services,KKR,MKTX,0,,False,Incomplete or constant formation history
4020,Financial Services,KKR,MS,0,,False,Incomplete or constant formation history
4020,Financial Services,KKR,MSCI,0,,False,Incomplete or constant formation history
4020,Financial Services,KKR,NAVI,0,,False,Incomplete or constant formation history
4020,Financial Services,KKR,NDAQ,0,,False,Incomplete or constant formation history
4020,Financial Services,KKR,NTRS,0,,False,Incomplete or constant formation history
4020,Financial Services,KKR,PYPL,0,,False,Incomplete or constant formation history
4020,Financial Services,KKR,RJF,0,,False,Incomplete or constant formation history
4020,Financial Services,KKR,SCHW,0,,False,Incomplete or constant formation history
4020,Financial Services,KKR,SPGI,0,,False,Incomplete or constant formation history
4020,Financial Services,KKR,STT,0,,False,Incomplete or constant formation history
4020,Financial Services,KKR,SYF,0,,False,Incomplete or constant formation history
4020,Financial Services,KKR,TROW,0,,False,Incomplete or constant formation history
4020,Financial Services,KKR,V,0,,False,Incomplete or constant formation history
4020,Financial Services,KKR,WU,0,,False,Incomplete or constant formation history
4020,Financial Services,KKR,XYZ,0,,False,Incomplete or constant formation history
4020,Financial Services,MA,MCO,251,0.6540661868380335,False,OK
4020,Financial Services,MA,MKTX,0,,False,Incomplete or constant formation history
4020,Financial Services,MA,MS,251,0.7173353668424888,False,OK
4020,Financial Services,MA,MSCI,0,,False,Incomplete or constant formation history
4020,Financial Services,MA,NAVI,251,0.3571166570126946,False,OK
4020,Financial Services,MA,NDAQ,251,0.5936702601749542,False,OK
4020,Financial Services,MA,NTRS,251,0.6662857303485974,False,OK
4020,Financial Services,MA,PYPL,0,,False,Incomplete or constant formation history
4020,Financial Services,MA,RJF,0,,False,Incomplete or constant formation history
4020,Financial Services,MA,SCHW,251,0.6292972635217768,False,OK
4020,Financial Services,MA,SPGI,251,0.6783415549854266,False,OK
4020,Financial Services,MA,STT,251,0.6294793640442884,False,OK
4020,Financial Services,MA,SYF,0,,False,Incomplete or constant formation history
4020,Financial Services,MA,TROW,251,0.679448635388045,False,OK
4020,Financial Services,MA,V,251,0.8245501418475076,True,OK
4020,Financial Services,MA,WU,251,0.5208897125790737,False,OK
4020,Financial Services,MA,XYZ,0,,False,Incomplete or constant formation history
4020,Financial Services,MCO,MKTX,0,,False,Incomplete or constant formation history
4020,Financial Services,MCO,MS,251,0.6924335579538471,False,OK
4020,Financial Services,MCO,MSCI,0,,False,Incomplete or constant formation history
4020,Financial Services,MCO,NAVI,251,0.3028118756639899,False,OK
4020,Financial Services,MCO,NDAQ,251,0.560905678562876,False,OK
4020,Financial Services,MCO,NTRS,251,0.6556511718568203,False,OK
4020,Financial Services,MCO,PYPL,0,,False,Incomplete or constant formation history
4020,Financial Services,MCO,RJF,0,,False,Incomplete or constant formation history
4020,Financial Services,MCO,SCHW,251,0.6369577062326678,False,OK
4020,Financial Services,MCO,SPGI,251,0.7461485325485244,False,OK
4020,Financial Services,MCO,STT,251,0.6677752097893992,False,OK
4020,Financial Services,MCO,SYF,0,,False,Incomplete or constant formation history
4020,Financial Services,MCO,TROW,251,0.6551369166107373,False,OK
4020,Financial Services,MCO,V,251,0.6151733043638413,False,OK
4020,Financial Services,MCO,WU,251,0.4283009684951343,False,OK
4020,Financial Services,MCO,XYZ,0,,False,Incomplete or constant formation history
4020,Financial Services,MKTX,MS,0,,False,Incomplete or constant formation history
4020,Financial Services,MKTX,MSCI,0,,False,Incomplete or constant formation history
4020,Financial Services,MKTX,NAVI,0,,False,Incomplete or constant formation history
4020,Financial Services,MKTX,NDAQ,0,,False,Incomplete or constant formation history
4020,Financial Services,MKTX,NTRS,0,,False,Incomplete or constant formation history
4020,Financial Services,MKTX,PYPL,0,,False,Incomplete or constant formation history
4020,Financial Services,MKTX,RJF,0,,False,Incomplete or constant formation history
4020,Financial Services,MKTX,SCHW,0,,False,Incomplete or constant formation history
4020,Financial Services,MKTX,SPGI,0,,False,Incomplete or constant formation history
4020,Financial Services,MKTX,STT,0,,False,Incomplete or constant formation history
4020,Financial Services,MKTX,SYF,0,,False,Incomplete or constant formation history
4020,Financial Services,MKTX,TROW,0,,False,Incomplete or constant formation history
4020,Financial Services,MKTX,V,0,,False,Incomplete or constant formation history
4020,Financial Services,MKTX,WU,0,,False,Incomplete or constant formation history
4020,Financial Services,MKTX,XYZ,0,,False,Incomplete or constant formation history
4020,Financial Services,MS,MSCI,0,,False,Incomplete or constant formation history
4020,Financial Services,MS,NAVI,251,0.37633190835188535,False,OK
4020,Financial Services,MS,NDAQ,251,0.5829254961647108,False,OK
4020,Financial Services,MS,NTRS,251,0.806418712134756,True,OK
4020,Financial Services,MS,PYPL,0,,False,Incomplete or constant formation history
4020,Financial Services,MS,RJF,0,,False,Incomplete or constant formation history
4020,Financial Services,MS,SCHW,251,0.7913360229796457,False,OK
4020,Financial Services,MS,SPGI,251,0.6307723606892424,False,OK
4020,Financial Services,MS,STT,251,0.7718923427612293,False,OK
4020,Financial Services,MS,SYF,0,,False,Incomplete or constant formation history
4020,Financial Services,MS,TROW,251,0.7844134232502721,False,OK
4020,Financial Services,MS,V,251,0.6286015845584284,False,OK
4020,Financial Services,MS,WU,251,0.557009966790944,False,OK
4020,Financial Services,MS,XYZ,0,,False,Incomplete or constant formation history
4020,Financial Services,MSCI,NAVI,0,,False,Incomplete or constant formation history
4020,Financial Services,MSCI,NDAQ,0,,False,Incomplete or constant formation history
4020,Financial Services,MSCI,NTRS,0,,False,Incomplete or constant formation history
4020,Financial Services,MSCI,PYPL,0,,False,Incomplete or constant formation history
4020,Financial Services,MSCI,RJF,0,,False,Incomplete or constant formation history
4020,Financial Services,MSCI,SCHW,0,,False,Incomplete or constant formation history
4020,Financial Services,MSCI,SPGI,0,,False,Incomplete or constant formation history
4020,Financial Services,MSCI,STT,0,,False,Incomplete or constant formation history
4020,Financial Services,MSCI,SYF,0,,False,Incomplete or constant formation history
4020,Financial Services,MSCI,TROW,0,,False,Incomplete or constant formation history
4020,Financial Services,MSCI,V,0,,False,Incomplete or constant formation history
4020,Financial Services,MSCI,WU,0,,False,Incomplete or constant formation history
4020,Financial Services,MSCI,XYZ,0,,False,Incomplete or constant formation history
4020,Financial Services,NAVI,NDAQ,251,0.22613976745511574,False,OK
4020,Financial Services,NAVI,NTRS,251,0.3988452556480073,False,OK
4020,Financial Services,NAVI,PYPL,0,,False,Incomplete or constant formation history
4020,Financial Services,NAVI,RJF,0,,False,Incomplete or constant formation history
4020,Financial Services,NAVI,SCHW,251,0.3229473121132276,False,OK
4020,Financial Services,NAVI,SPGI,251,0.3090385546298876,False,OK
4020,Financial Services,NAVI,STT,251,0.35359402467463813,False,OK
4020,Financial Services,NAVI,SYF,0,,False,Incomplete or constant formation history
4020,Financial Services,NAVI,TROW,251,0.393522754610486,False,OK
4020,Financial Services,NAVI,V,251,0.291548656705967,False,OK
4020,Financial Services,NAVI,WU,251,0.3198858851426463,False,OK
4020,Financial Services,NAVI,XYZ,0,,False,Incomplete or constant formation history
4020,Financial Services,NDAQ,NTRS,251,0.633594978157646,False,OK
4020,Financial Services,NDAQ,PYPL,0,,False,Incomplete or constant formation history
4020,Financial Services,NDAQ,RJF,0,,False,Incomplete or constant formation history
4020,Financial Services,NDAQ,SCHW,251,0.6412995576870834,False,OK
4020,Financial Services,NDAQ,SPGI,251,0.5379778440680018,False,OK
4020,Financial Services,NDAQ,STT,251,0.6235068791551716,False,OK
4020,Financial Services,NDAQ,SYF,0,,False,Incomplete or constant formation history
4020,Financial Services,NDAQ,TROW,251,0.6508095320852182,False,OK
4020,Financial Services,NDAQ,V,251,0.5465691647162483,False,OK
4020,Financial Services,NDAQ,WU,251,0.4542223152481865,False,OK
4020,Financial Services,NDAQ,XYZ,0,,False,Incomplete or constant formation history
4020,Financial Services,NTRS,PYPL,0,,False,Incomplete or constant formation history
4020,Financial Services,NTRS,RJF,0,,False,Incomplete or constant formation history
4020,Financial Services,NTRS,SCHW,251,0.8014189345235598,True,OK
4020,Financial Services,NTRS,SPGI,251,0.6170262510248451,False,OK
4020,Financial Services,NTRS,STT,251,0.8335720616565173,True,OK
4020,Financial Services,NTRS,SYF,0,,False,Incomplete or constant formation history
4020,Financial Services,NTRS,TROW,251,0.7318201190441456,False,OK
4020,Financial Services,NTRS,V,251,0.6332950328302189,False,OK
4020,Financial Services,NTRS,WU,251,0.5190929672572053,False,OK
4020,Financial Services,NTRS,XYZ,0,,False,Incomplete or constant formation history
4020,Financial Services,PYPL,RJF,0,,False,Incomplete or constant formation history
4020,Financial Services,PYPL,SCHW,0,,False,Incomplete or constant formation history
4020,Financial Services,PYPL,SPGI,0,,False,Incomplete or constant formation history
4020,Financial Services,PYPL,STT,0,,False,Incomplete or constant formation history
4020,Financial Services,PYPL,SYF,0,,False,Incomplete or constant formation history
4020,Financial Services,PYPL,TROW,0,,False,Incomplete or constant formation history
4020,Financial Services,PYPL,V,0,,False,Incomplete or constant formation history
4020,Financial Services,PYPL,WU,0,,False,Incomplete or constant formation history
4020,Financial Services,PYPL,XYZ,0,,False,Incomplete or constant formation history
4020,Financial Services,RJF,SCHW,0,,False,Incomplete or constant formation history
4020,Financial Services,RJF,SPGI,0,,False,Incomplete or constant formation history
4020,Financial Services,RJF,STT,0,,False,Incomplete or constant formation history
4020,Financial Services,RJF,SYF,0,,False,Incomplete or constant formation history
4020,Financial Services,RJF,TROW,0,,False,Incomplete or constant formation history
4020,Financial Services,RJF,V,0,,False,Incomplete or constant formation history
4020,Financial Services,RJF,WU,0,,False,Incomplete or constant formation history
4020,Financial Services,RJF,XYZ,0,,False,Incomplete or constant formation history
4020,Financial Services,SCHW,SPGI,251,0.6279416093471064,False,OK
4020,Financial Services,SCHW,STT,251,0.7387909881929045,False,OK
4020,Financial Services,SCHW,SYF,0,,False,Incomplete or constant formation history
4020,Financial Services,SCHW,TROW,251,0.6888316456103041,False,OK
4020,Financial Services,SCHW,V,251,0.5723887223154316,False,OK
4020,Financial Services,SCHW,WU,251,0.5020298097293782,False,OK
4020,Financial Services,SCHW,XYZ,0,,False,Incomplete or constant formation history
4020,Financial Services,SPGI,STT,251,0.5842919507508698,False,OK
4020,Financial Services,SPGI,SYF,0,,False,Incomplete or constant formation history
4020,Financial Services,SPGI,TROW,251,0.6055028806414078,False,OK
4020,Financial Services,SPGI,V,251,0.6454549570133837,False,OK
4020,Financial Services,SPGI,WU,251,0.422513844425121,False,OK
4020,Financial Services,SPGI,XYZ,0,,False,Incomplete or constant formation history
4020,Financial Services,STT,SYF,0,,False,Incomplete or constant formation history
4020,Financial Services,STT,TROW,251,0.7498625380778573,False,OK
4020,Financial Services,STT,V,251,0.5648289081559901,False,OK
4020,Financial Services,STT,WU,251,0.5272225988538985,False,OK
4020,Financial Services,STT,XYZ,0,,False,Incomplete or constant formation history
4020,Financial Services,SYF,TROW,0,,False,Incomplete or constant formation history
4020,Financial Services,SYF,V,0,,False,Incomplete or constant formation history
4020,Financial Services,SYF,WU,0,,False,Incomplete or constant formation history
4020,Financial Services,SYF,XYZ,0,,False,Incomplete or constant formation history
4020,Financial Services,TROW,V,251,0.6144489921701836,False,OK
4020,Financial Services,TROW,WU,251,0.5555954692238713,False,OK
4020,Financial Services,TROW,XYZ,0,,False,Incomplete or constant formation history
4020,Financial Services,V,WU,251,0.44820162528439406,False,OK
4020,Financial Services,V,XYZ,0,,False,Incomplete or constant formation history
4020,Financial Services,WU,XYZ,0,,False,Incomplete or constant formation history
4030,Insurance,ACGL,AFL,0,,False,Incomplete or constant formation history
4030,Insurance,ACGL,AIG,0,,False,Incomplete or constant formation history
4030,Insurance,ACGL,AIZ,0,,False,Incomplete or constant formation history
4030,Insurance,ACGL,AJG,0,,False,Incomplete or constant formation history
4030,Insurance,ACGL,ALL,0,,False,Incomplete or constant formation history
4030,Insurance,ACGL,AON,0,,False,Incomplete or constant formation history
4030,Insurance,ACGL,BHF,0,,False,Incomplete or constant formation history
4030,Insurance,ACGL,BRO,0,,False,Incomplete or constant formation history
4030,Insurance,ACGL,CB,0,,False,Incomplete or constant formation history
4030,Insurance,ACGL,CINF,0,,False,Incomplete or constant formation history
4030,Insurance,ACGL,EG,0,,False,Incomplete or constant formation history
4030,Insurance,ACGL,ERIE,0,,False,Incomplete or constant formation history
4030,Insurance,ACGL,GL,0,,False,Incomplete or constant formation history
4030,Insurance,ACGL,GNW,0,,False,Incomplete or constant formation history
4030,Insurance,ACGL,HIG,0,,False,Incomplete or constant formation history
4030,Insurance,ACGL,L,0,,False,Incomplete or constant formation history
4030,Insurance,ACGL,LNC,0,,False,Incomplete or constant formation history
4030,Insurance,ACGL,MET,0,,False,Incomplete or constant formation history
4030,Insurance,ACGL,MRSH,0,,False,Incomplete or constant formation history
4030,Insurance,ACGL,PFG,0,,False,Incomplete or constant formation history
4030,Insurance,ACGL,PGR,0,,False,Incomplete or constant formation history
4030,Insurance,ACGL,PRU,0,,False,Incomplete or constant formation history
4030,Insurance,ACGL,TRV,0,,False,Incomplete or constant formation history
4030,Insurance,ACGL,UNM,0,,False,Incomplete or constant formation history
4030,Insurance,ACGL,WRB,0,,False,Incomplete or constant formation history
4030,Insurance,ACGL,WTW,0,,False,Incomplete or constant formation history
4030,Insurance,AFL,AIG,251,0.7317275049154601,False,OK
4030,Insurance,AFL,AIZ,251,0.634692835765367,False,OK
4030,Insurance,AFL,AJG,0,,False,Incomplete or constant formation history
4030,Insurance,AFL,ALL,251,0.617101407907197,False,OK
4030,Insurance,AFL,AON,251,0.754404569028491,False,OK
4030,Insurance,AFL,BHF,0,,False,Incomplete or constant formation history
4030,Insurance,AFL,BRO,0,,False,Incomplete or constant formation history
4030,Insurance,AFL,CB,251,0.7454404460574151,False,OK
4030,Insurance,AFL,CINF,251,0.7846112213333392,False,OK
4030,Insurance,AFL,EG,0,,False,Incomplete or constant formation history
4030,Insurance,AFL,ERIE,0,,False,Incomplete or constant formation history
4030,Insurance,AFL,GL,0,,False,Incomplete or constant formation history
4030,Insurance,AFL,GNW,0,,False,Incomplete or constant formation history
4030,Insurance,AFL,HIG,251,0.7245872953512699,False,OK
4030,Insurance,AFL,L,251,0.7337595161510813,False,OK
4030,Insurance,AFL,LNC,251,0.8052419066968358,True,OK
4030,Insurance,AFL,MET,251,0.7795311628685138,False,OK
4030,Insurance,AFL,MRSH,0,,False,Incomplete or constant formation history
4030,Insurance,AFL,PFG,251,0.792918401915707,False,OK
4030,Insurance,AFL,PGR,251,0.6834251224423266,False,OK
4030,Insurance,AFL,PRU,251,0.764315858229071,False,OK
4030,Insurance,AFL,TRV,251,0.7672696019832285,False,OK
4030,Insurance,AFL,UNM,251,0.7678397452844278,False,OK
4030,Insurance,AFL,WRB,0,,False,Incomplete or constant formation history
4030,Insurance,AFL,WTW,0,,False,Incomplete or constant formation history
4030,Insurance,AIG,AIZ,251,0.5409967702540428,False,OK
4030,Insurance,AIG,AJG,0,,False,Incomplete or constant formation history
4030,Insurance,AIG,ALL,251,0.6129593342677004,False,OK
4030,Insurance,AIG,AON,251,0.7078841148420133,False,OK
4030,Insurance,AIG,BHF,0,,False,Incomplete or constant formation history
4030,Insurance,AIG,BRO,0,,False,Incomplete or constant formation history
4030,Insurance,AIG,CB,251,0.7137152760262611,False,OK
4030,Insurance,AIG,CINF,251,0.7069504400131024,False,OK
4030,Insurance,AIG,EG,0,,False,Incomplete or constant formation history
4030,Insurance,AIG,ERIE,0,,False,Incomplete or constant formation history
4030,Insurance,AIG,GL,0,,False,Incomplete or constant formation history
4030,Insurance,AIG,GNW,0,,False,Incomplete or constant formation history
4030,Insurance,AIG,HIG,251,0.7059045194446856,False,OK
4030,Insurance,AIG,L,251,0.7063018835377539,False,OK
4030,Insurance,AIG,LNC,251,0.7546257471354385,False,OK
4030,Insurance,AIG,MET,251,0.7759222458392653,False,OK
4030,Insurance,AIG,MRSH,0,,False,Incomplete or constant formation history
4030,Insurance,AIG,PFG,251,0.73580415765774,False,OK
4030,Insurance,AIG,PGR,251,0.6347458877102079,False,OK
4030,Insurance,AIG,PRU,251,0.7503712448123008,False,OK
4030,Insurance,AIG,TRV,251,0.6667953334985034,False,OK
4030,Insurance,AIG,UNM,251,0.7395735780597302,False,OK
4030,Insurance,AIG,WRB,0,,False,Incomplete or constant formation history
4030,Insurance,AIG,WTW,0,,False,Incomplete or constant formation history
4030,Insurance,AIZ,AJG,0,,False,Incomplete or constant formation history
4030,Insurance,AIZ,ALL,251,0.5315638299000682,False,OK
4030,Insurance,AIZ,AON,251,0.6062587176491334,False,OK
4030,Insurance,AIZ,BHF,0,,False,Incomplete or constant formation history
4030,Insurance,AIZ,BRO,0,,False,Incomplete or constant formation history
4030,Insurance,AIZ,CB,251,0.6366249882007452,False,OK
4030,Insurance,AIZ,CINF,251,0.6401560479292174,False,OK
4030,Insurance,AIZ,EG,0,,False,Incomplete or constant formation history
4030,Insurance,AIZ,ERIE,0,,False,Incomplete or constant formation history
4030,Insurance,AIZ,GL,0,,False,Incomplete or constant formation history
4030,Insurance,AIZ,GNW,0,,False,Incomplete or constant formation history
4030,Insurance,AIZ,HIG,251,0.6776338345133126,False,OK
4030,Insurance,AIZ,L,251,0.5996170960345768,False,OK
4030,Insurance,AIZ,LNC,251,0.676174936463536,False,OK
4030,Insurance,AIZ,MET,251,0.6558824294967514,False,OK
4030,Insurance,AIZ,MRSH,0,,False,Incomplete or constant formation history
4030,Insurance,AIZ,PFG,251,0.6628323564872025,False,OK
4030,Insurance,AIZ,PGR,251,0.5846903130582625,False,OK
4030,Insurance,AIZ,PRU,251,0.6320492500571495,False,OK
4030,Insurance,AIZ,TRV,251,0.6220692623951375,False,OK
4030,Insurance,AIZ,UNM,251,0.6261282589995808,False,OK
4030,Insurance,AIZ,WRB,0,,False,Incomplete or constant formation history
4030,Insurance,AIZ,WTW,0,,False,Incomplete or constant formation history
4030,Insurance,AJG,ALL,0,,False,Incomplete or constant formation history
4030,Insurance,AJG,AON,0,,False,Incomplete or constant formation history
4030,Insurance,AJG,BHF,0,,False,Incomplete or constant formation history
4030,Insurance,AJG,BRO,0,,False,Incomplete or constant formation history
4030,Insurance,AJG,CB,0,,False,Incomplete or constant formation history
4030,Insurance,AJG,CINF,0,,False,Incomplete or constant formation history
4030,Insurance,AJG,EG,0,,False,Incomplete or constant formation history
4030,Insurance,AJG,ERIE,0,,False,Incomplete or constant formation history
4030,Insurance,AJG,GL,0,,False,Incomplete or constant formation history
4030,Insurance,AJG,GNW,0,,False,Incomplete or constant formation history
4030,Insurance,AJG,HIG,0,,False,Incomplete or constant formation history
4030,Insurance,AJG,L,0,,False,Incomplete or constant formation history
4030,Insurance,AJG,LNC,0,,False,Incomplete or constant formation history
4030,Insurance,AJG,MET,0,,False,Incomplete or constant formation history
4030,Insurance,AJG,MRSH,0,,False,Incomplete or constant formation history
4030,Insurance,AJG,PFG,0,,False,Incomplete or constant formation history
4030,Insurance,AJG,PGR,0,,False,Incomplete or constant formation history
4030,Insurance,AJG,PRU,0,,False,Incomplete or constant formation history
4030,Insurance,AJG,TRV,0,,False,Incomplete or constant formation history
4030,Insurance,AJG,UNM,0,,False,Incomplete or constant formation history
4030,Insurance,AJG,WRB,0,,False,Incomplete or constant formation history
4030,Insurance,AJG,WTW,0,,False,Incomplete or constant formation history
4030,Insurance,ALL,AON,251,0.57163268625364,False,OK
4030,Insurance,ALL,BHF,0,,False,Incomplete or constant formation history
4030,Insurance,ALL,BRO,0,,False,Incomplete or constant formation history
4030,Insurance,ALL,CB,251,0.6579318698602492,False,OK
4030,Insurance,ALL,CINF,251,0.6686875956977614,False,OK
4030,Insurance,ALL,EG,0,,False,Incomplete or constant formation history
4030,Insurance,ALL,ERIE,0,,False,Incomplete or constant formation history
4030,Insurance,ALL,GL,0,,False,Incomplete or constant formation history
4030,Insurance,ALL,GNW,0,,False,Incomplete or constant formation history
4030,Insurance,ALL,HIG,251,0.6324315742621093,False,OK
4030,Insurance,ALL,L,251,0.5516197626297745,False,OK
4030,Insurance,ALL,LNC,251,0.5738548004552033,False,OK
4030,Insurance,ALL,MET,251,0.5711354477881794,False,OK
4030,Insurance,ALL,MRSH,0,,False,Incomplete or constant formation history
4030,Insurance,ALL,PFG,251,0.6427132203147252,False,OK
4030,Insurance,ALL,PGR,251,0.6165923365348527,False,OK
4030,Insurance,ALL,PRU,251,0.5674408221487459,False,OK
4030,Insurance,ALL,TRV,251,0.6456321718842023,False,OK
4030,Insurance,ALL,UNM,251,0.5513586025099132,False,OK
4030,Insurance,ALL,WRB,0,,False,Incomplete or constant formation history
4030,Insurance,ALL,WTW,0,,False,Incomplete or constant formation history
4030,Insurance,AON,BHF,0,,False,Incomplete or constant formation history
4030,Insurance,AON,BRO,0,,False,Incomplete or constant formation history
4030,Insurance,AON,CB,251,0.7473349680195476,False,OK
4030,Insurance,AON,CINF,251,0.7600133766844792,False,OK
4030,Insurance,AON,EG,0,,False,Incomplete or constant formation history
4030,Insurance,AON,ERIE,0,,False,Incomplete or constant formation history
4030,Insurance,AON,GL,0,,False,Incomplete or constant formation history
4030,Insurance,AON,GNW,0,,False,Incomplete or constant formation history
4030,Insurance,AON,HIG,251,0.6540750418245987,False,OK
4030,Insurance,AON,L,251,0.7056446747274725,False,OK
4030,Insurance,AON,LNC,251,0.7446177334985719,False,OK
4030,Insurance,AON,MET,251,0.7156786808223214,False,OK
4030,Insurance,AON,MRSH,0,,False,Incomplete or constant formation history
4030,Insurance,AON,PFG,251,0.7379872865946606,False,OK
4030,Insurance,AON,PGR,251,0.7056837839371616,False,OK
4030,Insurance,AON,PRU,251,0.7241175678661397,False,OK
4030,Insurance,AON,TRV,251,0.7576036699172395,False,OK
4030,Insurance,AON,UNM,251,0.669937961621979,False,OK
4030,Insurance,AON,WRB,0,,False,Incomplete or constant formation history
4030,Insurance,AON,WTW,0,,False,Incomplete or constant formation history
4030,Insurance,BHF,BRO,0,,False,Incomplete or constant formation history
4030,Insurance,BHF,CB,0,,False,Incomplete or constant formation history
4030,Insurance,BHF,CINF,0,,False,Incomplete or constant formation history
4030,Insurance,BHF,EG,0,,False,Incomplete or constant formation history
4030,Insurance,BHF,ERIE,0,,False,Incomplete or constant formation history
4030,Insurance,BHF,GL,0,,False,Incomplete or constant formation history
4030,Insurance,BHF,GNW,0,,False,Incomplete or constant formation history
4030,Insurance,BHF,HIG,0,,False,Incomplete or constant formation history
4030,Insurance,BHF,L,0,,False,Incomplete or constant formation history
4030,Insurance,BHF,LNC,0,,False,Incomplete or constant formation history
4030,Insurance,BHF,MET,0,,False,Incomplete or constant formation history
4030,Insurance,BHF,MRSH,0,,False,Incomplete or constant formation history
4030,Insurance,BHF,PFG,0,,False,Incomplete or constant formation history
4030,Insurance,BHF,PGR,0,,False,Incomplete or constant formation history
4030,Insurance,BHF,PRU,0,,False,Incomplete or constant formation history
4030,Insurance,BHF,TRV,0,,False,Incomplete or constant formation history
4030,Insurance,BHF,UNM,0,,False,Incomplete or constant formation history
4030,Insurance,BHF,WRB,0,,False,Incomplete or constant formation history
4030,Insurance,BHF,WTW,0,,False,Incomplete or constant formation history
4030,Insurance,BRO,CB,0,,False,Incomplete or constant formation history
4030,Insurance,BRO,CINF,0,,False,Incomplete or constant formation history
4030,Insurance,BRO,EG,0,,False,Incomplete or constant formation history
4030,Insurance,BRO,ERIE,0,,False,Incomplete or constant formation history
4030,Insurance,BRO,GL,0,,False,Incomplete or constant formation history
4030,Insurance,BRO,GNW,0,,False,Incomplete or constant formation history
4030,Insurance,BRO,HIG,0,,False,Incomplete or constant formation history
4030,Insurance,BRO,L,0,,False,Incomplete or constant formation history
4030,Insurance,BRO,LNC,0,,False,Incomplete or constant formation history
4030,Insurance,BRO,MET,0,,False,Incomplete or constant formation history
4030,Insurance,BRO,MRSH,0,,False,Incomplete or constant formation history
4030,Insurance,BRO,PFG,0,,False,Incomplete or constant formation history
4030,Insurance,BRO,PGR,0,,False,Incomplete or constant formation history
4030,Insurance,BRO,PRU,0,,False,Incomplete or constant formation history
4030,Insurance,BRO,TRV,0,,False,Incomplete or constant formation history
4030,Insurance,BRO,UNM,0,,False,Incomplete or constant formation history
4030,Insurance,BRO,WRB,0,,False,Incomplete or constant formation history
4030,Insurance,BRO,WTW,0,,False,Incomplete or constant formation history
4030,Insurance,CB,CINF,251,0.8070085966139178,True,OK
4030,Insurance,CB,EG,0,,False,Incomplete or constant formation history
4030,Insurance,CB,ERIE,0,,False,Incomplete or constant formation history
4030,Insurance,CB,GL,0,,False,Incomplete or constant formation history
4030,Insurance,CB,GNW,0,,False,Incomplete or constant formation history
4030,Insurance,CB,HIG,251,0.6976465655446475,False,OK
4030,Insurance,CB,L,251,0.6985245438272722,False,OK
4030,Insurance,CB,LNC,251,0.6985754488962492,False,OK
4030,Insurance,CB,MET,251,0.6750118761790237,False,OK
4030,Insurance,CB,MRSH,0,,False,Incomplete or constant formation history
4030,Insurance,CB,PFG,251,0.742933625382737,False,OK
4030,Insurance,CB,PGR,251,0.7566160990437983,False,OK
4030,Insurance,CB,PRU,251,0.6709358959819447,False,OK
4030,Insurance,CB,TRV,251,0.867786493783178,True,OK
4030,Insurance,CB,UNM,251,0.6533669471262071,False,OK
4030,Insurance,CB,WRB,0,,False,Incomplete or constant formation history
4030,Insurance,CB,WTW,0,,False,Incomplete or constant formation history
4030,Insurance,CINF,EG,0,,False,Incomplete or constant formation history
4030,Insurance,CINF,ERIE,0,,False,Incomplete or constant formation history
4030,Insurance,CINF,GL,0,,False,Incomplete or constant formation history
4030,Insurance,CINF,GNW,0,,False,Incomplete or constant formation history
4030,Insurance,CINF,HIG,251,0.7717419885429956,False,OK
4030,Insurance,CINF,L,251,0.710190512098717,False,OK
4030,Insurance,CINF,LNC,251,0.7063445481887758,False,OK
4030,Insurance,CINF,MET,251,0.6822443712374754,False,OK
4030,Insurance,CINF,MRSH,0,,False,Incomplete or constant formation history
4030,Insurance,CINF,PFG,251,0.7730001908877616,False,OK
4030,Insurance,CINF,PGR,251,0.7832797442851884,False,OK
4030,Insurance,CINF,PRU,251,0.7363954216011053,False,OK
4030,Insurance,CINF,TRV,251,0.8418180452693348,True,OK
4030,Insurance,CINF,UNM,251,0.668206189468605,False,OK
4030,Insurance,CINF,WRB,0,,False,Incomplete or constant formation history
4030,Insurance,CINF,WTW,0,,False,Incomplete or constant formation history
4030,Insurance,EG,ERIE,0,,False,Incomplete or constant formation history
4030,Insurance,EG,GL,0,,False,Incomplete or constant formation history
4030,Insurance,EG,GNW,0,,False,Incomplete or constant formation history
4030,Insurance,EG,HIG,0,,False,Incomplete or constant formation history
4030,Insurance,EG,L,0,,False,Incomplete or constant formation history
4030,Insurance,EG,LNC,0,,False,Incomplete or constant formation history
4030,Insurance,EG,MET,0,,False,Incomplete or constant formation history
4030,Insurance,EG,MRSH,0,,False,Incomplete or constant formation history
4030,Insurance,EG,PFG,0,,False,Incomplete or constant formation history
4030,Insurance,EG,PGR,0,,False,Incomplete or constant formation history
4030,Insurance,EG,PRU,0,,False,Incomplete or constant formation history
4030,Insurance,EG,TRV,0,,False,Incomplete or constant formation history
4030,Insurance,EG,UNM,0,,False,Incomplete or constant formation history
4030,Insurance,EG,WRB,0,,False,Incomplete or constant formation history
4030,Insurance,EG,WTW,0,,False,Incomplete or constant formation history
4030,Insurance,ERIE,GL,0,,False,Incomplete or constant formation history
4030,Insurance,ERIE,GNW,0,,False,Incomplete or constant formation history
4030,Insurance,ERIE,HIG,0,,False,Incomplete or constant formation history
4030,Insurance,ERIE,L,0,,False,Incomplete or constant formation history
4030,Insurance,ERIE,LNC,0,,False,Incomplete or constant formation history
4030,Insurance,ERIE,MET,0,,False,Incomplete or constant formation history
4030,Insurance,ERIE,MRSH,0,,False,Incomplete or constant formation history
4030,Insurance,ERIE,PFG,0,,False,Incomplete or constant formation history
4030,Insurance,ERIE,PGR,0,,False,Incomplete or constant formation history
4030,Insurance,ERIE,PRU,0,,False,Incomplete or constant formation history
4030,Insurance,ERIE,TRV,0,,False,Incomplete or constant formation history
4030,Insurance,ERIE,UNM,0,,False,Incomplete or constant formation history
4030,Insurance,ERIE,WRB,0,,False,Incomplete or constant formation history
4030,Insurance,ERIE,WTW,0,,False,Incomplete or constant formation history
4030,Insurance,GL,GNW,0,,False,Incomplete or constant formation history
4030,Insurance,GL,HIG,0,,False,Incomplete or constant formation history
4030,Insurance,GL,L,0,,False,Incomplete or constant formation history
4030,Insurance,GL,LNC,0,,False,Incomplete or constant formation history
4030,Insurance,GL,MET,0,,False,Incomplete or constant formation history
4030,Insurance,GL,MRSH,0,,False,Incomplete or constant formation history
4030,Insurance,GL,PFG,0,,False,Incomplete or constant formation history
4030,Insurance,GL,PGR,0,,False,Incomplete or constant formation history
4030,Insurance,GL,PRU,0,,False,Incomplete or constant formation history
4030,Insurance,GL,TRV,0,,False,Incomplete or constant formation history
4030,Insurance,GL,UNM,0,,False,Incomplete or constant formation history
4030,Insurance,GL,WRB,0,,False,Incomplete or constant formation history
4030,Insurance,GL,WTW,0,,False,Incomplete or constant formation history
4030,Insurance,GNW,HIG,0,,False,Incomplete or constant formation history
4030,Insurance,GNW,L,0,,False,Incomplete or constant formation history
4030,Insurance,GNW,LNC,0,,False,Incomplete or constant formation history
4030,Insurance,GNW,MET,0,,False,Incomplete or constant formation history
4030,Insurance,GNW,MRSH,0,,False,Incomplete or constant formation history
4030,Insurance,GNW,PFG,0,,False,Incomplete or constant formation history
4030,Insurance,GNW,PGR,0,,False,Incomplete or constant formation history
4030,Insurance,GNW,PRU,0,,False,Incomplete or constant formation history
4030,Insurance,GNW,TRV,0,,False,Incomplete or constant formation history
4030,Insurance,GNW,UNM,0,,False,Incomplete or constant formation history
4030,Insurance,GNW,WRB,0,,False,Incomplete or constant formation history
4030,Insurance,GNW,WTW,0,,False,Incomplete or constant formation history
4030,Insurance,HIG,L,251,0.6838892899782334,False,OK
4030,Insurance,HIG,LNC,251,0.7504464057683893,False,OK
4030,Insurance,HIG,MET,251,0.7593596446547434,False,OK
4030,Insurance,HIG,MRSH,0,,False,Incomplete or constant formation history
4030,Insurance,HIG,PFG,251,0.762588680770089,False,OK
4030,Insurance,HIG,PGR,251,0.6605478277215486,False,OK
4030,Insurance,HIG,PRU,251,0.7380537015564741,False,OK
4030,Insurance,HIG,TRV,251,0.7248998013567822,False,OK
4030,Insurance,HIG,UNM,251,0.7167776267970639,False,OK
4030,Insurance,HIG,WRB,0,,False,Incomplete or constant formation history
4030,Insurance,HIG,WTW,0,,False,Incomplete or constant formation history
4030,Insurance,L,LNC,251,0.7820154233593923,False,OK
4030,Insurance,L,MET,251,0.7572580086483246,False,OK
4030,Insurance,L,MRSH,0,,False,Incomplete or constant formation history
4030,Insurance,L,PFG,251,0.775088755360525,False,OK
4030,Insurance,L,PGR,251,0.6324568600035231,False,OK
4030,Insurance,L,PRU,251,0.7303865750336999,False,OK
4030,Insurance,L,TRV,251,0.6806580673254268,False,OK
4030,Insurance,L,UNM,251,0.7483568775254026,False,OK
4030,Insurance,L,WRB,0,,False,Incomplete or constant formation history
4030,Insurance,L,WTW,0,,False,Incomplete or constant formation history
4030,Insurance,LNC,MET,251,0.9172069585758246,True,OK
4030,Insurance,LNC,MRSH,0,,False,Incomplete or constant formation history
4030,Insurance,LNC,PFG,251,0.8336974457049516,True,OK
4030,Insurance,LNC,PGR,251,0.6438454936486099,False,OK
4030,Insurance,LNC,PRU,251,0.8833994765741665,True,OK
4030,Insurance,LNC,TRV,251,0.6693940935087661,False,OK
4030,Insurance,LNC,UNM,251,0.8845852354034921,True,OK
4030,Insurance,LNC,WRB,0,,False,Incomplete or constant formation history
4030,Insurance,LNC,WTW,0,,False,Incomplete or constant formation history
4030,Insurance,MET,MRSH,0,,False,Incomplete or constant formation history
4030,Insurance,MET,PFG,251,0.8190574830371933,True,OK
4030,Insurance,MET,PGR,251,0.618495458484035,False,OK
4030,Insurance,MET,PRU,251,0.9142771116562237,True,OK
4030,Insurance,MET,TRV,251,0.6408104064249651,False,OK
4030,Insurance,MET,UNM,251,0.8558706313724757,True,OK
4030,Insurance,MET,WRB,0,,False,Incomplete or constant formation history
4030,Insurance,MET,WTW,0,,False,Incomplete or constant formation history
4030,Insurance,MRSH,PFG,0,,False,Incomplete or constant formation history
4030,Insurance,MRSH,PGR,0,,False,Incomplete or constant formation history
4030,Insurance,MRSH,PRU,0,,False,Incomplete or constant formation history
4030,Insurance,MRSH,TRV,0,,False,Incomplete or constant formation history
4030,Insurance,MRSH,UNM,0,,False,Incomplete or constant formation history
4030,Insurance,MRSH,WRB,0,,False,Incomplete or constant formation history
4030,Insurance,MRSH,WTW,0,,False,Incomplete or constant formation history
4030,Insurance,PFG,PGR,251,0.7029410345280015,False,OK
4030,Insurance,PFG,PRU,251,0.8231203400427648,True,OK
4030,Insurance,PFG,TRV,251,0.7172963764918323,False,OK
4030,Insurance,PFG,UNM,251,0.8191864489912521,True,OK
4030,Insurance,PFG,WRB,0,,False,Incomplete or constant formation history
4030,Insurance,PFG,WTW,0,,False,Incomplete or constant formation history
4030,Insurance,PGR,PRU,251,0.6107481646677455,False,OK
4030,Insurance,PGR,TRV,251,0.7821219576673932,False,OK
4030,Insurance,PGR,UNM,251,0.6004439501971284,False,OK
4030,Insurance,PGR,WRB,0,,False,Incomplete or constant formation history
4030,Insurance,PGR,WTW,0,,False,Incomplete or constant formation history
4030,Insurance,PRU,TRV,251,0.6531491804808419,False,OK
4030,Insurance,PRU,UNM,251,0.8263128339052471,True,OK
4030,Insurance,PRU,WRB,0,,False,Incomplete or constant formation history
4030,Insurance,PRU,WTW,0,,False,Incomplete or constant formation history
4030,Insurance,TRV,UNM,251,0.6256224359957577,False,OK
4030,Insurance,TRV,WRB,0,,False,Incomplete or constant formation history
4030,Insurance,TRV,WTW,0,,False,Incomplete or constant formation history
4030,Insurance,UNM,WRB,0,,False,Incomplete or constant formation history
4030,Insurance,UNM,WTW,0,,False,Incomplete or constant formation history
4030,Insurance,WRB,WTW,0,,False,Incomplete or constant formation history
4510,Software & Services,ACN,ADBE,251,0.5627224836390529,False,OK
4510,Software & Services,ACN,ADSK,251,0.4409338933769144,False,OK
4510,Software & Services,ACN,AKAM,251,0.43276037559410835,False,OK
4510,Software & Services,ACN,CDNS,0,,False,Incomplete or constant formation history
4510,Software & Services,ACN,CRM,251,0.443315363511583,False,OK
4510,Software & Services,ACN,CRWD,0,,False,Incomplete or constant formation history
4510,Software & Services,ACN,CSRA,0,,False,Incomplete or constant formation history
4510,Software & Services,ACN,CTSH,251,0.7215943358668646,False,OK
4510,Software & Services,ACN,DDOG,0,,False,Incomplete or constant formation history
4510,Software & Services,ACN,DXC,0,,False,Incomplete or constant formation history
4510,Software & Services,ACN,EPAM,0,,False,Incomplete or constant formation history
4510,Software & Services,ACN,FICO,0,,False,Incomplete or constant formation history
4510,Software & Services,ACN,FTNT,0,,False,Incomplete or constant formation history
4510,Software & Services,ACN,GDDY,0,,False,Incomplete or constant formation history
4510,Software & Services,ACN,GEN,0,,False,Incomplete or constant formation history
4510,Software & Services,ACN,IBM,251,0.6331293368465566,False,OK
4510,Software & Services,ACN,INTU,251,0.5758367498232297,False,OK
4510,Software & Services,ACN,IT,0,,False,Incomplete or constant formation history
4510,Software & Services,ACN,MSFT,251,0.5850236988762945,False,OK
4510,Software & Services,ACN,NOW,0,,False,Incomplete or constant formation history
4510,Software & Services,ACN,ORCL,251,0.685228769871729,False,OK
4510,Software & Services,ACN,PANW,0,,False,Incomplete or constant formation history
4510,Software & Services,ACN,PLTR,0,,False,Incomplete or constant formation history
4510,Software & Services,ACN,PTC,0,,False,Incomplete or constant formation history
4510,Software & Services,ACN,SNPS,0,,False,Incomplete or constant formation history
4510,Software & Services,ACN,TDC,251,0.3171371907719929,False,OK
4510,Software & Services,ACN,TRMB,0,,False,Incomplete or constant formation history
4510,Software & Services,ACN,TYL,0,,False,Incomplete or constant formation history
4510,Software & Services,ACN,VRSN,251,0.5814641752252453,False,OK
4510,Software & Services,ACN,WDAY,0,,False,Incomplete or constant formation history
4510,Software & Services,ADBE,ADSK,251,0.4349860690862092,False,OK
4510,Software & Services,ADBE,AKAM,251,0.3712528430494459,False,OK
4510,Software & Services,ADBE,CDNS,0,,False,Incomplete or constant formation history
4510,Software & Services,ADBE,CRM,251,0.5225600729410297,False,OK
4510,Software & Services,ADBE,CRWD,0,,False,Incomplete or constant formation history
4510,Software & Services,ADBE,CSRA,0,,False,Incomplete or constant formation history
4510,Software & Services,ADBE,CTSH,251,0.5696818670500716,False,OK
4510,Software & Services,ADBE,DDOG,0,,False,Incomplete or constant formation history
4510,Software & Services,ADBE,DXC,0,,False,Incomplete or constant formation history
4510,Software & Services,ADBE,EPAM,0,,False,Incomplete or constant formation history
4510,Software & Services,ADBE,FICO,0,,False,Incomplete or constant formation history
4510,Software & Services,ADBE,FTNT,0,,False,Incomplete or constant formation history
4510,Software & Services,ADBE,GDDY,0,,False,Incomplete or constant formation history
4510,Software & Services,ADBE,GEN,0,,False,Incomplete or constant formation history
4510,Software & Services,ADBE,IBM,251,0.5267881083069191,False,OK
4510,Software & Services,ADBE,INTU,251,0.6085676936536445,False,OK
4510,Software & Services,ADBE,IT,0,,False,Incomplete or constant formation history
4510,Software & Services,ADBE,MSFT,251,0.5155203377467388,False,OK
4510,Software & Services,ADBE,NOW,0,,False,Incomplete or constant formation history
4510,Software & Services,ADBE,ORCL,251,0.5191824513868045,False,OK
4510,Software & Services,ADBE,PANW,0,,False,Incomplete or constant formation history
4510,Software & Services,ADBE,PLTR,0,,False,Incomplete or constant formation history
4510,Software & Services,ADBE,PTC,0,,False,Incomplete or constant formation history
4510,Software & Services,ADBE,SNPS,0,,False,Incomplete or constant formation history
4510,Software & Services,ADBE,TDC,251,0.22308051738714657,False,OK
4510,Software & Services,ADBE,TRMB,0,,False,Incomplete or constant formation history
4510,Software & Services,ADBE,TYL,0,,False,Incomplete or constant formation history
4510,Software & Services,ADBE,VRSN,251,0.43787568779790054,False,OK
4510,Software & Services,ADBE,WDAY,0,,False,Incomplete or constant formation history
4510,Software & Services,ADSK,AKAM,251,0.29133905129907317,False,OK
4510,Software & Services,ADSK,CDNS,0,,False,Incomplete or constant formation history
4510,Software & Services,ADSK,CRM,251,0.342288454429865,False,OK
4510,Software & Services,ADSK,CRWD,0,,False,Incomplete or constant formation history
4510,Software & Services,ADSK,CSRA,0,,False,Incomplete or constant formation history
4510,Software & Services,ADSK,CTSH,251,0.45488009455844614,False,OK
4510,Software & Services,ADSK,DDOG,0,,False,Incomplete or constant formation history
4510,Software & Services,ADSK,DXC,0,,False,Incomplete or constant formation history
4510,Software & Services,ADSK,EPAM,0,,False,Incomplete or constant formation history
4510,Software & Services,ADSK,FICO,0,,False,Incomplete or constant formation history
4510,Software & Services,ADSK,FTNT,0,,False,Incomplete or constant formation history
4510,Software & Services,ADSK,GDDY,0,,False,Incomplete or constant formation history
4510,Software & Services,ADSK,GEN,0,,False,Incomplete or constant formation history
4510,Software & Services,ADSK,IBM,251,0.3889149700790767,False,OK
4510,Software & Services,ADSK,INTU,251,0.3700719108997932,False,OK
4510,Software & Services,ADSK,IT,0,,False,Incomplete or constant formation history
4510,Software & Services,ADSK,MSFT,251,0.41479445098400763,False,OK
4510,Software & Services,ADSK,NOW,0,,False,Incomplete or constant formation history
4510,Software & Services,ADSK,ORCL,251,0.42272814428722594,False,OK
4510,Software & Services,ADSK,PANW,0,,False,Incomplete or constant formation history
4510,Software & Services,ADSK,PLTR,0,,False,Incomplete or constant formation history
4510,Software & Services,ADSK,PTC,0,,False,Incomplete or constant formation history
4510,Software & Services,ADSK,SNPS,0,,False,Incomplete or constant formation history
4510,Software & Services,ADSK,TDC,251,0.1987421952245859,False,OK
4510,Software & Services,ADSK,TRMB,0,,False,Incomplete or constant formation history
4510,Software & Services,ADSK,TYL,0,,False,Incomplete or constant formation history
4510,Software & Services,ADSK,VRSN,251,0.36982337367438245,False,OK
4510,Software & Services,ADSK,WDAY,0,,False,Incomplete or constant formation history
4510,Software & Services,AKAM,CDNS,0,,False,Incomplete or constant formation history
4510,Software & Services,AKAM,CRM,251,0.36201667382052316,False,OK
4510,Software & Services,AKAM,CRWD,0,,False,Incomplete or constant formation history
4510,Software & Services,AKAM,CSRA,0,,False,Incomplete or constant formation history
4510,Software & Services,AKAM,CTSH,251,0.42787204496061954,False,OK
4510,Software & Services,AKAM,DDOG,0,,False,Incomplete or constant formation history
4510,Software & Services,AKAM,DXC,0,,False,Incomplete or constant formation history
4510,Software & Services,AKAM,EPAM,0,,False,Incomplete or constant formation history
4510,Software & Services,AKAM,FICO,0,,False,Incomplete or constant formation history
4510,Software & Services,AKAM,FTNT,0,,False,Incomplete or constant formation history
4510,Software & Services,AKAM,GDDY,0,,False,Incomplete or constant formation history
4510,Software & Services,AKAM,GEN,0,,False,Incomplete or constant formation history
4510,Software & Services,AKAM,IBM,251,0.3344611211488951,False,OK
4510,Software & Services,AKAM,INTU,251,0.3774804285409077,False,OK
4510,Software & Services,AKAM,IT,0,,False,Incomplete or constant formation history
4510,Software & Services,AKAM,MSFT,251,0.39424473733093085,False,OK
4510,Software & Services,AKAM,NOW,0,,False,Incomplete or constant formation history
4510,Software & Services,AKAM,ORCL,251,0.4062508434325435,False,OK
4510,Software & Services,AKAM,PANW,0,,False,Incomplete or constant formation history
4510,Software & Services,AKAM,PLTR,0,,False,Incomplete or constant formation history
4510,Software & Services,AKAM,PTC,0,,False,Incomplete or constant formation history
4510,Software & Services,AKAM,SNPS,0,,False,Incomplete or constant formation history
4510,Software & Services,AKAM,TDC,251,0.2679791726822397,False,OK
4510,Software & Services,AKAM,TRMB,0,,False,Incomplete or constant formation history
4510,Software & Services,AKAM,TYL,0,,False,Incomplete or constant formation history
4510,Software & Services,AKAM,VRSN,251,0.387594858874783,False,OK
4510,Software & Services,AKAM,WDAY,0,,False,Incomplete or constant formation history
4510,Software & Services,CDNS,CRM,0,,False,Incomplete or constant formation history
4510,Software & Services,CDNS,CRWD,0,,False,Incomplete or constant formation history
4510,Software & Services,CDNS,CSRA,0,,False,Incomplete or constant formation history
4510,Software & Services,CDNS,CTSH,0,,False,Incomplete or constant formation history
4510,Software & Services,CDNS,DDOG,0,,False,Incomplete or constant formation history
4510,Software & Services,CDNS,DXC,0,,False,Incomplete or constant formation history
4510,Software & Services,CDNS,EPAM,0,,False,Incomplete or constant formation history
4510,Software & Services,CDNS,FICO,0,,False,Incomplete or constant formation history
4510,Software & Services,CDNS,FTNT,0,,False,Incomplete or constant formation history
4510,Software & Services,CDNS,GDDY,0,,False,Incomplete or constant formation history
4510,Software & Services,CDNS,GEN,0,,False,Incomplete or constant formation history
4510,Software & Services,CDNS,IBM,0,,False,Incomplete or constant formation history
4510,Software & Services,CDNS,INTU,0,,False,Incomplete or constant formation history
4510,Software & Services,CDNS,IT,0,,False,Incomplete or constant formation history
4510,Software & Services,CDNS,MSFT,0,,False,Incomplete or constant formation history
4510,Software & Services,CDNS,NOW,0,,False,Incomplete or constant formation history
4510,Software & Services,CDNS,ORCL,0,,False,Incomplete or constant formation history
4510,Software & Services,CDNS,PANW,0,,False,Incomplete or constant formation history
4510,Software & Services,CDNS,PLTR,0,,False,Incomplete or constant formation history
4510,Software & Services,CDNS,PTC,0,,False,Incomplete or constant formation history
4510,Software & Services,CDNS,SNPS,0,,False,Incomplete or constant formation history
4510,Software & Services,CDNS,TDC,0,,False,Incomplete or constant formation history
4510,Software & Services,CDNS,TRMB,0,,False,Incomplete or constant formation history
4510,Software & Services,CDNS,TYL,0,,False,Incomplete or constant formation history
4510,Software & Services,CDNS,VRSN,0,,False,Incomplete or constant formation history
4510,Software & Services,CDNS,WDAY,0,,False,Incomplete or constant formation history
4510,Software & Services,CRM,CRWD,0,,False,Incomplete or constant formation history
4510,Software & Services,CRM,CSRA,0,,False,Incomplete or constant formation history
4510,Software & Services,CRM,CTSH,251,0.4343282778270299,False,OK
4510,Software & Services,CRM,DDOG,0,,False,Incomplete or constant formation history
4510,Software & Services,CRM,DXC,0,,False,Incomplete or constant formation history
4510,Software & Services,CRM,EPAM,0,,False,Incomplete or constant formation history
4510,Software & Services,CRM,FICO,0,,False,Incomplete or constant formation history
4510,Software & Services,CRM,FTNT,0,,False,Incomplete or constant formation history
4510,Software & Services,CRM,GDDY,0,,False,Incomplete or constant formation history
4510,Software & Services,CRM,GEN,0,,False,Incomplete or constant formation history
4510,Software & Services,CRM,IBM,251,0.40452176130526074,False,OK
4510,Software & Services,CRM,INTU,251,0.36386485272970703,False,OK
4510,Software & Services,CRM,IT,0,,False,Incomplete or constant formation history
4510,Software & Services,CRM,MSFT,251,0.40111259434174157,False,OK
4510,Software & Services,CRM,NOW,0,,False,Incomplete or constant formation history
4510,Software & Services,CRM,ORCL,251,0.457070021885636,False,OK
4510,Software & Services,CRM,PANW,0,,False,Incomplete or constant formation history
4510,Software & Services,CRM,PLTR,0,,False,Incomplete or constant formation history
4510,Software & Services,CRM,PTC,0,,False,Incomplete or constant formation history
4510,Software & Services,CRM,SNPS,0,,False,Incomplete or constant formation history
4510,Software & Services,CRM,TDC,251,0.28593139375570314,False,OK
4510,Software & Services,CRM,TRMB,0,,False,Incomplete or constant formation history
4510,Software & Services,CRM,TYL,0,,False,Incomplete or constant formation history
4510,Software & Services,CRM,VRSN,251,0.4781828430341285,False,OK
4510,Software & Services,CRM,WDAY,0,,False,Incomplete or constant formation history
4510,Software & Services,CRWD,CSRA,0,,False,Incomplete or constant formation history
4510,Software & Services,CRWD,CTSH,0,,False,Incomplete or constant formation history
4510,Software & Services,CRWD,DDOG,0,,False,Incomplete or constant formation history
4510,Software & Services,CRWD,DXC,0,,False,Incomplete or constant formation history
4510,Software & Services,CRWD,EPAM,0,,False,Incomplete or constant formation history
4510,Software & Services,CRWD,FICO,0,,False,Incomplete or constant formation history
4510,Software & Services,CRWD,FTNT,0,,False,Incomplete or constant formation history
4510,Software & Services,CRWD,GDDY,0,,False,Incomplete or constant formation history
4510,Software & Services,CRWD,GEN,0,,False,Incomplete or constant formation history
4510,Software & Services,CRWD,IBM,0,,False,Incomplete or constant formation history
4510,Software & Services,CRWD,INTU,0,,False,Incomplete or constant formation history
4510,Software & Services,CRWD,IT,0,,False,Incomplete or constant formation history
4510,Software & Services,CRWD,MSFT,0,,False,Incomplete or constant formation history
4510,Software & Services,CRWD,NOW,0,,False,Incomplete or constant formation history
4510,Software & Services,CRWD,ORCL,0,,False,Incomplete or constant formation history
4510,Software & Services,CRWD,PANW,0,,False,Incomplete or constant formation history
4510,Software & Services,CRWD,PLTR,0,,False,Incomplete or constant formation history
4510,Software & Services,CRWD,PTC,0,,False,Incomplete or constant formation history
4510,Software & Services,CRWD,SNPS,0,,False,Incomplete or constant formation history
4510,Software & Services,CRWD,TDC,0,,False,Incomplete or constant formation history
4510,Software & Services,CRWD,TRMB,0,,False,Incomplete or constant formation history
4510,Software & Services,CRWD,TYL,0,,False,Incomplete or constant formation history
4510,Software & Services,CRWD,VRSN,0,,False,Incomplete or constant formation history
4510,Software & Services,CRWD,WDAY,0,,False,Incomplete or constant formation history
4510,Software & Services,CSRA,CTSH,0,,False,Incomplete or constant formation history
4510,Software & Services,CSRA,DDOG,0,,False,Incomplete or constant formation history
4510,Software & Services,CSRA,DXC,0,,False,Incomplete or constant formation history
4510,Software & Services,CSRA,EPAM,0,,False,Incomplete or constant formation history
4510,Software & Services,CSRA,FICO,0,,False,Incomplete or constant formation history
4510,Software & Services,CSRA,FTNT,0,,False,Incomplete or constant formation history
4510,Software & Services,CSRA,GDDY,0,,False,Incomplete or constant formation history
4510,Software & Services,CSRA,GEN,0,,False,Incomplete or constant formation history
4510,Software & Services,CSRA,IBM,0,,False,Incomplete or constant formation history
4510,Software & Services,CSRA,INTU,0,,False,Incomplete or constant formation history
4510,Software & Services,CSRA,IT,0,,False,Incomplete or constant formation history
4510,Software & Services,CSRA,MSFT,0,,False,Incomplete or constant formation history
4510,Software & Services,CSRA,NOW,0,,False,Incomplete or constant formation history
4510,Software & Services,CSRA,ORCL,0,,False,Incomplete or constant formation history
4510,Software & Services,CSRA,PANW,0,,False,Incomplete or constant formation history
4510,Software & Services,CSRA,PLTR,0,,False,Incomplete or constant formation history
4510,Software & Services,CSRA,PTC,0,,False,Incomplete or constant formation history
4510,Software & Services,CSRA,SNPS,0,,False,Incomplete or constant formation history
4510,Software & Services,CSRA,TDC,0,,False,Incomplete or constant formation history
4510,Software & Services,CSRA,TRMB,0,,False,Incomplete or constant formation history
4510,Software & Services,CSRA,TYL,0,,False,Incomplete or constant formation history
4510,Software & Services,CSRA,VRSN,0,,False,Incomplete or constant formation history
4510,Software & Services,CSRA,WDAY,0,,False,Incomplete or constant formation history
4510,Software & Services,CTSH,DDOG,0,,False,Incomplete or constant formation history
4510,Software & Services,CTSH,DXC,0,,False,Incomplete or constant formation history
4510,Software & Services,CTSH,EPAM,0,,False,Incomplete or constant formation history
4510,Software & Services,CTSH,FICO,0,,False,Incomplete or constant formation history
4510,Software & Services,CTSH,FTNT,0,,False,Incomplete or constant formation history
4510,Software & Services,CTSH,GDDY,0,,False,Incomplete or constant formation history
4510,Software & Services,CTSH,GEN,0,,False,Incomplete or constant formation history
4510,Software & Services,CTSH,IBM,251,0.544788653637384,False,OK
4510,Software & Services,CTSH,INTU,251,0.6096385206116383,False,OK
4510,Software & Services,CTSH,IT,0,,False,Incomplete or constant formation history
4510,Software & Services,CTSH,MSFT,251,0.49576998591390403,False,OK
4510,Software & Services,CTSH,NOW,0,,False,Incomplete or constant formation history
4510,Software & Services,CTSH,ORCL,251,0.5948764774013845,False,OK
4510,Software & Services,CTSH,PANW,0,,False,Incomplete or constant formation history
4510,Software & Services,CTSH,PLTR,0,,False,Incomplete or constant formation history
4510,Software & Services,CTSH,PTC,0,,False,Incomplete or constant formation history
4510,Software & Services,CTSH,SNPS,0,,False,Incomplete or constant formation history
4510,Software & Services,CTSH,TDC,251,0.33269874627993395,False,OK
4510,Software & Services,CTSH,TRMB,0,,False,Incomplete or constant formation history
4510,Software & Services,CTSH,TYL,0,,False,Incomplete or constant formation history
4510,Software & Services,CTSH,VRSN,251,0.5437796275269765,False,OK
4510,Software & Services,CTSH,WDAY,0,,False,Incomplete or constant formation history
4510,Software & Services,DDOG,DXC,0,,False,Incomplete or constant formation history
4510,Software & Services,DDOG,EPAM,0,,False,Incomplete or constant formation history
4510,Software & Services,DDOG,FICO,0,,False,Incomplete or constant formation history
4510,Software & Services,DDOG,FTNT,0,,False,Incomplete or constant formation history
4510,Software & Services,DDOG,GDDY,0,,False,Incomplete or constant formation history
4510,Software & Services,DDOG,GEN,0,,False,Incomplete or constant formation history
4510,Software & Services,DDOG,IBM,0,,False,Incomplete or constant formation history
4510,Software & Services,DDOG,INTU,0,,False,Incomplete or constant formation history
4510,Software & Services,DDOG,IT,0,,False,Incomplete or constant formation history
4510,Software & Services,DDOG,MSFT,0,,False,Incomplete or constant formation history
4510,Software & Services,DDOG,NOW,0,,False,Incomplete or constant formation history
4510,Software & Services,DDOG,ORCL,0,,False,Incomplete or constant formation history
4510,Software & Services,DDOG,PANW,0,,False,Incomplete or constant formation history
4510,Software & Services,DDOG,PLTR,0,,False,Incomplete or constant formation history
4510,Software & Services,DDOG,PTC,0,,False,Incomplete or constant formation history
4510,Software & Services,DDOG,SNPS,0,,False,Incomplete or constant formation history
4510,Software & Services,DDOG,TDC,0,,False,Incomplete or constant formation history
4510,Software & Services,DDOG,TRMB,0,,False,Incomplete or constant formation history
4510,Software & Services,DDOG,TYL,0,,False,Incomplete or constant formation history
4510,Software & Services,DDOG,VRSN,0,,False,Incomplete or constant formation history
4510,Software & Services,DDOG,WDAY,0,,False,Incomplete or constant formation history
4510,Software & Services,DXC,EPAM,0,,False,Incomplete or constant formation history
4510,Software & Services,DXC,FICO,0,,False,Incomplete or constant formation history
4510,Software & Services,DXC,FTNT,0,,False,Incomplete or constant formation history
4510,Software & Services,DXC,GDDY,0,,False,Incomplete or constant formation history
4510,Software & Services,DXC,GEN,0,,False,Incomplete or constant formation history
4510,Software & Services,DXC,IBM,0,,False,Incomplete or constant formation history
4510,Software & Services,DXC,INTU,0,,False,Incomplete or constant formation history
4510,Software & Services,DXC,IT,0,,False,Incomplete or constant formation history
4510,Software & Services,DXC,MSFT,0,,False,Incomplete or constant formation history
4510,Software & Services,DXC,NOW,0,,False,Incomplete or constant formation history
4510,Software & Services,DXC,ORCL,0,,False,Incomplete or constant formation history
4510,Software & Services,DXC,PANW,0,,False,Incomplete or constant formation history
4510,Software & Services,DXC,PLTR,0,,False,Incomplete or constant formation history
4510,Software & Services,DXC,PTC,0,,False,Incomplete or constant formation history
4510,Software & Services,DXC,SNPS,0,,False,Incomplete or constant formation history
4510,Software & Services,DXC,TDC,0,,False,Incomplete or constant formation history
4510,Software & Services,DXC,TRMB,0,,False,Incomplete or constant formation history
4510,Software & Services,DXC,TYL,0,,False,Incomplete or constant formation history
4510,Software & Services,DXC,VRSN,0,,False,Incomplete or constant formation history
4510,Software & Services,DXC,WDAY,0,,False,Incomplete or constant formation history
4510,Software & Services,EPAM,FICO,0,,False,Incomplete or constant formation history
4510,Software & Services,EPAM,FTNT,0,,False,Incomplete or constant formation history
4510,Software & Services,EPAM,GDDY,0,,False,Incomplete or constant formation history
4510,Software & Services,EPAM,GEN,0,,False,Incomplete or constant formation history
4510,Software & Services,EPAM,IBM,0,,False,Incomplete or constant formation history
4510,Software & Services,EPAM,INTU,0,,False,Incomplete or constant formation history
4510,Software & Services,EPAM,IT,0,,False,Incomplete or constant formation history
4510,Software & Services,EPAM,MSFT,0,,False,Incomplete or constant formation history
4510,Software & Services,EPAM,NOW,0,,False,Incomplete or constant formation history
4510,Software & Services,EPAM,ORCL,0,,False,Incomplete or constant formation history
4510,Software & Services,EPAM,PANW,0,,False,Incomplete or constant formation history
4510,Software & Services,EPAM,PLTR,0,,False,Incomplete or constant formation history
4510,Software & Services,EPAM,PTC,0,,False,Incomplete or constant formation history
4510,Software & Services,EPAM,SNPS,0,,False,Incomplete or constant formation history
4510,Software & Services,EPAM,TDC,0,,False,Incomplete or constant formation history
4510,Software & Services,EPAM,TRMB,0,,False,Incomplete or constant formation history
4510,Software & Services,EPAM,TYL,0,,False,Incomplete or constant formation history
4510,Software & Services,EPAM,VRSN,0,,False,Incomplete or constant formation history
4510,Software & Services,EPAM,WDAY,0,,False,Incomplete or constant formation history
4510,Software & Services,FICO,FTNT,0,,False,Incomplete or constant formation history
4510,Software & Services,FICO,GDDY,0,,False,Incomplete or constant formation history
4510,Software & Services,FICO,GEN,0,,False,Incomplete or constant formation history
4510,Software & Services,FICO,IBM,0,,False,Incomplete or constant formation history
4510,Software & Services,FICO,INTU,0,,False,Incomplete or constant formation history
4510,Software & Services,FICO,IT,0,,False,Incomplete or constant formation history
4510,Software & Services,FICO,MSFT,0,,False,Incomplete or constant formation history
4510,Software & Services,FICO,NOW,0,,False,Incomplete or constant formation history
4510,Software & Services,FICO,ORCL,0,,False,Incomplete or constant formation history
4510,Software & Services,FICO,PANW,0,,False,Incomplete or constant formation history
4510,Software & Services,FICO,PLTR,0,,False,Incomplete or constant formation history
4510,Software & Services,FICO,PTC,0,,False,Incomplete or constant formation history
4510,Software & Services,FICO,SNPS,0,,False,Incomplete or constant formation history
4510,Software & Services,FICO,TDC,0,,False,Incomplete or constant formation history
4510,Software & Services,FICO,TRMB,0,,False,Incomplete or constant formation history
4510,Software & Services,FICO,TYL,0,,False,Incomplete or constant formation history
4510,Software & Services,FICO,VRSN,0,,False,Incomplete or constant formation history
4510,Software & Services,FICO,WDAY,0,,False,Incomplete or constant formation history
4510,Software & Services,FTNT,GDDY,0,,False,Incomplete or constant formation history
4510,Software & Services,FTNT,GEN,0,,False,Incomplete or constant formation history
4510,Software & Services,FTNT,IBM,0,,False,Incomplete or constant formation history
4510,Software & Services,FTNT,INTU,0,,False,Incomplete or constant formation history
4510,Software & Services,FTNT,IT,0,,False,Incomplete or constant formation history
4510,Software & Services,FTNT,MSFT,0,,False,Incomplete or constant formation history
4510,Software & Services,FTNT,NOW,0,,False,Incomplete or constant formation history
4510,Software & Services,FTNT,ORCL,0,,False,Incomplete or constant formation history
4510,Software & Services,FTNT,PANW,0,,False,Incomplete or constant formation history
4510,Software & Services,FTNT,PLTR,0,,False,Incomplete or constant formation history
4510,Software & Services,FTNT,PTC,0,,False,Incomplete or constant formation history
4510,Software & Services,FTNT,SNPS,0,,False,Incomplete or constant formation history
4510,Software & Services,FTNT,TDC,0,,False,Incomplete or constant formation history
4510,Software & Services,FTNT,TRMB,0,,False,Incomplete or constant formation history
4510,Software & Services,FTNT,TYL,0,,False,Incomplete or constant formation history
4510,Software & Services,FTNT,VRSN,0,,False,Incomplete or constant formation history
4510,Software & Services,FTNT,WDAY,0,,False,Incomplete or constant formation history
4510,Software & Services,GDDY,GEN,0,,False,Incomplete or constant formation history
4510,Software & Services,GDDY,IBM,0,,False,Incomplete or constant formation history
4510,Software & Services,GDDY,INTU,0,,False,Incomplete or constant formation history
4510,Software & Services,GDDY,IT,0,,False,Incomplete or constant formation history
4510,Software & Services,GDDY,MSFT,0,,False,Incomplete or constant formation history
4510,Software & Services,GDDY,NOW,0,,False,Incomplete or constant formation history
4510,Software & Services,GDDY,ORCL,0,,False,Incomplete or constant formation history
4510,Software & Services,GDDY,PANW,0,,False,Incomplete or constant formation history
4510,Software & Services,GDDY,PLTR,0,,False,Incomplete or constant formation history
4510,Software & Services,GDDY,PTC,0,,False,Incomplete or constant formation history
4510,Software & Services,GDDY,SNPS,0,,False,Incomplete or constant formation history
4510,Software & Services,GDDY,TDC,0,,False,Incomplete or constant formation history
4510,Software & Services,GDDY,TRMB,0,,False,Incomplete or constant formation history
4510,Software & Services,GDDY,TYL,0,,False,Incomplete or constant formation history
4510,Software & Services,GDDY,VRSN,0,,False,Incomplete or constant formation history
4510,Software & Services,GDDY,WDAY,0,,False,Incomplete or constant formation history
4510,Software & Services,GEN,IBM,0,,False,Incomplete or constant formation history
4510,Software & Services,GEN,INTU,0,,False,Incomplete or constant formation history
4510,Software & Services,GEN,IT,0,,False,Incomplete or constant formation history
4510,Software & Services,GEN,MSFT,0,,False,Incomplete or constant formation history
4510,Software & Services,GEN,NOW,0,,False,Incomplete or constant formation history
4510,Software & Services,GEN,ORCL,0,,False,Incomplete or constant formation history
4510,Software & Services,GEN,PANW,0,,False,Incomplete or constant formation history
4510,Software & Services,GEN,PLTR,0,,False,Incomplete or constant formation history
4510,Software & Services,GEN,PTC,0,,False,Incomplete or constant formation history
4510,Software & Services,GEN,SNPS,0,,False,Incomplete or constant formation history
4510,Software & Services,GEN,TDC,0,,False,Incomplete or constant formation history
4510,Software & Services,GEN,TRMB,0,,False,Incomplete or constant formation history
4510,Software & Services,GEN,TYL,0,,False,Incomplete or constant formation history
4510,Software & Services,GEN,VRSN,0,,False,Incomplete or constant formation history
4510,Software & Services,GEN,WDAY,0,,False,Incomplete or constant formation history
4510,Software & Services,IBM,INTU,251,0.5238037100848211,False,OK
4510,Software & Services,IBM,IT,0,,False,Incomplete or constant formation history
4510,Software & Services,IBM,MSFT,251,0.550879150546041,False,OK
4510,Software & Services,IBM,NOW,0,,False,Incomplete or constant formation history
4510,Software & Services,IBM,ORCL,251,0.6067883262686043,False,OK
4510,Software & Services,IBM,PANW,0,,False,Incomplete or constant formation history
4510,Software & Services,IBM,PLTR,0,,False,Incomplete or constant formation history
4510,Software & Services,IBM,PTC,0,,False,Incomplete or constant formation history
4510,Software & Services,IBM,SNPS,0,,False,Incomplete or constant formation history
4510,Software & Services,IBM,TDC,251,0.33809444284812007,False,OK
4510,Software & Services,IBM,TRMB,0,,False,Incomplete or constant formation history
4510,Software & Services,IBM,TYL,0,,False,Incomplete or constant formation history
4510,Software & Services,IBM,VRSN,251,0.5344731641577893,False,OK
4510,Software & Services,IBM,WDAY,0,,False,Incomplete or constant formation history
4510,Software & Services,INTU,IT,0,,False,Incomplete or constant formation history
4510,Software & Services,INTU,MSFT,251,0.536976509057047,False,OK
4510,Software & Services,INTU,NOW,0,,False,Incomplete or constant formation history
4510,Software & Services,INTU,ORCL,251,0.5687803184189155,False,OK
4510,Software & Services,INTU,PANW,0,,False,Incomplete or constant formation history
4510,Software & Services,INTU,PLTR,0,,False,Incomplete or constant formation history
4510,Software & Services,INTU,PTC,0,,False,Incomplete or constant formation history
4510,Software & Services,INTU,SNPS,0,,False,Incomplete or constant formation history
4510,Software & Services,INTU,TDC,251,0.2562620906586458,False,OK
4510,Software & Services,INTU,TRMB,0,,False,Incomplete or constant formation history
4510,Software & Services,INTU,TYL,0,,False,Incomplete or constant formation history
4510,Software & Services,INTU,VRSN,251,0.47176646794604493,False,OK
4510,Software & Services,INTU,WDAY,0,,False,Incomplete or constant formation history
4510,Software & Services,IT,MSFT,0,,False,Incomplete or constant formation history
4510,Software & Services,IT,NOW,0,,False,Incomplete or constant formation history
4510,Software & Services,IT,ORCL,0,,False,Incomplete or constant formation history
4510,Software & Services,IT,PANW,0,,False,Incomplete or constant formation history
4510,Software & Services,IT,PLTR,0,,False,Incomplete or constant formation history
4510,Software & Services,IT,PTC,0,,False,Incomplete or constant formation history
4510,Software & Services,IT,SNPS,0,,False,Incomplete or constant formation history
4510,Software & Services,IT,TDC,0,,False,Incomplete or constant formation history
4510,Software & Services,IT,TRMB,0,,False,Incomplete or constant formation history
4510,Software & Services,IT,TYL,0,,False,Incomplete or constant formation history
4510,Software & Services,IT,VRSN,0,,False,Incomplete or constant formation history
4510,Software & Services,IT,WDAY,0,,False,Incomplete or constant formation history
4510,Software & Services,MSFT,NOW,0,,False,Incomplete or constant formation history
4510,Software & Services,MSFT,ORCL,251,0.5506506346765544,False,OK
4510,Software & Services,MSFT,PANW,0,,False,Incomplete or constant formation history
4510,Software & Services,MSFT,PLTR,0,,False,Incomplete or constant formation history
4510,Software & Services,MSFT,PTC,0,,False,Incomplete or constant formation history
4510,Software & Services,MSFT,SNPS,0,,False,Incomplete or constant formation history
4510,Software & Services,MSFT,TDC,251,0.25594307993287374,False,OK
4510,Software & Services,MSFT,TRMB,0,,False,Incomplete or constant formation history
4510,Software & Services,MSFT,TYL,0,,False,Incomplete or constant formation history
4510,Software & Services,MSFT,VRSN,251,0.46209844032067676,False,OK
4510,Software & Services,MSFT,WDAY,0,,False,Incomplete or constant formation history
4510,Software & Services,NOW,ORCL,0,,False,Incomplete or constant formation history
4510,Software & Services,NOW,PANW,0,,False,Incomplete or constant formation history
4510,Software & Services,NOW,PLTR,0,,False,Incomplete or constant formation history
4510,Software & Services,NOW,PTC,0,,False,Incomplete or constant formation history
4510,Software & Services,NOW,SNPS,0,,False,Incomplete or constant formation history
4510,Software & Services,NOW,TDC,0,,False,Incomplete or constant formation history
4510,Software & Services,NOW,TRMB,0,,False,Incomplete or constant formation history
4510,Software & Services,NOW,TYL,0,,False,Incomplete or constant formation history
4510,Software & Services,NOW,VRSN,0,,False,Incomplete or constant formation history
4510,Software & Services,NOW,WDAY,0,,False,Incomplete or constant formation history
4510,Software & Services,ORCL,PANW,0,,False,Incomplete or constant formation history
4510,Software & Services,ORCL,PLTR,0,,False,Incomplete or constant formation history
4510,Software & Services,ORCL,PTC,0,,False,Incomplete or constant formation history
4510,Software & Services,ORCL,SNPS,0,,False,Incomplete or constant formation history
4510,Software & Services,ORCL,TDC,251,0.343083090847163,False,OK
4510,Software & Services,ORCL,TRMB,0,,False,Incomplete or constant formation history
4510,Software & Services,ORCL,TYL,0,,False,Incomplete or constant formation history
4510,Software & Services,ORCL,VRSN,251,0.5076421476902468,False,OK
4510,Software & Services,ORCL,WDAY,0,,False,Incomplete or constant formation history
4510,Software & Services,PANW,PLTR,0,,False,Incomplete or constant formation history
4510,Software & Services,PANW,PTC,0,,False,Incomplete or constant formation history
4510,Software & Services,PANW,SNPS,0,,False,Incomplete or constant formation history
4510,Software & Services,PANW,TDC,0,,False,Incomplete or constant formation history
4510,Software & Services,PANW,TRMB,0,,False,Incomplete or constant formation history
4510,Software & Services,PANW,TYL,0,,False,Incomplete or constant formation history
4510,Software & Services,PANW,VRSN,0,,False,Incomplete or constant formation history
4510,Software & Services,PANW,WDAY,0,,False,Incomplete or constant formation history
4510,Software & Services,PLTR,PTC,0,,False,Incomplete or constant formation history
4510,Software & Services,PLTR,SNPS,0,,False,Incomplete or constant formation history
4510,Software & Services,PLTR,TDC,0,,False,Incomplete or constant formation history
4510,Software & Services,PLTR,TRMB,0,,False,Incomplete or constant formation history
4510,Software & Services,PLTR,TYL,0,,False,Incomplete or constant formation history
4510,Software & Services,PLTR,VRSN,0,,False,Incomplete or constant formation history
4510,Software & Services,PLTR,WDAY,0,,False,Incomplete or constant formation history
4510,Software & Services,PTC,SNPS,0,,False,Incomplete or constant formation history
4510,Software & Services,PTC,TDC,0,,False,Incomplete or constant formation history
4510,Software & Services,PTC,TRMB,0,,False,Incomplete or constant formation history
4510,Software & Services,PTC,TYL,0,,False,Incomplete or constant formation history
4510,Software & Services,PTC,VRSN,0,,False,Incomplete or constant formation history
4510,Software & Services,PTC,WDAY,0,,False,Incomplete or constant formation history
4510,Software & Services,SNPS,TDC,0,,False,Incomplete or constant formation history
4510,Software & Services,SNPS,TRMB,0,,False,Incomplete or constant formation history
4510,Software & Services,SNPS,TYL,0,,False,Incomplete or constant formation history
4510,Software & Services,SNPS,VRSN,0,,False,Incomplete or constant formation history
4510,Software & Services,SNPS,WDAY,0,,False,Incomplete or constant formation history
4510,Software & Services,TDC,TRMB,0,,False,Incomplete or constant formation history
4510,Software & Services,TDC,TYL,0,,False,Incomplete or constant formation history
4510,Software & Services,TDC,VRSN,251,0.3105759623892719,False,OK
4510,Software & Services,TDC,WDAY,0,,False,Incomplete or constant formation history
4510,Software & Services,TRMB,TYL,0,,False,Incomplete or constant formation history
4510,Software & Services,TRMB,VRSN,0,,False,Incomplete or constant formation history
4510,Software & Services,TRMB,WDAY,0,,False,Incomplete or constant formation history
4510,Software & Services,TYL,VRSN,0,,False,Incomplete or constant formation history
4510,Software & Services,TYL,WDAY,0,,False,Incomplete or constant formation history
4510,Software & Services,VRSN,WDAY,0,,False,Incomplete or constant formation history
4520,Technology Hardware & Equipment,AAPL,ANET,0,,False,Incomplete or constant formation history
4520,Technology Hardware & Equipment,AAPL,APH,251,0.5044385205681131,False,OK
4520,Technology Hardware & Equipment,AAPL,CDW,0,,False,Incomplete or constant formation history
4520,Technology Hardware & Equipment,AAPL,CIEN,0,,False,Incomplete or constant formation history
4520,Technology Hardware & Equipment,AAPL,COHR,0,,False,Incomplete or constant formation history
4520,Technology Hardware & Equipment,AAPL,CSCO,251,0.5430024255555621,False,OK
4520,Technology Hardware & Equipment,AAPL,DELL,0,,False,Incomplete or constant formation history
4520,Technology Hardware & Equipment,AAPL,FFIV,251,0.3086240201180236,False,OK
4520,Technology Hardware & Equipment,AAPL,FLEX,0,,False,Incomplete or constant formation history
4520,Technology Hardware & Equipment,AAPL,GLW,251,0.40421772365872033,False,OK
4520,Technology Hardware & Equipment,AAPL,HPE,0,,False,Incomplete or constant formation history
4520,Technology Hardware & Equipment,AAPL,HPQ,251,0.4213545481057929,False,OK
4520,Technology Hardware & Equipment,AAPL,IPGP,0,,False,Incomplete or constant formation history
4520,Technology Hardware & Equipment,AAPL,JBL,0,,False,Incomplete or constant formation history
4520,Technology Hardware & Equipment,AAPL,KEYS,0,,False,Incomplete or constant formation history
4520,Technology Hardware & Equipment,AAPL,LITE,0,,False,Incomplete or constant formation history
4520,Technology Hardware & Equipment,AAPL,MSI,251,0.3769993885413377,False,OK
4520,Technology Hardware & Equipment,AAPL,NTAP,251,0.4056839972731503,False,OK
4520,Technology Hardware & Equipment,AAPL,ROP,251,0.479783336270408,False,OK
4520,Technology Hardware & Equipment,AAPL,SMCI,0,,False,Incomplete or constant formation history
4520,Technology Hardware & Equipment,AAPL,SNDK,0,,False,Incomplete or constant formation history
4520,Technology Hardware & Equipment,AAPL,STX,251,0.33080706907734025,False,OK
4520,Technology Hardware & Equipment,AAPL,TDY,0,,False,Incomplete or constant formation history
4520,Technology Hardware & Equipment,AAPL,TEL,251,0.5712894995212735,False,OK
4520,Technology Hardware & Equipment,AAPL,VNT,0,,False,Incomplete or constant formation history
4520,Technology Hardware & Equipment,AAPL,WDC,251,0.39989054203406327,False,OK
4520,Technology Hardware & Equipment,AAPL,XRX,251,0.41807230484631236,False,OK
4520,Technology Hardware & Equipment,AAPL,ZBRA,0,,False,Incomplete or constant formation history
4520,Technology Hardware & Equipment,ANET,APH,0,,False,Incomplete or constant formation history
4520,Technology Hardware & Equipment,ANET,CDW,0,,False,Incomplete or constant formation history
4520,Technology Hardware & Equipment,ANET,CIEN,0,,False,Incomplete or constant formation history
4520,Technology Hardware & Equipment,ANET,COHR,0,,False,Incomplete or constant formation history
4520,Technology Hardware & Equipment,ANET,CSCO,0,,False,Incomplete or constant formation history
4520,Technology Hardware & Equipment,ANET,DELL,0,,False,Incomplete or constant formation history
4520,Technology Hardware & Equipment,ANET,FFIV,0,,False,Incomplete or constant formation history
4520,Technology Hardware & Equipment,ANET,FLEX,0,,False,Incomplete or constant formation history
4520,Technology Hardware & Equipment,ANET,GLW,0,,False,Incomplete or constant formation history
4520,Technology Hardware & Equipment,ANET,HPE,0,,False,Incomplete or constant formation history
4520,Technology Hardware & Equipment,ANET,HPQ,0,,False,Incomplete or constant formation history
4520,Technology Hardware & Equipment,ANET,IPGP,0,,False,Incomplete or constant formation history
4520,Technology Hardware & Equipment,ANET,JBL,0,,False,Incomplete or constant formation history
4520,Technology Hardware & Equipment,ANET,KEYS,0,,False,Incomplete or constant formation history
4520,Technology Hardware & Equipment,ANET,LITE,0,,False,Incomplete or constant formation history
4520,Technology Hardware & Equipment,ANET,MSI,0,,False,Incomplete or constant formation history
4520,Technology Hardware & Equipment,ANET,NTAP,0,,False,Incomplete or constant formation history
4520,Technology Hardware & Equipment,ANET,ROP,0,,False,Incomplete or constant formation history
4520,Technology Hardware & Equipment,ANET,SMCI,0,,False,Incomplete or constant formation history
4520,Technology Hardware & Equipment,ANET,SNDK,0,,False,Incomplete or constant formation history
4520,Technology Hardware & Equipment,ANET,STX,0,,False,Incomplete or constant formation history
4520,Technology Hardware & Equipment,ANET,TDY,0,,False,Incomplete or constant formation history
4520,Technology Hardware & Equipment,ANET,TEL,0,,False,Incomplete or constant formation history
4520,Technology Hardware & Equipment,ANET,VNT,0,,False,Incomplete or constant formation history
4520,Technology Hardware & Equipment,ANET,WDC,0,,False,Incomplete or constant formation history
4520,Technology Hardware & Equipment,ANET,XRX,0,,False,Incomplete or constant formation history
4520,Technology Hardware & Equipment,ANET,ZBRA,0,,False,Incomplete or constant formation history
4520,Technology Hardware & Equipment,APH,CDW,0,,False,Incomplete or constant formation history
4520,Technology Hardware & Equipment,APH,CIEN,0,,False,Incomplete or constant formation history
4520,Technology Hardware & Equipment,APH,COHR,0,,False,Incomplete or constant formation history
4520,Technology Hardware & Equipment,APH,CSCO,251,0.542308324839933,False,OK
4520,Technology Hardware & Equipment,APH,DELL,0,,False,Incomplete or constant formation history
4520,Technology Hardware & Equipment,APH,FFIV,251,0.39875212061238313,False,OK
4520,Technology Hardware & Equipment,APH,FLEX,0,,False,Incomplete or constant formation history
4520,Technology Hardware & Equipment,APH,GLW,251,0.5489263061987069,False,OK
4520,Technology Hardware & Equipment,APH,HPE,0,,False,Incomplete or constant formation history
4520,Technology Hardware & Equipment,APH,HPQ,251,0.3771090887515341,False,OK
4520,Technology Hardware & Equipment,APH,IPGP,0,,False,Incomplete or constant formation history
4520,Technology Hardware & Equipment,APH,JBL,0,,False,Incomplete or constant formation history
4520,Technology Hardware & Equipment,APH,KEYS,0,,False,Incomplete or constant formation history
4520,Technology Hardware & Equipment,APH,LITE,0,,False,Incomplete or constant formation history
4520,Technology Hardware & Equipment,APH,MSI,251,0.40274055294768457,False,OK
4520,Technology Hardware & Equipment,APH,NTAP,251,0.4030275690718903,False,OK
4520,Technology Hardware & Equipment,APH,ROP,251,0.663678975504332,False,OK
4520,Technology Hardware & Equipment,APH,SMCI,0,,False,Incomplete or constant formation history
4520,Technology Hardware & Equipment,APH,SNDK,0,,False,Incomplete or constant formation history
4520,Technology Hardware & Equipment,APH,STX,251,0.4030449953998583,False,OK
4520,Technology Hardware & Equipment,APH,TDY,0,,False,Incomplete or constant formation history
4520,Technology Hardware & Equipment,APH,TEL,251,0.6991133629673502,False,OK
4520,Technology Hardware & Equipment,APH,VNT,0,,False,Incomplete or constant formation history
4520,Technology Hardware & Equipment,APH,WDC,251,0.4180004938819033,False,OK
4520,Technology Hardware & Equipment,APH,XRX,251,0.5324016912008901,False,OK
4520,Technology Hardware & Equipment,APH,ZBRA,0,,False,Incomplete or constant formation history
4520,Technology Hardware & Equipment,CDW,CIEN,0,,False,Incomplete or constant formation history
4520,Technology Hardware & Equipment,CDW,COHR,0,,False,Incomplete or constant formation history
4520,Technology Hardware & Equipment,CDW,CSCO,0,,False,Incomplete or constant formation history
4520,Technology Hardware & Equipment,CDW,DELL,0,,False,Incomplete or constant formation history
4520,Technology Hardware & Equipment,CDW,FFIV,0,,False,Incomplete or constant formation history
4520,Technology Hardware & Equipment,CDW,FLEX,0,,False,Incomplete or constant formation history
4520,Technology Hardware & Equipment,CDW,GLW,0,,False,Incomplete or constant formation history
4520,Technology Hardware & Equipment,CDW,HPE,0,,False,Incomplete or constant formation history
4520,Technology Hardware & Equipment,CDW,HPQ,0,,False,Incomplete or constant formation history
4520,Technology Hardware & Equipment,CDW,IPGP,0,,False,Incomplete or constant formation history
4520,Technology Hardware & Equipment,CDW,JBL,0,,False,Incomplete or constant formation history
4520,Technology Hardware & Equipment,CDW,KEYS,0,,False,Incomplete or constant formation history
4520,Technology Hardware & Equipment,CDW,LITE,0,,False,Incomplete or constant formation history
4520,Technology Hardware & Equipment,CDW,MSI,0,,False,Incomplete or constant formation history
4520,Technology Hardware & Equipment,CDW,NTAP,0,,False,Incomplete or constant formation history
4520,Technology Hardware & Equipment,CDW,ROP,0,,False,Incomplete or constant formation history
4520,Technology Hardware & Equipment,CDW,SMCI,0,,False,Incomplete or constant formation history
4520,Technology Hardware & Equipment,CDW,SNDK,0,,False,Incomplete or constant formation history
4520,Technology Hardware & Equipment,CDW,STX,0,,False,Incomplete or constant formation history
4520,Technology Hardware & Equipment,CDW,TDY,0,,False,Incomplete or constant formation history
4520,Technology Hardware & Equipment,CDW,TEL,0,,False,Incomplete or constant formation history
4520,Technology Hardware & Equipment,CDW,VNT,0,,False,Incomplete or constant formation history
4520,Technology Hardware & Equipment,CDW,WDC,0,,False,Incomplete or constant formation history
4520,Technology Hardware & Equipment,CDW,XRX,0,,False,Incomplete or constant formation history
4520,Technology Hardware & Equipment,CDW,ZBRA,0,,False,Incomplete or constant formation history
4520,Technology Hardware & Equipment,CIEN,COHR,0,,False,Incomplete or constant formation history
4520,Technology Hardware & Equipment,CIEN,CSCO,0,,False,Incomplete or constant formation history
4520,Technology Hardware & Equipment,CIEN,DELL,0,,False,Incomplete or constant formation history
4520,Technology Hardware & Equipment,CIEN,FFIV,0,,False,Incomplete or constant formation history
4520,Technology Hardware & Equipment,CIEN,FLEX,0,,False,Incomplete or constant formation history
4520,Technology Hardware & Equipment,CIEN,GLW,0,,False,Incomplete or constant formation history
4520,Technology Hardware & Equipment,CIEN,HPE,0,,False,Incomplete or constant formation history
4520,Technology Hardware & Equipment,CIEN,HPQ,0,,False,Incomplete or constant formation history
4520,Technology Hardware & Equipment,CIEN,IPGP,0,,False,Incomplete or constant formation history
4520,Technology Hardware & Equipment,CIEN,JBL,0,,False,Incomplete or constant formation history
4520,Technology Hardware & Equipment,CIEN,KEYS,0,,False,Incomplete or constant formation history
4520,Technology Hardware & Equipment,CIEN,LITE,0,,False,Incomplete or constant formation history
4520,Technology Hardware & Equipment,CIEN,MSI,0,,False,Incomplete or constant formation history
4520,Technology Hardware & Equipment,CIEN,NTAP,0,,False,Incomplete or constant formation history
4520,Technology Hardware & Equipment,CIEN,ROP,0,,False,Incomplete or constant formation history
4520,Technology Hardware & Equipment,CIEN,SMCI,0,,False,Incomplete or constant formation history
4520,Technology Hardware & Equipment,CIEN,SNDK,0,,False,Incomplete or constant formation history
4520,Technology Hardware & Equipment,CIEN,STX,0,,False,Incomplete or constant formation history
4520,Technology Hardware & Equipment,CIEN,TDY,0,,False,Incomplete or constant formation history
4520,Technology Hardware & Equipment,CIEN,TEL,0,,False,Incomplete or constant formation history
4520,Technology Hardware & Equipment,CIEN,VNT,0,,False,Incomplete or constant formation history
4520,Technology Hardware & Equipment,CIEN,WDC,0,,False,Incomplete or constant formation history
4520,Technology Hardware & Equipment,CIEN,XRX,0,,False,Incomplete or constant formation history
4520,Technology Hardware & Equipment,CIEN,ZBRA,0,,False,Incomplete or constant formation history
4520,Technology Hardware & Equipment,COHR,CSCO,0,,False,Incomplete or constant formation history
4520,Technology Hardware & Equipment,COHR,DELL,0,,False,Incomplete or constant formation history
4520,Technology Hardware & Equipment,COHR,FFIV,0,,False,Incomplete or constant formation history
4520,Technology Hardware & Equipment,COHR,FLEX,0,,False,Incomplete or constant formation history
4520,Technology Hardware & Equipment,COHR,GLW,0,,False,Incomplete or constant formation history
4520,Technology Hardware & Equipment,COHR,HPE,0,,False,Incomplete or constant formation history
4520,Technology Hardware & Equipment,COHR,HPQ,0,,False,Incomplete or constant formation history
4520,Technology Hardware & Equipment,COHR,IPGP,0,,False,Incomplete or constant formation history
4520,Technology Hardware & Equipment,COHR,JBL,0,,False,Incomplete or constant formation history
4520,Technology Hardware & Equipment,COHR,KEYS,0,,False,Incomplete or constant formation history
4520,Technology Hardware & Equipment,COHR,LITE,0,,False,Incomplete or constant formation history
4520,Technology Hardware & Equipment,COHR,MSI,0,,False,Incomplete or constant formation history
4520,Technology Hardware & Equipment,COHR,NTAP,0,,False,Incomplete or constant formation history
4520,Technology Hardware & Equipment,COHR,ROP,0,,False,Incomplete or constant formation history
4520,Technology Hardware & Equipment,COHR,SMCI,0,,False,Incomplete or constant formation history
4520,Technology Hardware & Equipment,COHR,SNDK,0,,False,Incomplete or constant formation history
4520,Technology Hardware & Equipment,COHR,STX,0,,False,Incomplete or constant formation history
4520,Technology Hardware & Equipment,COHR,TDY,0,,False,Incomplete or constant formation history
4520,Technology Hardware & Equipment,COHR,TEL,0,,False,Incomplete or constant formation history
4520,Technology Hardware & Equipment,COHR,VNT,0,,False,Incomplete or constant formation history
4520,Technology Hardware & Equipment,COHR,WDC,0,,False,Incomplete or constant formation history
4520,Technology Hardware & Equipment,COHR,XRX,0,,False,Incomplete or constant formation history
4520,Technology Hardware & Equipment,COHR,ZBRA,0,,False,Incomplete or constant formation history
4520,Technology Hardware & Equipment,CSCO,DELL,0,,False,Incomplete or constant formation history
4520,Technology Hardware & Equipment,CSCO,FFIV,251,0.43709876777762624,False,OK
4520,Technology Hardware & Equipment,CSCO,FLEX,0,,False,Incomplete or constant formation history
4520,Technology Hardware & Equipment,CSCO,GLW,251,0.47175239237472993,False,OK
4520,Technology Hardware & Equipment,CSCO,HPE,0,,False,Incomplete or constant formation history
4520,Technology Hardware & Equipment,CSCO,HPQ,251,0.3837777274265067,False,OK
4520,Technology Hardware & Equipment,CSCO,IPGP,0,,False,Incomplete or constant formation history
4520,Technology Hardware & Equipment,CSCO,JBL,0,,False,Incomplete or constant formation history
4520,Technology Hardware & Equipment,CSCO,KEYS,0,,False,Incomplete or constant formation history
4520,Technology Hardware & Equipment,CSCO,LITE,0,,False,Incomplete or constant formation history
4520,Technology Hardware & Equipment,CSCO,MSI,251,0.47481684801708335,False,OK
4520,Technology Hardware & Equipment,CSCO,NTAP,251,0.31188935764426123,False,OK
4520,Technology Hardware & Equipment,CSCO,ROP,251,0.5469164744628726,False,OK
4520,Technology Hardware & Equipment,CSCO,SMCI,0,,False,Incomplete or constant formation history
4520,Technology Hardware & Equipment,CSCO,SNDK,0,,False,Incomplete or constant formation history
4520,Technology Hardware & Equipment,CSCO,STX,251,0.3983995311149742,False,OK
4520,Technology Hardware & Equipment,CSCO,TDY,0,,False,Incomplete or constant formation history
4520,Technology Hardware & Equipment,CSCO,TEL,251,0.5341780695248838,False,OK
4520,Technology Hardware & Equipment,CSCO,VNT,0,,False,Incomplete or constant formation history
4520,Technology Hardware & Equipment,CSCO,WDC,251,0.4357105926363302,False,OK
4520,Technology Hardware & Equipment,CSCO,XRX,251,0.4649936229623214,False,OK
4520,Technology Hardware & Equipment,CSCO,ZBRA,0,,False,Incomplete or constant formation history
4520,Technology Hardware & Equipment,DELL,FFIV,0,,False,Incomplete or constant formation history
4520,Technology Hardware & Equipment,DELL,FLEX,0,,False,Incomplete or constant formation history
4520,Technology Hardware & Equipment,DELL,GLW,0,,False,Incomplete or constant formation history
4520,Technology Hardware & Equipment,DELL,HPE,0,,False,Incomplete or constant formation history
4520,Technology Hardware & Equipment,DELL,HPQ,0,,False,Incomplete or constant formation history
4520,Technology Hardware & Equipment,DELL,IPGP,0,,False,Incomplete or constant formation history
4520,Technology Hardware & Equipment,DELL,JBL,0,,False,Incomplete or constant formation history
4520,Technology Hardware & Equipment,DELL,KEYS,0,,False,Incomplete or constant formation history
4520,Technology Hardware & Equipment,DELL,LITE,0,,False,Incomplete or constant formation history
4520,Technology Hardware & Equipment,DELL,MSI,0,,False,Incomplete or constant formation history
4520,Technology Hardware & Equipment,DELL,NTAP,0,,False,Incomplete or constant formation history
4520,Technology Hardware & Equipment,DELL,ROP,0,,False,Incomplete or constant formation history
4520,Technology Hardware & Equipment,DELL,SMCI,0,,False,Incomplete or constant formation history
4520,Technology Hardware & Equipment,DELL,SNDK,0,,False,Incomplete or constant formation history
4520,Technology Hardware & Equipment,DELL,STX,0,,False,Incomplete or constant formation history
4520,Technology Hardware & Equipment,DELL,TDY,0,,False,Incomplete or constant formation history
4520,Technology Hardware & Equipment,DELL,TEL,0,,False,Incomplete or constant formation history
4520,Technology Hardware & Equipment,DELL,VNT,0,,False,Incomplete or constant formation history
4520,Technology Hardware & Equipment,DELL,WDC,0,,False,Incomplete or constant formation history
4520,Technology Hardware & Equipment,DELL,XRX,0,,False,Incomplete or constant formation history
4520,Technology Hardware & Equipment,DELL,ZBRA,0,,False,Incomplete or constant formation history
4520,Technology Hardware & Equipment,FFIV,FLEX,0,,False,Incomplete or constant formation history
4520,Technology Hardware & Equipment,FFIV,GLW,251,0.34507473382327464,False,OK
4520,Technology Hardware & Equipment,FFIV,HPE,0,,False,Incomplete or constant formation history
4520,Technology Hardware & Equipment,FFIV,HPQ,251,0.24616157604900316,False,OK
4520,Technology Hardware & Equipment,FFIV,IPGP,0,,False,Incomplete or constant formation history
4520,Technology Hardware & Equipment,FFIV,JBL,0,,False,Incomplete or constant formation history
4520,Technology Hardware & Equipment,FFIV,KEYS,0,,False,Incomplete or constant formation history
4520,Technology Hardware & Equipment,FFIV,LITE,0,,False,Incomplete or constant formation history
4520,Technology Hardware & Equipment,FFIV,MSI,251,0.34076036610356036,False,OK
4520,Technology Hardware & Equipment,FFIV,NTAP,251,0.258577379713434,False,OK
4520,Technology Hardware & Equipment,FFIV,ROP,251,0.33676576603849945,False,OK
4520,Technology Hardware & Equipment,FFIV,SMCI,0,,False,Incomplete or constant formation history
4520,Technology Hardware & Equipment,FFIV,SNDK,0,,False,Incomplete or constant formation history
4520,Technology Hardware & Equipment,FFIV,STX,251,0.32708011725249764,False,OK
4520,Technology Hardware & Equipment,FFIV,TDY,0,,False,Incomplete or constant formation history
4520,Technology Hardware & Equipment,FFIV,TEL,251,0.4032410113525317,False,OK
4520,Technology Hardware & Equipment,FFIV,VNT,0,,False,Incomplete or constant formation history
4520,Technology Hardware & Equipment,FFIV,WDC,251,0.3566670789456601,False,OK
4520,Technology Hardware & Equipment,FFIV,XRX,251,0.28546582547771987,False,OK
4520,Technology Hardware & Equipment,FFIV,ZBRA,0,,False,Incomplete or constant formation history
4520,Technology Hardware & Equipment,FLEX,GLW,0,,False,Incomplete or constant formation history
4520,Technology Hardware & Equipment,FLEX,HPE,0,,False,Incomplete or constant formation history
4520,Technology Hardware & Equipment,FLEX,HPQ,0,,False,Incomplete or constant formation history
4520,Technology Hardware & Equipment,FLEX,IPGP,0,,False,Incomplete or constant formation history
4520,Technology Hardware & Equipment,FLEX,JBL,0,,False,Incomplete or constant formation history
4520,Technology Hardware & Equipment,FLEX,KEYS,0,,False,Incomplete or constant formation history
4520,Technology Hardware & Equipment,FLEX,LITE,0,,False,Incomplete or constant formation history
4520,Technology Hardware & Equipment,FLEX,MSI,0,,False,Incomplete or constant formation history
4520,Technology Hardware & Equipment,FLEX,NTAP,0,,False,Incomplete or constant formation history
4520,Technology Hardware & Equipment,FLEX,ROP,0,,False,Incomplete or constant formation history
4520,Technology Hardware & Equipment,FLEX,SMCI,0,,False,Incomplete or constant formation history
4520,Technology Hardware & Equipment,FLEX,SNDK,0,,False,Incomplete or constant formation history
4520,Technology Hardware & Equipment,FLEX,STX,0,,False,Incomplete or constant formation history
4520,Technology Hardware & Equipment,FLEX,TDY,0,,False,Incomplete or constant formation history
4520,Technology Hardware & Equipment,FLEX,TEL,0,,False,Incomplete or constant formation history
4520,Technology Hardware & Equipment,FLEX,VNT,0,,False,Incomplete or constant formation history
4520,Technology Hardware & Equipment,FLEX,WDC,0,,False,Incomplete or constant formation history
4520,Technology Hardware & Equipment,FLEX,XRX,0,,False,Incomplete or constant formation history
4520,Technology Hardware & Equipment,FLEX,ZBRA,0,,False,Incomplete or constant formation history
4520,Technology Hardware & Equipment,GLW,HPE,0,,False,Incomplete or constant formation history
4520,Technology Hardware & Equipment,GLW,HPQ,251,0.35718535896220316,False,OK
4520,Technology Hardware & Equipment,GLW,IPGP,0,,False,Incomplete or constant formation history
4520,Technology Hardware & Equipment,GLW,JBL,0,,False,Incomplete or constant formation history
4520,Technology Hardware & Equipment,GLW,KEYS,0,,False,Incomplete or constant formation history
4520,Technology Hardware & Equipment,GLW,LITE,0,,False,Incomplete or constant formation history
4520,Technology Hardware & Equipment,GLW,MSI,251,0.38827372045233133,False,OK
4520,Technology Hardware & Equipment,GLW,NTAP,251,0.3257362504120158,False,OK
4520,Technology Hardware & Equipment,GLW,ROP,251,0.5466619117919255,False,OK
4520,Technology Hardware & Equipment,GLW,SMCI,0,,False,Incomplete or constant formation history
4520,Technology Hardware & Equipment,GLW,SNDK,0,,False,Incomplete or constant formation history
4520,Technology Hardware & Equipment,GLW,STX,251,0.41134244888574467,False,OK
4520,Technology Hardware & Equipment,GLW,TDY,0,,False,Incomplete or constant formation history
4520,Technology Hardware & Equipment,GLW,TEL,251,0.5964333876101926,False,OK
4520,Technology Hardware & Equipment,GLW,VNT,0,,False,Incomplete or constant formation history
4520,Technology Hardware & Equipment,GLW,WDC,251,0.37397607498465063,False,OK
4520,Technology Hardware & Equipment,GLW,XRX,251,0.3925292108143313,False,OK
4520,Technology Hardware & Equipment,GLW,ZBRA,0,,False,Incomplete or constant formation history
4520,Technology Hardware & Equipment,HPE,HPQ,0,,False,Incomplete or constant formation history
4520,Technology Hardware & Equipment,HPE,IPGP,0,,False,Incomplete or constant formation history
4520,Technology Hardware & Equipment,HPE,JBL,0,,False,Incomplete or constant formation history
4520,Technology Hardware & Equipment,HPE,KEYS,0,,False,Incomplete or constant formation history
4520,Technology Hardware & Equipment,HPE,LITE,0,,False,Incomplete or constant formation history
4520,Technology Hardware & Equipment,HPE,MSI,0,,False,Incomplete or constant formation history
4520,Technology Hardware & Equipment,HPE,NTAP,0,,False,Incomplete or constant formation history
4520,Technology Hardware & Equipment,HPE,ROP,0,,False,Incomplete or constant formation history
4520,Technology Hardware & Equipment,HPE,SMCI,0,,False,Incomplete or constant formation history
4520,Technology Hardware & Equipment,HPE,SNDK,0,,False,Incomplete or constant formation history
4520,Technology Hardware & Equipment,HPE,STX,0,,False,Incomplete or constant formation history
4520,Technology Hardware & Equipment,HPE,TDY,0,,False,Incomplete or constant formation history
4520,Technology Hardware & Equipment,HPE,TEL,0,,False,Incomplete or constant formation history
4520,Technology Hardware & Equipment,HPE,VNT,0,,False,Incomplete or constant formation history
4520,Technology Hardware & Equipment,HPE,WDC,0,,False,Incomplete or constant formation history
4520,Technology Hardware & Equipment,HPE,XRX,0,,False,Incomplete or constant formation history
4520,Technology Hardware & Equipment,HPE,ZBRA,0,,False,Incomplete or constant formation history
4520,Technology Hardware & Equipment,HPQ,IPGP,0,,False,Incomplete or constant formation history
4520,Technology Hardware & Equipment,HPQ,JBL,0,,False,Incomplete or constant formation history
4520,Technology Hardware & Equipment,HPQ,KEYS,0,,False,Incomplete or constant formation history
4520,Technology Hardware & Equipment,HPQ,LITE,0,,False,Incomplete or constant formation history
4520,Technology Hardware & Equipment,HPQ,MSI,251,0.28835923957802284,False,OK
4520,Technology Hardware & Equipment,HPQ,NTAP,251,0.37140800120385786,False,OK
4520,Technology Hardware & Equipment,HPQ,ROP,251,0.37586486756145376,False,OK
4520,Technology Hardware & Equipment,HPQ,SMCI,0,,False,Incomplete or constant formation history
4520,Technology Hardware & Equipment,HPQ,SNDK,0,,False,Incomplete or constant formation history
4520,Technology Hardware & Equipment,HPQ,STX,251,0.48330466136400285,False,OK
4520,Technology Hardware & Equipment,HPQ,TDY,0,,False,Incomplete or constant formation history
4520,Technology Hardware & Equipment,HPQ,TEL,251,0.4428966931366788,False,OK
4520,Technology Hardware & Equipment,HPQ,VNT,0,,False,Incomplete or constant formation history
4520,Technology Hardware & Equipment,HPQ,WDC,251,0.4837598248044869,False,OK
4520,Technology Hardware & Equipment,HPQ,XRX,251,0.44556073259197787,False,OK
4520,Technology Hardware & Equipment,HPQ,ZBRA,0,,False,Incomplete or constant formation history
4520,Technology Hardware & Equipment,IPGP,JBL,0,,False,Incomplete or constant formation history
4520,Technology Hardware & Equipment,IPGP,KEYS,0,,False,Incomplete or constant formation history
4520,Technology Hardware & Equipment,IPGP,LITE,0,,False,Incomplete or constant formation history
4520,Technology Hardware & Equipment,IPGP,MSI,0,,False,Incomplete or constant formation history
4520,Technology Hardware & Equipment,IPGP,NTAP,0,,False,Incomplete or constant formation history
4520,Technology Hardware & Equipment,IPGP,ROP,0,,False,Incomplete or constant formation history
4520,Technology Hardware & Equipment,IPGP,SMCI,0,,False,Incomplete or constant formation history
4520,Technology Hardware & Equipment,IPGP,SNDK,0,,False,Incomplete or constant formation history
4520,Technology Hardware & Equipment,IPGP,STX,0,,False,Incomplete or constant formation history
4520,Technology Hardware & Equipment,IPGP,TDY,0,,False,Incomplete or constant formation history
4520,Technology Hardware & Equipment,IPGP,TEL,0,,False,Incomplete or constant formation history
4520,Technology Hardware & Equipment,IPGP,VNT,0,,False,Incomplete or constant formation history
4520,Technology Hardware & Equipment,IPGP,WDC,0,,False,Incomplete or constant formation history
4520,Technology Hardware & Equipment,IPGP,XRX,0,,False,Incomplete or constant formation history
4520,Technology Hardware & Equipment,IPGP,ZBRA,0,,False,Incomplete or constant formation history
4520,Technology Hardware & Equipment,JBL,KEYS,0,,False,Incomplete or constant formation history
4520,Technology Hardware & Equipment,JBL,LITE,0,,False,Incomplete or constant formation history
4520,Technology Hardware & Equipment,JBL,MSI,0,,False,Incomplete or constant formation history
4520,Technology Hardware & Equipment,JBL,NTAP,0,,False,Incomplete or constant formation history
4520,Technology Hardware & Equipment,JBL,ROP,0,,False,Incomplete or constant formation history
4520,Technology Hardware & Equipment,JBL,SMCI,0,,False,Incomplete or constant formation history
4520,Technology Hardware & Equipment,JBL,SNDK,0,,False,Incomplete or constant formation history
4520,Technology Hardware & Equipment,JBL,STX,0,,False,Incomplete or constant formation history
4520,Technology Hardware & Equipment,JBL,TDY,0,,False,Incomplete or constant formation history
4520,Technology Hardware & Equipment,JBL,TEL,0,,False,Incomplete or constant formation history
4520,Technology Hardware & Equipment,JBL,VNT,0,,False,Incomplete or constant formation history
4520,Technology Hardware & Equipment,JBL,WDC,0,,False,Incomplete or constant formation history
4520,Technology Hardware & Equipment,JBL,XRX,0,,False,Incomplete or constant formation history
4520,Technology Hardware & Equipment,JBL,ZBRA,0,,False,Incomplete or constant formation history
4520,Technology Hardware & Equipment,KEYS,LITE,0,,False,Incomplete or constant formation history
4520,Technology Hardware & Equipment,KEYS,MSI,0,,False,Incomplete or constant formation history
4520,Technology Hardware & Equipment,KEYS,NTAP,0,,False,Incomplete or constant formation history
4520,Technology Hardware & Equipment,KEYS,ROP,0,,False,Incomplete or constant formation history
4520,Technology Hardware & Equipment,KEYS,SMCI,0,,False,Incomplete or constant formation history
4520,Technology Hardware & Equipment,KEYS,SNDK,0,,False,Incomplete or constant formation history
4520,Technology Hardware & Equipment,KEYS,STX,0,,False,Incomplete or constant formation history
4520,Technology Hardware & Equipment,KEYS,TDY,0,,False,Incomplete or constant formation history
4520,Technology Hardware & Equipment,KEYS,TEL,0,,False,Incomplete or constant formation history
4520,Technology Hardware & Equipment,KEYS,VNT,0,,False,Incomplete or constant formation history
4520,Technology Hardware & Equipment,KEYS,WDC,0,,False,Incomplete or constant formation history
4520,Technology Hardware & Equipment,KEYS,XRX,0,,False,Incomplete or constant formation history
4520,Technology Hardware & Equipment,KEYS,ZBRA,0,,False,Incomplete or constant formation history
4520,Technology Hardware & Equipment,LITE,MSI,0,,False,Incomplete or constant formation history
4520,Technology Hardware & Equipment,LITE,NTAP,0,,False,Incomplete or constant formation history
4520,Technology Hardware & Equipment,LITE,ROP,0,,False,Incomplete or constant formation history
4520,Technology Hardware & Equipment,LITE,SMCI,0,,False,Incomplete or constant formation history
4520,Technology Hardware & Equipment,LITE,SNDK,0,,False,Incomplete or constant formation history
4520,Technology Hardware & Equipment,LITE,STX,0,,False,Incomplete or constant formation history
4520,Technology Hardware & Equipment,LITE,TDY,0,,False,Incomplete or constant formation history
4520,Technology Hardware & Equipment,LITE,TEL,0,,False,Incomplete or constant formation history
4520,Technology Hardware & Equipment,LITE,VNT,0,,False,Incomplete or constant formation history
4520,Technology Hardware & Equipment,LITE,WDC,0,,False,Incomplete or constant formation history
4520,Technology Hardware & Equipment,LITE,XRX,0,,False,Incomplete or constant formation history
4520,Technology Hardware & Equipment,LITE,ZBRA,0,,False,Incomplete or constant formation history
4520,Technology Hardware & Equipment,MSI,NTAP,251,0.28056771481309256,False,OK
4520,Technology Hardware & Equipment,MSI,ROP,251,0.4224847697131498,False,OK
4520,Technology Hardware & Equipment,MSI,SMCI,0,,False,Incomplete or constant formation history
4520,Technology Hardware & Equipment,MSI,SNDK,0,,False,Incomplete or constant formation history
4520,Technology Hardware & Equipment,MSI,STX,251,0.2941384205589339,False,OK
4520,Technology Hardware & Equipment,MSI,TDY,0,,False,Incomplete or constant formation history
4520,Technology Hardware & Equipment,MSI,TEL,251,0.47050028267797034,False,OK
4520,Technology Hardware & Equipment,MSI,VNT,0,,False,Incomplete or constant formation history
4520,Technology Hardware & Equipment,MSI,WDC,251,0.3119503010808967,False,OK
4520,Technology Hardware & Equipment,MSI,XRX,251,0.43495886434176867,False,OK
4520,Technology Hardware & Equipment,MSI,ZBRA,0,,False,Incomplete or constant formation history
4520,Technology Hardware & Equipment,NTAP,ROP,251,0.37468560863562794,False,OK
4520,Technology Hardware & Equipment,NTAP,SMCI,0,,False,Incomplete or constant formation history
4520,Technology Hardware & Equipment,NTAP,SNDK,0,,False,Incomplete or constant formation history
4520,Technology Hardware & Equipment,NTAP,STX,251,0.40271769056781176,False,OK
4520,Technology Hardware & Equipment,NTAP,TDY,0,,False,Incomplete or constant formation history
4520,Technology Hardware & Equipment,NTAP,TEL,251,0.4274614727897459,False,OK
4520,Technology Hardware & Equipment,NTAP,VNT,0,,False,Incomplete or constant formation history
4520,Technology Hardware & Equipment,NTAP,WDC,251,0.39063572522991413,False,OK
4520,Technology Hardware & Equipment,NTAP,XRX,251,0.32972884391571916,False,OK
4520,Technology Hardware & Equipment,NTAP,ZBRA,0,,False,Incomplete or constant formation history
4520,Technology Hardware & Equipment,ROP,SMCI,0,,False,Incomplete or constant formation history
4520,Technology Hardware & Equipment,ROP,SNDK,0,,False,Incomplete or constant formation history
4520,Technology Hardware & Equipment,ROP,STX,251,0.33721711165227275,False,OK
4520,Technology Hardware & Equipment,ROP,TDY,0,,False,Incomplete or constant formation history
4520,Technology Hardware & Equipment,ROP,TEL,251,0.648334609799314,False,OK
4520,Technology Hardware & Equipment,ROP,VNT,0,,False,Incomplete or constant formation history
4520,Technology Hardware & Equipment,ROP,WDC,251,0.3883921685192356,False,OK
4520,Technology Hardware & Equipment,ROP,XRX,251,0.5629267659361916,False,OK
4520,Technology Hardware & Equipment,ROP,ZBRA,0,,False,Incomplete or constant formation history
4520,Technology Hardware & Equipment,SMCI,SNDK,0,,False,Incomplete or constant formation history
4520,Technology Hardware & Equipment,SMCI,STX,0,,False,Incomplete or constant formation history
4520,Technology Hardware & Equipment,SMCI,TDY,0,,False,Incomplete or constant formation history
4520,Technology Hardware & Equipment,SMCI,TEL,0,,False,Incomplete or constant formation history
4520,Technology Hardware & Equipment,SMCI,VNT,0,,False,Incomplete or constant formation history
4520,Technology Hardware & Equipment,SMCI,WDC,0,,False,Incomplete or constant formation history
4520,Technology Hardware & Equipment,SMCI,XRX,0,,False,Incomplete or constant formation history
4520,Technology Hardware & Equipment,SMCI,ZBRA,0,,False,Incomplete or constant formation history
4520,Technology Hardware & Equipment,SNDK,STX,0,,False,Incomplete or constant formation history
4520,Technology Hardware & Equipment,SNDK,TDY,0,,False,Incomplete or constant formation history
4520,Technology Hardware & Equipment,SNDK,TEL,0,,False,Incomplete or constant formation history
4520,Technology Hardware & Equipment,SNDK,VNT,0,,False,Incomplete or constant formation history
4520,Technology Hardware & Equipment,SNDK,WDC,0,,False,Incomplete or constant formation history
4520,Technology Hardware & Equipment,SNDK,XRX,0,,False,Incomplete or constant formation history
4520,Technology Hardware & Equipment,SNDK,ZBRA,0,,False,Incomplete or constant formation history
4520,Technology Hardware & Equipment,STX,TDY,0,,False,Incomplete or constant formation history
4520,Technology Hardware & Equipment,STX,TEL,251,0.4148986243163411,False,OK
4520,Technology Hardware & Equipment,STX,VNT,0,,False,Incomplete or constant formation history
4520,Technology Hardware & Equipment,STX,WDC,251,0.6897872426912551,False,OK
4520,Technology Hardware & Equipment,STX,XRX,251,0.4108382272191043,False,OK
4520,Technology Hardware & Equipment,STX,ZBRA,0,,False,Incomplete or constant formation history
4520,Technology Hardware & Equipment,TDY,TEL,0,,False,Incomplete or constant formation history
4520,Technology Hardware & Equipment,TDY,VNT,0,,False,Incomplete or constant formation history
4520,Technology Hardware & Equipment,TDY,WDC,0,,False,Incomplete or constant formation history
4520,Technology Hardware & Equipment,TDY,XRX,0,,False,Incomplete or constant formation history
4520,Technology Hardware & Equipment,TDY,ZBRA,0,,False,Incomplete or constant formation history
4520,Technology Hardware & Equipment,TEL,VNT,0,,False,Incomplete or constant formation history
4520,Technology Hardware & Equipment,TEL,WDC,251,0.49583948794633825,False,OK
4520,Technology Hardware & Equipment,TEL,XRX,251,0.5367937391501364,False,OK
4520,Technology Hardware & Equipment,TEL,ZBRA,0,,False,Incomplete or constant formation history
4520,Technology Hardware & Equipment,VNT,WDC,0,,False,Incomplete or constant formation history
4520,Technology Hardware & Equipment,VNT,XRX,0,,False,Incomplete or constant formation history
4520,Technology Hardware & Equipment,VNT,ZBRA,0,,False,Incomplete or constant formation history
4520,Technology Hardware & Equipment,WDC,XRX,251,0.4380174451789064,False,OK
4520,Technology Hardware & Equipment,WDC,ZBRA,0,,False,Incomplete or constant formation history
4520,Technology Hardware & Equipment,XRX,ZBRA,0,,False,Incomplete or constant formation history
4530,Semiconductors & Semiconductor Equipment,ADI,AMAT,251,0.5150440393060843,False,OK
4530,Semiconductors & Semiconductor Equipment,ADI,AMD,0,,False,Incomplete or constant formation history
4530,Semiconductors & Semiconductor Equipment,ADI,AVGO,251,0.6213524031824904,False,OK
4530,Semiconductors & Semiconductor Equipment,ADI,ENPH,0,,False,Incomplete or constant formation history
4530,Semiconductors & Semiconductor Equipment,ADI,FSLR,251,0.40623706251980224,False,OK
4530,Semiconductors & Semiconductor Equipment,ADI,INTC,251,0.5617008272711987,False,OK
4530,Semiconductors & Semiconductor Equipment,ADI,KLAC,251,0.5254719507006927,False,OK
4530,Semiconductors & Semiconductor Equipment,ADI,LRCX,251,0.6141406625537191,False,OK
4530,Semiconductors & Semiconductor Equipment,ADI,MCHP,251,0.7439407895548693,False,OK
4530,Semiconductors & Semiconductor Equipment,ADI,MPWR,0,,False,Incomplete or constant formation history
4530,Semiconductors & Semiconductor Equipment,ADI,MRVL,0,,False,Incomplete or constant formation history
4530,Semiconductors & Semiconductor Equipment,ADI,MU,251,0.4657793281292219,False,OK
4530,Semiconductors & Semiconductor Equipment,ADI,NVDA,251,0.5776011406293313,False,OK
4530,Semiconductors & Semiconductor Equipment,ADI,NXPI,0,,False,Incomplete or constant formation history
4530,Semiconductors & Semiconductor Equipment,ADI,ON,0,,False,Incomplete or constant formation history
4530,Semiconductors & Semiconductor Equipment,ADI,Q,0,,False,Incomplete or constant formation history
4530,Semiconductors & Semiconductor Equipment,ADI,QCOM,251,0.35395019716737813,False,OK
4530,Semiconductors & Semiconductor Equipment,ADI,QRVO,0,,False,Incomplete or constant formation history
4530,Semiconductors & Semiconductor Equipment,ADI,SEDG,0,,False,Incomplete or constant formation history
4530,Semiconductors & Semiconductor Equipment,ADI,SWKS,0,,False,Incomplete or constant formation history
4530,Semiconductors & Semiconductor Equipment,ADI,TER,0,,False,Incomplete or constant formation history
4530,Semiconductors & Semiconductor Equipment,ADI,TXN,251,0.7165939029935297,False,OK
4530,Semiconductors & Semiconductor Equipment,AMAT,AMD,0,,False,Incomplete or constant formation history
4530,Semiconductors & Semiconductor Equipment,AMAT,AVGO,251,0.46617991336739917,False,OK
4530,Semiconductors & Semiconductor Equipment,AMAT,ENPH,0,,False,Incomplete or constant formation history
4530,Semiconductors & Semiconductor Equipment,AMAT,FSLR,251,0.4293363772428612,False,OK
4530,Semiconductors & Semiconductor Equipment,AMAT,INTC,251,0.4829435396650732,False,OK
4530,Semiconductors & Semiconductor Equipment,AMAT,KLAC,251,0.5631005815082517,False,OK
4530,Semiconductors & Semiconductor Equipment,AMAT,LRCX,251,0.7303773526063141,False,OK
4530,Semiconductors & Semiconductor Equipment,AMAT,MCHP,251,0.5824615196871404,False,OK
4530,Semiconductors & Semiconductor Equipment,AMAT,MPWR,0,,False,Incomplete or constant formation history
4530,Semiconductors & Semiconductor Equipment,AMAT,MRVL,0,,False,Incomplete or constant formation history
4530,Semiconductors & Semiconductor Equipment,AMAT,MU,251,0.40394037683010775,False,OK
4530,Semiconductors & Semiconductor Equipment,AMAT,NVDA,251,0.4485968548264772,False,OK
4530,Semiconductors & Semiconductor Equipment,AMAT,NXPI,0,,False,Incomplete or constant formation history
4530,Semiconductors & Semiconductor Equipment,AMAT,ON,0,,False,Incomplete or constant formation history
4530,Semiconductors & Semiconductor Equipment,AMAT,Q,0,,False,Incomplete or constant formation history
4530,Semiconductors & Semiconductor Equipment,AMAT,QCOM,251,0.2944978224035235,False,OK
4530,Semiconductors & Semiconductor Equipment,AMAT,QRVO,0,,False,Incomplete or constant formation history
4530,Semiconductors & Semiconductor Equipment,AMAT,SEDG,0,,False,Incomplete or constant formation history
4530,Semiconductors & Semiconductor Equipment,AMAT,SWKS,0,,False,Incomplete or constant formation history
4530,Semiconductors & Semiconductor Equipment,AMAT,TER,0,,False,Incomplete or constant formation history
4530,Semiconductors & Semiconductor Equipment,AMAT,TXN,251,0.541603852690509,False,OK
4530,Semiconductors & Semiconductor Equipment,AMD,AVGO,0,,False,Incomplete or constant formation history
4530,Semiconductors & Semiconductor Equipment,AMD,ENPH,0,,False,Incomplete or constant formation history
4530,Semiconductors & Semiconductor Equipment,AMD,FSLR,0,,False,Incomplete or constant formation history
4530,Semiconductors & Semiconductor Equipment,AMD,INTC,0,,False,Incomplete or constant formation history
4530,Semiconductors & Semiconductor Equipment,AMD,KLAC,0,,False,Incomplete or constant formation history
4530,Semiconductors & Semiconductor Equipment,AMD,LRCX,0,,False,Incomplete or constant formation history
4530,Semiconductors & Semiconductor Equipment,AMD,MCHP,0,,False,Incomplete or constant formation history
4530,Semiconductors & Semiconductor Equipment,AMD,MPWR,0,,False,Incomplete or constant formation history
4530,Semiconductors & Semiconductor Equipment,AMD,MRVL,0,,False,Incomplete or constant formation history
4530,Semiconductors & Semiconductor Equipment,AMD,MU,0,,False,Incomplete or constant formation history
4530,Semiconductors & Semiconductor Equipment,AMD,NVDA,0,,False,Incomplete or constant formation history
4530,Semiconductors & Semiconductor Equipment,AMD,NXPI,0,,False,Incomplete or constant formation history
4530,Semiconductors & Semiconductor Equipment,AMD,ON,0,,False,Incomplete or constant formation history
4530,Semiconductors & Semiconductor Equipment,AMD,Q,0,,False,Incomplete or constant formation history
4530,Semiconductors & Semiconductor Equipment,AMD,QCOM,0,,False,Incomplete or constant formation history
4530,Semiconductors & Semiconductor Equipment,AMD,QRVO,0,,False,Incomplete or constant formation history
4530,Semiconductors & Semiconductor Equipment,AMD,SEDG,0,,False,Incomplete or constant formation history
4530,Semiconductors & Semiconductor Equipment,AMD,SWKS,0,,False,Incomplete or constant formation history
4530,Semiconductors & Semiconductor Equipment,AMD,TER,0,,False,Incomplete or constant formation history
4530,Semiconductors & Semiconductor Equipment,AMD,TXN,0,,False,Incomplete or constant formation history
4530,Semiconductors & Semiconductor Equipment,AVGO,ENPH,0,,False,Incomplete or constant formation history
4530,Semiconductors & Semiconductor Equipment,AVGO,FSLR,251,0.3381013408360136,False,OK
4530,Semiconductors & Semiconductor Equipment,AVGO,INTC,251,0.47342100108799606,False,OK
4530,Semiconductors & Semiconductor Equipment,AVGO,KLAC,251,0.4002158760236199,False,OK
4530,Semiconductors & Semiconductor Equipment,AVGO,LRCX,251,0.5292891300143227,False,OK
4530,Semiconductors & Semiconductor Equipment,AVGO,MCHP,251,0.613377767348704,False,OK
4530,Semiconductors & Semiconductor Equipment,AVGO,MPWR,0,,False,Incomplete or constant formation history
4530,Semiconductors & Semiconductor Equipment,AVGO,MRVL,0,,False,Incomplete or constant formation history
4530,Semiconductors & Semiconductor Equipment,AVGO,MU,251,0.42303066214121554,False,OK
4530,Semiconductors & Semiconductor Equipment,AVGO,NVDA,251,0.5663060661198079,False,OK
4530,Semiconductors & Semiconductor Equipment,AVGO,NXPI,0,,False,Incomplete or constant formation history
4530,Semiconductors & Semiconductor Equipment,AVGO,ON,0,,False,Incomplete or constant formation history
4530,Semiconductors & Semiconductor Equipment,AVGO,Q,0,,False,Incomplete or constant formation history
4530,Semiconductors & Semiconductor Equipment,AVGO,QCOM,251,0.34421675030692855,False,OK
4530,Semiconductors & Semiconductor Equipment,AVGO,QRVO,0,,False,Incomplete or constant formation history
4530,Semiconductors & Semiconductor Equipment,AVGO,SEDG,0,,False,Incomplete or constant formation history
4530,Semiconductors & Semiconductor Equipment,AVGO,SWKS,0,,False,Incomplete or constant formation history
4530,Semiconductors & Semiconductor Equipment,AVGO,TER,0,,False,Incomplete or constant formation history
4530,Semiconductors & Semiconductor Equipment,AVGO,TXN,251,0.6432820386680526,False,OK
4530,Semiconductors & Semiconductor Equipment,ENPH,FSLR,0,,False,Incomplete or constant formation history
4530,Semiconductors & Semiconductor Equipment,ENPH,INTC,0,,False,Incomplete or constant formation history
4530,Semiconductors & Semiconductor Equipment,ENPH,KLAC,0,,False,Incomplete or constant formation history
4530,Semiconductors & Semiconductor Equipment,ENPH,LRCX,0,,False,Incomplete or constant formation history
4530,Semiconductors & Semiconductor Equipment,ENPH,MCHP,0,,False,Incomplete or constant formation history
4530,Semiconductors & Semiconductor Equipment,ENPH,MPWR,0,,False,Incomplete or constant formation history
4530,Semiconductors & Semiconductor Equipment,ENPH,MRVL,0,,False,Incomplete or constant formation history
4530,Semiconductors & Semiconductor Equipment,ENPH,MU,0,,False,Incomplete or constant formation history
4530,Semiconductors & Semiconductor Equipment,ENPH,NVDA,0,,False,Incomplete or constant formation history
4530,Semiconductors & Semiconductor Equipment,ENPH,NXPI,0,,False,Incomplete or constant formation history
4530,Semiconductors & Semiconductor Equipment,ENPH,ON,0,,False,Incomplete or constant formation history
4530,Semiconductors & Semiconductor Equipment,ENPH,Q,0,,False,Incomplete or constant formation history
4530,Semiconductors & Semiconductor Equipment,ENPH,QCOM,0,,False,Incomplete or constant formation history
4530,Semiconductors & Semiconductor Equipment,ENPH,QRVO,0,,False,Incomplete or constant formation history
4530,Semiconductors & Semiconductor Equipment,ENPH,SEDG,0,,False,Incomplete or constant formation history
4530,Semiconductors & Semiconductor Equipment,ENPH,SWKS,0,,False,Incomplete or constant formation history
4530,Semiconductors & Semiconductor Equipment,ENPH,TER,0,,False,Incomplete or constant formation history
4530,Semiconductors & Semiconductor Equipment,ENPH,TXN,0,,False,Incomplete or constant formation history
4530,Semiconductors & Semiconductor Equipment,FSLR,INTC,251,0.3411687406178234,False,OK
4530,Semiconductors & Semiconductor Equipment,FSLR,KLAC,251,0.27423523923947246,False,OK
4530,Semiconductors & Semiconductor Equipment,FSLR,LRCX,251,0.35883236303917415,False,OK
4530,Semiconductors & Semiconductor Equipment,FSLR,MCHP,251,0.4624081237784242,False,OK
4530,Semiconductors & Semiconductor Equipment,FSLR,MPWR,0,,False,Incomplete or constant formation history
4530,Semiconductors & Semiconductor Equipment,FSLR,MRVL,0,,False,Incomplete or constant formation history
4530,Semiconductors & Semiconductor Equipment,FSLR,MU,251,0.303184715172778,False,OK
4530,Semiconductors & Semiconductor Equipment,FSLR,NVDA,251,0.3643336722674531,False,OK
4530,Semiconductors & Semiconductor Equipment,FSLR,NXPI,0,,False,Incomplete or constant formation history
4530,Semiconductors & Semiconductor Equipment,FSLR,ON,0,,False,Incomplete or constant formation history
4530,Semiconductors & Semiconductor Equipment,FSLR,Q,0,,False,Incomplete or constant formation history
4530,Semiconductors & Semiconductor Equipment,FSLR,QCOM,251,0.2881027100173819,False,OK
4530,Semiconductors & Semiconductor Equipment,FSLR,QRVO,0,,False,Incomplete or constant formation history
4530,Semiconductors & Semiconductor Equipment,FSLR,SEDG,0,,False,Incomplete or constant formation history
4530,Semiconductors & Semiconductor Equipment,FSLR,SWKS,0,,False,Incomplete or constant formation history
4530,Semiconductors & Semiconductor Equipment,FSLR,TER,0,,False,Incomplete or constant formation history
4530,Semiconductors & Semiconductor Equipment,FSLR,TXN,251,0.38815826224529526,False,OK
4530,Semiconductors & Semiconductor Equipment,INTC,KLAC,251,0.486256635997315,False,OK
4530,Semiconductors & Semiconductor Equipment,INTC,LRCX,251,0.5304494358853677,False,OK
4530,Semiconductors & Semiconductor Equipment,INTC,MCHP,251,0.6699844871864524,False,OK
4530,Semiconductors & Semiconductor Equipment,INTC,MPWR,0,,False,Incomplete or constant formation history
4530,Semiconductors & Semiconductor Equipment,INTC,MRVL,0,,False,Incomplete or constant formation history
4530,Semiconductors & Semiconductor Equipment,INTC,MU,251,0.4822110046835843,False,OK
4530,Semiconductors & Semiconductor Equipment,INTC,NVDA,251,0.5166029893729237,False,OK
4530,Semiconductors & Semiconductor Equipment,INTC,NXPI,0,,False,Incomplete or constant formation history
4530,Semiconductors & Semiconductor Equipment,INTC,ON,0,,False,Incomplete or constant formation history
4530,Semiconductors & Semiconductor Equipment,INTC,Q,0,,False,Incomplete or constant formation history
4530,Semiconductors & Semiconductor Equipment,INTC,QCOM,251,0.312391957790586,False,OK
4530,Semiconductors & Semiconductor Equipment,INTC,QRVO,0,,False,Incomplete or constant formation history
4530,Semiconductors & Semiconductor Equipment,INTC,SEDG,0,,False,Incomplete or constant formation history
4530,Semiconductors & Semiconductor Equipment,INTC,SWKS,0,,False,Incomplete or constant formation history
4530,Semiconductors & Semiconductor Equipment,INTC,TER,0,,False,Incomplete or constant formation history
4530,Semiconductors & Semiconductor Equipment,INTC,TXN,251,0.6821386601078824,False,OK
4530,Semiconductors & Semiconductor Equipment,KLAC,LRCX,251,0.6416039924893315,False,OK
4530,Semiconductors & Semiconductor Equipment,KLAC,MCHP,251,0.5119213127260325,False,OK
4530,Semiconductors & Semiconductor Equipment,KLAC,MPWR,0,,False,Incomplete or constant formation history
4530,Semiconductors & Semiconductor Equipment,KLAC,MRVL,0,,False,Incomplete or constant formation history
4530,Semiconductors & Semiconductor Equipment,KLAC,MU,251,0.2767029470312942,False,OK
4530,Semiconductors & Semiconductor Equipment,KLAC,NVDA,251,0.3787860500983871,False,OK
4530,Semiconductors & Semiconductor Equipment,KLAC,NXPI,0,,False,Incomplete or constant formation history
4530,Semiconductors & Semiconductor Equipment,KLAC,ON,0,,False,Incomplete or constant formation history
4530,Semiconductors & Semiconductor Equipment,KLAC,Q,0,,False,Incomplete or constant formation history
4530,Semiconductors & Semiconductor Equipment,KLAC,QCOM,251,0.2583362724273751,False,OK
4530,Semiconductors & Semiconductor Equipment,KLAC,QRVO,0,,False,Incomplete or constant formation history
4530,Semiconductors & Semiconductor Equipment,KLAC,SEDG,0,,False,Incomplete or constant formation history
4530,Semiconductors & Semiconductor Equipment,KLAC,SWKS,0,,False,Incomplete or constant formation history
4530,Semiconductors & Semiconductor Equipment,KLAC,TER,0,,False,Incomplete or constant formation history
4530,Semiconductors & Semiconductor Equipment,KLAC,TXN,251,0.5049936042337827,False,OK
4530,Semiconductors & Semiconductor Equipment,LRCX,MCHP,251,0.6140892529973411,False,OK
4530,Semiconductors & Semiconductor Equipment,LRCX,MPWR,0,,False,Incomplete or constant formation history
4530,Semiconductors & Semiconductor Equipment,LRCX,MRVL,0,,False,Incomplete or constant formation history
4530,Semiconductors & Semiconductor Equipment,LRCX,MU,251,0.4116200084423804,False,OK
4530,Semiconductors & Semiconductor Equipment,LRCX,NVDA,251,0.482204659920054,False,OK
4530,Semiconductors & Semiconductor Equipment,LRCX,NXPI,0,,False,Incomplete or constant formation history
4530,Semiconductors & Semiconductor Equipment,LRCX,ON,0,,False,Incomplete or constant formation history
4530,Semiconductors & Semiconductor Equipment,LRCX,Q,0,,False,Incomplete or constant formation history
4530,Semiconductors & Semiconductor Equipment,LRCX,QCOM,251,0.3322741611892632,False,OK
4530,Semiconductors & Semiconductor Equipment,LRCX,QRVO,0,,False,Incomplete or constant formation history
4530,Semiconductors & Semiconductor Equipment,LRCX,SEDG,0,,False,Incomplete or constant formation history
4530,Semiconductors & Semiconductor Equipment,LRCX,SWKS,0,,False,Incomplete or constant formation history
4530,Semiconductors & Semiconductor Equipment,LRCX,TER,0,,False,Incomplete or constant formation history
4530,Semiconductors & Semiconductor Equipment,LRCX,TXN,251,0.6465492116323281,False,OK
4530,Semiconductors & Semiconductor Equipment,MCHP,MPWR,0,,False,Incomplete or constant formation history
4530,Semiconductors & Semiconductor Equipment,MCHP,MRVL,0,,False,Incomplete or constant formation history
4530,Semiconductors & Semiconductor Equipment,MCHP,MU,251,0.5426322108641088,False,OK
4530,Semiconductors & Semiconductor Equipment,MCHP,NVDA,251,0.5512559689820881,False,OK
4530,Semiconductors & Semiconductor Equipment,MCHP,NXPI,0,,False,Incomplete or constant formation history
4530,Semiconductors & Semiconductor Equipment,MCHP,ON,0,,False,Incomplete or constant formation history
4530,Semiconductors & Semiconductor Equipment,MCHP,Q,0,,False,Incomplete or constant formation history
4530,Semiconductors & Semiconductor Equipment,MCHP,QCOM,251,0.3675977537355462,False,OK
4530,Semiconductors & Semiconductor Equipment,MCHP,QRVO,0,,False,Incomplete or constant formation history
4530,Semiconductors & Semiconductor Equipment,MCHP,SEDG,0,,False,Incomplete or constant formation history
4530,Semiconductors & Semiconductor Equipment,MCHP,SWKS,0,,False,Incomplete or constant formation history
4530,Semiconductors & Semiconductor Equipment,MCHP,TER,0,,False,Incomplete or constant formation history
4530,Semiconductors & Semiconductor Equipment,MCHP,TXN,251,0.7660999174081505,False,OK
4530,Semiconductors & Semiconductor Equipment,MPWR,MRVL,0,,False,Incomplete or constant formation history
4530,Semiconductors & Semiconductor Equipment,MPWR,MU,0,,False,Incomplete or constant formation history
4530,Semiconductors & Semiconductor Equipment,MPWR,NVDA,0,,False,Incomplete or constant formation history
4530,Semiconductors & Semiconductor Equipment,MPWR,NXPI,0,,False,Incomplete or constant formation history
4530,Semiconductors & Semiconductor Equipment,MPWR,ON,0,,False,Incomplete or constant formation history
4530,Semiconductors & Semiconductor Equipment,MPWR,Q,0,,False,Incomplete or constant formation history
4530,Semiconductors & Semiconductor Equipment,MPWR,QCOM,0,,False,Incomplete or constant formation history
4530,Semiconductors & Semiconductor Equipment,MPWR,QRVO,0,,False,Incomplete or constant formation history
4530,Semiconductors & Semiconductor Equipment,MPWR,SEDG,0,,False,Incomplete or constant formation history
4530,Semiconductors & Semiconductor Equipment,MPWR,SWKS,0,,False,Incomplete or constant formation history
4530,Semiconductors & Semiconductor Equipment,MPWR,TER,0,,False,Incomplete or constant formation history
4530,Semiconductors & Semiconductor Equipment,MPWR,TXN,0,,False,Incomplete or constant formation history
4530,Semiconductors & Semiconductor Equipment,MRVL,MU,0,,False,Incomplete or constant formation history
4530,Semiconductors & Semiconductor Equipment,MRVL,NVDA,0,,False,Incomplete or constant formation history
4530,Semiconductors & Semiconductor Equipment,MRVL,NXPI,0,,False,Incomplete or constant formation history
4530,Semiconductors & Semiconductor Equipment,MRVL,ON,0,,False,Incomplete or constant formation history
4530,Semiconductors & Semiconductor Equipment,MRVL,Q,0,,False,Incomplete or constant formation history
4530,Semiconductors & Semiconductor Equipment,MRVL,QCOM,0,,False,Incomplete or constant formation history
4530,Semiconductors & Semiconductor Equipment,MRVL,QRVO,0,,False,Incomplete or constant formation history
4530,Semiconductors & Semiconductor Equipment,MRVL,SEDG,0,,False,Incomplete or constant formation history
4530,Semiconductors & Semiconductor Equipment,MRVL,SWKS,0,,False,Incomplete or constant formation history
4530,Semiconductors & Semiconductor Equipment,MRVL,TER,0,,False,Incomplete or constant formation history
4530,Semiconductors & Semiconductor Equipment,MRVL,TXN,0,,False,Incomplete or constant formation history
4530,Semiconductors & Semiconductor Equipment,MU,NVDA,251,0.4173487154076659,False,OK
4530,Semiconductors & Semiconductor Equipment,MU,NXPI,0,,False,Incomplete or constant formation history
4530,Semiconductors & Semiconductor Equipment,MU,ON,0,,False,Incomplete or constant formation history
4530,Semiconductors & Semiconductor Equipment,MU,Q,0,,False,Incomplete or constant formation history
4530,Semiconductors & Semiconductor Equipment,MU,QCOM,251,0.2877058486900807,False,OK
4530,Semiconductors & Semiconductor Equipment,MU,QRVO,0,,False,Incomplete or constant formation history
4530,Semiconductors & Semiconductor Equipment,MU,SEDG,0,,False,Incomplete or constant formation history
4530,Semiconductors & Semiconductor Equipment,MU,SWKS,0,,False,Incomplete or constant formation history
4530,Semiconductors & Semiconductor Equipment,MU,TER,0,,False,Incomplete or constant formation history
4530,Semiconductors & Semiconductor Equipment,MU,TXN,251,0.47842961924622346,False,OK
4530,Semiconductors & Semiconductor Equipment,NVDA,NXPI,0,,False,Incomplete or constant formation history
4530,Semiconductors & Semiconductor Equipment,NVDA,ON,0,,False,Incomplete or constant formation history
4530,Semiconductors & Semiconductor Equipment,NVDA,Q,0,,False,Incomplete or constant formation history
4530,Semiconductors & Semiconductor Equipment,NVDA,QCOM,251,0.3499157352175045,False,OK
4530,Semiconductors & Semiconductor Equipment,NVDA,QRVO,0,,False,Incomplete or constant formation history
4530,Semiconductors & Semiconductor Equipment,NVDA,SEDG,0,,False,Incomplete or constant formation history
4530,Semiconductors & Semiconductor Equipment,NVDA,SWKS,0,,False,Incomplete or constant formation history
4530,Semiconductors & Semiconductor Equipment,NVDA,TER,0,,False,Incomplete or constant formation history
4530,Semiconductors & Semiconductor Equipment,NVDA,TXN,251,0.5753622965384844,False,OK
4530,Semiconductors & Semiconductor Equipment,NXPI,ON,0,,False,Incomplete or constant formation history
4530,Semiconductors & Semiconductor Equipment,NXPI,Q,0,,False,Incomplete or constant formation history
4530,Semiconductors & Semiconductor Equipment,NXPI,QCOM,0,,False,Incomplete or constant formation history
4530,Semiconductors & Semiconductor Equipment,NXPI,QRVO,0,,False,Incomplete or constant formation history
4530,Semiconductors & Semiconductor Equipment,NXPI,SEDG,0,,False,Incomplete or constant formation history
4530,Semiconductors & Semiconductor Equipment,NXPI,SWKS,0,,False,Incomplete or constant formation history
4530,Semiconductors & Semiconductor Equipment,NXPI,TER,0,,False,Incomplete or constant formation history
4530,Semiconductors & Semiconductor Equipment,NXPI,TXN,0,,False,Incomplete or constant formation history
4530,Semiconductors & Semiconductor Equipment,ON,Q,0,,False,Incomplete or constant formation history
4530,Semiconductors & Semiconductor Equipment,ON,QCOM,0,,False,Incomplete or constant formation history
4530,Semiconductors & Semiconductor Equipment,ON,QRVO,0,,False,Incomplete or constant formation history
4530,Semiconductors & Semiconductor Equipment,ON,SEDG,0,,False,Incomplete or constant formation history
4530,Semiconductors & Semiconductor Equipment,ON,SWKS,0,,False,Incomplete or constant formation history
4530,Semiconductors & Semiconductor Equipment,ON,TER,0,,False,Incomplete or constant formation history
4530,Semiconductors & Semiconductor Equipment,ON,TXN,0,,False,Incomplete or constant formation history
4530,Semiconductors & Semiconductor Equipment,Q,QCOM,0,,False,Incomplete or constant formation history
4530,Semiconductors & Semiconductor Equipment,Q,QRVO,0,,False,Incomplete or constant formation history
4530,Semiconductors & Semiconductor Equipment,Q,SEDG,0,,False,Incomplete or constant formation history
4530,Semiconductors & Semiconductor Equipment,Q,SWKS,0,,False,Incomplete or constant formation history
4530,Semiconductors & Semiconductor Equipment,Q,TER,0,,False,Incomplete or constant formation history
4530,Semiconductors & Semiconductor Equipment,Q,TXN,0,,False,Incomplete or constant formation history
4530,Semiconductors & Semiconductor Equipment,QCOM,QRVO,0,,False,Incomplete or constant formation history
4530,Semiconductors & Semiconductor Equipment,QCOM,SEDG,0,,False,Incomplete or constant formation history
4530,Semiconductors & Semiconductor Equipment,QCOM,SWKS,0,,False,Incomplete or constant formation history
4530,Semiconductors & Semiconductor Equipment,QCOM,TER,0,,False,Incomplete or constant formation history
4530,Semiconductors & Semiconductor Equipment,QCOM,TXN,251,0.35634035180729096,False,OK
4530,Semiconductors & Semiconductor Equipment,QRVO,SEDG,0,,False,Incomplete or constant formation history
4530,Semiconductors & Semiconductor Equipment,QRVO,SWKS,0,,False,Incomplete or constant formation history
4530,Semiconductors & Semiconductor Equipment,QRVO,TER,0,,False,Incomplete or constant formation history
4530,Semiconductors & Semiconductor Equipment,QRVO,TXN,0,,False,Incomplete or constant formation history
4530,Semiconductors & Semiconductor Equipment,SEDG,SWKS,0,,False,Incomplete or constant formation history
4530,Semiconductors & Semiconductor Equipment,SEDG,TER,0,,False,Incomplete or constant formation history
4530,Semiconductors & Semiconductor Equipment,SEDG,TXN,0,,False,Incomplete or constant formation history
4530,Semiconductors & Semiconductor Equipment,SWKS,TER,0,,False,Incomplete or constant formation history
4530,Semiconductors & Semiconductor Equipment,SWKS,TXN,0,,False,Incomplete or constant formation history
4530,Semiconductors & Semiconductor Equipment,TER,TXN,0,,False,Incomplete or constant formation history
5010,Telecommunication Services,ECHO,LUMN,0,,False,Incomplete or constant formation history
5010,Telecommunication Services,ECHO,T,0,,False,Incomplete or constant formation history
5010,Telecommunication Services,ECHO,TMUS,0,,False,Incomplete or constant formation history
5010,Telecommunication Services,ECHO,VZ,0,,False,Incomplete or constant formation history
5010,Telecommunication Services,LUMN,T,0,,False,Incomplete or constant formation history
5010,Telecommunication Services,LUMN,TMUS,0,,False,Incomplete or constant formation history
5010,Telecommunication Services,LUMN,VZ,0,,False,Incomplete or constant formation history
5010,Telecommunication Services,T,TMUS,0,,False,Incomplete or constant formation history
5010,Telecommunication Services,T,VZ,251,0.7441249097009697,False,OK
5010,Telecommunication Services,TMUS,VZ,0,,False,Incomplete or constant formation history
5020,Media & Entertainment,APP,CHTR,0,,False,Incomplete or constant formation history
5020,Media & Entertainment,APP,CMCSA,0,,False,Incomplete or constant formation history
5020,Media & Entertainment,APP,DIS,0,,False,Incomplete or constant formation history
5020,Media & Entertainment,APP,EA,0,,False,Incomplete or constant formation history
5020,Media & Entertainment,APP,FB,0,,False,Incomplete or constant formation history
5020,Media & Entertainment,APP,FOX,0,,False,Incomplete or constant formation history
5020,Media & Entertainment,APP,FOXA,0,,False,Incomplete or constant formation history
5020,Media & Entertainment,APP,GOOG,0,,False,Incomplete or constant formation history
5020,Media & Entertainment,APP,GOOGL,0,,False,Incomplete or constant formation history
5020,Media & Entertainment,APP,LYV,0,,False,Incomplete or constant formation history
5020,Media & Entertainment,APP,META,0,,False,Incomplete or constant formation history
5020,Media & Entertainment,APP,MTCH,0,,False,Incomplete or constant formation history
5020,Media & Entertainment,APP,NFLX,0,,False,Incomplete or constant formation history
5020,Media & Entertainment,APP,NWS,0,,False,Incomplete or constant formation history
5020,Media & Entertainment,APP,NWSA,0,,False,Incomplete or constant formation history
5020,Media & Entertainment,APP,OMC,0,,False,Incomplete or constant formation history
5020,Media & Entertainment,APP,PARA,0,,False,Incomplete or constant formation history
5020,Media & Entertainment,APP,PSKY,0,,False,Incomplete or constant formation history
5020,Media & Entertainment,APP,RDDT,0,,False,Incomplete or constant formation history
5020,Media & Entertainment,APP,TKO,0,,False,Incomplete or constant formation history
5020,Media & Entertainment,APP,TRIP,0,,False,Incomplete or constant formation history
5020,Media & Entertainment,APP,TTD,0,,False,Incomplete or constant formation history
5020,Media & Entertainment,APP,TTWO,0,,False,Incomplete or constant formation history
5020,Media & Entertainment,APP,TWX,0,,False,Incomplete or constant formation history
5020,Media & Entertainment,APP,WBD,0,,False,Incomplete or constant formation history
5020,Media & Entertainment,CHTR,CMCSA,0,,False,Incomplete or constant formation history
5020,Media & Entertainment,CHTR,DIS,0,,False,Incomplete or constant formation history
5020,Media & Entertainment,CHTR,EA,0,,False,Incomplete or constant formation history
5020,Media & Entertainment,CHTR,FB,0,,False,Incomplete or constant formation history
5020,Media & Entertainment,CHTR,FOX,0,,False,Incomplete or constant formation history
5020,Media & Entertainment,CHTR,FOXA,0,,False,Incomplete or constant formation history
5020,Media & Entertainment,CHTR,GOOG,0,,False,Incomplete or constant formation history
5020,Media & Entertainment,CHTR,GOOGL,0,,False,Incomplete or constant formation history
5020,Media & Entertainment,CHTR,LYV,0,,False,Incomplete or constant formation history
5020,Media & Entertainment,CHTR,META,0,,False,Incomplete or constant formation history
5020,Media & Entertainment,CHTR,MTCH,0,,False,Incomplete or constant formation history
5020,Media & Entertainment,CHTR,NFLX,0,,False,Incomplete or constant formation history
5020,Media & Entertainment,CHTR,NWS,0,,False,Incomplete or constant formation history
5020,Media & Entertainment,CHTR,NWSA,0,,False,Incomplete or constant formation history
5020,Media & Entertainment,CHTR,OMC,0,,False,Incomplete or constant formation history
5020,Media & Entertainment,CHTR,PARA,0,,False,Incomplete or constant formation history
5020,Media & Entertainment,CHTR,PSKY,0,,False,Incomplete or constant formation history
5020,Media & Entertainment,CHTR,RDDT,0,,False,Incomplete or constant formation history
5020,Media & Entertainment,CHTR,TKO,0,,False,Incomplete or constant formation history
5020,Media & Entertainment,CHTR,TRIP,0,,False,Incomplete or constant formation history
5020,Media & Entertainment,CHTR,TTD,0,,False,Incomplete or constant formation history
5020,Media & Entertainment,CHTR,TTWO,0,,False,Incomplete or constant formation history
5020,Media & Entertainment,CHTR,TWX,0,,False,Incomplete or constant formation history
5020,Media & Entertainment,CHTR,WBD,0,,False,Incomplete or constant formation history
5020,Media & Entertainment,CMCSA,DIS,251,0.7097655401758209,False,OK
5020,Media & Entertainment,CMCSA,EA,0,,False,Incomplete or constant formation history
5020,Media & Entertainment,CMCSA,FB,0,,False,Incomplete or constant formation history
5020,Media & Entertainment,CMCSA,FOX,0,,False,Incomplete or constant formation history
5020,Media & Entertainment,CMCSA,FOXA,0,,False,Incomplete or constant formation history
5020,Media & Entertainment,CMCSA,GOOG,251,0.3998269553580059,False,OK
5020,Media & Entertainment,CMCSA,GOOGL,251,0.4110277585310457,False,OK
5020,Media & Entertainment,CMCSA,LYV,0,,False,Incomplete or constant formation history
5020,Media & Entertainment,CMCSA,META,0,,False,Incomplete or constant formation history
5020,Media & Entertainment,CMCSA,MTCH,0,,False,Incomplete or constant formation history
5020,Media & Entertainment,CMCSA,NFLX,251,0.2771768086787766,False,OK
5020,Media & Entertainment,CMCSA,NWS,0,,False,Incomplete or constant formation history
5020,Media & Entertainment,CMCSA,NWSA,251,0.5831570255335563,False,OK
5020,Media & Entertainment,CMCSA,OMC,251,0.5910419482681877,False,OK
5020,Media & Entertainment,CMCSA,PARA,0,,False,Incomplete or constant formation history
5020,Media & Entertainment,CMCSA,PSKY,0,,False,Incomplete or constant formation history
5020,Media & Entertainment,CMCSA,RDDT,0,,False,Incomplete or constant formation history
5020,Media & Entertainment,CMCSA,TKO,0,,False,Incomplete or constant formation history
5020,Media & Entertainment,CMCSA,TRIP,251,0.31612460039685897,False,OK
5020,Media & Entertainment,CMCSA,TTD,0,,False,Incomplete or constant formation history
5020,Media & Entertainment,CMCSA,TTWO,0,,False,Incomplete or constant formation history
5020,Media & Entertainment,CMCSA,TWX,251,0.7128342921164416,False,OK
5020,Media & Entertainment,CMCSA,WBD,0,,False,Incomplete or constant formation history
5020,Media & Entertainment,DIS,EA,0,,False,Incomplete or constant formation history
5020,Media & Entertainment,DIS,FB,0,,False,Incomplete or constant formation history
5020,Media & Entertainment,DIS,FOX,0,,False,Incomplete or constant formation history
5020,Media & Entertainment,DIS,FOXA,0,,False,Incomplete or constant formation history
5020,Media & Entertainment,DIS,GOOG,251,0.26831168025069957,False,OK
5020,Media & Entertainment,DIS,GOOGL,251,0.28521478442179826,False,OK
5020,Media & Entertainment,DIS,LYV,0,,False,Incomplete or constant formation history
5020,Media & Entertainment,DIS,META,0,,False,Incomplete or constant formation history
5020,Media & Entertainment,DIS,MTCH,0,,False,Incomplete or constant formation history
5020,Media & Entertainment,DIS,NFLX,251,0.22953082510383546,False,OK
5020,Media & Entertainment,DIS,NWS,0,,False,Incomplete or constant formation history
5020,Media & Entertainment,DIS,NWSA,251,0.46449209049204176,False,OK
5020,Media & Entertainment,DIS,OMC,251,0.5025748904388082,False,OK
5020,Media & Entertainment,DIS,PARA,0,,False,Incomplete or constant formation history
5020,Media & Entertainment,DIS,PSKY,0,,False,Incomplete or constant formation history
5020,Media & Entertainment,DIS,RDDT,0,,False,Incomplete or constant formation history
5020,Media & Entertainment,DIS,TKO,0,,False,Incomplete or constant formation history
5020,Media & Entertainment,DIS,TRIP,251,0.23910232142727703,False,OK
5020,Media & Entertainment,DIS,TTD,0,,False,Incomplete or constant formation history
5020,Media & Entertainment,DIS,TTWO,0,,False,Incomplete or constant formation history
5020,Media & Entertainment,DIS,TWX,251,0.7074013196921164,False,OK
5020,Media & Entertainment,DIS,WBD,0,,False,Incomplete or constant formation history
5020,Media & Entertainment,EA,FB,0,,False,Incomplete or constant formation history
5020,Media & Entertainment,EA,FOX,0,,False,Incomplete or constant formation history
5020,Media & Entertainment,EA,FOXA,0,,False,Incomplete or constant formation history
5020,Media & Entertainment,EA,GOOG,0,,False,Incomplete or constant formation history
5020,Media & Entertainment,EA,GOOGL,0,,False,Incomplete or constant formation history
5020,Media & Entertainment,EA,LYV,0,,False,Incomplete or constant formation history
5020,Media & Entertainment,EA,META,0,,False,Incomplete or constant formation history
5020,Media & Entertainment,EA,MTCH,0,,False,Incomplete or constant formation history
5020,Media & Entertainment,EA,NFLX,0,,False,Incomplete or constant formation history
5020,Media & Entertainment,EA,NWS,0,,False,Incomplete or constant formation history
5020,Media & Entertainment,EA,NWSA,0,,False,Incomplete or constant formation history
5020,Media & Entertainment,EA,OMC,0,,False,Incomplete or constant formation history
5020,Media & Entertainment,EA,PARA,0,,False,Incomplete or constant formation history
5020,Media & Entertainment,EA,PSKY,0,,False,Incomplete or constant formation history
5020,Media & Entertainment,EA,RDDT,0,,False,Incomplete or constant formation history
5020,Media & Entertainment,EA,TKO,0,,False,Incomplete or constant formation history
5020,Media & Entertainment,EA,TRIP,0,,False,Incomplete or constant formation history
5020,Media & Entertainment,EA,TTD,0,,False,Incomplete or constant formation history
5020,Media & Entertainment,EA,TTWO,0,,False,Incomplete or constant formation history
5020,Media & Entertainment,EA,TWX,0,,False,Incomplete or constant formation history
5020,Media & Entertainment,EA,WBD,0,,False,Incomplete or constant formation history
5020,Media & Entertainment,FB,FOX,0,,False,Incomplete or constant formation history
5020,Media & Entertainment,FB,FOXA,0,,False,Incomplete or constant formation history
5020,Media & Entertainment,FB,GOOG,0,,False,Incomplete or constant formation history
5020,Media & Entertainment,FB,GOOGL,0,,False,Incomplete or constant formation history
5020,Media & Entertainment,FB,LYV,0,,False,Incomplete or constant formation history
5020,Media & Entertainment,FB,META,0,,False,Incomplete or constant formation history
5020,Media & Entertainment,FB,MTCH,0,,False,Incomplete or constant formation history
5020,Media & Entertainment,FB,NFLX,0,,False,Incomplete or constant formation history
5020,Media & Entertainment,FB,NWS,0,,False,Incomplete or constant formation history
5020,Media & Entertainment,FB,NWSA,0,,False,Incomplete or constant formation history
5020,Media & Entertainment,FB,OMC,0,,False,Incomplete or constant formation history
5020,Media & Entertainment,FB,PARA,0,,False,Incomplete or constant formation history
5020,Media & Entertainment,FB,PSKY,0,,False,Incomplete or constant formation history
5020,Media & Entertainment,FB,RDDT,0,,False,Incomplete or constant formation history
5020,Media & Entertainment,FB,TKO,0,,False,Incomplete or constant formation history
5020,Media & Entertainment,FB,TRIP,0,,False,Incomplete or constant formation history
5020,Media & Entertainment,FB,TTD,0,,False,Incomplete or constant formation history
5020,Media & Entertainment,FB,TTWO,0,,False,Incomplete or constant formation history
5020,Media & Entertainment,FB,TWX,0,,False,Incomplete or constant formation history
5020,Media & Entertainment,FB,WBD,0,,False,Incomplete or constant formation history
5020,Media & Entertainment,FOX,FOXA,0,,False,Incomplete or constant formation history
5020,Media & Entertainment,FOX,GOOG,0,,False,Incomplete or constant formation history
5020,Media & Entertainment,FOX,GOOGL,0,,False,Incomplete or constant formation history
5020,Media & Entertainment,FOX,LYV,0,,False,Incomplete or constant formation history
5020,Media & Entertainment,FOX,META,0,,False,Incomplete or constant formation history
5020,Media & Entertainment,FOX,MTCH,0,,False,Incomplete or constant formation history
5020,Media & Entertainment,FOX,NFLX,0,,False,Incomplete or constant formation history
5020,Media & Entertainment,FOX,NWS,0,,False,Incomplete or constant formation history
5020,Media & Entertainment,FOX,NWSA,0,,False,Incomplete or constant formation history
5020,Media & Entertainment,FOX,OMC,0,,False,Incomplete or constant formation history
5020,Media & Entertainment,FOX,PARA,0,,False,Incomplete or constant formation history
5020,Media & Entertainment,FOX,PSKY,0,,False,Incomplete or constant formation history
5020,Media & Entertainment,FOX,RDDT,0,,False,Incomplete or constant formation history
5020,Media & Entertainment,FOX,TKO,0,,False,Incomplete or constant formation history
5020,Media & Entertainment,FOX,TRIP,0,,False,Incomplete or constant formation history
5020,Media & Entertainment,FOX,TTD,0,,False,Incomplete or constant formation history
5020,Media & Entertainment,FOX,TTWO,0,,False,Incomplete or constant formation history
5020,Media & Entertainment,FOX,TWX,0,,False,Incomplete or constant formation history
5020,Media & Entertainment,FOX,WBD,0,,False,Incomplete or constant formation history
5020,Media & Entertainment,FOXA,GOOG,0,,False,Incomplete or constant formation history
5020,Media & Entertainment,FOXA,GOOGL,0,,False,Incomplete or constant formation history
5020,Media & Entertainment,FOXA,LYV,0,,False,Incomplete or constant formation history
5020,Media & Entertainment,FOXA,META,0,,False,Incomplete or constant formation history
5020,Media & Entertainment,FOXA,MTCH,0,,False,Incomplete or constant formation history
5020,Media & Entertainment,FOXA,NFLX,0,,False,Incomplete or constant formation history
5020,Media & Entertainment,FOXA,NWS,0,,False,Incomplete or constant formation history
5020,Media & Entertainment,FOXA,NWSA,0,,False,Incomplete or constant formation history
5020,Media & Entertainment,FOXA,OMC,0,,False,Incomplete or constant formation history
5020,Media & Entertainment,FOXA,PARA,0,,False,Incomplete or constant formation history
5020,Media & Entertainment,FOXA,PSKY,0,,False,Incomplete or constant formation history
5020,Media & Entertainment,FOXA,RDDT,0,,False,Incomplete or constant formation history
5020,Media & Entertainment,FOXA,TKO,0,,False,Incomplete or constant formation history
5020,Media & Entertainment,FOXA,TRIP,0,,False,Incomplete or constant formation history
5020,Media & Entertainment,FOXA,TTD,0,,False,Incomplete or constant formation history
5020,Media & Entertainment,FOXA,TTWO,0,,False,Incomplete or constant formation history
5020,Media & Entertainment,FOXA,TWX,0,,False,Incomplete or constant formation history
5020,Media & Entertainment,FOXA,WBD,0,,False,Incomplete or constant formation history
5020,Media & Entertainment,GOOG,GOOGL,251,0.98921408003636,True,OK
5020,Media & Entertainment,GOOG,LYV,0,,False,Incomplete or constant formation history
5020,Media & Entertainment,GOOG,META,0,,False,Incomplete or constant formation history
5020,Media & Entertainment,GOOG,MTCH,0,,False,Incomplete or constant formation history
5020,Media & Entertainment,GOOG,NFLX,251,0.3695586523059102,False,OK
5020,Media & Entertainment,GOOG,NWS,0,,False,Incomplete or constant formation history
5020,Media & Entertainment,GOOG,NWSA,251,0.3776570721989052,False,OK
5020,Media & Entertainment,GOOG,OMC,251,0.44161318818716305,False,OK
5020,Media & Entertainment,GOOG,PARA,0,,False,Incomplete or constant formation history
5020,Media & Entertainment,GOOG,PSKY,0,,False,Incomplete or constant formation history
5020,Media & Entertainment,GOOG,RDDT,0,,False,Incomplete or constant formation history
5020,Media & Entertainment,GOOG,TKO,0,,False,Incomplete or constant formation history
5020,Media & Entertainment,GOOG,TRIP,251,0.25893267680827337,False,OK
5020,Media & Entertainment,GOOG,TTD,0,,False,Incomplete or constant formation history
5020,Media & Entertainment,GOOG,TTWO,0,,False,Incomplete or constant formation history
5020,Media & Entertainment,GOOG,TWX,251,0.24462837840777282,False,OK
5020,Media & Entertainment,GOOG,WBD,0,,False,Incomplete or constant formation history
5020,Media & Entertainment,GOOGL,LYV,0,,False,Incomplete or constant formation history
5020,Media & Entertainment,GOOGL,META,0,,False,Incomplete or constant formation history
5020,Media & Entertainment,GOOGL,MTCH,0,,False,Incomplete or constant formation history
5020,Media & Entertainment,GOOGL,NFLX,251,0.3632708692529125,False,OK
5020,Media & Entertainment,GOOGL,NWS,0,,False,Incomplete or constant formation history
5020,Media & Entertainment,GOOGL,NWSA,251,0.3773199966139953,False,OK
5020,Media & Entertainment,GOOGL,OMC,251,0.4489691295576133,False,OK
5020,Media & Entertainment,GOOGL,PARA,0,,False,Incomplete or constant formation history
5020,Media & Entertainment,GOOGL,PSKY,0,,False,Incomplete or constant formation history
5020,Media & Entertainment,GOOGL,RDDT,0,,False,Incomplete or constant formation history
5020,Media & Entertainment,GOOGL,TKO,0,,False,Incomplete or constant formation history
5020,Media & Entertainment,GOOGL,TRIP,251,0.26712508002113444,False,OK
5020,Media & Entertainment,GOOGL,TTD,0,,False,Incomplete or constant formation history
5020,Media & Entertainment,GOOGL,TTWO,0,,False,Incomplete or constant formation history
5020,Media & Entertainment,GOOGL,TWX,251,0.24992868156160775,False,OK
5020,Media & Entertainment,GOOGL,WBD,0,,False,Incomplete or constant formation history
5020,Media & Entertainment,LYV,META,0,,False,Incomplete or constant formation history
5020,Media & Entertainment,LYV,MTCH,0,,False,Incomplete or constant formation history
5020,Media & Entertainment,LYV,NFLX,0,,False,Incomplete or constant formation history
5020,Media & Entertainment,LYV,NWS,0,,False,Incomplete or constant formation history
5020,Media & Entertainment,LYV,NWSA,0,,False,Incomplete or constant formation history
5020,Media & Entertainment,LYV,OMC,0,,False,Incomplete or constant formation history
5020,Media & Entertainment,LYV,PARA,0,,False,Incomplete or constant formation history
5020,Media & Entertainment,LYV,PSKY,0,,False,Incomplete or constant formation history
5020,Media & Entertainment,LYV,RDDT,0,,False,Incomplete or constant formation history
5020,Media & Entertainment,LYV,TKO,0,,False,Incomplete or constant formation history
5020,Media & Entertainment,LYV,TRIP,0,,False,Incomplete or constant formation history
5020,Media & Entertainment,LYV,TTD,0,,False,Incomplete or constant formation history
5020,Media & Entertainment,LYV,TTWO,0,,False,Incomplete or constant formation history
5020,Media & Entertainment,LYV,TWX,0,,False,Incomplete or constant formation history
5020,Media & Entertainment,LYV,WBD,0,,False,Incomplete or constant formation history
5020,Media & Entertainment,META,MTCH,0,,False,Incomplete or constant formation history
5020,Media & Entertainment,META,NFLX,0,,False,Incomplete or constant formation history
5020,Media & Entertainment,META,NWS,0,,False,Incomplete or constant formation history
5020,Media & Entertainment,META,NWSA,0,,False,Incomplete or constant formation history
5020,Media & Entertainment,META,OMC,0,,False,Incomplete or constant formation history
5020,Media & Entertainment,META,PARA,0,,False,Incomplete or constant formation history
5020,Media & Entertainment,META,PSKY,0,,False,Incomplete or constant formation history
5020,Media & Entertainment,META,RDDT,0,,False,Incomplete or constant formation history
5020,Media & Entertainment,META,TKO,0,,False,Incomplete or constant formation history
5020,Media & Entertainment,META,TRIP,0,,False,Incomplete or constant formation history
5020,Media & Entertainment,META,TTD,0,,False,Incomplete or constant formation history
5020,Media & Entertainment,META,TTWO,0,,False,Incomplete or constant formation history
5020,Media & Entertainment,META,TWX,0,,False,Incomplete or constant formation history
5020,Media & Entertainment,META,WBD,0,,False,Incomplete or constant formation history
5020,Media & Entertainment,MTCH,NFLX,0,,False,Incomplete or constant formation history
5020,Media & Entertainment,MTCH,NWS,0,,False,Incomplete or constant formation history
5020,Media & Entertainment,MTCH,NWSA,0,,False,Incomplete or constant formation history
5020,Media & Entertainment,MTCH,OMC,0,,False,Incomplete or constant formation history
5020,Media & Entertainment,MTCH,PARA,0,,False,Incomplete or constant formation history
5020,Media & Entertainment,MTCH,PSKY,0,,False,Incomplete or constant formation history
5020,Media & Entertainment,MTCH,RDDT,0,,False,Incomplete or constant formation history
5020,Media & Entertainment,MTCH,TKO,0,,False,Incomplete or constant formation history
5020,Media & Entertainment,MTCH,TRIP,0,,False,Incomplete or constant formation history
5020,Media & Entertainment,MTCH,TTD,0,,False,Incomplete or constant formation history
5020,Media & Entertainment,MTCH,TTWO,0,,False,Incomplete or constant formation history
5020,Media & Entertainment,MTCH,TWX,0,,False,Incomplete or constant formation history
5020,Media & Entertainment,MTCH,WBD,0,,False,Incomplete or constant formation history
5020,Media & Entertainment,NFLX,NWS,0,,False,Incomplete or constant formation history
5020,Media & Entertainment,NFLX,NWSA,251,0.3410842605301072,False,OK
5020,Media & Entertainment,NFLX,OMC,251,0.3101428641674485,False,OK
5020,Media & Entertainment,NFLX,PARA,0,,False,Incomplete or constant formation history
5020,Media & Entertainment,NFLX,PSKY,0,,False,Incomplete or constant formation history
5020,Media & Entertainment,NFLX,RDDT,0,,False,Incomplete or constant formation history
5020,Media & Entertainment,NFLX,TKO,0,,False,Incomplete or constant formation history
5020,Media & Entertainment,NFLX,TRIP,251,0.20153489208454786,False,OK
5020,Media & Entertainment,NFLX,TTD,0,,False,Incomplete or constant formation history
5020,Media & Entertainment,NFLX,TTWO,0,,False,Incomplete or constant formation history
5020,Media & Entertainment,NFLX,TWX,251,0.20424664632794082,False,OK
5020,Media & Entertainment,NFLX,WBD,0,,False,Incomplete or constant formation history
5020,Media & Entertainment,NWS,NWSA,0,,False,Incomplete or constant formation history
5020,Media & Entertainment,NWS,OMC,0,,False,Incomplete or constant formation history
5020,Media & Entertainment,NWS,PARA,0,,False,Incomplete or constant formation history
5020,Media & Entertainment,NWS,PSKY,0,,False,Incomplete or constant formation history
5020,Media & Entertainment,NWS,RDDT,0,,False,Incomplete or constant formation history
5020,Media & Entertainment,NWS,TKO,0,,False,Incomplete or constant formation history
5020,Media & Entertainment,NWS,TRIP,0,,False,Incomplete or constant formation history
5020,Media & Entertainment,NWS,TTD,0,,False,Incomplete or constant formation history
5020,Media & Entertainment,NWS,TTWO,0,,False,Incomplete or constant formation history
5020,Media & Entertainment,NWS,TWX,0,,False,Incomplete or constant formation history
5020,Media & Entertainment,NWS,WBD,0,,False,Incomplete or constant formation history
5020,Media & Entertainment,NWSA,OMC,251,0.5766971737023621,False,OK
5020,Media & Entertainment,NWSA,PARA,0,,False,Incomplete or constant formation history
5020,Media & Entertainment,NWSA,PSKY,0,,False,Incomplete or constant formation history
5020,Media & Entertainment,NWSA,RDDT,0,,False,Incomplete or constant formation history
5020,Media & Entertainment,NWSA,TKO,0,,False,Incomplete or constant formation history
5020,Media & Entertainment,NWSA,TRIP,251,0.2863989841182467,False,OK
5020,Media & Entertainment,NWSA,TTD,0,,False,Incomplete or constant formation history
5020,Media & Entertainment,NWSA,TTWO,0,,False,Incomplete or constant formation history
5020,Media & Entertainment,NWSA,TWX,251,0.47804231327695634,False,OK
5020,Media & Entertainment,NWSA,WBD,0,,False,Incomplete or constant formation history
5020,Media & Entertainment,OMC,PARA,0,,False,Incomplete or constant formation history
5020,Media & Entertainment,OMC,PSKY,0,,False,Incomplete or constant formation history
5020,Media & Entertainment,OMC,RDDT,0,,False,Incomplete or constant formation history
5020,Media & Entertainment,OMC,TKO,0,,False,Incomplete or constant formation history
5020,Media & Entertainment,OMC,TRIP,251,0.3650825956079941,False,OK
5020,Media & Entertainment,OMC,TTD,0,,False,Incomplete or constant formation history
5020,Media & Entertainment,OMC,TTWO,0,,False,Incomplete or constant formation history
5020,Media & Entertainment,OMC,TWX,251,0.540364523065305,False,OK
5020,Media & Entertainment,OMC,WBD,0,,False,Incomplete or constant formation history
5020,Media & Entertainment,PARA,PSKY,0,,False,Incomplete or constant formation history
5020,Media & Entertainment,PARA,RDDT,0,,False,Incomplete or constant formation history
5020,Media & Entertainment,PARA,TKO,0,,False,Incomplete or constant formation history
5020,Media & Entertainment,PARA,TRIP,0,,False,Incomplete or constant formation history
5020,Media & Entertainment,PARA,TTD,0,,False,Incomplete or constant formation history
5020,Media & Entertainment,PARA,TTWO,0,,False,Incomplete or constant formation history
5020,Media & Entertainment,PARA,TWX,0,,False,Incomplete or constant formation history
5020,Media & Entertainment,PARA,WBD,0,,False,Incomplete or constant formation history
5020,Media & Entertainment,PSKY,RDDT,0,,False,Incomplete or constant formation history
5020,Media & Entertainment,PSKY,TKO,0,,False,Incomplete or constant formation history
5020,Media & Entertainment,PSKY,TRIP,0,,False,Incomplete or constant formation history
5020,Media & Entertainment,PSKY,TTD,0,,False,Incomplete or constant formation history
5020,Media & Entertainment,PSKY,TTWO,0,,False,Incomplete or constant formation history
5020,Media & Entertainment,PSKY,TWX,0,,False,Incomplete or constant formation history
5020,Media & Entertainment,PSKY,WBD,0,,False,Incomplete or constant formation history
5020,Media & Entertainment,RDDT,TKO,0,,False,Incomplete or constant formation history
5020,Media & Entertainment,RDDT,TRIP,0,,False,Incomplete or constant formation history
5020,Media & Entertainment,RDDT,TTD,0,,False,Incomplete or constant formation history
5020,Media & Entertainment,RDDT,TTWO,0,,False,Incomplete or constant formation history
5020,Media & Entertainment,RDDT,TWX,0,,False,Incomplete or constant formation history
5020,Media & Entertainment,RDDT,WBD,0,,False,Incomplete or constant formation history
5020,Media & Entertainment,TKO,TRIP,0,,False,Incomplete or constant formation history
5020,Media & Entertainment,TKO,TTD,0,,False,Incomplete or constant formation history
5020,Media & Entertainment,TKO,TTWO,0,,False,Incomplete or constant formation history
5020,Media & Entertainment,TKO,TWX,0,,False,Incomplete or constant formation history
5020,Media & Entertainment,TKO,WBD,0,,False,Incomplete or constant formation history
5020,Media & Entertainment,TRIP,TTD,0,,False,Incomplete or constant formation history
5020,Media & Entertainment,TRIP,TTWO,0,,False,Incomplete or constant formation history
5020,Media & Entertainment,TRIP,TWX,251,0.23802528810983445,False,OK
5020,Media & Entertainment,TRIP,WBD,0,,False,Incomplete or constant formation history
5020,Media & Entertainment,TTD,TTWO,0,,False,Incomplete or constant formation history
5020,Media & Entertainment,TTD,TWX,0,,False,Incomplete or constant formation history
5020,Media & Entertainment,TTD,WBD,0,,False,Incomplete or constant formation history
5020,Media & Entertainment,TTWO,TWX,0,,False,Incomplete or constant formation history
5020,Media & Entertainment,TTWO,WBD,0,,False,Incomplete or constant formation history
5020,Media & Entertainment,TWX,WBD,0,,False,Incomplete or constant formation history
5510,Utilities,AEE,AEP,251,0.8543985087965976,True,OK
5510,Utilities,AEE,AES,251,0.4239379462668612,False,OK
5510,Utilities,AEE,ATO,0,,False,Incomplete or constant formation history
5510,Utilities,AEE,AWK,0,,False,Incomplete or constant formation history
5510,Utilities,AEE,CEG,0,,False,Incomplete or constant formation history
5510,Utilities,AEE,CMS,251,0.8662616384217718,True,OK
5510,Utilities,AEE,CNP,251,0.7106119001449787,False,OK
5510,Utilities,AEE,D,251,0.8408792567145891,True,OK
5510,Utilities,AEE,DTE,251,0.8842085027345955,True,OK
5510,Utilities,AEE,DUK,251,0.8219450542608493,True,OK
5510,Utilities,AEE,ED,251,0.808702685934168,True,OK
5510,Utilities,AEE,EIX,251,0.8056911193198529,True,OK
5510,Utilities,AEE,ES,251,0.8772759325314975,True,OK
5510,Utilities,AEE,ETR,251,0.810307911693677,True,OK
5510,Utilities,AEE,EVRG,0,,False,Incomplete or constant formation history
5510,Utilities,AEE,EXC,251,0.6211324176635789,False,OK
5510,Utilities,AEE,FE,251,0.7248861829143085,False,OK
5510,Utilities,AEE,LNT,0,,False,Incomplete or constant formation history
5510,Utilities,AEE,NEE,251,0.8132808304557947,True,OK
5510,Utilities,AEE,NI,251,0.7366747782443419,False,OK
5510,Utilities,AEE,NRG,251,0.20503708733308143,False,OK
5510,Utilities,AEE,PCG,251,0.8036934773068767,True,OK
5510,Utilities,AEE,PEG,251,0.77410845843956,False,OK
5510,Utilities,AEE,PNW,251,0.8642984141573388,True,OK
5510,Utilities,AEE,PPL,251,0.8133616479792672,True,OK
5510,Utilities,AEE,SCG,0,,False,Incomplete or constant formation history
5510,Utilities,AEE,SO,251,0.8209958538291091,True,OK
5510,Utilities,AEE,SRE,251,0.795892965645443,False,OK
5510,Utilities,AEE,TE,0,,False,Incomplete or constant formation history
5510,Utilities,AEE,VST,0,,False,Incomplete or constant formation history
5510,Utilities,AEE,WEC,251,0.8596307429915626,True,OK
5510,Utilities,AEE,XEL,251,0.8781108516526175,True,OK
5510,Utilities,AEP,AES,251,0.4679254719557902,False,OK
5510,Utilities,AEP,ATO,0,,False,Incomplete or constant formation history
5510,Utilities,AEP,AWK,0,,False,Incomplete or constant formation history
5510,Utilities,AEP,CEG,0,,False,Incomplete or constant formation history
5510,Utilities,AEP,CMS,251,0.8673291930759701,True,OK
5510,Utilities,AEP,CNP,251,0.7375609230237773,False,OK
5510,Utilities,AEP,D,251,0.8590734664246249,True,OK
5510,Utilities,AEP,DTE,251,0.8917124506328707,True,OK
5510,Utilities,AEP,DUK,251,0.863227012896427,True,OK
5510,Utilities,AEP,ED,251,0.839302719310081,True,OK
5510,Utilities,AEP,EIX,251,0.8170396203959525,True,OK
5510,Utilities,AEP,ES,251,0.87756474956185,True,OK
5510,Utilities,AEP,ETR,251,0.8158228238902782,True,OK
5510,Utilities,AEP,EVRG,0,,False,Incomplete or constant formation history
5510,Utilities,AEP,EXC,251,0.6699374611685648,False,OK
5510,Utilities,AEP,FE,251,0.7799467030372825,False,OK
5510,Utilities,AEP,LNT,0,,False,Incomplete or constant formation history
5510,Utilities,AEP,NEE,251,0.8356853437826622,True,OK
5510,Utilities,AEP,NI,251,0.7026048623267646,False,OK
5510,Utilities,AEP,NRG,251,0.3040899091214047,False,OK
5510,Utilities,AEP,PCG,251,0.8216954329091853,True,OK
5510,Utilities,AEP,PEG,251,0.8036448001016514,True,OK
5510,Utilities,AEP,PNW,251,0.8745722370433782,True,OK
5510,Utilities,AEP,PPL,251,0.8581249587159077,True,OK
5510,Utilities,AEP,SCG,0,,False,Incomplete or constant formation history
5510,Utilities,AEP,SO,251,0.8578870913022058,True,OK
5510,Utilities,AEP,SRE,251,0.7780195226474235,False,OK
5510,Utilities,AEP,TE,0,,False,Incomplete or constant formation history
5510,Utilities,AEP,VST,0,,False,Incomplete or constant formation history
5510,Utilities,AEP,WEC,251,0.8650173233090318,True,OK
5510,Utilities,AEP,XEL,251,0.8892718338369606,True,OK
5510,Utilities,AES,ATO,0,,False,Incomplete or constant formation history
5510,Utilities,AES,AWK,0,,False,Incomplete or constant formation history
5510,Utilities,AES,CEG,0,,False,Incomplete or constant formation history
5510,Utilities,AES,CMS,251,0.41636430749465264,False,OK
5510,Utilities,AES,CNP,251,0.48598975097305214,False,OK
5510,Utilities,AES,D,251,0.47592900306536434,False,OK
5510,Utilities,AES,DTE,251,0.4446065452203603,False,OK
5510,Utilities,AES,DUK,251,0.4307220499855653,False,OK
5510,Utilities,AES,ED,251,0.3543652881512179,False,OK
5510,Utilities,AES,EIX,251,0.39629955320137333,False,OK
5510,Utilities,AES,ES,251,0.43408305992742713,False,OK
5510,Utilities,AES,ETR,251,0.4515936517874207,False,OK
5510,Utilities,AES,EVRG,0,,False,Incomplete or constant formation history
5510,Utilities,AES,EXC,251,0.4800443994378962,False,OK
5510,Utilities,AES,FE,251,0.45762429810356736,False,OK
5510,Utilities,AES,LNT,0,,False,Incomplete or constant formation history
5510,Utilities,AES,NEE,251,0.4680750470571562,False,OK
5510,Utilities,AES,NI,251,0.45394903524647706,False,OK
5510,Utilities,AES,NRG,251,0.4807325433928203,False,OK
5510,Utilities,AES,PCG,251,0.3916489354841355,False,OK
5510,Utilities,AES,PEG,251,0.48504014307262827,False,OK
5510,Utilities,AES,PNW,251,0.41690412266367055,False,OK
5510,Utilities,AES,PPL,251,0.4794551284408124,False,OK
5510,Utilities,AES,SCG,0,,False,Incomplete or constant formation history
5510,Utilities,AES,SO,251,0.3777417382279097,False,OK
5510,Utilities,AES,SRE,251,0.5078386026496876,False,OK
5510,Utilities,AES,TE,0,,False,Incomplete or constant formation history
5510,Utilities,AES,VST,0,,False,Incomplete or constant formation history
5510,Utilities,AES,WEC,251,0.4115076053701883,False,OK
5510,Utilities,AES,XEL,251,0.438551598684846,False,OK
5510,Utilities,ATO,AWK,0,,False,Incomplete or constant formation history
5510,Utilities,ATO,CEG,0,,False,Incomplete or constant formation history
5510,Utilities,ATO,CMS,0,,False,Incomplete or constant formation history
5510,Utilities,ATO,CNP,0,,False,Incomplete or constant formation history
5510,Utilities,ATO,D,0,,False,Incomplete or constant formation history
5510,Utilities,ATO,DTE,0,,False,Incomplete or constant formation history
5510,Utilities,ATO,DUK,0,,False,Incomplete or constant formation history
5510,Utilities,ATO,ED,0,,False,Incomplete or constant formation history
5510,Utilities,ATO,EIX,0,,False,Incomplete or constant formation history
5510,Utilities,ATO,ES,0,,False,Incomplete or constant formation history
5510,Utilities,ATO,ETR,0,,False,Incomplete or constant formation history
5510,Utilities,ATO,EVRG,0,,False,Incomplete or constant formation history
5510,Utilities,ATO,EXC,0,,False,Incomplete or constant formation history
5510,Utilities,ATO,FE,0,,False,Incomplete or constant formation history
5510,Utilities,ATO,LNT,0,,False,Incomplete or constant formation history
5510,Utilities,ATO,NEE,0,,False,Incomplete or constant formation history
5510,Utilities,ATO,NI,0,,False,Incomplete or constant formation history
5510,Utilities,ATO,NRG,0,,False,Incomplete or constant formation history
5510,Utilities,ATO,PCG,0,,False,Incomplete or constant formation history
5510,Utilities,ATO,PEG,0,,False,Incomplete or constant formation history
5510,Utilities,ATO,PNW,0,,False,Incomplete or constant formation history
5510,Utilities,ATO,PPL,0,,False,Incomplete or constant formation history
5510,Utilities,ATO,SCG,0,,False,Incomplete or constant formation history
5510,Utilities,ATO,SO,0,,False,Incomplete or constant formation history
5510,Utilities,ATO,SRE,0,,False,Incomplete or constant formation history
5510,Utilities,ATO,TE,0,,False,Incomplete or constant formation history
5510,Utilities,ATO,VST,0,,False,Incomplete or constant formation history
5510,Utilities,ATO,WEC,0,,False,Incomplete or constant formation history
5510,Utilities,ATO,XEL,0,,False,Incomplete or constant formation history
5510,Utilities,AWK,CEG,0,,False,Incomplete or constant formation history
5510,Utilities,AWK,CMS,0,,False,Incomplete or constant formation history
5510,Utilities,AWK,CNP,0,,False,Incomplete or constant formation history
5510,Utilities,AWK,D,0,,False,Incomplete or constant formation history
5510,Utilities,AWK,DTE,0,,False,Incomplete or constant formation history
5510,Utilities,AWK,DUK,0,,False,Incomplete or constant formation history
5510,Utilities,AWK,ED,0,,False,Incomplete or constant formation history
5510,Utilities,AWK,EIX,0,,False,Incomplete or constant formation history
5510,Utilities,AWK,ES,0,,False,Incomplete or constant formation history
5510,Utilities,AWK,ETR,0,,False,Incomplete or constant formation history
5510,Utilities,AWK,EVRG,0,,False,Incomplete or constant formation history
5510,Utilities,AWK,EXC,0,,False,Incomplete or constant formation history
5510,Utilities,AWK,FE,0,,False,Incomplete or constant formation history
5510,Utilities,AWK,LNT,0,,False,Incomplete or constant formation history
5510,Utilities,AWK,NEE,0,,False,Incomplete or constant formation history
5510,Utilities,AWK,NI,0,,False,Incomplete or constant formation history
5510,Utilities,AWK,NRG,0,,False,Incomplete or constant formation history
5510,Utilities,AWK,PCG,0,,False,Incomplete or constant formation history
5510,Utilities,AWK,PEG,0,,False,Incomplete or constant formation history
5510,Utilities,AWK,PNW,0,,False,Incomplete or constant formation history
5510,Utilities,AWK,PPL,0,,False,Incomplete or constant formation history
5510,Utilities,AWK,SCG,0,,False,Incomplete or constant formation history
5510,Utilities,AWK,SO,0,,False,Incomplete or constant formation history
5510,Utilities,AWK,SRE,0,,False,Incomplete or constant formation history
5510,Utilities,AWK,TE,0,,False,Incomplete or constant formation history
5510,Utilities,AWK,VST,0,,False,Incomplete or constant formation history
5510,Utilities,AWK,WEC,0,,False,Incomplete or constant formation history
5510,Utilities,AWK,XEL,0,,False,Incomplete or constant formation history
5510,Utilities,CEG,CMS,0,,False,Incomplete or constant formation history
5510,Utilities,CEG,CNP,0,,False,Incomplete or constant formation history
5510,Utilities,CEG,D,0,,False,Incomplete or constant formation history
5510,Utilities,CEG,DTE,0,,False,Incomplete or constant formation history
5510,Utilities,CEG,DUK,0,,False,Incomplete or constant formation history
5510,Utilities,CEG,ED,0,,False,Incomplete or constant formation history
5510,Utilities,CEG,EIX,0,,False,Incomplete or constant formation history
5510,Utilities,CEG,ES,0,,False,Incomplete or constant formation history
5510,Utilities,CEG,ETR,0,,False,Incomplete or constant formation history
5510,Utilities,CEG,EVRG,0,,False,Incomplete or constant formation history
5510,Utilities,CEG,EXC,0,,False,Incomplete or constant formation history
5510,Utilities,CEG,FE,0,,False,Incomplete or constant formation history
5510,Utilities,CEG,LNT,0,,False,Incomplete or constant formation history
5510,Utilities,CEG,NEE,0,,False,Incomplete or constant formation history
5510,Utilities,CEG,NI,0,,False,Incomplete or constant formation history
5510,Utilities,CEG,NRG,0,,False,Incomplete or constant formation history
5510,Utilities,CEG,PCG,0,,False,Incomplete or constant formation history
5510,Utilities,CEG,PEG,0,,False,Incomplete or constant formation history
5510,Utilities,CEG,PNW,0,,False,Incomplete or constant formation history
5510,Utilities,CEG,PPL,0,,False,Incomplete or constant formation history
5510,Utilities,CEG,SCG,0,,False,Incomplete or constant formation history
5510,Utilities,CEG,SO,0,,False,Incomplete or constant formation history
5510,Utilities,CEG,SRE,0,,False,Incomplete or constant formation history
5510,Utilities,CEG,TE,0,,False,Incomplete or constant formation history
5510,Utilities,CEG,VST,0,,False,Incomplete or constant formation history
5510,Utilities,CEG,WEC,0,,False,Incomplete or constant formation history
5510,Utilities,CEG,XEL,0,,False,Incomplete or constant formation history
5510,Utilities,CMS,CNP,251,0.7207800424723525,False,OK
5510,Utilities,CMS,D,251,0.8455038299125909,True,OK
5510,Utilities,CMS,DTE,251,0.9181817069583491,True,OK
5510,Utilities,CMS,DUK,251,0.8534883348202383,True,OK
5510,Utilities,CMS,ED,251,0.8391934545758951,True,OK
5510,Utilities,CMS,EIX,251,0.8204727781642216,True,OK
5510,Utilities,CMS,ES,251,0.8852719284346301,True,OK
5510,Utilities,CMS,ETR,251,0.8068542697337194,True,OK
5510,Utilities,CMS,EVRG,0,,False,Incomplete or constant formation history
5510,Utilities,CMS,EXC,251,0.632391344856324,False,OK
5510,Utilities,CMS,FE,251,0.6931052355361274,False,OK
5510,Utilities,CMS,LNT,0,,False,Incomplete or constant formation history
5510,Utilities,CMS,NEE,251,0.843855583053067,True,OK
5510,Utilities,CMS,NI,251,0.7486000781498574,False,OK
5510,Utilities,CMS,NRG,251,0.23347571777359188,False,OK
5510,Utilities,CMS,PCG,251,0.8445328735022642,True,OK
5510,Utilities,CMS,PEG,251,0.8045362958128823,True,OK
5510,Utilities,CMS,PNW,251,0.8720888958961397,True,OK
5510,Utilities,CMS,PPL,251,0.835994509034964,True,OK
5510,Utilities,CMS,SCG,0,,False,Incomplete or constant formation history
5510,Utilities,CMS,SO,251,0.8347615431653065,True,OK
5510,Utilities,CMS,SRE,251,0.7943871015348428,False,OK
5510,Utilities,CMS,TE,0,,False,Incomplete or constant formation history
5510,Utilities,CMS,VST,0,,False,Incomplete or constant formation history
5510,Utilities,CMS,WEC,251,0.8959678826316403,True,OK
5510,Utilities,CMS,XEL,251,0.9089514106010429,True,OK
5510,Utilities,CNP,D,251,0.7708025111966323,False,OK
5510,Utilities,CNP,DTE,251,0.7410955294134408,False,OK
5510,Utilities,CNP,DUK,251,0.7100572402041183,False,OK
5510,Utilities,CNP,ED,251,0.653549700535535,False,OK
5510,Utilities,CNP,EIX,251,0.6487196277171694,False,OK
5510,Utilities,CNP,ES,251,0.7106362857533273,False,OK
5510,Utilities,CNP,ETR,251,0.653743492362528,False,OK
5510,Utilities,CNP,EVRG,0,,False,Incomplete or constant formation history
5510,Utilities,CNP,EXC,251,0.596570250873707,False,OK
5510,Utilities,CNP,FE,251,0.644526007295527,False,OK
5510,Utilities,CNP,LNT,0,,False,Incomplete or constant formation history
5510,Utilities,CNP,NEE,251,0.7162576036779554,False,OK
5510,Utilities,CNP,NI,251,0.657157254603332,False,OK
5510,Utilities,CNP,NRG,251,0.3750855811422722,False,OK
5510,Utilities,CNP,PCG,251,0.6522749093288049,False,OK
5510,Utilities,CNP,PEG,251,0.6745399584480699,False,OK
5510,Utilities,CNP,PNW,251,0.695460658147297,False,OK
5510,Utilities,CNP,PPL,251,0.7169150089578008,False,OK
5510,Utilities,CNP,SCG,0,,False,Incomplete or constant formation history
5510,Utilities,CNP,SO,251,0.6730350601218438,False,OK
5510,Utilities,CNP,SRE,251,0.7300228228781143,False,OK
5510,Utilities,CNP,TE,0,,False,Incomplete or constant formation history
5510,Utilities,CNP,VST,0,,False,Incomplete or constant formation history
5510,Utilities,CNP,WEC,251,0.6990216191016595,False,OK
5510,Utilities,CNP,XEL,251,0.7292127424621591,False,OK
5510,Utilities,D,DTE,251,0.8790092748613421,True,OK
5510,Utilities,D,DUK,251,0.8343263366817008,True,OK
5510,Utilities,D,ED,251,0.8057691620678917,True,OK
5510,Utilities,D,EIX,251,0.7710572783112055,False,OK
5510,Utilities,D,ES,251,0.8472506786062269,True,OK
5510,Utilities,D,ETR,251,0.7968097420128656,False,OK
5510,Utilities,D,EVRG,0,,False,Incomplete or constant formation history
5510,Utilities,D,EXC,251,0.6449238735063766,False,OK
5510,Utilities,D,FE,251,0.7412799017986096,False,OK
5510,Utilities,D,LNT,0,,False,Incomplete or constant formation history
5510,Utilities,D,NEE,251,0.8503103545163097,True,OK
5510,Utilities,D,NI,251,0.7525502133312931,False,OK
5510,Utilities,D,NRG,251,0.26656247294713503,False,OK
5510,Utilities,D,PCG,251,0.784226892906066,False,OK
5510,Utilities,D,PEG,251,0.8004432670905568,True,OK
5510,Utilities,D,PNW,251,0.8246736020475778,True,OK
5510,Utilities,D,PPL,251,0.8357113855077212,True,OK
5510,Utilities,D,SCG,0,,False,Incomplete or constant formation history
5510,Utilities,D,SO,251,0.8338730962642085,True,OK
5510,Utilities,D,SRE,251,0.8282417935048122,True,OK
5510,Utilities,D,TE,0,,False,Incomplete or constant formation history
5510,Utilities,D,VST,0,,False,Incomplete or constant formation history
5510,Utilities,D,WEC,251,0.8380437046253681,True,OK
5510,Utilities,D,XEL,251,0.8496515664591121,True,OK
5510,Utilities,DTE,DUK,251,0.8798896687695829,True,OK
5510,Utilities,DTE,ED,251,0.8563308931169824,True,OK
5510,Utilities,DTE,EIX,251,0.852549932057909,True,OK
5510,Utilities,DTE,ES,251,0.8944076380521927,True,OK
5510,Utilities,DTE,ETR,251,0.8311395682764168,True,OK
5510,Utilities,DTE,EVRG,0,,False,Incomplete or constant formation history
5510,Utilities,DTE,EXC,251,0.6391466098634985,False,OK
5510,Utilities,DTE,FE,251,0.7182165987297922,False,OK
5510,Utilities,DTE,LNT,0,,False,Incomplete or constant formation history
5510,Utilities,DTE,NEE,251,0.8417034988747489,True,OK
5510,Utilities,DTE,NI,251,0.7772120766997053,False,OK
5510,Utilities,DTE,NRG,251,0.26479387773678587,False,OK
5510,Utilities,DTE,PCG,251,0.8486197182630643,True,OK
5510,Utilities,DTE,PEG,251,0.8176225322864313,True,OK
5510,Utilities,DTE,PNW,251,0.8917500483243038,True,OK
5510,Utilities,DTE,PPL,251,0.8526052812732338,True,OK
5510,Utilities,DTE,SCG,0,,False,Incomplete or constant formation history
5510,Utilities,DTE,SO,251,0.8651431249202367,True,OK
5510,Utilities,DTE,SRE,251,0.7954072488581381,False,OK
5510,Utilities,DTE,TE,0,,False,Incomplete or constant formation history
5510,Utilities,DTE,VST,0,,False,Incomplete or constant formation history
5510,Utilities,DTE,WEC,251,0.9007898312916349,True,OK
5510,Utilities,DTE,XEL,251,0.9066886016514152,True,OK
5510,Utilities,DUK,ED,251,0.8268305077004956,True,OK
5510,Utilities,DUK,EIX,251,0.7917877588100117,False,OK
5510,Utilities,DUK,ES,251,0.8538535123233414,True,OK
5510,Utilities,DUK,ETR,251,0.8062896742388241,True,OK
5510,Utilities,DUK,EVRG,0,,False,Incomplete or constant formation history
5510,Utilities,DUK,EXC,251,0.6508617491388854,False,OK
5510,Utilities,DUK,FE,251,0.7315750862009432,False,OK
5510,Utilities,DUK,LNT,0,,False,Incomplete or constant formation history
5510,Utilities,DUK,NEE,251,0.8123859383363209,True,OK
5510,Utilities,DUK,NI,251,0.6635688652707411,False,OK
5510,Utilities,DUK,NRG,251,0.31135260464102227,False,OK
5510,Utilities,DUK,PCG,251,0.7965937952493463,False,OK
5510,Utilities,DUK,PEG,251,0.7962239973167439,False,OK
5510,Utilities,DUK,PNW,251,0.8300258245033801,True,OK
5510,Utilities,DUK,PPL,251,0.8246283852638988,True,OK
5510,Utilities,DUK,SCG,0,,False,Incomplete or constant formation history
5510,Utilities,DUK,SO,251,0.8857336942249772,True,OK
5510,Utilities,DUK,SRE,251,0.7257212971654892,False,OK
5510,Utilities,DUK,TE,0,,False,Incomplete or constant formation history
5510,Utilities,DUK,VST,0,,False,Incomplete or constant formation history
5510,Utilities,DUK,WEC,251,0.8476036817433302,True,OK
5510,Utilities,DUK,XEL,251,0.8471274387743873,True,OK
5510,Utilities,ED,EIX,251,0.7497416977758047,False,OK
5510,Utilities,ED,ES,251,0.8442694295362456,True,OK
5510,Utilities,ED,ETR,251,0.7862741422426395,False,OK
5510,Utilities,ED,EVRG,0,,False,Incomplete or constant formation history
5510,Utilities,ED,EXC,251,0.5585619109630328,False,OK
5510,Utilities,ED,FE,251,0.6483090721832001,False,OK
5510,Utilities,ED,LNT,0,,False,Incomplete or constant formation history
5510,Utilities,ED,NEE,251,0.808080256240033,True,OK
5510,Utilities,ED,NI,251,0.6881531618494215,False,OK
5510,Utilities,ED,NRG,251,0.15625540456048748,False,OK
5510,Utilities,ED,PCG,251,0.8075071548867596,True,OK
5510,Utilities,ED,PEG,251,0.771185427859766,False,OK
5510,Utilities,ED,PNW,251,0.8624890212911728,True,OK
5510,Utilities,ED,PPL,251,0.7905259355782133,False,OK
5510,Utilities,ED,SCG,0,,False,Incomplete or constant formation history
5510,Utilities,ED,SO,251,0.858349505912279,True,OK
5510,Utilities,ED,SRE,251,0.7380609800774305,False,OK
5510,Utilities,ED,TE,0,,False,Incomplete or constant formation history
5510,Utilities,ED,VST,0,,False,Incomplete or constant formation history
5510,Utilities,ED,WEC,251,0.8734561704222357,True,OK
5510,Utilities,ED,XEL,251,0.8607810365164571,True,OK
5510,Utilities,EIX,ES,251,0.8256501133154527,True,OK
5510,Utilities,EIX,ETR,251,0.7548702115007617,False,OK
5510,Utilities,EIX,EVRG,0,,False,Incomplete or constant formation history
5510,Utilities,EIX,EXC,251,0.6028729771295649,False,OK
5510,Utilities,EIX,FE,251,0.6885621399726987,False,OK
5510,Utilities,EIX,LNT,0,,False,Incomplete or constant formation history
5510,Utilities,EIX,NEE,251,0.7771442092242071,False,OK
5510,Utilities,EIX,NI,251,0.6685855826113026,False,OK
5510,Utilities,EIX,NRG,251,0.18650364728184304,False,OK
5510,Utilities,EIX,PCG,251,0.8114701678257841,True,OK
5510,Utilities,EIX,PEG,251,0.713257888150512,False,OK
5510,Utilities,EIX,PNW,251,0.7958752058338742,False,OK
5510,Utilities,EIX,PPL,251,0.7926578544749089,False,OK
5510,Utilities,EIX,SCG,0,,False,Incomplete or constant formation history
5510,Utilities,EIX,SO,251,0.7621123592710001,False,OK
5510,Utilities,EIX,SRE,251,0.7036068998804346,False,OK
5510,Utilities,EIX,TE,0,,False,Incomplete or constant formation history
5510,Utilities,EIX,VST,0,,False,Incomplete or constant formation history
5510,Utilities,EIX,WEC,251,0.8176131497550094,True,OK
5510,Utilities,EIX,XEL,251,0.8421031381045607,True,OK
5510,Utilities,ES,ETR,251,0.8097087097902235,True,OK
5510,Utilities,ES,EVRG,0,,False,Incomplete or constant formation history
5510,Utilities,ES,EXC,251,0.6146329746831048,False,OK
5510,Utilities,ES,FE,251,0.7279344655908373,False,OK
5510,Utilities,ES,LNT,0,,False,Incomplete or constant formation history
5510,Utilities,ES,NEE,251,0.8108038205685915,True,OK
5510,Utilities,ES,NI,251,0.713623343167356,False,OK
5510,Utilities,ES,NRG,251,0.24171288037241784,False,OK
5510,Utilities,ES,PCG,251,0.8156294062136317,True,OK
5510,Utilities,ES,PEG,251,0.7947727865626723,False,OK
5510,Utilities,ES,PNW,251,0.8754200868917206,True,OK
5510,Utilities,ES,PPL,251,0.8462584190224406,True,OK
5510,Utilities,ES,SCG,0,,False,Incomplete or constant formation history
5510,Utilities,ES,SO,251,0.8492848275683332,True,OK
5510,Utilities,ES,SRE,251,0.7932972742963997,False,OK
5510,Utilities,ES,TE,0,,False,Incomplete or constant formation history
5510,Utilities,ES,VST,0,,False,Incomplete or constant formation history
5510,Utilities,ES,WEC,251,0.8865620686676807,True,OK
5510,Utilities,ES,XEL,251,0.9002650324567075,True,OK
5510,Utilities,ETR,EVRG,0,,False,Incomplete or constant formation history
5510,Utilities,ETR,EXC,251,0.6064621374518513,False,OK
5510,Utilities,ETR,FE,251,0.7064565329770314,False,OK
5510,Utilities,ETR,LNT,0,,False,Incomplete or constant formation history
5510,Utilities,ETR,NEE,251,0.7735750279312382,False,OK
5510,Utilities,ETR,NI,251,0.6788507883901892,False,OK
5510,Utilities,ETR,NRG,251,0.2719335341845661,False,OK
5510,Utilities,ETR,PCG,251,0.7726735422113915,False,OK
5510,Utilities,ETR,PEG,251,0.7787334576691425,False,OK
5510,Utilities,ETR,PNW,251,0.8323474054555088,True,OK
5510,Utilities,ETR,PPL,251,0.8076325015038838,True,OK
5510,Utilities,ETR,SCG,0,,False,Incomplete or constant formation history
5510,Utilities,ETR,SO,251,0.7966644841109789,False,OK
5510,Utilities,ETR,SRE,251,0.7195174734492606,False,OK
5510,Utilities,ETR,TE,0,,False,Incomplete or constant formation history
5510,Utilities,ETR,VST,0,,False,Incomplete or constant formation history
5510,Utilities,ETR,WEC,251,0.8118456724694835,True,OK
5510,Utilities,ETR,XEL,251,0.8274136198753045,True,OK
5510,Utilities,EVRG,EXC,0,,False,Incomplete or constant formation history
5510,Utilities,EVRG,FE,0,,False,Incomplete or constant formation history
5510,Utilities,EVRG,LNT,0,,False,Incomplete or constant formation history
5510,Utilities,EVRG,NEE,0,,False,Incomplete or constant formation history
5510,Utilities,EVRG,NI,0,,False,Incomplete or constant formation history
5510,Utilities,EVRG,NRG,0,,False,Incomplete or constant formation history
5510,Utilities,EVRG,PCG,0,,False,Incomplete or constant formation history
5510,Utilities,EVRG,PEG,0,,False,Incomplete or constant formation history
5510,Utilities,EVRG,PNW,0,,False,Incomplete or constant formation history
5510,Utilities,EVRG,PPL,0,,False,Incomplete or constant formation history
5510,Utilities,EVRG,SCG,0,,False,Incomplete or constant formation history
5510,Utilities,EVRG,SO,0,,False,Incomplete or constant formation history
5510,Utilities,EVRG,SRE,0,,False,Incomplete or constant formation history
5510,Utilities,EVRG,TE,0,,False,Incomplete or constant formation history
5510,Utilities,EVRG,VST,0,,False,Incomplete or constant formation history
5510,Utilities,EVRG,WEC,0,,False,Incomplete or constant formation history
5510,Utilities,EVRG,XEL,0,,False,Incomplete or constant formation history
5510,Utilities,EXC,FE,251,0.658306515740582,False,OK
5510,Utilities,EXC,LNT,0,,False,Incomplete or constant formation history
5510,Utilities,EXC,NEE,251,0.6414107610750465,False,OK
5510,Utilities,EXC,NI,251,0.5731816430241317,False,OK
5510,Utilities,EXC,NRG,251,0.5295052840665637,False,OK
5510,Utilities,EXC,PCG,251,0.549812670674989,False,OK
5510,Utilities,EXC,PEG,251,0.6892633566538925,False,OK
5510,Utilities,EXC,PNW,251,0.6253835128104982,False,OK
5510,Utilities,EXC,PPL,251,0.620759849007947,False,OK
5510,Utilities,EXC,SCG,0,,False,Incomplete or constant formation history
5510,Utilities,EXC,SO,251,0.6368747357445137,False,OK
5510,Utilities,EXC,SRE,251,0.6130554994803412,False,OK
5510,Utilities,EXC,TE,0,,False,Incomplete or constant formation history
5510,Utilities,EXC,VST,0,,False,Incomplete or constant formation history
5510,Utilities,EXC,WEC,251,0.5980246635505155,False,OK
5510,Utilities,EXC,XEL,251,0.630017601876723,False,OK
5510,Utilities,FE,LNT,0,,False,Incomplete or constant formation history
5510,Utilities,FE,NEE,251,0.6959809535319768,False,OK
5510,Utilities,FE,NI,251,0.6076311426184813,False,OK
5510,Utilities,FE,NRG,251,0.30337234278814507,False,OK
5510,Utilities,FE,PCG,251,0.6778654941612445,False,OK
5510,Utilities,FE,PEG,251,0.719389629294419,False,OK
5510,Utilities,FE,PNW,251,0.6977849684819146,False,OK
5510,Utilities,FE,PPL,251,0.7338856673619515,False,OK
5510,Utilities,FE,SCG,0,,False,Incomplete or constant formation history
5510,Utilities,FE,SO,251,0.6966605049001162,False,OK
5510,Utilities,FE,SRE,251,0.6848149692487495,False,OK
5510,Utilities,FE,TE,0,,False,Incomplete or constant formation history
5510,Utilities,FE,VST,0,,False,Incomplete or constant formation history
5510,Utilities,FE,WEC,251,0.6850697121715699,False,OK
5510,Utilities,FE,XEL,251,0.7256702638204393,False,OK
5510,Utilities,LNT,NEE,0,,False,Incomplete or constant formation history
5510,Utilities,LNT,NI,0,,False,Incomplete or constant formation history
5510,Utilities,LNT,NRG,0,,False,Incomplete or constant formation history
5510,Utilities,LNT,PCG,0,,False,Incomplete or constant formation history
5510,Utilities,LNT,PEG,0,,False,Incomplete or constant formation history
5510,Utilities,LNT,PNW,0,,False,Incomplete or constant formation history
5510,Utilities,LNT,PPL,0,,False,Incomplete or constant formation history
5510,Utilities,LNT,SCG,0,,False,Incomplete or constant formation history
5510,Utilities,LNT,SO,0,,False,Incomplete or constant formation history
5510,Utilities,LNT,SRE,0,,False,Incomplete or constant formation history
5510,Utilities,LNT,TE,0,,False,Incomplete or constant formation history
5510,Utilities,LNT,VST,0,,False,Incomplete or constant formation history
5510,Utilities,LNT,WEC,0,,False,Incomplete or constant formation history
5510,Utilities,LNT,XEL,0,,False,Incomplete or constant formation history
5510,Utilities,NEE,NI,251,0.7000797598874704,False,OK
5510,Utilities,NEE,NRG,251,0.29256253938155535,False,OK
5510,Utilities,NEE,PCG,251,0.7853398778763251,False,OK
5510,Utilities,NEE,PEG,251,0.7709612894899237,False,OK
5510,Utilities,NEE,PNW,251,0.8225346517676417,True,OK
5510,Utilities,NEE,PPL,251,0.8008527076359698,True,OK
5510,Utilities,NEE,SCG,0,,False,Incomplete or constant formation history
5510,Utilities,NEE,SO,251,0.8085561990804208,True,OK
5510,Utilities,NEE,SRE,251,0.796257539891079,False,OK
5510,Utilities,NEE,TE,0,,False,Incomplete or constant formation history
5510,Utilities,NEE,VST,0,,False,Incomplete or constant formation history
5510,Utilities,NEE,WEC,251,0.8292380625043676,True,OK
5510,Utilities,NEE,XEL,251,0.8137530727573147,True,OK
5510,Utilities,NI,NRG,251,0.2903883309969675,False,OK
5510,Utilities,NI,PCG,251,0.6923677485418818,False,OK
5510,Utilities,NI,PEG,251,0.6747213476021524,False,OK
5510,Utilities,NI,PNW,251,0.714272544252783,False,OK
5510,Utilities,NI,PPL,251,0.7289773119179653,False,OK
5510,Utilities,NI,SCG,0,,False,Incomplete or constant formation history
5510,Utilities,NI,SO,251,0.666412204834462,False,OK
5510,Utilities,NI,SRE,251,0.7404883638952736,False,OK
5510,Utilities,NI,TE,0,,False,Incomplete or constant formation history
5510,Utilities,NI,VST,0,,False,Incomplete or constant formation history
5510,Utilities,NI,WEC,251,0.7300068820547287,False,OK
5510,Utilities,NI,XEL,251,0.7489176272322978,False,OK
5510,Utilities,NRG,PCG,251,0.21060354752264085,False,OK
5510,Utilities,NRG,PEG,251,0.32703774664829494,False,OK
5510,Utilities,NRG,PNW,251,0.2622347440296198,False,OK
5510,Utilities,NRG,PPL,251,0.28806913733519446,False,OK
5510,Utilities,NRG,SCG,0,,False,Incomplete or constant formation history
5510,Utilities,NRG,SO,251,0.22501121288381268,False,OK
5510,Utilities,NRG,SRE,251,0.30824950143595264,False,OK
5510,Utilities,NRG,TE,0,,False,Incomplete or constant formation history
5510,Utilities,NRG,VST,0,,False,Incomplete or constant formation history
5510,Utilities,NRG,WEC,251,0.19894709235873892,False,OK
5510,Utilities,NRG,XEL,251,0.23196159461636698,False,OK
5510,Utilities,PCG,PEG,251,0.7407813254351839,False,OK
5510,Utilities,PCG,PNW,251,0.8226541823065622,True,OK
5510,Utilities,PCG,PPL,251,0.7994383637694931,False,OK
5510,Utilities,PCG,SCG,0,,False,Incomplete or constant formation history
5510,Utilities,PCG,SO,251,0.7982262704664883,False,OK
5510,Utilities,PCG,SRE,251,0.7548430639817478,False,OK
5510,Utilities,PCG,TE,0,,False,Incomplete or constant formation history
5510,Utilities,PCG,VST,0,,False,Incomplete or constant formation history
5510,Utilities,PCG,WEC,251,0.8295651836266759,True,OK
5510,Utilities,PCG,XEL,251,0.8361693468404828,True,OK
5510,Utilities,PEG,PNW,251,0.7943009578716536,False,OK
5510,Utilities,PEG,PPL,251,0.7747357001614806,False,OK
5510,Utilities,PEG,SCG,0,,False,Incomplete or constant formation history
5510,Utilities,PEG,SO,251,0.7858265094035837,False,OK
5510,Utilities,PEG,SRE,251,0.7648580985381169,False,OK
5510,Utilities,PEG,TE,0,,False,Incomplete or constant formation history
5510,Utilities,PEG,VST,0,,False,Incomplete or constant formation history
5510,Utilities,PEG,WEC,251,0.8054627552858586,True,OK
5510,Utilities,PEG,XEL,251,0.8137640177003648,True,OK
5510,Utilities,PNW,PPL,251,0.8239496810938981,True,OK
5510,Utilities,PNW,SCG,0,,False,Incomplete or constant formation history
5510,Utilities,PNW,SO,251,0.8420012592760383,True,OK
5510,Utilities,PNW,SRE,251,0.7712972598261365,False,OK
5510,Utilities,PNW,TE,0,,False,Incomplete or constant formation history
5510,Utilities,PNW,VST,0,,False,Incomplete or constant formation history
5510,Utilities,PNW,WEC,251,0.8670793668464776,True,OK
5510,Utilities,PNW,XEL,251,0.8946750078031885,True,OK
5510,Utilities,PPL,SCG,0,,False,Incomplete or constant formation history
5510,Utilities,PPL,SO,251,0.8154276693869104,True,OK
5510,Utilities,PPL,SRE,251,0.7714942601962147,False,OK
5510,Utilities,PPL,TE,0,,False,Incomplete or constant formation history
5510,Utilities,PPL,VST,0,,False,Incomplete or constant formation history
5510,Utilities,PPL,WEC,251,0.8205592011320328,True,OK
5510,Utilities,PPL,XEL,251,0.8464765142425316,True,OK
5510,Utilities,SCG,SO,0,,False,Incomplete or constant formation history
5510,Utilities,SCG,SRE,0,,False,Incomplete or constant formation history
5510,Utilities,SCG,TE,0,,False,Incomplete or constant formation history
5510,Utilities,SCG,VST,0,,False,Incomplete or constant formation history
5510,Utilities,SCG,WEC,0,,False,Incomplete or constant formation history
5510,Utilities,SCG,XEL,0,,False,Incomplete or constant formation history
5510,Utilities,SO,SRE,251,0.7500897096765528,False,OK
5510,Utilities,SO,TE,0,,False,Incomplete or constant formation history
5510,Utilities,SO,VST,0,,False,Incomplete or constant formation history
5510,Utilities,SO,WEC,251,0.8526278784636568,True,OK
5510,Utilities,SO,XEL,251,0.8527044660439387,True,OK
5510,Utilities,SRE,TE,0,,False,Incomplete or constant formation history
5510,Utilities,SRE,VST,0,,False,Incomplete or constant formation history
5510,Utilities,SRE,WEC,251,0.7862114917998808,False,OK
5510,Utilities,SRE,XEL,251,0.7810771150514229,False,OK
5510,Utilities,TE,VST,0,,False,Incomplete or constant formation history
5510,Utilities,TE,WEC,0,,False,Incomplete or constant formation history
5510,Utilities,TE,XEL,0,,False,Incomplete or constant formation history
5510,Utilities,VST,WEC,0,,False,Incomplete or constant formation history
5510,Utilities,VST,XEL,0,,False,Incomplete or constant formation history
5510,Utilities,WEC,XEL,251,0.8909942134441401,True,OK
6010,Equity Real Estate Investment Trusts (REITs),AIV,AMT,251,0.6107841019907291,False,OK
6010,Equity Real Estate Investment Trusts (REITs),AIV,ARE,0,,False,Incomplete or constant formation history
6010,Equity Real Estate Investment Trusts (REITs),AIV,AVB,0,,False,Incomplete or constant formation history
6010,Equity Real Estate Investment Trusts (REITs),AIV,BXP,251,0.7898732101877523,False,OK
6010,Equity Real Estate Investment Trusts (REITs),AIV,CCI,251,0.5229177404813407,False,OK
6010,Equity Real Estate Investment Trusts (REITs),AIV,CPT,0,,False,Incomplete or constant formation history
6010,Equity Real Estate Investment Trusts (REITs),AIV,DLR,0,,False,Incomplete or constant formation history
6010,Equity Real Estate Investment Trusts (REITs),AIV,DOC,0,,False,Incomplete or constant formation history
6010,Equity Real Estate Investment Trusts (REITs),AIV,EQIX,0,,False,Incomplete or constant formation history
6010,Equity Real Estate Investment Trusts (REITs),AIV,EQR,0,,False,Incomplete or constant formation history
6010,Equity Real Estate Investment Trusts (REITs),AIV,ESS,251,0.865547458976427,True,OK
6010,Equity Real Estate Investment Trusts (REITs),AIV,EXR,0,,False,Incomplete or constant formation history
6010,Equity Real Estate Investment Trusts (REITs),AIV,FCPT,0,,False,Incomplete or constant formation history
6010,Equity Real Estate Investment Trusts (REITs),AIV,FRT,0,,False,Incomplete or constant formation history
6010,Equity Real Estate Investment Trusts (REITs),AIV,HST,251,0.5661132905869186,False,OK
6010,Equity Real Estate Investment Trusts (REITs),AIV,INVH,0,,False,Incomplete or constant formation history
6010,Equity Real Estate Investment Trusts (REITs),AIV,IRM,251,0.49155908036993645,False,OK
6010,Equity Real Estate Investment Trusts (REITs),AIV,KIM,251,0.8217730000641966,True,OK
6010,Equity Real Estate Investment Trusts (REITs),AIV,MAA,0,,False,Incomplete or constant formation history
6010,Equity Real Estate Investment Trusts (REITs),AIV,MAC,251,0.5185067896035328,False,OK
6010,Equity Real Estate Investment Trusts (REITs),AIV,O,0,,False,Incomplete or constant formation history
6010,Equity Real Estate Investment Trusts (REITs),AIV,PLD,251,0.8018216959559288,True,OK
6010,Equity Real Estate Investment Trusts (REITs),AIV,PSA,251,0.7444617614309191,False,OK
6010,Equity Real Estate Investment Trusts (REITs),AIV,REG,0,,False,Incomplete or constant formation history
6010,Equity Real Estate Investment Trusts (REITs),AIV,SBAC,0,,False,Incomplete or constant formation history
6010,Equity Real Estate Investment Trusts (REITs),AIV,SLG,0,,False,Incomplete or constant formation history
6010,Equity Real Estate Investment Trusts (REITs),AIV,SPG,251,0.8070062002456442,True,OK
6010,Equity Real Estate Investment Trusts (REITs),AIV,UDR,0,,False,Incomplete or constant formation history
6010,Equity Real Estate Investment Trusts (REITs),AIV,VICI,0,,False,Incomplete or constant formation history
6010,Equity Real Estate Investment Trusts (REITs),AIV,VMRK,0,,False,Incomplete or constant formation history
6010,Equity Real Estate Investment Trusts (REITs),AIV,VNO,251,0.7927207277045127,False,OK
6010,Equity Real Estate Investment Trusts (REITs),AIV,VTR,251,0.4237347334716371,False,OK
6010,Equity Real Estate Investment Trusts (REITs),AIV,WELL,251,0.7523250365227675,False,OK
6010,Equity Real Estate Investment Trusts (REITs),AIV,WY,251,0.5670084849876148,False,OK
6010,Equity Real Estate Investment Trusts (REITs),AMT,ARE,0,,False,Incomplete or constant formation history
6010,Equity Real Estate Investment Trusts (REITs),AMT,AVB,0,,False,Incomplete or constant formation history
6010,Equity Real Estate Investment Trusts (REITs),AMT,BXP,251,0.6742476367580594,False,OK
6010,Equity Real Estate Investment Trusts (REITs),AMT,CCI,251,0.7344932447329342,False,OK
6010,Equity Real Estate Investment Trusts (REITs),AMT,CPT,0,,False,Incomplete or constant formation history
6010,Equity Real Estate Investment Trusts (REITs),AMT,DLR,0,,False,Incomplete or constant formation history
6010,Equity Real Estate Investment Trusts (REITs),AMT,DOC,0,,False,Incomplete or constant formation history
6010,Equity Real Estate Investment Trusts (REITs),AMT,EQIX,0,,False,Incomplete or constant formation history
6010,Equity Real Estate Investment Trusts (REITs),AMT,EQR,0,,False,Incomplete or constant formation history
6010,Equity Real Estate Investment Trusts (REITs),AMT,ESS,251,0.611021636216921,False,OK
6010,Equity Real Estate Investment Trusts (REITs),AMT,EXR,0,,False,Incomplete or constant formation history
6010,Equity Real Estate Investment Trusts (REITs),AMT,FCPT,0,,False,Incomplete or constant formation history
6010,Equity Real Estate Investment Trusts (REITs),AMT,FRT,0,,False,Incomplete or constant formation history
6010,Equity Real Estate Investment Trusts (REITs),AMT,HST,251,0.5765019284235703,False,OK
6010,Equity Real Estate Investment Trusts (REITs),AMT,INVH,0,,False,Incomplete or constant formation history
6010,Equity Real Estate Investment Trusts (REITs),AMT,IRM,251,0.446626756148953,False,OK
6010,Equity Real Estate Investment Trusts (REITs),AMT,KIM,251,0.6946296499337665,False,OK
6010,Equity Real Estate Investment Trusts (REITs),AMT,MAA,0,,False,Incomplete or constant formation history
6010,Equity Real Estate Investment Trusts (REITs),AMT,MAC,251,0.3888579370080483,False,OK
6010,Equity Real Estate Investment Trusts (REITs),AMT,O,0,,False,Incomplete or constant formation history
6010,Equity Real Estate Investment Trusts (REITs),AMT,PLD,251,0.6909727642944711,False,OK
6010,Equity Real Estate Investment Trusts (REITs),AMT,PSA,251,0.656011602565062,False,OK
6010,Equity Real Estate Investment Trusts (REITs),AMT,REG,0,,False,Incomplete or constant formation history
6010,Equity Real Estate Investment Trusts (REITs),AMT,SBAC,0,,False,Incomplete or constant formation history
6010,Equity Real Estate Investment Trusts (REITs),AMT,SLG,0,,False,Incomplete or constant formation history
6010,Equity Real Estate Investment Trusts (REITs),AMT,SPG,251,0.6699071192042471,False,OK
6010,Equity Real Estate Investment Trusts (REITs),AMT,UDR,0,,False,Incomplete or constant formation history
6010,Equity Real Estate Investment Trusts (REITs),AMT,VICI,0,,False,Incomplete or constant formation history
6010,Equity Real Estate Investment Trusts (REITs),AMT,VMRK,0,,False,Incomplete or constant formation history
6010,Equity Real Estate Investment Trusts (REITs),AMT,VNO,251,0.7012973976458649,False,OK
6010,Equity Real Estate Investment Trusts (REITs),AMT,VTR,251,0.4126279819489621,False,OK
6010,Equity Real Estate Investment Trusts (REITs),AMT,WELL,251,0.590606981244403,False,OK
6010,Equity Real Estate Investment Trusts (REITs),AMT,WY,251,0.6100710248195688,False,OK
6010,Equity Real Estate Investment Trusts (REITs),ARE,AVB,0,,False,Incomplete or constant formation history
6010,Equity Real Estate Investment Trusts (REITs),ARE,BXP,0,,False,Incomplete or constant formation history
6010,Equity Real Estate Investment Trusts (REITs),ARE,CCI,0,,False,Incomplete or constant formation history
6010,Equity Real Estate Investment Trusts (REITs),ARE,CPT,0,,False,Incomplete or constant formation history
6010,Equity Real Estate Investment Trusts (REITs),ARE,DLR,0,,False,Incomplete or constant formation history
6010,Equity Real Estate Investment Trusts (REITs),ARE,DOC,0,,False,Incomplete or constant formation history
6010,Equity Real Estate Investment Trusts (REITs),ARE,EQIX,0,,False,Incomplete or constant formation history
6010,Equity Real Estate Investment Trusts (REITs),ARE,EQR,0,,False,Incomplete or constant formation history
6010,Equity Real Estate Investment Trusts (REITs),ARE,ESS,0,,False,Incomplete or constant formation history
6010,Equity Real Estate Investment Trusts (REITs),ARE,EXR,0,,False,Incomplete or constant formation history
6010,Equity Real Estate Investment Trusts (REITs),ARE,FCPT,0,,False,Incomplete or constant formation history
6010,Equity Real Estate Investment Trusts (REITs),ARE,FRT,0,,False,Incomplete or constant formation history
6010,Equity Real Estate Investment Trusts (REITs),ARE,HST,0,,False,Incomplete or constant formation history
6010,Equity Real Estate Investment Trusts (REITs),ARE,INVH,0,,False,Incomplete or constant formation history
6010,Equity Real Estate Investment Trusts (REITs),ARE,IRM,0,,False,Incomplete or constant formation history
6010,Equity Real Estate Investment Trusts (REITs),ARE,KIM,0,,False,Incomplete or constant formation history
6010,Equity Real Estate Investment Trusts (REITs),ARE,MAA,0,,False,Incomplete or constant formation history
6010,Equity Real Estate Investment Trusts (REITs),ARE,MAC,0,,False,Incomplete or constant formation history
6010,Equity Real Estate Investment Trusts (REITs),ARE,O,0,,False,Incomplete or constant formation history
6010,Equity Real Estate Investment Trusts (REITs),ARE,PLD,0,,False,Incomplete or constant formation history
6010,Equity Real Estate Investment Trusts (REITs),ARE,PSA,0,,False,Incomplete or constant formation history
6010,Equity Real Estate Investment Trusts (REITs),ARE,REG,0,,False,Incomplete or constant formation history
6010,Equity Real Estate Investment Trusts (REITs),ARE,SBAC,0,,False,Incomplete or constant formation history
6010,Equity Real Estate Investment Trusts (REITs),ARE,SLG,0,,False,Incomplete or constant formation history
6010,Equity Real Estate Investment Trusts (REITs),ARE,SPG,0,,False,Incomplete or constant formation history
6010,Equity Real Estate Investment Trusts (REITs),ARE,UDR,0,,False,Incomplete or constant formation history
6010,Equity Real Estate Investment Trusts (REITs),ARE,VICI,0,,False,Incomplete or constant formation history
6010,Equity Real Estate Investment Trusts (REITs),ARE,VMRK,0,,False,Incomplete or constant formation history
6010,Equity Real Estate Investment Trusts (REITs),ARE,VNO,0,,False,Incomplete or constant formation history
6010,Equity Real Estate Investment Trusts (REITs),ARE,VTR,0,,False,Incomplete or constant formation history
6010,Equity Real Estate Investment Trusts (REITs),ARE,WELL,0,,False,Incomplete or constant formation history
6010,Equity Real Estate Investment Trusts (REITs),ARE,WY,0,,False,Incomplete or constant formation history
6010,Equity Real Estate Investment Trusts (REITs),AVB,BXP,0,,False,Incomplete or constant formation history
6010,Equity Real Estate Investment Trusts (REITs),AVB,CCI,0,,False,Incomplete or constant formation history
6010,Equity Real Estate Investment Trusts (REITs),AVB,CPT,0,,False,Incomplete or constant formation history
6010,Equity Real Estate Investment Trusts (REITs),AVB,DLR,0,,False,Incomplete or constant formation history
6010,Equity Real Estate Investment Trusts (REITs),AVB,DOC,0,,False,Incomplete or constant formation history
6010,Equity Real Estate Investment Trusts (REITs),AVB,EQIX,0,,False,Incomplete or constant formation history
6010,Equity Real Estate Investment Trusts (REITs),AVB,EQR,0,,False,Incomplete or constant formation history
6010,Equity Real Estate Investment Trusts (REITs),AVB,ESS,0,,False,Incomplete or constant formation history
6010,Equity Real Estate Investment Trusts (REITs),AVB,EXR,0,,False,Incomplete or constant formation history
6010,Equity Real Estate Investment Trusts (REITs),AVB,FCPT,0,,False,Incomplete or constant formation history
6010,Equity Real Estate Investment Trusts (REITs),AVB,FRT,0,,False,Incomplete or constant formation history
6010,Equity Real Estate Investment Trusts (REITs),AVB,HST,0,,False,Incomplete or constant formation history
6010,Equity Real Estate Investment Trusts (REITs),AVB,INVH,0,,False,Incomplete or constant formation history
6010,Equity Real Estate Investment Trusts (REITs),AVB,IRM,0,,False,Incomplete or constant formation history
6010,Equity Real Estate Investment Trusts (REITs),AVB,KIM,0,,False,Incomplete or constant formation history
6010,Equity Real Estate Investment Trusts (REITs),AVB,MAA,0,,False,Incomplete or constant formation history
6010,Equity Real Estate Investment Trusts (REITs),AVB,MAC,0,,False,Incomplete or constant formation history
6010,Equity Real Estate Investment Trusts (REITs),AVB,O,0,,False,Incomplete or constant formation history
6010,Equity Real Estate Investment Trusts (REITs),AVB,PLD,0,,False,Incomplete or constant formation history
6010,Equity Real Estate Investment Trusts (REITs),AVB,PSA,0,,False,Incomplete or constant formation history
6010,Equity Real Estate Investment Trusts (REITs),AVB,REG,0,,False,Incomplete or constant formation history
6010,Equity Real Estate Investment Trusts (REITs),AVB,SBAC,0,,False,Incomplete or constant formation history
6010,Equity Real Estate Investment Trusts (REITs),AVB,SLG,0,,False,Incomplete or constant formation history
6010,Equity Real Estate Investment Trusts (REITs),AVB,SPG,0,,False,Incomplete or constant formation history
6010,Equity Real Estate Investment Trusts (REITs),AVB,UDR,0,,False,Incomplete or constant formation history
6010,Equity Real Estate Investment Trusts (REITs),AVB,VICI,0,,False,Incomplete or constant formation history
6010,Equity Real Estate Investment Trusts (REITs),AVB,VMRK,0,,False,Incomplete or constant formation history
6010,Equity Real Estate Investment Trusts (REITs),AVB,VNO,0,,False,Incomplete or constant formation history
6010,Equity Real Estate Investment Trusts (REITs),AVB,VTR,0,,False,Incomplete or constant formation history
6010,Equity Real Estate Investment Trusts (REITs),AVB,WELL,0,,False,Incomplete or constant formation history
6010,Equity Real Estate Investment Trusts (REITs),AVB,WY,0,,False,Incomplete or constant formation history
6010,Equity Real Estate Investment Trusts (REITs),BXP,CCI,251,0.5863788570023228,False,OK
6010,Equity Real Estate Investment Trusts (REITs),BXP,CPT,0,,False,Incomplete or constant formation history
6010,Equity Real Estate Investment Trusts (REITs),BXP,DLR,0,,False,Incomplete or constant formation history
6010,Equity Real Estate Investment Trusts (REITs),BXP,DOC,0,,False,Incomplete or constant formation history
6010,Equity Real Estate Investment Trusts (REITs),BXP,EQIX,0,,False,Incomplete or constant formation history
6010,Equity Real Estate Investment Trusts (REITs),BXP,EQR,0,,False,Incomplete or constant formation history
6010,Equity Real Estate Investment Trusts (REITs),BXP,ESS,251,0.8250259214633742,True,OK
6010,Equity Real Estate Investment Trusts (REITs),BXP,EXR,0,,False,Incomplete or constant formation history
6010,Equity Real Estate Investment Trusts (REITs),BXP,FCPT,0,,False,Incomplete or constant formation history
6010,Equity Real Estate Investment Trusts (REITs),BXP,FRT,0,,False,Incomplete or constant formation history
6010,Equity Real Estate Investment Trusts (REITs),BXP,HST,251,0.6606691226305479,False,OK
6010,Equity Real Estate Investment Trusts (REITs),BXP,INVH,0,,False,Incomplete or constant formation history
6010,Equity Real Estate Investment Trusts (REITs),BXP,IRM,251,0.6183662804620674,False,OK
6010,Equity Real Estate Investment Trusts (REITs),BXP,KIM,251,0.8577875887114665,True,OK
6010,Equity Real Estate Investment Trusts (REITs),BXP,MAA,0,,False,Incomplete or constant formation history
6010,Equity Real Estate Investment Trusts (REITs),BXP,MAC,251,0.5735753241080319,False,OK
6010,Equity Real Estate Investment Trusts (REITs),BXP,O,0,,False,Incomplete or constant formation history
6010,Equity Real Estate Investment Trusts (REITs),BXP,PLD,251,0.8276791692993166,True,OK
6010,Equity Real Estate Investment Trusts (REITs),BXP,PSA,251,0.8119239816972827,True,OK
6010,Equity Real Estate Investment Trusts (REITs),BXP,REG,0,,False,Incomplete or constant formation history
6010,Equity Real Estate Investment Trusts (REITs),BXP,SBAC,0,,False,Incomplete or constant formation history
6010,Equity Real Estate Investment Trusts (REITs),BXP,SLG,0,,False,Incomplete or constant formation history
6010,Equity Real Estate Investment Trusts (REITs),BXP,SPG,251,0.8289834700776003,True,OK
6010,Equity Real Estate Investment Trusts (REITs),BXP,UDR,0,,False,Incomplete or constant formation history
6010,Equity Real Estate Investment Trusts (REITs),BXP,VICI,0,,False,Incomplete or constant formation history
6010,Equity Real Estate Investment Trusts (REITs),BXP,VMRK,0,,False,Incomplete or constant formation history
6010,Equity Real Estate Investment Trusts (REITs),BXP,VNO,251,0.8862895850518043,True,OK
6010,Equity Real Estate Investment Trusts (REITs),BXP,VTR,251,0.4820570408787936,False,OK
6010,Equity Real Estate Investment Trusts (REITs),BXP,WELL,251,0.7615221082258449,False,OK
6010,Equity Real Estate Investment Trusts (REITs),BXP,WY,251,0.6557098690790165,False,OK
6010,Equity Real Estate Investment Trusts (REITs),CCI,CPT,0,,False,Incomplete or constant formation history
6010,Equity Real Estate Investment Trusts (REITs),CCI,DLR,0,,False,Incomplete or constant formation history
6010,Equity Real Estate Investment Trusts (REITs),CCI,DOC,0,,False,Incomplete or constant formation history
6010,Equity Real Estate Investment Trusts (REITs),CCI,EQIX,0,,False,Incomplete or constant formation history
6010,Equity Real Estate Investment Trusts (REITs),CCI,EQR,0,,False,Incomplete or constant formation history
6010,Equity Real Estate Investment Trusts (REITs),CCI,ESS,251,0.534036740429676,False,OK
6010,Equity Real Estate Investment Trusts (REITs),CCI,EXR,0,,False,Incomplete or constant formation history
6010,Equity Real Estate Investment Trusts (REITs),CCI,FCPT,0,,False,Incomplete or constant formation history
6010,Equity Real Estate Investment Trusts (REITs),CCI,FRT,0,,False,Incomplete or constant formation history
6010,Equity Real Estate Investment Trusts (REITs),CCI,HST,251,0.49326690858102806,False,OK
6010,Equity Real Estate Investment Trusts (REITs),CCI,INVH,0,,False,Incomplete or constant formation history
6010,Equity Real Estate Investment Trusts (REITs),CCI,IRM,251,0.4483282715924749,False,OK
6010,Equity Real Estate Investment Trusts (REITs),CCI,KIM,251,0.5953874024013797,False,OK
6010,Equity Real Estate Investment Trusts (REITs),CCI,MAA,0,,False,Incomplete or constant formation history
6010,Equity Real Estate Investment Trusts (REITs),CCI,MAC,251,0.37386496506019495,False,OK
6010,Equity Real Estate Investment Trusts (REITs),CCI,O,0,,False,Incomplete or constant formation history
6010,Equity Real Estate Investment Trusts (REITs),CCI,PLD,251,0.6178536434239613,False,OK
6010,Equity Real Estate Investment Trusts (REITs),CCI,PSA,251,0.5950034901960063,False,OK
6010,Equity Real Estate Investment Trusts (REITs),CCI,REG,0,,False,Incomplete or constant formation history
6010,Equity Real Estate Investment Trusts (REITs),CCI,SBAC,0,,False,Incomplete or constant formation history
6010,Equity Real Estate Investment Trusts (REITs),CCI,SLG,0,,False,Incomplete or constant formation history
6010,Equity Real Estate Investment Trusts (REITs),CCI,SPG,251,0.5612278811312864,False,OK
6010,Equity Real Estate Investment Trusts (REITs),CCI,UDR,0,,False,Incomplete or constant formation history
6010,Equity Real Estate Investment Trusts (REITs),CCI,VICI,0,,False,Incomplete or constant formation history
6010,Equity Real Estate Investment Trusts (REITs),CCI,VMRK,0,,False,Incomplete or constant formation history
6010,Equity Real Estate Investment Trusts (REITs),CCI,VNO,251,0.6116243839328832,False,OK
6010,Equity Real Estate Investment Trusts (REITs),CCI,VTR,251,0.39150804889581137,False,OK
6010,Equity Real Estate Investment Trusts (REITs),CCI,WELL,251,0.5014583651790797,False,OK
6010,Equity Real Estate Investment Trusts (REITs),CCI,WY,251,0.534313298473838,False,OK
6010,Equity Real Estate Investment Trusts (REITs),CPT,DLR,0,,False,Incomplete or constant formation history
6010,Equity Real Estate Investment Trusts (REITs),CPT,DOC,0,,False,Incomplete or constant formation history
6010,Equity Real Estate Investment Trusts (REITs),CPT,EQIX,0,,False,Incomplete or constant formation history
6010,Equity Real Estate Investment Trusts (REITs),CPT,EQR,0,,False,Incomplete or constant formation history
6010,Equity Real Estate Investment Trusts (REITs),CPT,ESS,0,,False,Incomplete or constant formation history
6010,Equity Real Estate Investment Trusts (REITs),CPT,EXR,0,,False,Incomplete or constant formation history
6010,Equity Real Estate Investment Trusts (REITs),CPT,FCPT,0,,False,Incomplete or constant formation history
6010,Equity Real Estate Investment Trusts (REITs),CPT,FRT,0,,False,Incomplete or constant formation history
6010,Equity Real Estate Investment Trusts (REITs),CPT,HST,0,,False,Incomplete or constant formation history
6010,Equity Real Estate Investment Trusts (REITs),CPT,INVH,0,,False,Incomplete or constant formation history
6010,Equity Real Estate Investment Trusts (REITs),CPT,IRM,0,,False,Incomplete or constant formation history
6010,Equity Real Estate Investment Trusts (REITs),CPT,KIM,0,,False,Incomplete or constant formation history
6010,Equity Real Estate Investment Trusts (REITs),CPT,MAA,0,,False,Incomplete or constant formation history
6010,Equity Real Estate Investment Trusts (REITs),CPT,MAC,0,,False,Incomplete or constant formation history
6010,Equity Real Estate Investment Trusts (REITs),CPT,O,0,,False,Incomplete or constant formation history
6010,Equity Real Estate Investment Trusts (REITs),CPT,PLD,0,,False,Incomplete or constant formation history
6010,Equity Real Estate Investment Trusts (REITs),CPT,PSA,0,,False,Incomplete or constant formation history
6010,Equity Real Estate Investment Trusts (REITs),CPT,REG,0,,False,Incomplete or constant formation history
6010,Equity Real Estate Investment Trusts (REITs),CPT,SBAC,0,,False,Incomplete or constant formation history
6010,Equity Real Estate Investment Trusts (REITs),CPT,SLG,0,,False,Incomplete or constant formation history
6010,Equity Real Estate Investment Trusts (REITs),CPT,SPG,0,,False,Incomplete or constant formation history
6010,Equity Real Estate Investment Trusts (REITs),CPT,UDR,0,,False,Incomplete or constant formation history
6010,Equity Real Estate Investment Trusts (REITs),CPT,VICI,0,,False,Incomplete or constant formation history
6010,Equity Real Estate Investment Trusts (REITs),CPT,VMRK,0,,False,Incomplete or constant formation history
6010,Equity Real Estate Investment Trusts (REITs),CPT,VNO,0,,False,Incomplete or constant formation history
6010,Equity Real Estate Investment Trusts (REITs),CPT,VTR,0,,False,Incomplete or constant formation history
6010,Equity Real Estate Investment Trusts (REITs),CPT,WELL,0,,False,Incomplete or constant formation history
6010,Equity Real Estate Investment Trusts (REITs),CPT,WY,0,,False,Incomplete or constant formation history
6010,Equity Real Estate Investment Trusts (REITs),DLR,DOC,0,,False,Incomplete or constant formation history
6010,Equity Real Estate Investment Trusts (REITs),DLR,EQIX,0,,False,Incomplete or constant formation history
6010,Equity Real Estate Investment Trusts (REITs),DLR,EQR,0,,False,Incomplete or constant formation history
6010,Equity Real Estate Investment Trusts (REITs),DLR,ESS,0,,False,Incomplete or constant formation history
6010,Equity Real Estate Investment Trusts (REITs),DLR,EXR,0,,False,Incomplete or constant formation history
6010,Equity Real Estate Investment Trusts (REITs),DLR,FCPT,0,,False,Incomplete or constant formation history
6010,Equity Real Estate Investment Trusts (REITs),DLR,FRT,0,,False,Incomplete or constant formation history
6010,Equity Real Estate Investment Trusts (REITs),DLR,HST,0,,False,Incomplete or constant formation history
6010,Equity Real Estate Investment Trusts (REITs),DLR,INVH,0,,False,Incomplete or constant formation history
6010,Equity Real Estate Investment Trusts (REITs),DLR,IRM,0,,False,Incomplete or constant formation history
6010,Equity Real Estate Investment Trusts (REITs),DLR,KIM,0,,False,Incomplete or constant formation history
6010,Equity Real Estate Investment Trusts (REITs),DLR,MAA,0,,False,Incomplete or constant formation history
6010,Equity Real Estate Investment Trusts (REITs),DLR,MAC,0,,False,Incomplete or constant formation history
6010,Equity Real Estate Investment Trusts (REITs),DLR,O,0,,False,Incomplete or constant formation history
6010,Equity Real Estate Investment Trusts (REITs),DLR,PLD,0,,False,Incomplete or constant formation history
6010,Equity Real Estate Investment Trusts (REITs),DLR,PSA,0,,False,Incomplete or constant formation history
6010,Equity Real Estate Investment Trusts (REITs),DLR,REG,0,,False,Incomplete or constant formation history
6010,Equity Real Estate Investment Trusts (REITs),DLR,SBAC,0,,False,Incomplete or constant formation history
6010,Equity Real Estate Investment Trusts (REITs),DLR,SLG,0,,False,Incomplete or constant formation history
6010,Equity Real Estate Investment Trusts (REITs),DLR,SPG,0,,False,Incomplete or constant formation history
6010,Equity Real Estate Investment Trusts (REITs),DLR,UDR,0,,False,Incomplete or constant formation history
6010,Equity Real Estate Investment Trusts (REITs),DLR,VICI,0,,False,Incomplete or constant formation history
6010,Equity Real Estate Investment Trusts (REITs),DLR,VMRK,0,,False,Incomplete or constant formation history
6010,Equity Real Estate Investment Trusts (REITs),DLR,VNO,0,,False,Incomplete or constant formation history
6010,Equity Real Estate Investment Trusts (REITs),DLR,VTR,0,,False,Incomplete or constant formation history
6010,Equity Real Estate Investment Trusts (REITs),DLR,WELL,0,,False,Incomplete or constant formation history
6010,Equity Real Estate Investment Trusts (REITs),DLR,WY,0,,False,Incomplete or constant formation history
6010,Equity Real Estate Investment Trusts (REITs),DOC,EQIX,0,,False,Incomplete or constant formation history
6010,Equity Real Estate Investment Trusts (REITs),DOC,EQR,0,,False,Incomplete or constant formation history
6010,Equity Real Estate Investment Trusts (REITs),DOC,ESS,0,,False,Incomplete or constant formation history
6010,Equity Real Estate Investment Trusts (REITs),DOC,EXR,0,,False,Incomplete or constant formation history
6010,Equity Real Estate Investment Trusts (REITs),DOC,FCPT,0,,False,Incomplete or constant formation history
6010,Equity Real Estate Investment Trusts (REITs),DOC,FRT,0,,False,Incomplete or constant formation history
6010,Equity Real Estate Investment Trusts (REITs),DOC,HST,0,,False,Incomplete or constant formation history
6010,Equity Real Estate Investment Trusts (REITs),DOC,INVH,0,,False,Incomplete or constant formation history
6010,Equity Real Estate Investment Trusts (REITs),DOC,IRM,0,,False,Incomplete or constant formation history
6010,Equity Real Estate Investment Trusts (REITs),DOC,KIM,0,,False,Incomplete or constant formation history
6010,Equity Real Estate Investment Trusts (REITs),DOC,MAA,0,,False,Incomplete or constant formation history
6010,Equity Real Estate Investment Trusts (REITs),DOC,MAC,0,,False,Incomplete or constant formation history
6010,Equity Real Estate Investment Trusts (REITs),DOC,O,0,,False,Incomplete or constant formation history
6010,Equity Real Estate Investment Trusts (REITs),DOC,PLD,0,,False,Incomplete or constant formation history
6010,Equity Real Estate Investment Trusts (REITs),DOC,PSA,0,,False,Incomplete or constant formation history
6010,Equity Real Estate Investment Trusts (REITs),DOC,REG,0,,False,Incomplete or constant formation history
6010,Equity Real Estate Investment Trusts (REITs),DOC,SBAC,0,,False,Incomplete or constant formation history
6010,Equity Real Estate Investment Trusts (REITs),DOC,SLG,0,,False,Incomplete or constant formation history
6010,Equity Real Estate Investment Trusts (REITs),DOC,SPG,0,,False,Incomplete or constant formation history
6010,Equity Real Estate Investment Trusts (REITs),DOC,UDR,0,,False,Incomplete or constant formation history
6010,Equity Real Estate Investment Trusts (REITs),DOC,VICI,0,,False,Incomplete or constant formation history
6010,Equity Real Estate Investment Trusts (REITs),DOC,VMRK,0,,False,Incomplete or constant formation history
6010,Equity Real Estate Investment Trusts (REITs),DOC,VNO,0,,False,Incomplete or constant formation history
6010,Equity Real Estate Investment Trusts (REITs),DOC,VTR,0,,False,Incomplete or constant formation history
6010,Equity Real Estate Investment Trusts (REITs),DOC,WELL,0,,False,Incomplete or constant formation history
6010,Equity Real Estate Investment Trusts (REITs),DOC,WY,0,,False,Incomplete or constant formation history
6010,Equity Real Estate Investment Trusts (REITs),EQIX,EQR,0,,False,Incomplete or constant formation history
6010,Equity Real Estate Investment Trusts (REITs),EQIX,ESS,0,,False,Incomplete or constant formation history
6010,Equity Real Estate Investment Trusts (REITs),EQIX,EXR,0,,False,Incomplete or constant formation history
6010,Equity Real Estate Investment Trusts (REITs),EQIX,FCPT,0,,False,Incomplete or constant formation history
6010,Equity Real Estate Investment Trusts (REITs),EQIX,FRT,0,,False,Incomplete or constant formation history
6010,Equity Real Estate Investment Trusts (REITs),EQIX,HST,0,,False,Incomplete or constant formation history
6010,Equity Real Estate Investment Trusts (REITs),EQIX,INVH,0,,False,Incomplete or constant formation history
6010,Equity Real Estate Investment Trusts (REITs),EQIX,IRM,0,,False,Incomplete or constant formation history
6010,Equity Real Estate Investment Trusts (REITs),EQIX,KIM,0,,False,Incomplete or constant formation history
6010,Equity Real Estate Investment Trusts (REITs),EQIX,MAA,0,,False,Incomplete or constant formation history
6010,Equity Real Estate Investment Trusts (REITs),EQIX,MAC,0,,False,Incomplete or constant formation history
6010,Equity Real Estate Investment Trusts (REITs),EQIX,O,0,,False,Incomplete or constant formation history
6010,Equity Real Estate Investment Trusts (REITs),EQIX,PLD,0,,False,Incomplete or constant formation history
6010,Equity Real Estate Investment Trusts (REITs),EQIX,PSA,0,,False,Incomplete or constant formation history
6010,Equity Real Estate Investment Trusts (REITs),EQIX,REG,0,,False,Incomplete or constant formation history
6010,Equity Real Estate Investment Trusts (REITs),EQIX,SBAC,0,,False,Incomplete or constant formation history
6010,Equity Real Estate Investment Trusts (REITs),EQIX,SLG,0,,False,Incomplete or constant formation history
6010,Equity Real Estate Investment Trusts (REITs),EQIX,SPG,0,,False,Incomplete or constant formation history
6010,Equity Real Estate Investment Trusts (REITs),EQIX,UDR,0,,False,Incomplete or constant formation history
6010,Equity Real Estate Investment Trusts (REITs),EQIX,VICI,0,,False,Incomplete or constant formation history
6010,Equity Real Estate Investment Trusts (REITs),EQIX,VMRK,0,,False,Incomplete or constant formation history
6010,Equity Real Estate Investment Trusts (REITs),EQIX,VNO,0,,False,Incomplete or constant formation history
6010,Equity Real Estate Investment Trusts (REITs),EQIX,VTR,0,,False,Incomplete or constant formation history
6010,Equity Real Estate Investment Trusts (REITs),EQIX,WELL,0,,False,Incomplete or constant formation history
6010,Equity Real Estate Investment Trusts (REITs),EQIX,WY,0,,False,Incomplete or constant formation history
6010,Equity Real Estate Investment Trusts (REITs),EQR,ESS,0,,False,Incomplete or constant formation history
6010,Equity Real Estate Investment Trusts (REITs),EQR,EXR,0,,False,Incomplete or constant formation history
6010,Equity Real Estate Investment Trusts (REITs),EQR,FCPT,0,,False,Incomplete or constant formation history
6010,Equity Real Estate Investment Trusts (REITs),EQR,FRT,0,,False,Incomplete or constant formation history
6010,Equity Real Estate Investment Trusts (REITs),EQR,HST,0,,False,Incomplete or constant formation history
6010,Equity Real Estate Investment Trusts (REITs),EQR,INVH,0,,False,Incomplete or constant formation history
6010,Equity Real Estate Investment Trusts (REITs),EQR,IRM,0,,False,Incomplete or constant formation history
6010,Equity Real Estate Investment Trusts (REITs),EQR,KIM,0,,False,Incomplete or constant formation history
6010,Equity Real Estate Investment Trusts (REITs),EQR,MAA,0,,False,Incomplete or constant formation history
6010,Equity Real Estate Investment Trusts (REITs),EQR,MAC,0,,False,Incomplete or constant formation history
6010,Equity Real Estate Investment Trusts (REITs),EQR,O,0,,False,Incomplete or constant formation history
6010,Equity Real Estate Investment Trusts (REITs),EQR,PLD,0,,False,Incomplete or constant formation history
6010,Equity Real Estate Investment Trusts (REITs),EQR,PSA,0,,False,Incomplete or constant formation history
6010,Equity Real Estate Investment Trusts (REITs),EQR,REG,0,,False,Incomplete or constant formation history
6010,Equity Real Estate Investment Trusts (REITs),EQR,SBAC,0,,False,Incomplete or constant formation history
6010,Equity Real Estate Investment Trusts (REITs),EQR,SLG,0,,False,Incomplete or constant formation history
6010,Equity Real Estate Investment Trusts (REITs),EQR,SPG,0,,False,Incomplete or constant formation history
6010,Equity Real Estate Investment Trusts (REITs),EQR,UDR,0,,False,Incomplete or constant formation history
6010,Equity Real Estate Investment Trusts (REITs),EQR,VICI,0,,False,Incomplete or constant formation history
6010,Equity Real Estate Investment Trusts (REITs),EQR,VMRK,0,,False,Incomplete or constant formation history
6010,Equity Real Estate Investment Trusts (REITs),EQR,VNO,0,,False,Incomplete or constant formation history
6010,Equity Real Estate Investment Trusts (REITs),EQR,VTR,0,,False,Incomplete or constant formation history
6010,Equity Real Estate Investment Trusts (REITs),EQR,WELL,0,,False,Incomplete or constant formation history
6010,Equity Real Estate Investment Trusts (REITs),EQR,WY,0,,False,Incomplete or constant formation history
6010,Equity Real Estate Investment Trusts (REITs),ESS,EXR,0,,False,Incomplete or constant formation history
6010,Equity Real Estate Investment Trusts (REITs),ESS,FCPT,0,,False,Incomplete or constant formation history
6010,Equity Real Estate Investment Trusts (REITs),ESS,FRT,0,,False,Incomplete or constant formation history
6010,Equity Real Estate Investment Trusts (REITs),ESS,HST,251,0.5888310555289789,False,OK
6010,Equity Real Estate Investment Trusts (REITs),ESS,INVH,0,,False,Incomplete or constant formation history
6010,Equity Real Estate Investment Trusts (REITs),ESS,IRM,251,0.5404186958617758,False,OK
6010,Equity Real Estate Investment Trusts (REITs),ESS,KIM,251,0.8430202064040077,True,OK
6010,Equity Real Estate Investment Trusts (REITs),ESS,MAA,0,,False,Incomplete or constant formation history
6010,Equity Real Estate Investment Trusts (REITs),ESS,MAC,251,0.5947672924730908,False,OK
6010,Equity Real Estate Investment Trusts (REITs),ESS,O,0,,False,Incomplete or constant formation history
6010,Equity Real Estate Investment Trusts (REITs),ESS,PLD,251,0.777281248708467,False,OK
6010,Equity Real Estate Investment Trusts (REITs),ESS,PSA,251,0.790948088018535,False,OK
6010,Equity Real Estate Investment Trusts (REITs),ESS,REG,0,,False,Incomplete or constant formation history
6010,Equity Real Estate Investment Trusts (REITs),ESS,SBAC,0,,False,Incomplete or constant formation history
6010,Equity Real Estate Investment Trusts (REITs),ESS,SLG,0,,False,Incomplete or constant formation history
6010,Equity Real Estate Investment Trusts (REITs),ESS,SPG,251,0.8263099134158158,True,OK
6010,Equity Real Estate Investment Trusts (REITs),ESS,UDR,0,,False,Incomplete or constant formation history
6010,Equity Real Estate Investment Trusts (REITs),ESS,VICI,0,,False,Incomplete or constant formation history
6010,Equity Real Estate Investment Trusts (REITs),ESS,VMRK,0,,False,Incomplete or constant formation history
6010,Equity Real Estate Investment Trusts (REITs),ESS,VNO,251,0.8379582073097441,True,OK
6010,Equity Real Estate Investment Trusts (REITs),ESS,VTR,251,0.45296688335718266,False,OK
6010,Equity Real Estate Investment Trusts (REITs),ESS,WELL,251,0.7744302757281785,False,OK
6010,Equity Real Estate Investment Trusts (REITs),ESS,WY,251,0.5775623822738916,False,OK
6010,Equity Real Estate Investment Trusts (REITs),EXR,FCPT,0,,False,Incomplete or constant formation history
6010,Equity Real Estate Investment Trusts (REITs),EXR,FRT,0,,False,Incomplete or constant formation history
6010,Equity Real Estate Investment Trusts (REITs),EXR,HST,0,,False,Incomplete or constant formation history
6010,Equity Real Estate Investment Trusts (REITs),EXR,INVH,0,,False,Incomplete or constant formation history
6010,Equity Real Estate Investment Trusts (REITs),EXR,IRM,0,,False,Incomplete or constant formation history
6010,Equity Real Estate Investment Trusts (REITs),EXR,KIM,0,,False,Incomplete or constant formation history
6010,Equity Real Estate Investment Trusts (REITs),EXR,MAA,0,,False,Incomplete or constant formation history
6010,Equity Real Estate Investment Trusts (REITs),EXR,MAC,0,,False,Incomplete or constant formation history
6010,Equity Real Estate Investment Trusts (REITs),EXR,O,0,,False,Incomplete or constant formation history
6010,Equity Real Estate Investment Trusts (REITs),EXR,PLD,0,,False,Incomplete or constant formation history
6010,Equity Real Estate Investment Trusts (REITs),EXR,PSA,0,,False,Incomplete or constant formation history
6010,Equity Real Estate Investment Trusts (REITs),EXR,REG,0,,False,Incomplete or constant formation history
6010,Equity Real Estate Investment Trusts (REITs),EXR,SBAC,0,,False,Incomplete or constant formation history
6010,Equity Real Estate Investment Trusts (REITs),EXR,SLG,0,,False,Incomplete or constant formation history
6010,Equity Real Estate Investment Trusts (REITs),EXR,SPG,0,,False,Incomplete or constant formation history
6010,Equity Real Estate Investment Trusts (REITs),EXR,UDR,0,,False,Incomplete or constant formation history
6010,Equity Real Estate Investment Trusts (REITs),EXR,VICI,0,,False,Incomplete or constant formation history
6010,Equity Real Estate Investment Trusts (REITs),EXR,VMRK,0,,False,Incomplete or constant formation history
6010,Equity Real Estate Investment Trusts (REITs),EXR,VNO,0,,False,Incomplete or constant formation history
6010,Equity Real Estate Investment Trusts (REITs),EXR,VTR,0,,False,Incomplete or constant formation history
6010,Equity Real Estate Investment Trusts (REITs),EXR,WELL,0,,False,Incomplete or constant formation history
6010,Equity Real Estate Investment Trusts (REITs),EXR,WY,0,,False,Incomplete or constant formation history
6010,Equity Real Estate Investment Trusts (REITs),FCPT,FRT,0,,False,Incomplete or constant formation history
6010,Equity Real Estate Investment Trusts (REITs),FCPT,HST,0,,False,Incomplete or constant formation history
6010,Equity Real Estate Investment Trusts (REITs),FCPT,INVH,0,,False,Incomplete or constant formation history
6010,Equity Real Estate Investment Trusts (REITs),FCPT,IRM,0,,False,Incomplete or constant formation history
6010,Equity Real Estate Investment Trusts (REITs),FCPT,KIM,0,,False,Incomplete or constant formation history
6010,Equity Real Estate Investment Trusts (REITs),FCPT,MAA,0,,False,Incomplete or constant formation history
6010,Equity Real Estate Investment Trusts (REITs),FCPT,MAC,0,,False,Incomplete or constant formation history
6010,Equity Real Estate Investment Trusts (REITs),FCPT,O,0,,False,Incomplete or constant formation history
6010,Equity Real Estate Investment Trusts (REITs),FCPT,PLD,0,,False,Incomplete or constant formation history
6010,Equity Real Estate Investment Trusts (REITs),FCPT,PSA,0,,False,Incomplete or constant formation history
6010,Equity Real Estate Investment Trusts (REITs),FCPT,REG,0,,False,Incomplete or constant formation history
6010,Equity Real Estate Investment Trusts (REITs),FCPT,SBAC,0,,False,Incomplete or constant formation history
6010,Equity Real Estate Investment Trusts (REITs),FCPT,SLG,0,,False,Incomplete or constant formation history
6010,Equity Real Estate Investment Trusts (REITs),FCPT,SPG,0,,False,Incomplete or constant formation history
6010,Equity Real Estate Investment Trusts (REITs),FCPT,UDR,0,,False,Incomplete or constant formation history
6010,Equity Real Estate Investment Trusts (REITs),FCPT,VICI,0,,False,Incomplete or constant formation history
6010,Equity Real Estate Investment Trusts (REITs),FCPT,VMRK,0,,False,Incomplete or constant formation history
6010,Equity Real Estate Investment Trusts (REITs),FCPT,VNO,0,,False,Incomplete or constant formation history
6010,Equity Real Estate Investment Trusts (REITs),FCPT,VTR,0,,False,Incomplete or constant formation history
6010,Equity Real Estate Investment Trusts (REITs),FCPT,WELL,0,,False,Incomplete or constant formation history
6010,Equity Real Estate Investment Trusts (REITs),FCPT,WY,0,,False,Incomplete or constant formation history
6010,Equity Real Estate Investment Trusts (REITs),FRT,HST,0,,False,Incomplete or constant formation history
6010,Equity Real Estate Investment Trusts (REITs),FRT,INVH,0,,False,Incomplete or constant formation history
6010,Equity Real Estate Investment Trusts (REITs),FRT,IRM,0,,False,Incomplete or constant formation history
6010,Equity Real Estate Investment Trusts (REITs),FRT,KIM,0,,False,Incomplete or constant formation history
6010,Equity Real Estate Investment Trusts (REITs),FRT,MAA,0,,False,Incomplete or constant formation history
6010,Equity Real Estate Investment Trusts (REITs),FRT,MAC,0,,False,Incomplete or constant formation history
6010,Equity Real Estate Investment Trusts (REITs),FRT,O,0,,False,Incomplete or constant formation history
6010,Equity Real Estate Investment Trusts (REITs),FRT,PLD,0,,False,Incomplete or constant formation history
6010,Equity Real Estate Investment Trusts (REITs),FRT,PSA,0,,False,Incomplete or constant formation history
6010,Equity Real Estate Investment Trusts (REITs),FRT,REG,0,,False,Incomplete or constant formation history
6010,Equity Real Estate Investment Trusts (REITs),FRT,SBAC,0,,False,Incomplete or constant formation history
6010,Equity Real Estate Investment Trusts (REITs),FRT,SLG,0,,False,Incomplete or constant formation history
6010,Equity Real Estate Investment Trusts (REITs),FRT,SPG,0,,False,Incomplete or constant formation history
6010,Equity Real Estate Investment Trusts (REITs),FRT,UDR,0,,False,Incomplete or constant formation history
6010,Equity Real Estate Investment Trusts (REITs),FRT,VICI,0,,False,Incomplete or constant formation history
6010,Equity Real Estate Investment Trusts (REITs),FRT,VMRK,0,,False,Incomplete or constant formation history
6010,Equity Real Estate Investment Trusts (REITs),FRT,VNO,0,,False,Incomplete or constant formation history
6010,Equity Real Estate Investment Trusts (REITs),FRT,VTR,0,,False,Incomplete or constant formation history
6010,Equity Real Estate Investment Trusts (REITs),FRT,WELL,0,,False,Incomplete or constant formation history
6010,Equity Real Estate Investment Trusts (REITs),FRT,WY,0,,False,Incomplete or constant formation history
6010,Equity Real Estate Investment Trusts (REITs),HST,INVH,0,,False,Incomplete or constant formation history
6010,Equity Real Estate Investment Trusts (REITs),HST,IRM,251,0.48379887021299045,False,OK
6010,Equity Real Estate Investment Trusts (REITs),HST,KIM,251,0.5866827350512902,False,OK
6010,Equity Real Estate Investment Trusts (REITs),HST,MAA,0,,False,Incomplete or constant formation history
6010,Equity Real Estate Investment Trusts (REITs),HST,MAC,251,0.419922494305496,False,OK
6010,Equity Real Estate Investment Trusts (REITs),HST,O,0,,False,Incomplete or constant formation history
6010,Equity Real Estate Investment Trusts (REITs),HST,PLD,251,0.610158617159485,False,OK
6010,Equity Real Estate Investment Trusts (REITs),HST,PSA,251,0.5372055987691913,False,OK
6010,Equity Real Estate Investment Trusts (REITs),HST,REG,0,,False,Incomplete or constant formation history
6010,Equity Real Estate Investment Trusts (REITs),HST,SBAC,0,,False,Incomplete or constant formation history
6010,Equity Real Estate Investment Trusts (REITs),HST,SLG,0,,False,Incomplete or constant formation history
6010,Equity Real Estate Investment Trusts (REITs),HST,SPG,251,0.5765670584810806,False,OK
6010,Equity Real Estate Investment Trusts (REITs),HST,UDR,0,,False,Incomplete or constant formation history
6010,Equity Real Estate Investment Trusts (REITs),HST,VICI,0,,False,Incomplete or constant formation history
6010,Equity Real Estate Investment Trusts (REITs),HST,VMRK,0,,False,Incomplete or constant formation history
6010,Equity Real Estate Investment Trusts (REITs),HST,VNO,251,0.6563753062093377,False,OK
6010,Equity Real Estate Investment Trusts (REITs),HST,VTR,251,0.3072345533289909,False,OK
6010,Equity Real Estate Investment Trusts (REITs),HST,WELL,251,0.4883286122299377,False,OK
6010,Equity Real Estate Investment Trusts (REITs),HST,WY,251,0.5136940747687834,False,OK
6010,Equity Real Estate Investment Trusts (REITs),INVH,IRM,0,,False,Incomplete or constant formation history
6010,Equity Real Estate Investment Trusts (REITs),INVH,KIM,0,,False,Incomplete or constant formation history
6010,Equity Real Estate Investment Trusts (REITs),INVH,MAA,0,,False,Incomplete or constant formation history
6010,Equity Real Estate Investment Trusts (REITs),INVH,MAC,0,,False,Incomplete or constant formation history
6010,Equity Real Estate Investment Trusts (REITs),INVH,O,0,,False,Incomplete or constant formation history
6010,Equity Real Estate Investment Trusts (REITs),INVH,PLD,0,,False,Incomplete or constant formation history
6010,Equity Real Estate Investment Trusts (REITs),INVH,PSA,0,,False,Incomplete or constant formation history
6010,Equity Real Estate Investment Trusts (REITs),INVH,REG,0,,False,Incomplete or constant formation history
6010,Equity Real Estate Investment Trusts (REITs),INVH,SBAC,0,,False,Incomplete or constant formation history
6010,Equity Real Estate Investment Trusts (REITs),INVH,SLG,0,,False,Incomplete or constant formation history
6010,Equity Real Estate Investment Trusts (REITs),INVH,SPG,0,,False,Incomplete or constant formation history
6010,Equity Real Estate Investment Trusts (REITs),INVH,UDR,0,,False,Incomplete or constant formation history
6010,Equity Real Estate Investment Trusts (REITs),INVH,VICI,0,,False,Incomplete or constant formation history
6010,Equity Real Estate Investment Trusts (REITs),INVH,VMRK,0,,False,Incomplete or constant formation history
6010,Equity Real Estate Investment Trusts (REITs),INVH,VNO,0,,False,Incomplete or constant formation history
6010,Equity Real Estate Investment Trusts (REITs),INVH,VTR,0,,False,Incomplete or constant formation history
6010,Equity Real Estate Investment Trusts (REITs),INVH,WELL,0,,False,Incomplete or constant formation history
6010,Equity Real Estate Investment Trusts (REITs),INVH,WY,0,,False,Incomplete or constant formation history
6010,Equity Real Estate Investment Trusts (REITs),IRM,KIM,251,0.5671393576523835,False,OK
6010,Equity Real Estate Investment Trusts (REITs),IRM,MAA,0,,False,Incomplete or constant formation history
6010,Equity Real Estate Investment Trusts (REITs),IRM,MAC,251,0.42985704797691726,False,OK
6010,Equity Real Estate Investment Trusts (REITs),IRM,O,0,,False,Incomplete or constant formation history
6010,Equity Real Estate Investment Trusts (REITs),IRM,PLD,251,0.5582718822875216,False,OK
6010,Equity Real Estate Investment Trusts (REITs),IRM,PSA,251,0.5102854473400653,False,OK
6010,Equity Real Estate Investment Trusts (REITs),IRM,REG,0,,False,Incomplete or constant formation history
6010,Equity Real Estate Investment Trusts (REITs),IRM,SBAC,0,,False,Incomplete or constant formation history
6010,Equity Real Estate Investment Trusts (REITs),IRM,SLG,0,,False,Incomplete or constant formation history
6010,Equity Real Estate Investment Trusts (REITs),IRM,SPG,251,0.503250873079318,False,OK
6010,Equity Real Estate Investment Trusts (REITs),IRM,UDR,0,,False,Incomplete or constant formation history
6010,Equity Real Estate Investment Trusts (REITs),IRM,VICI,0,,False,Incomplete or constant formation history
6010,Equity Real Estate Investment Trusts (REITs),IRM,VMRK,0,,False,Incomplete or constant formation history
6010,Equity Real Estate Investment Trusts (REITs),IRM,VNO,251,0.5847511870364227,False,OK
6010,Equity Real Estate Investment Trusts (REITs),IRM,VTR,251,0.31550831618444475,False,OK
6010,Equity Real Estate Investment Trusts (REITs),IRM,WELL,251,0.4564283091369934,False,OK
6010,Equity Real Estate Investment Trusts (REITs),IRM,WY,251,0.48300185885589997,False,OK
6010,Equity Real Estate Investment Trusts (REITs),KIM,MAA,0,,False,Incomplete or constant formation history
6010,Equity Real Estate Investment Trusts (REITs),KIM,MAC,251,0.6083541785585191,False,OK
6010,Equity Real Estate Investment Trusts (REITs),KIM,O,0,,False,Incomplete or constant formation history
6010,Equity Real Estate Investment Trusts (REITs),KIM,PLD,251,0.836941504199549,True,OK
6010,Equity Real Estate Investment Trusts (REITs),KIM,PSA,251,0.7993320761124691,False,OK
6010,Equity Real Estate Investment Trusts (REITs),KIM,REG,0,,False,Incomplete or constant formation history
6010,Equity Real Estate Investment Trusts (REITs),KIM,SBAC,0,,False,Incomplete or constant formation history
6010,Equity Real Estate Investment Trusts (REITs),KIM,SLG,0,,False,Incomplete or constant formation history
6010,Equity Real Estate Investment Trusts (REITs),KIM,SPG,251,0.8578493184498546,True,OK
6010,Equity Real Estate Investment Trusts (REITs),KIM,UDR,0,,False,Incomplete or constant formation history
6010,Equity Real Estate Investment Trusts (REITs),KIM,VICI,0,,False,Incomplete or constant formation history
6010,Equity Real Estate Investment Trusts (REITs),KIM,VMRK,0,,False,Incomplete or constant formation history
6010,Equity Real Estate Investment Trusts (REITs),KIM,VNO,251,0.8694513129067398,True,OK
6010,Equity Real Estate Investment Trusts (REITs),KIM,VTR,251,0.47742749299287934,False,OK
6010,Equity Real Estate Investment Trusts (REITs),KIM,WELL,251,0.8154948259526879,True,OK
6010,Equity Real Estate Investment Trusts (REITs),KIM,WY,251,0.6458608317332228,False,OK
6010,Equity Real Estate Investment Trusts (REITs),MAA,MAC,0,,False,Incomplete or constant formation history
6010,Equity Real Estate Investment Trusts (REITs),MAA,O,0,,False,Incomplete or constant formation history
6010,Equity Real Estate Investment Trusts (REITs),MAA,PLD,0,,False,Incomplete or constant formation history
6010,Equity Real Estate Investment Trusts (REITs),MAA,PSA,0,,False,Incomplete or constant formation history
6010,Equity Real Estate Investment Trusts (REITs),MAA,REG,0,,False,Incomplete or constant formation history
6010,Equity Real Estate Investment Trusts (REITs),MAA,SBAC,0,,False,Incomplete or constant formation history
6010,Equity Real Estate Investment Trusts (REITs),MAA,SLG,0,,False,Incomplete or constant formation history
6010,Equity Real Estate Investment Trusts (REITs),MAA,SPG,0,,False,Incomplete or constant formation history
6010,Equity Real Estate Investment Trusts (REITs),MAA,UDR,0,,False,Incomplete or constant formation history
6010,Equity Real Estate Investment Trusts (REITs),MAA,VICI,0,,False,Incomplete or constant formation history
6010,Equity Real Estate Investment Trusts (REITs),MAA,VMRK,0,,False,Incomplete or constant formation history
6010,Equity Real Estate Investment Trusts (REITs),MAA,VNO,0,,False,Incomplete or constant formation history
6010,Equity Real Estate Investment Trusts (REITs),MAA,VTR,0,,False,Incomplete or constant formation history
6010,Equity Real Estate Investment Trusts (REITs),MAA,WELL,0,,False,Incomplete or constant formation history
6010,Equity Real Estate Investment Trusts (REITs),MAA,WY,0,,False,Incomplete or constant formation history
6010,Equity Real Estate Investment Trusts (REITs),MAC,O,0,,False,Incomplete or constant formation history
6010,Equity Real Estate Investment Trusts (REITs),MAC,PLD,251,0.5617960701957336,False,OK
6010,Equity Real Estate Investment Trusts (REITs),MAC,PSA,251,0.49646211125248635,False,OK
6010,Equity Real Estate Investment Trusts (REITs),MAC,REG,0,,False,Incomplete or constant formation history
6010,Equity Real Estate Investment Trusts (REITs),MAC,SBAC,0,,False,Incomplete or constant formation history
6010,Equity Real Estate Investment Trusts (REITs),MAC,SLG,0,,False,Incomplete or constant formation history
6010,Equity Real Estate Investment Trusts (REITs),MAC,SPG,251,0.5522434714940369,False,OK
6010,Equity Real Estate Investment Trusts (REITs),MAC,UDR,0,,False,Incomplete or constant formation history
6010,Equity Real Estate Investment Trusts (REITs),MAC,VICI,0,,False,Incomplete or constant formation history
6010,Equity Real Estate Investment Trusts (REITs),MAC,VMRK,0,,False,Incomplete or constant formation history
6010,Equity Real Estate Investment Trusts (REITs),MAC,VNO,251,0.5574758979578249,False,OK
6010,Equity Real Estate Investment Trusts (REITs),MAC,VTR,251,0.27613625652019297,False,OK
6010,Equity Real Estate Investment Trusts (REITs),MAC,WELL,251,0.4837130397473457,False,OK
6010,Equity Real Estate Investment Trusts (REITs),MAC,WY,251,0.4929851975788326,False,OK
6010,Equity Real Estate Investment Trusts (REITs),O,PLD,0,,False,Incomplete or constant formation history
6010,Equity Real Estate Investment Trusts (REITs),O,PSA,0,,False,Incomplete or constant formation history
6010,Equity Real Estate Investment Trusts (REITs),O,REG,0,,False,Incomplete or constant formation history
6010,Equity Real Estate Investment Trusts (REITs),O,SBAC,0,,False,Incomplete or constant formation history
6010,Equity Real Estate Investment Trusts (REITs),O,SLG,0,,False,Incomplete or constant formation history
6010,Equity Real Estate Investment Trusts (REITs),O,SPG,0,,False,Incomplete or constant formation history
6010,Equity Real Estate Investment Trusts (REITs),O,UDR,0,,False,Incomplete or constant formation history
6010,Equity Real Estate Investment Trusts (REITs),O,VICI,0,,False,Incomplete or constant formation history
6010,Equity Real Estate Investment Trusts (REITs),O,VMRK,0,,False,Incomplete or constant formation history
6010,Equity Real Estate Investment Trusts (REITs),O,VNO,0,,False,Incomplete or constant formation history
6010,Equity Real Estate Investment Trusts (REITs),O,VTR,0,,False,Incomplete or constant formation history
6010,Equity Real Estate Investment Trusts (REITs),O,WELL,0,,False,Incomplete or constant formation history
6010,Equity Real Estate Investment Trusts (REITs),O,WY,0,,False,Incomplete or constant formation history
6010,Equity Real Estate Investment Trusts (REITs),PLD,PSA,251,0.7886185517082314,False,OK
6010,Equity Real Estate Investment Trusts (REITs),PLD,REG,0,,False,Incomplete or constant formation history
6010,Equity Real Estate Investment Trusts (REITs),PLD,SBAC,0,,False,Incomplete or constant formation history
6010,Equity Real Estate Investment Trusts (REITs),PLD,SLG,0,,False,Incomplete or constant formation history
6010,Equity Real Estate Investment Trusts (REITs),PLD,SPG,251,0.8135885249337523,True,OK
6010,Equity Real Estate Investment Trusts (REITs),PLD,UDR,0,,False,Incomplete or constant formation history
6010,Equity Real Estate Investment Trusts (REITs),PLD,VICI,0,,False,Incomplete or constant formation history
6010,Equity Real Estate Investment Trusts (REITs),PLD,VMRK,0,,False,Incomplete or constant formation history
6010,Equity Real Estate Investment Trusts (REITs),PLD,VNO,251,0.8386153607426169,True,OK
6010,Equity Real Estate Investment Trusts (REITs),PLD,VTR,251,0.4455884699397937,False,OK
6010,Equity Real Estate Investment Trusts (REITs),PLD,WELL,251,0.7339802967394217,False,OK
6010,Equity Real Estate Investment Trusts (REITs),PLD,WY,251,0.6416411353453723,False,OK
6010,Equity Real Estate Investment Trusts (REITs),PSA,REG,0,,False,Incomplete or constant formation history
6010,Equity Real Estate Investment Trusts (REITs),PSA,SBAC,0,,False,Incomplete or constant formation history
6010,Equity Real Estate Investment Trusts (REITs),PSA,SLG,0,,False,Incomplete or constant formation history
6010,Equity Real Estate Investment Trusts (REITs),PSA,SPG,251,0.8191257450682005,True,OK
6010,Equity Real Estate Investment Trusts (REITs),PSA,UDR,0,,False,Incomplete or constant formation history
6010,Equity Real Estate Investment Trusts (REITs),PSA,VICI,0,,False,Incomplete or constant formation history
6010,Equity Real Estate Investment Trusts (REITs),PSA,VMRK,0,,False,Incomplete or constant formation history
6010,Equity Real Estate Investment Trusts (REITs),PSA,VNO,251,0.8288038018718044,True,OK
6010,Equity Real Estate Investment Trusts (REITs),PSA,VTR,251,0.4314893373310098,False,OK
6010,Equity Real Estate Investment Trusts (REITs),PSA,WELL,251,0.7145979477320161,False,OK
6010,Equity Real Estate Investment Trusts (REITs),PSA,WY,251,0.5528865938868313,False,OK
6010,Equity Real Estate Investment Trusts (REITs),REG,SBAC,0,,False,Incomplete or constant formation history
6010,Equity Real Estate Investment Trusts (REITs),REG,SLG,0,,False,Incomplete or constant formation history
6010,Equity Real Estate Investment Trusts (REITs),REG,SPG,0,,False,Incomplete or constant formation history
6010,Equity Real Estate Investment Trusts (REITs),REG,UDR,0,,False,Incomplete or constant formation history
6010,Equity Real Estate Investment Trusts (REITs),REG,VICI,0,,False,Incomplete or constant formation history
6010,Equity Real Estate Investment Trusts (REITs),REG,VMRK,0,,False,Incomplete or constant formation history
6010,Equity Real Estate Investment Trusts (REITs),REG,VNO,0,,False,Incomplete or constant formation history
6010,Equity Real Estate Investment Trusts (REITs),REG,VTR,0,,False,Incomplete or constant formation history
6010,Equity Real Estate Investment Trusts (REITs),REG,WELL,0,,False,Incomplete or constant formation history
6010,Equity Real Estate Investment Trusts (REITs),REG,WY,0,,False,Incomplete or constant formation history
6010,Equity Real Estate Investment Trusts (REITs),SBAC,SLG,0,,False,Incomplete or constant formation history
6010,Equity Real Estate Investment Trusts (REITs),SBAC,SPG,0,,False,Incomplete or constant formation history
6010,Equity Real Estate Investment Trusts (REITs),SBAC,UDR,0,,False,Incomplete or constant formation history
6010,Equity Real Estate Investment Trusts (REITs),SBAC,VICI,0,,False,Incomplete or constant formation history
6010,Equity Real Estate Investment Trusts (REITs),SBAC,VMRK,0,,False,Incomplete or constant formation history
6010,Equity Real Estate Investment Trusts (REITs),SBAC,VNO,0,,False,Incomplete or constant formation history
6010,Equity Real Estate Investment Trusts (REITs),SBAC,VTR,0,,False,Incomplete or constant formation history
6010,Equity Real Estate Investment Trusts (REITs),SBAC,WELL,0,,False,Incomplete or constant formation history
6010,Equity Real Estate Investment Trusts (REITs),SBAC,WY,0,,False,Incomplete or constant formation history
6010,Equity Real Estate Investment Trusts (REITs),SLG,SPG,0,,False,Incomplete or constant formation history
6010,Equity Real Estate Investment Trusts (REITs),SLG,UDR,0,,False,Incomplete or constant formation history
6010,Equity Real Estate Investment Trusts (REITs),SLG,VICI,0,,False,Incomplete or constant formation history
6010,Equity Real Estate Investment Trusts (REITs),SLG,VMRK,0,,False,Incomplete or constant formation history
6010,Equity Real Estate Investment Trusts (REITs),SLG,VNO,0,,False,Incomplete or constant formation history
6010,Equity Real Estate Investment Trusts (REITs),SLG,VTR,0,,False,Incomplete or constant formation history
6010,Equity Real Estate Investment Trusts (REITs),SLG,WELL,0,,False,Incomplete or constant formation history
6010,Equity Real Estate Investment Trusts (REITs),SLG,WY,0,,False,Incomplete or constant formation history
6010,Equity Real Estate Investment Trusts (REITs),SPG,UDR,0,,False,Incomplete or constant formation history
6010,Equity Real Estate Investment Trusts (REITs),SPG,VICI,0,,False,Incomplete or constant formation history
6010,Equity Real Estate Investment Trusts (REITs),SPG,VMRK,0,,False,Incomplete or constant formation history
6010,Equity Real Estate Investment Trusts (REITs),SPG,VNO,251,0.8308714823880231,True,OK
6010,Equity Real Estate Investment Trusts (REITs),SPG,VTR,251,0.4764402662740768,False,OK
6010,Equity Real Estate Investment Trusts (REITs),SPG,WELL,251,0.8168342733690565,True,OK
6010,Equity Real Estate Investment Trusts (REITs),SPG,WY,251,0.5733116790498218,False,OK
6010,Equity Real Estate Investment Trusts (REITs),UDR,VICI,0,,False,Incomplete or constant formation history
6010,Equity Real Estate Investment Trusts (REITs),UDR,VMRK,0,,False,Incomplete or constant formation history
6010,Equity Real Estate Investment Trusts (REITs),UDR,VNO,0,,False,Incomplete or constant formation history
6010,Equity Real Estate Investment Trusts (REITs),UDR,VTR,0,,False,Incomplete or constant formation history
6010,Equity Real Estate Investment Trusts (REITs),UDR,WELL,0,,False,Incomplete or constant formation history
6010,Equity Real Estate Investment Trusts (REITs),UDR,WY,0,,False,Incomplete or constant formation history
6010,Equity Real Estate Investment Trusts (REITs),VICI,VMRK,0,,False,Incomplete or constant formation history
6010,Equity Real Estate Investment Trusts (REITs),VICI,VNO,0,,False,Incomplete or constant formation history
6010,Equity Real Estate Investment Trusts (REITs),VICI,VTR,0,,False,Incomplete or constant formation history
6010,Equity Real Estate Investment Trusts (REITs),VICI,WELL,0,,False,Incomplete or constant formation history
6010,Equity Real Estate Investment Trusts (REITs),VICI,WY,0,,False,Incomplete or constant formation history
6010,Equity Real Estate Investment Trusts (REITs),VMRK,VNO,0,,False,Incomplete or constant formation history
6010,Equity Real Estate Investment Trusts (REITs),VMRK,VTR,0,,False,Incomplete or constant formation history
6010,Equity Real Estate Investment Trusts (REITs),VMRK,WELL,0,,False,Incomplete or constant formation history
6010,Equity Real Estate Investment Trusts (REITs),VMRK,WY,0,,False,Incomplete or constant formation history
6010,Equity Real Estate Investment Trusts (REITs),VNO,VTR,251,0.49197487333766027,False,OK
6010,Equity Real Estate Investment Trusts (REITs),VNO,WELL,251,0.7736879472809503,False,OK
6010,Equity Real Estate Investment Trusts (REITs),VNO,WY,251,0.6688959981919667,False,OK
6010,Equity Real Estate Investment Trusts (REITs),VTR,WELL,251,0.5612879998324842,False,OK
6010,Equity Real Estate Investment Trusts (REITs),VTR,WY,251,0.3303590902820182,False,OK
6010,Equity Real Estate Investment Trusts (REITs),WELL,WY,251,0.5264397282238333,False,OK
6020,Real Estate Management & Development,CBRE,CSGP,0,,False,Incomplete or constant formation history
